query_id,family,retrieved_at_utc,openalex_id,doi,title,publication_year,publication_date,work_type,language,authors,author_openalex_ids,primary_source,primary_source_openalex_id,landing_page_url,is_oa,oa_status,cited_by_count,abstract,topics,keywords,concepts,referenced_works
OA_SED_DRILLING_01,SED_DRILLING,2026-08-13T20:14:42+00:00,https://openalex.org/W2787643513,https://doi.org/10.1016/bs.amb.2018.01.001,Potential Impacts of Offshore Oil and Gas Activities on Deep-Sea Sponges and the Habitats They Form,2018,2018-01-01,book-chapter,en,Johanne Vad | Georgios Kazanidis | Lea‐Anne Henry | Daniel O. B. Jones | Ole Secher Tendal | Sabine Christiansen | Theodore B. Henry | J. Murray Roberts,https://openalex.org/A5054331855 | https://openalex.org/A5052637412 | https://openalex.org/A5082396118 | https://openalex.org/A5023507982 | https://openalex.org/A5110680681 | https://openalex.org/A5044095309 | https://openalex.org/A5015334040 | https://openalex.org/A5058278517,Advances in marine biology,https://openalex.org/S138025462,https://doi.org/10.1016/bs.amb.2018.01.001,True,gold,30,"Sponges form an important component of benthic ecosystems from shallow littoral to hadal depths. In the deep ocean, beyond the continental shelf, sponges can form high-density fields, constituting important habitats supporting rich benthic communities. Yet these habitats remain relatively unexplored. The oil and gas industry has played an important role in advancing our knowledge of deep-sea environments. Since its inception in the 1960s, offshore oil and gas industry has moved into deeper waters. However, the impacts of these activities on deep-sea sponges and other ecosystems are only starting to become the subject of active research. Throughout the development, operation and closure of an oil or gas field many activities take place, ranging from the seismic exploration of subseafloor geological features to the installation of infrastructure at the seabed to the drilling process itself. These routine activities and accidental releases of hydrocarbons during spills can significantly impact the local marine environment. Each phase of a field development or an accidental oil spill will therefore have different impacts on sponges at community, individual and cellular levels. Legacy issues regarding the future decommissioning of infrastructure and the abandonment of wells are also important environmental management considerations. This chapter reviews our understanding of impacts from hydrocarbon exploration and exploitation activities on deep-sea sponges and the habitats they form. These impacts include those (1) at community level, decreasing the diversity and density of benthic communities associated with deep-sea sponges owing to physical disturbance of the seabed; (2) at individual level, interrupting filtration owing to exposure to increased sedimentation; and (3) at cellular level, decreasing cellular membrane stability owing to exposure to drill muds. However, many potential effects not yet tested in deep-sea sponges but observed in shallow-water sponges or other model organisms should also be taken into account. Furthermore, to the best of our knowledge, no studies have shown impact of oil or dispersed oil on deep-sea sponges. To highlight these significant knowledge gaps, a summary table of potential and known impacts of hydrocarbon extraction and production activities combined with a simple ""traffic light"" scheme is also provided.",Marine Sponges and Natural Products | Marine Ecology and Invasive Species | Marine Biology and Environmental Chemistry,Benthic zone | Habitat | Submarine pipeline | Marine ecosystem | Marine habitats | Oceanography | Seabed | Environmental science | Ecosystem | Ecology | Geology | Biology,Benthic zone | Habitat | Submarine pipeline | Marine ecosystem | Marine habitats | Oceanography | Seabed | Environmental science | Ecosystem | Ecology | Geology | Biology,https://openalex.org/W1251344245 | https://openalex.org/W1503066550 | https://openalex.org/W1584401627 | https://openalex.org/W1715070934 | https://openalex.org/W1900190196 | https://openalex.org/W1916037364 | https://openalex.org/W1963737360 | https://openalex.org/W1970351633 | https://openalex.org/W1972948751 | https://openalex.org/W1974437490 | https://openalex.org/W1974621567 | https://openalex.org/W1975267560 | https://openalex.org/W1975690484 | https://openalex.org/W1975922774 | https://openalex.org/W1976326673 | https://openalex.org/W1980069567 | https://openalex.org/W1981367618 | https://openalex.org/W1985421585 | https://openalex.org/W1985462781 | https://openalex.org/W1986978927 | https://openalex.org/W1990454578 | https://openalex.org/W1993624791 | https://openalex.org/W1994994529 | https://openalex.org/W1996758006 | https://openalex.org/W1996872700 | https://openalex.org/W2005647265 | https://openalex.org/W2007306483 | https://openalex.org/W2008153803 | https://openalex.org/W2008289319 | https://openalex.org/W2008728285 | https://openalex.org/W2010393118 | https://openalex.org/W2013961210 | https://openalex.org/W2015298242 | https://openalex.org/W2019284478 | https://openalex.org/W2020638138 | https://openalex.org/W2020839766 | https://openalex.org/W2020938932 | https://openalex.org/W2021653091 | https://openalex.org/W2024997846 | https://openalex.org/W2027152115 | https://openalex.org/W2029179886 | https://openalex.org/W2029190405 | https://openalex.org/W2030373364 | https://openalex.org/W2032988400 | https://openalex.org/W2034989080 | https://openalex.org/W2038555560 | https://openalex.org/W2045931107 | https://openalex.org/W2047991563 | https://openalex.org/W2052981174 | https://openalex.org/W2056829614 | https://openalex.org/W2062271110 | https://openalex.org/W2063410338 | https://openalex.org/W2064262858 | https://openalex.org/W2065004276 | https://openalex.org/W2068945133 | https://openalex.org/W2070674912 | https://openalex.org/W2070923586 | https://openalex.org/W2072153141 | https://openalex.org/W2074284711 | https://openalex.org/W2074472744 | https://openalex.org/W2077725732 | https://openalex.org/W2078112530 | https://openalex.org/W2081071708 | https://openalex.org/W2084012364 | https://openalex.org/W2085184924 | https://openalex.org/W2085772350 | https://openalex.org/W2088257581 | https://openalex.org/W2092966363 | https://openalex.org/W2094722496 | https://openalex.org/W2106925353 | https://openalex.org/W2107952269 | https://openalex.org/W2109476731 | https://openalex.org/W2110546206 | https://openalex.org/W2110708781 | https://openalex.org/W2112998807 | https://openalex.org/W2115067227 | https://openalex.org/W2117752484 | https://openalex.org/W2118957197 | https://openalex.org/W2130042159 | https://openalex.org/W2142151945 | https://openalex.org/W2154616754 | https://openalex.org/W2157563053 | https://openalex.org/W2164124814 | https://openalex.org/W2164525160 | https://openalex.org/W2168013514 | https://openalex.org/W2182235205 | https://openalex.org/W2230777798 | https://openalex.org/W2266008498 | https://openalex.org/W2270780767 | https://openalex.org/W2290541460 | https://openalex.org/W2294366441 | https://openalex.org/W2316739595 | https://openalex.org/W2341772230 | https://openalex.org/W2413057628 | https://openalex.org/W2419349664 | https://openalex.org/W2422544722 | https://openalex.org/W2499887550 | https://openalex.org/W2510967651 | https://openalex.org/W2517886161 | https://openalex.org/W2602167412 | https://openalex.org/W2606470337 | https://openalex.org/W2621071561 | https://openalex.org/W6637626251 | https://openalex.org/W6640200579 | https://openalex.org/W6662163040 | https://openalex.org/W6704699783 | https://openalex.org/W6735607343
OA_SED_DRILLING_01,SED_DRILLING,2026-08-13T20:14:42+00:00,https://openalex.org/W1987708571,https://doi.org/10.1016/j.marpolbul.2011.03.041,Sedimentation on the cold-water coral Lophelia pertusa: Cleaning efficiency from natural sediments and drill cuttings,2011,2011-05-09,article,en,Ann I. Larsson | Autun Purser,https://openalex.org/A5039745780 | https://openalex.org/A5035949322,Marine Pollution Bulletin,https://openalex.org/S101229256,https://doi.org/10.1016/j.marpolbul.2011.03.041,True,green,107,,Coral and Marine Ecosystems Studies | Ocean Acidification Effects and Responses | Marine and fisheries research,Drill cuttings | Coral | Oceanography | Reef | Geology | Sediment | Sediment trap | Drilling | Coral reef | Sedimentation | Environmental science | Drilling fluid | Water column | Paleontology,Drill cuttings | Coral | Oceanography | Reef | Geology | Sediment | Sediment trap | Drilling | Coral reef | Sedimentation | Environmental science | Drilling fluid | Water column | Paleontology | Mechanical engineering | Engineering,https://openalex.org/W358095294 | https://openalex.org/W1908838623 | https://openalex.org/W1963618057 | https://openalex.org/W1965670775 | https://openalex.org/W1967649801 | https://openalex.org/W1970068596 | https://openalex.org/W1976099627 | https://openalex.org/W1985882235 | https://openalex.org/W1988722245 | https://openalex.org/W1994035604 | https://openalex.org/W1996372875 | https://openalex.org/W1998227488 | https://openalex.org/W1999307032 | https://openalex.org/W2000161021 | https://openalex.org/W2001454274 | https://openalex.org/W2005682886 | https://openalex.org/W2010291084 | https://openalex.org/W2012920587 | https://openalex.org/W2018313305 | https://openalex.org/W2020043056 | https://openalex.org/W2032229745 | https://openalex.org/W2032408558 | https://openalex.org/W2032988400 | https://openalex.org/W2044669084 | https://openalex.org/W2046201562 | https://openalex.org/W2047031736 | https://openalex.org/W2054006153 | https://openalex.org/W2054538193 | https://openalex.org/W2064642026 | https://openalex.org/W2068470527 | https://openalex.org/W2076362168 | https://openalex.org/W2077170976 | https://openalex.org/W2084641140 | https://openalex.org/W2100542339 | https://openalex.org/W2107469980 | https://openalex.org/W2111971010 | https://openalex.org/W2119993764 | https://openalex.org/W2121312746 | https://openalex.org/W2121666774 | https://openalex.org/W2125476395 | https://openalex.org/W2133480761 | https://openalex.org/W2137258492 | https://openalex.org/W2146929486 | https://openalex.org/W2162766759 | https://openalex.org/W2164337693 | https://openalex.org/W2168092021 | https://openalex.org/W2168155885 | https://openalex.org/W2170605110 | https://openalex.org/W2202937359 | https://openalex.org/W2328411831 | https://openalex.org/W2982386511 | https://openalex.org/W4285719527 | https://openalex.org/W6721191037
OA_SED_DRILLING_01,SED_DRILLING,2026-08-13T20:14:42+00:00,https://openalex.org/W2087025479,https://doi.org/10.1016/j.marpolbul.2012.08.003,Monitoring strategies for drill cutting discharge in the vicinity of cold-water coral ecosystems,2012,2012-08-28,article,en,Autun Purser | Laurenz Thomsen,https://openalex.org/A5035949322 | https://openalex.org/A5040357872,Marine Pollution Bulletin,https://openalex.org/S101229256,https://doi.org/10.1016/j.marpolbul.2012.08.003,True,green,41,,Coral and Marine Ecosystems Studies | Ichthyology and Marine Biology | Ocean Acidification Effects and Responses,Environmental science | Coral reef | Reef | Ecosystem | Marine ecosystem | Biodiversity | Oceanography | Coral | Submarine pipeline | Fishery | Ecology | Geology | Biology,Environmental science | Coral reef | Reef | Ecosystem | Marine ecosystem | Biodiversity | Oceanography | Coral | Submarine pipeline | Fishery | Ecology | Geology | Biology,https://openalex.org/W25267389 | https://openalex.org/W358095294 | https://openalex.org/W1526553319 | https://openalex.org/W1603674891 | https://openalex.org/W1607987656 | https://openalex.org/W1715070934 | https://openalex.org/W1967649801 | https://openalex.org/W1973193157 | https://openalex.org/W1980062565 | https://openalex.org/W1986196070 | https://openalex.org/W1987708571 | https://openalex.org/W1988722245 | https://openalex.org/W1990785452 | https://openalex.org/W1993624791 | https://openalex.org/W1996372875 | https://openalex.org/W2001892682 | https://openalex.org/W2003816344 | https://openalex.org/W2010116464 | https://openalex.org/W2012868976 | https://openalex.org/W2014959816 | https://openalex.org/W2027126324 | https://openalex.org/W2027463310 | https://openalex.org/W2030193530 | https://openalex.org/W2032229745 | https://openalex.org/W2032408558 | https://openalex.org/W2032988400 | https://openalex.org/W2034323072 | https://openalex.org/W2040917952 | https://openalex.org/W2042074688 | https://openalex.org/W2043029013 | https://openalex.org/W2043815055 | https://openalex.org/W2046118626 | https://openalex.org/W2054994691 | https://openalex.org/W2058411010 | https://openalex.org/W2063997460 | https://openalex.org/W2064065457 | https://openalex.org/W2067346392 | https://openalex.org/W2068945133 | https://openalex.org/W2070252451 | https://openalex.org/W2076362168 | https://openalex.org/W2077170976 | https://openalex.org/W2086816618 | https://openalex.org/W2091367381 | https://openalex.org/W2094409342 | https://openalex.org/W2102596389 | https://openalex.org/W2109745867 | https://openalex.org/W2110799201 | https://openalex.org/W2121312746 | https://openalex.org/W2125476395 | https://openalex.org/W2127310700 | https://openalex.org/W2128051091 | https://openalex.org/W2149242340 | https://openalex.org/W2149276539 | https://openalex.org/W2152981889 | https://openalex.org/W2160612910 | https://openalex.org/W2162766759 | https://openalex.org/W2164337693 | https://openalex.org/W2164532777 | https://openalex.org/W2202937359 | https://openalex.org/W2243957769 | https://openalex.org/W2254513322 | https://openalex.org/W2312726563 | https://openalex.org/W2317661434 | https://openalex.org/W2330853192 | https://openalex.org/W2892225856 | https://openalex.org/W2992609194 | https://openalex.org/W4285719527 | https://openalex.org/W4297752402 | https://openalex.org/W4300256743 | https://openalex.org/W6637626251 | https://openalex.org/W6650987259 | https://openalex.org/W6675411411 | https://openalex.org/W6690753245 | https://openalex.org/W6691729659
OA_SED_DRILLING_01,SED_DRILLING,2026-08-13T20:14:42+00:00,https://openalex.org/W2160612910,https://doi.org/10.1016/j.marpolbul.2013.02.033,Tolerance to long-term exposure of suspended benthic sediments and drill cuttings in the cold-water coral Lophelia pertusa,2013,2013-03-16,article,en,Ann I. Larsson | Dick van Oevelen | Autun Purser | Laurenz Thomsen,https://openalex.org/A5039745780 | https://openalex.org/A5057324054 | https://openalex.org/A5035949322 | https://openalex.org/A5040357872,Marine Pollution Bulletin,https://openalex.org/S101229256,https://doi.org/10.1016/j.marpolbul.2013.02.033,True,green,105,,Coral and Marine Ecosystems Studies | Marine and fisheries research | Aquaculture disease management and microbiota,Coral | Benthic zone | Drill cuttings | Oceanography | Sediment | Environmental science | Biology | Geology | Drilling | Drilling fluid,Coral | Benthic zone | Drill cuttings | Oceanography | Sediment | Environmental science | Biology | Geology | Drilling | Drilling fluid | Mechanical engineering | Engineering | Paleontology,https://openalex.org/W324775466 | https://openalex.org/W358095294 | https://openalex.org/W591668593 | https://openalex.org/W1540538590 | https://openalex.org/W1599305990 | https://openalex.org/W1963618057 | https://openalex.org/W1965670775 | https://openalex.org/W1967649801 | https://openalex.org/W1970068596 | https://openalex.org/W1976099627 | https://openalex.org/W1982318305 | https://openalex.org/W1985882235 | https://openalex.org/W1987708571 | https://openalex.org/W1988722245 | https://openalex.org/W1989210568 | https://openalex.org/W1996372875 | https://openalex.org/W1999307032 | https://openalex.org/W2002232631 | https://openalex.org/W2005682886 | https://openalex.org/W2010291084 | https://openalex.org/W2011130192 | https://openalex.org/W2011157150 | https://openalex.org/W2012920587 | https://openalex.org/W2014785930 | https://openalex.org/W2020043056 | https://openalex.org/W2032229745 | https://openalex.org/W2032408558 | https://openalex.org/W2032988400 | https://openalex.org/W2044669084 | https://openalex.org/W2045492996 | https://openalex.org/W2046201562 | https://openalex.org/W2054495805 | https://openalex.org/W2067795551 | https://openalex.org/W2070252451 | https://openalex.org/W2073378748 | https://openalex.org/W2077170976 | https://openalex.org/W2077531156 | https://openalex.org/W2079411497 | https://openalex.org/W2084641140 | https://openalex.org/W2086010612 | https://openalex.org/W2094077212 | https://openalex.org/W2095437921 | https://openalex.org/W2098827594 | https://openalex.org/W2100542339 | https://openalex.org/W2111971010 | https://openalex.org/W2119993764 | https://openalex.org/W2121312746 | https://openalex.org/W2125476395 | https://openalex.org/W2133480761 | https://openalex.org/W2137258492 | https://openalex.org/W2146710792 | https://openalex.org/W2146929486 | https://openalex.org/W2153254329 | https://openalex.org/W2153363379 | https://openalex.org/W2154757861 | https://openalex.org/W2162766759 | https://openalex.org/W2164337693 | https://openalex.org/W2166704048 | https://openalex.org/W2168092021 | https://openalex.org/W2170605110 | https://openalex.org/W2171829412 | https://openalex.org/W2202937359 | https://openalex.org/W2246798284 | https://openalex.org/W2278028764 | https://openalex.org/W2319786856 | https://openalex.org/W2322511813 | https://openalex.org/W2328411831 | https://openalex.org/W2330682333 | https://openalex.org/W2671228132 | https://openalex.org/W2982386511 | https://openalex.org/W4248402242 | https://openalex.org/W4285719527 | https://openalex.org/W4300941182 | https://openalex.org/W6611261408 | https://openalex.org/W6682612119 | https://openalex.org/W6694857797 | https://openalex.org/W6721191037 | https://openalex.org/W6740196713
OA_SED_DRILLING_01,SED_DRILLING,2026-08-13T20:14:42+00:00,https://openalex.org/W2058068285,https://doi.org/10.1007/bf00394622,Effects of drilling mud on the reef-building coral Montastrea annularis,1982,1982-01-01,article,en,Richard E. Dodge,https://openalex.org/A5109235322,Marine Biology,https://openalex.org/S118082147,https://doi.org/10.1007/bf00394622,False,closed,28,,Coral and Marine Ecosystems Studies | Marine and fisheries research | Cephalopods and Marine Biology,Biology | Reef | Coral | Coral reef | Cnidaria | Sediment | Drilling | Fishery | Oceanography | Ecology | Paleontology | Geology | Engineering,Biology | Reef | Coral | Coral reef | Cnidaria | Sediment | Drilling | Fishery | Oceanography | Ecology | Paleontology | Geology | Engineering | Mechanical engineering,https://openalex.org/W121480852 | https://openalex.org/W1139636816 | https://openalex.org/W1481692997 | https://openalex.org/W2012920587 | https://openalex.org/W2020075871 | https://openalex.org/W2024676504 | https://openalex.org/W2038638944 | https://openalex.org/W2040967573 | https://openalex.org/W2042236619 | https://openalex.org/W2061849451 | https://openalex.org/W2067819167 | https://openalex.org/W2070990231 | https://openalex.org/W2073547810 | https://openalex.org/W2086010612 | https://openalex.org/W2162856103 | https://openalex.org/W2222449388 | https://openalex.org/W4229668875
OA_SED_DRILLING_01,SED_DRILLING,2026-08-13T20:14:42+00:00,https://openalex.org/W2464142271,https://doi.org/10.1016/j.dsr2.2016.06.014,Effects of drill cuttings on larvae of the cold-water coral Lophelia pertusa,2016,2016-07-06,article,en,Johanna Järnegren | Sandra Brooke | Henrik Jensen,https://openalex.org/A5033046380 | https://openalex.org/A5046905883 | https://openalex.org/A5024797598,Deep Sea Research Part II Topical Studies in Oceanography,https://openalex.org/S172051550,https://doi.org/10.1016/j.dsr2.2016.06.014,False,closed,32,,Coral and Marine Ecosystems Studies | Marine and fisheries research | Fish Ecology and Management Studies,Drill cuttings | Coral | Environmental science | Sediment | Reef | Oceanography | Geology | Drilling | Biology | Drilling fluid | Paleontology,Drill cuttings | Coral | Environmental science | Sediment | Reef | Oceanography | Geology | Drilling | Biology | Drilling fluid | Paleontology | Engineering | Mechanical engineering,https://openalex.org/W560478165 | https://openalex.org/W988842781 | https://openalex.org/W1496664358 | https://openalex.org/W1526553319 | https://openalex.org/W1648352264 | https://openalex.org/W1680083527 | https://openalex.org/W1951724000 | https://openalex.org/W1966082722 | https://openalex.org/W1970068596 | https://openalex.org/W1980062565 | https://openalex.org/W1982639257 | https://openalex.org/W1984330573 | https://openalex.org/W1985837611 | https://openalex.org/W1986486266 | https://openalex.org/W1987708571 | https://openalex.org/W1992620522 | https://openalex.org/W1992700292 | https://openalex.org/W1992848477 | https://openalex.org/W1996372875 | https://openalex.org/W2003310573 | https://openalex.org/W2005608953 | https://openalex.org/W2006231578 | https://openalex.org/W2012177294 | https://openalex.org/W2019492714 | https://openalex.org/W2021418103 | https://openalex.org/W2025649019 | https://openalex.org/W2042004497 | https://openalex.org/W2043816563 | https://openalex.org/W2065899469 | https://openalex.org/W2073378748 | https://openalex.org/W2076362168 | https://openalex.org/W2077170976 | https://openalex.org/W2077543784 | https://openalex.org/W2079474932 | https://openalex.org/W2081281656 | https://openalex.org/W2083461044 | https://openalex.org/W2084798233 | https://openalex.org/W2087025479 | https://openalex.org/W2091359199 | https://openalex.org/W2106787155 | https://openalex.org/W2111971010 | https://openalex.org/W2112530781 | https://openalex.org/W2140252578 | https://openalex.org/W2144527931 | https://openalex.org/W2146710792 | https://openalex.org/W2152981889 | https://openalex.org/W2160612910 | https://openalex.org/W2202937359 | https://openalex.org/W2260608510 | https://openalex.org/W2332631176 | https://openalex.org/W2347140939 | https://openalex.org/W2473051874 | https://openalex.org/W2617588834 | https://openalex.org/W2888896247 | https://openalex.org/W4238054710 | https://openalex.org/W4285719527 | https://openalex.org/W6720364176
OA_SED_DRILLING_01,SED_DRILLING,2026-08-13T20:14:42+00:00,https://openalex.org/W2055088330,https://doi.org/10.2118/126468-ms,Will Drill Cuttings and Drill Mud Harm Cold Water Corals?,2010,2010-04-12,conference-paper,en,Kjell Andreas Jødestøl | Edgar Furuholt,https://openalex.org/A5067393340 | https://openalex.org/A5001572649,"SPE International Conference on Health, Safety and Environment in Oil and Gas Exploration and Production",https://openalex.org/S4306530672,https://doi.org/10.2118/126468-ms,False,closed,7,"Abstract Cold water corals, e.g. Lophelia pertusa and Paragorgia arborea, are found in several places in the Norwegian Sea where oil exploration and production activities are going on. The corals are expected to be vulnerable for sedimentation of particles and exposure to chemicals from drilling activities (drill cuttings and drilling mud) and for physical damage from e.g. anchor lines. How vulnerable they are for these disturbances is, however, not well known. Oil and gas licences licenses in the area are therefore obligated to map possible corals and to take measures to avoid harming them. These obligations have been strengthened in the Integrated Management Plan for the Norwegian Sea approved by the Norwegian Parliament in May 2009. Det norske oljeselskap has in 2009 drilled 4 exploration wells in the Norwegian Sea and carried out a number of activities to map corals, study the effects of drill cuttings and drilling mud, and apply technical and operational measures to reduce the effects. This includes: Mapping of corals around the drill site by use of side scan sonar, multibeam echo sounder and ROV mounted camera/videoMeasurement of particle size distributions in the discharges of cuttings and drilling mudComputer simulation of sea bed currents and sedimentation of discharged particlesAnalyses of particles from sediment traps and sea bottom core samples close to the drill site for verification of simulation models and evaluation of effects on coralsCamera observation of corals before and after the drilling operationRecovery of all cuttings (also from the top hole) to the rig for possible disposal away from corals. Our experience shows that technology is available to handle drill cuttings and mud and control the discharges and spreading to avoid harming corals and other sensitive resources.",Reservoir Engineering and Simulation Methods | Drilling and Well Engineering | Marine and Offshore Engineering Studies,Drill cuttings | Drilling | Oceanography | Drill | Geology | Scientific drilling | Drilling fluid | Sedimentation | Submarine pipeline | Seabed | Marine engineering | Sediment | Engineering | Geomorphology,Drill cuttings | Drilling | Oceanography | Drill | Geology | Scientific drilling | Drilling fluid | Sedimentation | Submarine pipeline | Seabed | Marine engineering | Sediment | Engineering | Geomorphology | Mechanical engineering,https://openalex.org/W2109745867 | https://openalex.org/W2467727060 | https://openalex.org/W4297752402
OA_SED_DRILLING_01,SED_DRILLING,2026-08-13T20:14:42+00:00,https://openalex.org/W1988150825,https://doi.org/10.1016/j.marpolbul.2010.06.007,"The Ba/Ca record of corals from the Southern Gulf of Mexico: Contributions from land-use changes, fluvial discharge and oil-drilling muds",2010,2010-07-07,article,en,José D. Carriquiry | Guillermo Horta‐Puga,https://openalex.org/A5078103740 | https://openalex.org/A5034583417,Marine Pollution Bulletin,https://openalex.org/S101229256,https://doi.org/10.1016/j.marpolbul.2010.06.007,False,closed,54,,Coral and Marine Ecosystems Studies | Geology and Paleoclimatology Research | Marine and fisheries research,Fluvial | Coral | Reef | Sediment | Oceanography | Drilling | Geology | Population | Coral reef | Environmental science | Physical geography | Hydrology (agriculture) | Geography | Geomorphology,Fluvial | Coral | Reef | Sediment | Oceanography | Drilling | Geology | Population | Coral reef | Environmental science | Physical geography | Hydrology (agriculture) | Geography | Geomorphology | Sociology | Structural basin | Geotechnical engineering | Engineering | Demography | Mechanical engineering,https://openalex.org/W1480065442 | https://openalex.org/W1550889594 | https://openalex.org/W1771783735 | https://openalex.org/W1993004738 | https://openalex.org/W1994590894 | https://openalex.org/W1995191065 | https://openalex.org/W2007584831 | https://openalex.org/W2009399222 | https://openalex.org/W2011276047 | https://openalex.org/W2013373826 | https://openalex.org/W2023601502 | https://openalex.org/W2025421541 | https://openalex.org/W2029836832 | https://openalex.org/W2038134782 | https://openalex.org/W2055498028 | https://openalex.org/W2056049711 | https://openalex.org/W2059709038 | https://openalex.org/W2062859841 | https://openalex.org/W2064898203 | https://openalex.org/W2068162715 | https://openalex.org/W2077965813 | https://openalex.org/W2091153615 | https://openalex.org/W2091473376 | https://openalex.org/W2094414126 | https://openalex.org/W2095070583 | https://openalex.org/W2103826868 | https://openalex.org/W2118433216 | https://openalex.org/W2130634420 | https://openalex.org/W2167117252 | https://openalex.org/W2172291797 | https://openalex.org/W2336367740 | https://openalex.org/W2341801660 | https://openalex.org/W2347018513 | https://openalex.org/W2505163651 | https://openalex.org/W2896556250 | https://openalex.org/W4251593544 | https://openalex.org/W4401412489 | https://openalex.org/W6653123731 | https://openalex.org/W6664674344 | https://openalex.org/W6703402298
OA_SED_DRILLING_01,SED_DRILLING,2026-08-13T20:14:42+00:00,https://openalex.org/W3089993848,,Responses of selected Scleractinian corals to drilling fluids used in the marine environment,1980,1980-01-01,dissertation,en,Jack H. Thompson,https://openalex.org/A5061738407,OakTrust (Texas A&M University Libraries),https://openalex.org/S4306400291,https://hdl.handle.net/1969.1/DISSERTATIONS-654876,False,closed,11,,Marine and Offshore Engineering Studies | Coral and Marine Ecosystems Studies,Geology | Drilling | Oceanography | Petroleum engineering | Engineering,Geology | Drilling | Oceanography | Petroleum engineering | Engineering | Mechanical engineering,
OA_SED_DRILLING_01,SED_DRILLING,2026-08-13T20:14:42+00:00,https://openalex.org/W3191129308,https://doi.org/10.1016/j.marpolbul.2021.112717,"Drill cuttings and drilling fluids (muds) transport, fate and effects near a coral reef mesophotic zone",2021,2021-08-09,article,en,Ross Jones | Mary Wakeford | Leanne M. Currey‐Randall | Karen J. Miller | Hemerson Tonin,https://openalex.org/A5039255758 | https://openalex.org/A5009421331 | https://openalex.org/A5004079611 | https://openalex.org/A5066857070 | https://openalex.org/A5009118850,Marine Pollution Bulletin,https://openalex.org/S101229256,https://doi.org/10.1016/j.marpolbul.2021.112717,True,hybrid,11,"The study was conducted to improve knowledge and provide guidance on reducing uncertainty with impact predictions when drilling near sensitive environments. Near/Far-field hindcast modelling of cuttings/drilling fluid (mud) discharges from a floating platform was conducted, based on measured discharge amounts and durations and validated by ROV-based plume and seabed sampling. The high volume, concentration, and discharge rate water-based drilling mud discharges (mud pit dumps) were identified as the most significant dispersal risk, but longer-range movement was limited by the generation of jet-like plumes on release, which rapidly delivered muds to the seabed (80 m). Effects to the sparse benthic filter feeder communities close to the wells were observed, but no effects were seen on the epibenthic or demersal fish assemblages across the nearby mesophotic reef. For future drilling near sensitive environments, the study emphasized the need to better characterise drilling fluid discharges (volumes/discharge rates) to reduce uncertainty in modelling outputs.",Coral and Marine Ecosystems Studies | Marine and fisheries research | Marine Biology and Ecology Research,Drill cuttings | Drilling | Benthic zone | Remotely operated vehicle | Geology | Reef | Oceanography | Seabed | Drilling fluid | Plume | Environmental science | Demersal zone | Pelagic zone,Drill cuttings | Drilling | Benthic zone | Remotely operated vehicle | Geology | Reef | Oceanography | Seabed | Drilling fluid | Plume | Environmental science | Demersal zone | Pelagic zone | Physics | Engineering | Thermodynamics | Mechanical engineering,https://openalex.org/W117471466 | https://openalex.org/W583955413 | https://openalex.org/W880453068 | https://openalex.org/W988842781 | https://openalex.org/W1139499437 | https://openalex.org/W1532270673 | https://openalex.org/W1641732036 | https://openalex.org/W1964344026 | https://openalex.org/W1965527419 | https://openalex.org/W1965528213 | https://openalex.org/W1966920752 | https://openalex.org/W1976326673 | https://openalex.org/W1978945131 | https://openalex.org/W1985524530 | https://openalex.org/W1988945957 | https://openalex.org/W2019492714 | https://openalex.org/W2029465075 | https://openalex.org/W2035521687 | https://openalex.org/W2036117477 | https://openalex.org/W2036656003 | https://openalex.org/W2039002972 | https://openalex.org/W2039041212 | https://openalex.org/W2040917952 | https://openalex.org/W2051621840 | https://openalex.org/W2054006153 | https://openalex.org/W2060003147 | https://openalex.org/W2067227430 | https://openalex.org/W2076362168 | https://openalex.org/W2078089923 | https://openalex.org/W2078261906 | https://openalex.org/W2081680277 | https://openalex.org/W2085989637 | https://openalex.org/W2089990604 | https://openalex.org/W2109745867 | https://openalex.org/W2110701499 | https://openalex.org/W2114276634 | https://openalex.org/W2117721010 | https://openalex.org/W2121312746 | https://openalex.org/W2138225598 | https://openalex.org/W2158639809 | https://openalex.org/W2160612910 | https://openalex.org/W2162766759 | https://openalex.org/W2163186270 | https://openalex.org/W2164351958 | https://openalex.org/W2168013514 | https://openalex.org/W2171958021 | https://openalex.org/W2173246082 | https://openalex.org/W2182917284 | https://openalex.org/W2186929894 | https://openalex.org/W2245817976 | https://openalex.org/W2268650868 | https://openalex.org/W2294366441 | https://openalex.org/W2316739595 | https://openalex.org/W2332616104 | https://openalex.org/W2517886161 | https://openalex.org/W2529780245 | https://openalex.org/W2578009280 | https://openalex.org/W2582743722 | https://openalex.org/W2601879508 | https://openalex.org/W2621370428 | https://openalex.org/W2726261441 | https://openalex.org/W2726985498 | https://openalex.org/W2733422815 | https://openalex.org/W2742726560 | https://openalex.org/W2787643513 | https://openalex.org/W2790518174 | https://openalex.org/W2794432948 | https://openalex.org/W2883407542 | https://openalex.org/W2892225856 | https://openalex.org/W2917057653 | https://openalex.org/W2922066835 | https://openalex.org/W2946233760 | https://openalex.org/W2986035469 | https://openalex.org/W3042199294 | https://openalex.org/W3074310958 | https://openalex.org/W3101917235 | https://openalex.org/W3127149825 | https://openalex.org/W3131309717 | https://openalex.org/W4247854665 | https://openalex.org/W4285719527 | https://openalex.org/W4297752402 | https://openalex.org/W6604843295 | https://openalex.org/W6627068504 | https://openalex.org/W6686984383 | https://openalex.org/W6738527569 | https://openalex.org/W6754531405 | https://openalex.org/W6759407851 | https://openalex.org/W6790716623
OA_SED_DRILLING_01,SED_DRILLING,2026-08-13T20:14:42+00:00,https://openalex.org/W1145816296,https://doi.org/10.1016/s0422-9894(08)71393-x,Chapter 16 Effects of Drilling Mud on Seven Species of Reef-Building Corals as Measured in the Field and Laboratory,1980,1980-01-01,book-chapter,en,Jack H. Thompson | Eugene A. Shinn | Thomas J. Bright,https://openalex.org/A5061738407 | https://openalex.org/A5090784465 | https://openalex.org/A5109003370,Elsevier oceanography series,https://openalex.org/S2764967899,https://doi.org/10.1016/s0422-9894(08)71393-x,False,closed,24,,Coral and Marine Ecosystems Studies | Marine and fisheries research | Ichthyology and Marine Biology,Reef | Dilution | Serial dilution | Drilling fluid | Porites | Coral | Drilling | Biology | Geology | Oceanography | Medicine | Materials science,Reef | Dilution | Serial dilution | Drilling fluid | Porites | Coral | Drilling | Biology | Geology | Oceanography | Medicine | Materials science | Thermodynamics | Metallurgy | Pathology | Physics | Alternative medicine,
OA_SED_DRILLING_01,SED_DRILLING,2026-08-13T20:14:42+00:00,https://openalex.org/W1139636816,https://doi.org/10.1016/s0422-9894(08)71394-1,"Chapter 17 Effects of Drilling Mud on the Growth Rate of the Reef-Building Coral, Montastrea Annularis",1980,1980-01-01,book-chapter,en,J. Harold Hudson | Daniel M. Robbin,https://openalex.org/A5112505794 | https://openalex.org/A5072910756,Elsevier oceanography series,https://openalex.org/S2764967899,https://doi.org/10.1016/s0422-9894(08)71394-1,False,closed,24,,Coral and Marine Ecosystems Studies | Marine and fisheries research | Marine and coastal plant biology,Drilling | Reef | Silt | Drilling fluid | Geology | Coral | Oceanography | Fishery | Biology | Paleontology | Materials science,Drilling | Reef | Silt | Drilling fluid | Geology | Coral | Oceanography | Fishery | Biology | Paleontology | Materials science | Metallurgy,
OA_SED_DRILLING_01,SED_DRILLING,2026-08-13T20:14:42+00:00,https://openalex.org/W2316739595,https://doi.org/10.3354/meps09622,Discharged drilling waste from oil and gas platforms and its effects on benthic communities,2012,2012-02-09,article,en,Joanne I. Ellis | Gail S. Fraser | Janet Russell,https://openalex.org/A5011770698 | https://openalex.org/A5060125540 | https://openalex.org/A5080914618,Marine Ecology Progress Series,https://openalex.org/S96743589,https://doi.org/10.3354/meps09622,True,bronze,58,"This review paper identifies the main effects of oil and gas drilling waste on benthic environments. We identified 26 papers and technical reports that surveyed sediment samples from 72 production or exploration platform sites to assess the zone of influence of sediment contamination and biological effects on benthic communities. While oil-based fluids are now rarely used in the marine context, their release has had large-scale (out to 6 km) and persistent (decadal time scale) impacts on benthic communities. The zone of influence of water-based drilling fluids as determined by sediment barium concentration was larger (2 to 20 km) than for synthetic-based fluids (200 to 2000 m). The zone of biological effects on benthic community diversity and abundance ranged from 100 to 1000 m for both water and synthetic fluids. Effects include changes in benthic species diversity, abundance and alterations to community structure. Functional changes included a loss of suspension-feeding species and increases in deposit feeders and polychaetes. In general, this review demonstrates a loss of benthic biodiversity and suspension-feeding communities due to oil exploration and production and the potential for large-scale effects on sensitive communities such as deep-sea, coral and vegetated habitats. Current research gaps and priorities are identified.",Marine Biology and Ecology Research | Coral and Marine Ecosystems Studies | Coastal and Marine Management,Benthic zone | Environmental science | Context (archaeology) | Drilling | Benthos | Oceanography | Ecology | Geography | Geology | Engineering | Biology | Archaeology,Benthic zone | Environmental science | Context (archaeology) | Drilling | Benthos | Oceanography | Ecology | Geography | Geology | Engineering | Biology | Archaeology | Mechanical engineering,https://openalex.org/W789139417 | https://openalex.org/W1490605737 | https://openalex.org/W1591990737 | https://openalex.org/W1980586471 | https://openalex.org/W1987708571 | https://openalex.org/W1989793036 | https://openalex.org/W1994696278 | https://openalex.org/W2000866455 | https://openalex.org/W2017662284 | https://openalex.org/W2020345221 | https://openalex.org/W2021660436 | https://openalex.org/W2024617929 | https://openalex.org/W2032988400 | https://openalex.org/W2036302755 | https://openalex.org/W2040090212 | https://openalex.org/W2047031736 | https://openalex.org/W2050523462 | https://openalex.org/W2056794618 | https://openalex.org/W2063408517 | https://openalex.org/W2064579889 | https://openalex.org/W2072713835 | https://openalex.org/W2077658181 | https://openalex.org/W2081488135 | https://openalex.org/W2091134897 | https://openalex.org/W2113198870 | https://openalex.org/W2121312746 | https://openalex.org/W2124565737 | https://openalex.org/W2137258492 | https://openalex.org/W2142850572 | https://openalex.org/W2146171994 | https://openalex.org/W2157265017 | https://openalex.org/W2158321320 | https://openalex.org/W2170605110 | https://openalex.org/W2485587986 | https://openalex.org/W2512709621 | https://openalex.org/W2892225856 | https://openalex.org/W2962342708
OA_SED_DRILLING_01,SED_DRILLING,2026-08-13T20:14:42+00:00,https://openalex.org/W2068470527,https://doi.org/10.1002/etc.5620160617,The effects of drilling muds on marine invertebrate larvae and adults,1997,1997-06-01,article,en,P. Raimondi | Arthur M. Barnett | Paul R. Krause,https://openalex.org/A5027144062 | https://openalex.org/A5087472103 | https://openalex.org/A5000350782,Environmental Toxicology and Chemistry,https://openalex.org/S136710263,https://doi.org/10.1002/etc.5620160617,False,closed,28,"Abstract A series of laboratory experiments tested the effects of drilling muds from an active platform off southern California on larvae and adults of marine invertebrates. Red abalone (Haliotis rufescens) were used to determine effects of drilling muds on fertilization, early development, survivorship, and settlement, and experiments on adult brown cup corals (Paracyathus stearnsii) tested effects on adult survivorship, viability, and tissue loss. Exposures to drilling muds did not have an effect on abalone fertilization or early development. However, several exposures to drilling muds resulted in weak, but significant, positive effects of drilling muds on settlement of competent larvae. In contrast, settlement of red abalone larvae on natural coralline algal crusts decreased with increasing concentrations of drilling muds. This suggests that drilling muds affect either the abalone's ability to detect natural settlement inducers, or they affect the inducer itself. Exposure of brown cup corals to concentrations of drilling muds adversely impacted their survivorship and viability. These effects were likely caused by increased tissue mortality of the coral polyps.",Marine Biology and Ecology Research | Coral and Marine Ecosystems Studies | Marine Bivalve and Aquaculture Studies,Abalone | Marine invertebrates | Drilling | Invertebrate | Biology | Larva | Human fertilization | Survivorship curve | Ecology | Fishery | Anatomy,Abalone | Marine invertebrates | Drilling | Invertebrate | Biology | Larva | Human fertilization | Survivorship curve | Ecology | Fishery | Anatomy | Genetics | Engineering | Mechanical engineering | Cancer,https://openalex.org/W108307386 | https://openalex.org/W285022508 | https://openalex.org/W567647985 | https://openalex.org/W1637401830 | https://openalex.org/W1966220684 | https://openalex.org/W1971207347 | https://openalex.org/W1990311204 | https://openalex.org/W2018313305 | https://openalex.org/W2019349017 | https://openalex.org/W2025653588 | https://openalex.org/W2026054758 | https://openalex.org/W2035942672 | https://openalex.org/W2042268163 | https://openalex.org/W2045685318 | https://openalex.org/W2046612936 | https://openalex.org/W2050137466 | https://openalex.org/W2050421300 | https://openalex.org/W2051793651 | https://openalex.org/W2057309641 | https://openalex.org/W2057793003 | https://openalex.org/W2059381996 | https://openalex.org/W2061371525 | https://openalex.org/W2105676133 | https://openalex.org/W2140950712 | https://openalex.org/W2190099896 | https://openalex.org/W2256077747 | https://openalex.org/W2404919971 | https://openalex.org/W2505396019 | https://openalex.org/W2769056258 | https://openalex.org/W2922066835 | https://openalex.org/W4206213248 | https://openalex.org/W6663490113
OA_SED_DRILLING_01,SED_DRILLING,2026-08-13T20:14:42+00:00,https://openalex.org/W1251344245,https://doi.org/10.1016/j.jembe.2015.07.017,"Metabolic responses of the deep-water sponge Geodia barretti to suspended bottom sediment, simulated mine tailings and drill cuttings",2015,2015-08-29,article,en,Tina Kutti | Raymond J. Bannister | Jan Helge Fosså | Cathinka M. Krogness | Ingrid Tjensvoll | Guldborg Søvik,https://openalex.org/A5044747865 | https://openalex.org/A5110570730 | https://openalex.org/A5057031743 | https://openalex.org/A5065702835 | https://openalex.org/A5090070407 | https://openalex.org/A5077993594,Journal of Experimental Marine Biology and Ecology,https://openalex.org/S155333626,https://doi.org/10.1016/j.jembe.2015.07.017,False,closed,75,,Marine Sponges and Natural Products | Marine Biology and Environmental Chemistry | Coral and Marine Ecosystems Studies,Tailings | Benthic zone | Drill cuttings | Sponge | Sediment | Organic matter | Environmental chemistry | Biology | Drilling | Ecology | Drilling fluid | Botany | Chemistry | Metallurgy,Tailings | Benthic zone | Drill cuttings | Sponge | Sediment | Organic matter | Environmental chemistry | Biology | Drilling | Ecology | Drilling fluid | Botany | Chemistry | Metallurgy | Paleontology | Physical chemistry | Materials science,https://openalex.org/W124005890 | https://openalex.org/W242431490 | https://openalex.org/W950520855 | https://openalex.org/W1595503624 | https://openalex.org/W1605474915 | https://openalex.org/W1789418081 | https://openalex.org/W1894947715 | https://openalex.org/W1984233867 | https://openalex.org/W1986550498 | https://openalex.org/W1992166376 | https://openalex.org/W2005741735 | https://openalex.org/W2008289319 | https://openalex.org/W2015931811 | https://openalex.org/W2020638138 | https://openalex.org/W2020839766 | https://openalex.org/W2025649019 | https://openalex.org/W2026249711 | https://openalex.org/W2036632295 | https://openalex.org/W2041722902 | https://openalex.org/W2042004497 | https://openalex.org/W2050157604 | https://openalex.org/W2050563751 | https://openalex.org/W2053297344 | https://openalex.org/W2058422857 | https://openalex.org/W2060662837 | https://openalex.org/W2063410338 | https://openalex.org/W2065888511 | https://openalex.org/W2065899469 | https://openalex.org/W2068945133 | https://openalex.org/W2070257942 | https://openalex.org/W2073081010 | https://openalex.org/W2074430558 | https://openalex.org/W2079474932 | https://openalex.org/W2081281656 | https://openalex.org/W2085820260 | https://openalex.org/W2099929549 | https://openalex.org/W2110857210 | https://openalex.org/W2117536739 | https://openalex.org/W2117752484 | https://openalex.org/W2123546480 | https://openalex.org/W2124938097 | https://openalex.org/W2138695129 | https://openalex.org/W2148996130 | https://openalex.org/W2152874337 | https://openalex.org/W2160612910 | https://openalex.org/W2161580171 | https://openalex.org/W2332631176 | https://openalex.org/W2481217296 | https://openalex.org/W2749241575 | https://openalex.org/W3003302915 | https://openalex.org/W4285719527 | https://openalex.org/W6609320230 | https://openalex.org/W7073536277
OA_SED_DRILLING_01,SED_DRILLING,2026-08-13T20:14:42+00:00,https://openalex.org/W789139417,,Effects of Drilling Fluids on Reef Corals: A Review,1985,1985-01-01,book-chapter,en,Richard E. Dodge | Alina Szmant-Froelich,https://openalex.org/A5109235322 | https://openalex.org/A5023457445,NSUWorks (Nova Southeastern University),https://openalex.org/S4377196410,https://nsuworks.nova.edu/occ_facbooks/8,False,closed,14,"This chapter reviews research on the effects of drilling fluid on reef-building, or hermatypic, corals. Experiments have shown that the burial of corals in drilling fluid, or mud, caused mortality and that certain drilling fluids applied as slurries could not be removed by corals. Under field conditions, however, slurries were removed with the assistance of natural currents, but appeared to cause lowered growth rates in treated specimens. Certain species showed behaviorial stress symptoms after 96-h exposure to 0.100 ml liter-1 of drilling fluid (0.100 ml of fluid in 1 liter of seawater) and exposure to 1.000 ml liter-1 caused mortality in 65 h for three of seven species tested. A chronic 6-week exposure to 0.100 ml liter-1 of drilling fluid caused an 84% decrease in calcification, a 40% decrease in respiration, reductions in gross photosynthesis (26%), nitrate uptake (28%), ammonium uptake (49%), and feeding, as well as some death. Other studies showed that average linear skeletal growth also decreased. A field assessment of a reef, several years after drilling , indicated a 70-90% reduction in foliose, branching, and platelike corals within a 115 m x 85 m ellipse around the drilling site. Detrimental effects on corals, as extrapolated from the limited information on effects, seem probable within a minimum distance of 100m from the source.",Marine and Offshore Engineering Studies | Coral and Marine Ecosystems Studies,Reef | Geology | Coral reef | Oceanography | Petroleum engineering | Fishery | Biology,Reef | Geology | Coral reef | Oceanography | Petroleum engineering | Fishery | Biology,
OA_SED_DRILLING_01,SED_DRILLING,2026-08-13T20:14:42+00:00,https://openalex.org/W2006231578,https://doi.org/10.1016/j.marpolbul.2013.07.016,Resistance of Lophelia pertusa to coverage by sediment and petroleum drill cuttings,2013,2013-07-30,article,en,Elke Allers | Raeid M. M. Abed | Laura M. Wehrmann | Tao Wang | Ann I. Larsson | Autun Purser | Dirk de Beer,https://openalex.org/A5005233705 | https://openalex.org/A5020627076 | https://openalex.org/A5014454698 | https://openalex.org/A5100453615 | https://openalex.org/A5039745780 | https://openalex.org/A5035949322 | https://openalex.org/A5051662102,Marine Pollution Bulletin,https://openalex.org/S101229256,https://doi.org/10.1016/j.marpolbul.2013.07.016,False,closed,37,,Marine Biology and Ecology Research | Insect and Arachnid Ecology and Behavior | Coral and Marine Ecosystems Studies,Drill cuttings | Geology | Sediment | Oceanography | Petroleum | Resistance (ecology) | Cutting | Drill | Environmental science | Geomorphology | Paleontology | Engineering | Ecology | Biology | Drilling | Botany,Drill cuttings | Geology | Sediment | Oceanography | Petroleum | Resistance (ecology) | Cutting | Drill | Environmental science | Geomorphology | Paleontology | Engineering | Ecology | Biology | Drilling | Botany | Drilling fluid | Mechanical engineering,https://openalex.org/W324775466 | https://openalex.org/W1492287055 | https://openalex.org/W1502478687 | https://openalex.org/W1579045893 | https://openalex.org/W1586239332 | https://openalex.org/W1599305990 | https://openalex.org/W1846984390 | https://openalex.org/W1874516583 | https://openalex.org/W1965670775 | https://openalex.org/W1967649801 | https://openalex.org/W1968582527 | https://openalex.org/W1970068596 | https://openalex.org/W1975034816 | https://openalex.org/W1976099627 | https://openalex.org/W1985667871 | https://openalex.org/W1985882235 | https://openalex.org/W1987708571 | https://openalex.org/W1994035604 | https://openalex.org/W1996372875 | https://openalex.org/W1998227488 | https://openalex.org/W1999307032 | https://openalex.org/W2000135983 | https://openalex.org/W2002232631 | https://openalex.org/W2003816344 | https://openalex.org/W2004529964 | https://openalex.org/W2005682886 | https://openalex.org/W2006699120 | https://openalex.org/W2010291084 | https://openalex.org/W2011195114 | https://openalex.org/W2012920587 | https://openalex.org/W2020938932 | https://openalex.org/W2027463310 | https://openalex.org/W2031279474 | https://openalex.org/W2032604204 | https://openalex.org/W2032988400 | https://openalex.org/W2043029013 | https://openalex.org/W2049681765 | https://openalex.org/W2054448182 | https://openalex.org/W2054538193 | https://openalex.org/W2054645658 | https://openalex.org/W2063897302 | https://openalex.org/W2064642026 | https://openalex.org/W2077170976 | https://openalex.org/W2078147413 | https://openalex.org/W2079072861 | https://openalex.org/W2080016098 | https://openalex.org/W2080594363 | https://openalex.org/W2084641140 | https://openalex.org/W2087025479 | https://openalex.org/W2098786925 | https://openalex.org/W2100542339 | https://openalex.org/W2109745867 | https://openalex.org/W2111971010 | https://openalex.org/W2125476395 | https://openalex.org/W2127310700 | https://openalex.org/W2146929486 | https://openalex.org/W2160612910 | https://openalex.org/W2162766759 | https://openalex.org/W2164337693 | https://openalex.org/W2165334183 | https://openalex.org/W2168092021 | https://openalex.org/W2170605110 | https://openalex.org/W2596540951 | https://openalex.org/W2694125730 | https://openalex.org/W2920960983 | https://openalex.org/W2997895808 | https://openalex.org/W4297752402 | https://openalex.org/W6611261408 | https://openalex.org/W6629539095 | https://openalex.org/W6650413984 | https://openalex.org/W6651920764 | https://openalex.org/W6739926654
OA_SED_DRILLING_01,SED_DRILLING,2026-08-13T20:14:42+00:00,https://openalex.org/W2061849451,https://doi.org/10.7901/2169-3358-1977-1-495,EFFECTS OF DRILL MUD ON SEDIMENT CLEARING RATES OF CERTAIN HERMATYPIC CORALS,1977,1977-03-01,conference-paper,en,Jack H. Thompson | Thomas J. Bright,https://openalex.org/A5061738407 | https://openalex.org/A5109003370,International Oil Spill Conference Proceedings,https://openalex.org/S4210180733,https://doi.org/10.7901/2169-3358-1977-1-495,True,bronze,14,"ABSTRACT The hermatypic corals Diploria strigosa, Montastrea annularis and Montastrea cavernosa were subjected to large uniform doses of four sediments; used whole drill mud, barite, aquagel and calcium carbonate (a sediment occurring naturally on coral reefs). The rates at which each species cleared itself of the sediment covers were measured in square millimeters per hour. No corals were able to remove the used whole drill mud, but all could rid themselves effectively of the other three sediments. Diploria strigosa exhibited a generally faster clearing rate than the other two species, but there was no difference in the rates at which any one species cleared itself of either barite, aquagel or calcium carbonate. It is suspected that the dramatic effect of used whole mud, which also caused mortality, was due to dissolved chemical components which we have yet to identify.",Coral and Marine Ecosystems Studies | Marine Biology and Ecology Research | Cephalopods and Marine Biology,Hermatypic coral | Clearance | Sediment | Reef | Zooxanthellae | Oceanography | Carbonate | Coelenterata | Cnidaria | Benthic zone | Geology | Biology | Coral | Chemistry | Paleontology | Symbiosis,Hermatypic coral | Clearance | Sediment | Reef | Zooxanthellae | Oceanography | Carbonate | Coelenterata | Cnidaria | Benthic zone | Geology | Biology | Coral | Chemistry | Paleontology | Symbiosis | Medicine | Urology | Organic chemistry | Bacteria,
OA_SED_DRILLING_01,SED_DRILLING,2026-08-13T20:14:42+00:00,https://openalex.org/W1970068596,https://doi.org/10.1016/j.marpolbul.2005.10.002,"The occurrence of the cold-water coral Lophelia pertusa (Scleractinia) on oil and gas platforms in the North Sea: Colony growth, recruitment and environmental controls on distribution",2005,2005-11-22,article,en,Susan E. Gass | J. Murray Roberts,https://openalex.org/A5028952268 | https://openalex.org/A5058278517,Marine Pollution Bulletin,https://openalex.org/S101229256,https://doi.org/10.1016/j.marpolbul.2005.10.002,False,closed,186,,Coral and Marine Ecosystems Studies | Marine and fisheries research | Marine and coastal plant biology,Coral | Reef | Oceanography | Population | Ecology | Coral reef | Fishery | Biology | Geology,Coral | Reef | Oceanography | Population | Ecology | Coral reef | Fishery | Biology | Geology | Demography | Sociology,https://openalex.org/W301323102 | https://openalex.org/W324775466 | https://openalex.org/W789139417 | https://openalex.org/W1145816296 | https://openalex.org/W1496664358 | https://openalex.org/W1648352264 | https://openalex.org/W1967377443 | https://openalex.org/W1973297393 | https://openalex.org/W1975010850 | https://openalex.org/W1980773407 | https://openalex.org/W1986134528 | https://openalex.org/W1998770757 | https://openalex.org/W2016213881 | https://openalex.org/W2019182654 | https://openalex.org/W2021665636 | https://openalex.org/W2027463310 | https://openalex.org/W2032604204 | https://openalex.org/W2037422560 | https://openalex.org/W2037848584 | https://openalex.org/W2045492996 | https://openalex.org/W2054448182 | https://openalex.org/W2070495353 | https://openalex.org/W2071647731 | https://openalex.org/W2077170976 | https://openalex.org/W2094077212 | https://openalex.org/W2110312429 | https://openalex.org/W2125476395 | https://openalex.org/W2125814001 | https://openalex.org/W2147689339 | https://openalex.org/W2157215222 | https://openalex.org/W2165555480 | https://openalex.org/W2170605110 | https://openalex.org/W2235536640 | https://openalex.org/W2252457570 | https://openalex.org/W2312375372 | https://openalex.org/W2319582213 | https://openalex.org/W2319786856 | https://openalex.org/W2470187631 | https://openalex.org/W2617588834 | https://openalex.org/W4252806208 | https://openalex.org/W6611261408 | https://openalex.org/W6622835208 | https://openalex.org/W6692093223
OA_SED_DRILLING_01,SED_DRILLING,2026-08-13T20:14:42+00:00,https://openalex.org/W988842781,https://doi.org/10.1371/journal.pone.0134076,A Time Series Study of Lophelia pertusa and Reef Megafauna Responses to Drill Cuttings Exposure on the Norwegian Margin,2015,2015-07-28,article,en,Autun Purser,https://openalex.org/A5035949322,PLoS ONE,https://openalex.org/S202381698,https://doi.org/10.1371/journal.pone.0134076,True,gold,42,"As hotspots of local biodiversity in the deep sea, preservation of cold-water coral reef communities is of great importance. In European waters the most extensive reefs are found at depths of 300 - 500 m on the continental margin. In Norwegian waters many of these reefs are located in areas of interest for oil and gas exploration and production. In this study drilling was carried out in the Morvin drill field in proximity to a number of small Lophelia pertusa coral reefs (closest reefs 100 m upstream and 350 m downstream of point of waste drill material release). In a novel monitoring study, ROV video surveys of 9 reefs were conducted prior, during, immediately after and >1 year after drilling operations. Behavior of coral polyps inhabiting reefs exposed to differing concentrations of drill cuttings and drilling fluids (waste drilling material) were compared. Levels of expected exposure to these waste materials were determined for each reef by modelling drill cutting transport following release, using accurate in-situ hydrodynamic data collected during the drilling period and drill cutting discharge data as parameters of a dispersal model. The presence / absence of associate reef species (Acesta excavata, Paragorgia arborea and Primnoa resedaeformis) were also determined from each survey video. There were no significant differences in Lophelia pertusa polyp behavior in corals modelled to have been exposed to pulses of >25 ppm drill cutting material and those modelled to be exposed to negligible concentrations of material. From the video data collected, there were no observed degradations of reef structure over time, nor reductions of associate fauna abundance, regardless of modelled exposure concentration at any of the surveyed reefs. This study focused exclusively on adult fauna, and did not assess the potential hazard posed by waste drilling material to coral or other larvae. Video data was collected by various ROV's, using different camera and lighting setups throughout the survey campaign, making comparison of observations prior, during and post drilling problematic. A standardization of video monitoring in future monitoring campaigns is recommended.",Coral and Marine Ecosystems Studies | Marine Biology and Ecology Research | Marine and fisheries research,Reef | Drill cuttings | Oceanography | Geology | Drilling | Coral reef | Environmental science | Coral | Drilling fluid,Reef | Drill cuttings | Oceanography | Geology | Drilling | Coral reef | Environmental science | Coral | Drilling fluid | Mechanical engineering | Engineering,https://openalex.org/W25267389 | https://openalex.org/W151004304 | https://openalex.org/W358095294 | https://openalex.org/W621693460 | https://openalex.org/W802769027 | https://openalex.org/W1496664358 | https://openalex.org/W1497493736 | https://openalex.org/W1540538590 | https://openalex.org/W1547432458 | https://openalex.org/W1599305990 | https://openalex.org/W1648352264 | https://openalex.org/W1715070934 | https://openalex.org/W1972911741 | https://openalex.org/W1973193157 | https://openalex.org/W1977559120 | https://openalex.org/W1980062565 | https://openalex.org/W1982641977 | https://openalex.org/W1986196070 | https://openalex.org/W1987708571 | https://openalex.org/W1988722245 | https://openalex.org/W1990785452 | https://openalex.org/W1991354307 | https://openalex.org/W1992747687 | https://openalex.org/W1993624791 | https://openalex.org/W1996372875 | https://openalex.org/W1998363371 | https://openalex.org/W2001231425 | https://openalex.org/W2001892682 | https://openalex.org/W2003310573 | https://openalex.org/W2003816344 | https://openalex.org/W2006231578 | https://openalex.org/W2010116464 | https://openalex.org/W2011032167 | https://openalex.org/W2011130192 | https://openalex.org/W2011708564 | https://openalex.org/W2012868976 | https://openalex.org/W2014959816 | https://openalex.org/W2018117351 | https://openalex.org/W2020938932 | https://openalex.org/W2023991280 | https://openalex.org/W2025977555 | https://openalex.org/W2027463310 | https://openalex.org/W2032229745 | https://openalex.org/W2032988400 | https://openalex.org/W2034323072 | https://openalex.org/W2043029013 | https://openalex.org/W2043815055 | https://openalex.org/W2044551741 | https://openalex.org/W2052813853 | https://openalex.org/W2053876996 | https://openalex.org/W2054448182 | https://openalex.org/W2054976908 | https://openalex.org/W2054994691 | https://openalex.org/W2055305442 | https://openalex.org/W2058411010 | https://openalex.org/W2059896421 | https://openalex.org/W2064065457 | https://openalex.org/W2068621561 | https://openalex.org/W2070252451 | https://openalex.org/W2076362168 | https://openalex.org/W2077170976 | https://openalex.org/W2078076761 | https://openalex.org/W2079411497 | https://openalex.org/W2083461044 | https://openalex.org/W2087025479 | https://openalex.org/W2090135965 | https://openalex.org/W2095996787 | https://openalex.org/W2109745867 | https://openalex.org/W2118571697 | https://openalex.org/W2125476395 | https://openalex.org/W2127310700 | https://openalex.org/W2128051091 | https://openalex.org/W2138825607 | https://openalex.org/W2141131685 | https://openalex.org/W2149242340 | https://openalex.org/W2152981889 | https://openalex.org/W2160612910 | https://openalex.org/W2162766759 | https://openalex.org/W2170491632 | https://openalex.org/W2186130713 | https://openalex.org/W2202937359 | https://openalex.org/W2237765218 | https://openalex.org/W2316193362 | https://openalex.org/W2316739595 | https://openalex.org/W2317661434 | https://openalex.org/W2319582213 | https://openalex.org/W2319786856 | https://openalex.org/W2330853192 | https://openalex.org/W2892225856 | https://openalex.org/W2922066835 | https://openalex.org/W4248402242 | https://openalex.org/W4285719527 | https://openalex.org/W4297752402 | https://openalex.org/W6680497045
OA_SED_DRILLING_01,SED_DRILLING,2026-08-13T20:14:42+00:00,https://openalex.org/W3005612734,https://doi.org/10.1201/9781482267242-8,HEAVY METALS AND REEF CORALS,1984,1984-12-31,book-chapter,en,Harold Barnes,,,,https://doi.org/10.1201/9781482267242-8,False,closed,69,"The tropical marine environment is increasingly threatened by heavy metal pollution from a variety of sources yet little appears to be known of the potential effects of heavy metals upon coral reefs-an ecosystem which has previously been cited as particularly vulnerable to man-made pollutants (Johannes, 1975). Authors discussing the effects of power plant discharges (Neudecker, 1981), desalination plant effluents (Zieman, 1975), drilling muds (Hudson, Shinn & Robbin, 1982; Dodge & Szmant-Froelich, in press), and chemical effluents (Johannes, 1975) on coral reefs all conclude that our knowledge of the toxicity of heavy metals to corals is strictly limited. Early studies on coral skeletons and the metal levels that they contained (Harriss & Almy, 1964; Wolf, Chilingar & Beales, 1967; Veeh & Turekian, 1968; Livingston & Thompson, 1971; St. John, 1973, 1974) mainly focused on the idea that trace elements in corals might reflect the chemistry of specific water masses and thus regional oceanographic patterns. It is the aim of the present review to consider this relatively extensive literature in the light of more recent papers and theoretical considerations, to speculate, on the basis of current knowledge of the biology of corals, on the possible incorporation of metals into the coral tissues, and finally to highlight research areas awaiting further investigation.","Toxic Organic Pollutants Impact | History and advancements in chemistry | Adsorption, diffusion, and thermodynamic properties of materials",Reef | Oceanography | Fishery | Geology | Environmental science | Biology,Reef | Oceanography | Fishery | Geology | Environmental science | Biology,https://openalex.org/W2122789983
OA_SED_DRILLING_01,SED_DRILLING,2026-08-13T20:14:42+00:00,https://openalex.org/W2790518174,https://doi.org/10.1080/15287394.2018.1444375,Effects of suspended drill cuttings on the coral <i>Lophelia pertusa</i> using pulsed and continuous exposure scenarios,2018,2018-03-14,article,en,Thierry Baussant | Marianne Nilsen | Elisa Ravagnan | Stig Westerlund | Sreerekha Ramanand,https://openalex.org/A5065804390 | https://openalex.org/A5053459769 | https://openalex.org/A5079480209 | https://openalex.org/A5019476144 | https://openalex.org/A5000997767,Journal of Toxicology and Environmental Health,https://openalex.org/S85071590,https://doi.org/10.1080/15287394.2018.1444375,False,closed,21,"This study aimed at providing confidence in the predictability of the impacts of drill cuttings (DC) discharge on the cold-water coral Lophelia pertusa. L. pertusa was exposed to DC from offshore exploration in the lab with the goal to assess precautionary thresholds of effects. Two exposure scenarios with DC were tested: a long-term (LT) pulsed exposure (12 weeks, peak concentrations: 2-50 mg/L, mean concentrations: 1-25 mg/L) and a short-term (ST) continuous exposure (2.5 weeks, mean concentrations: 4-42 mg/L). After exposure, a recovery period of 16 and 4 weeks was maintained in LT and ST, respectively. While there was an assumption that DC might result in an increase in respiration, decrease in growth, enhanced mucus production, reduced fatty acid content, only a significant rise was noted in skeleton growth at DC 4 mg/L and a significant increase of mucus particulate organic carbon at 25 mg/L at end of the exposure. DC did not markedly reduce prey capture rate consecutive to DC exposure. However, the effect of DC produced an increase of coral polyp activity during exposure and a return to pre-exposure conditions after cessation of DC, and coenosarc was smothered from DC even after a long recovery period (4 weeks). Overall, a DC concentration of 10 mg/L seems to represent a threshold above which changes in coral conditions were observed however with no apparent physiological consequences for the coral within the experimental time scale.",Coral and Marine Ecosystems Studies | Aquaculture disease management and microbiota | Ichthyology and Marine Biology,Coral | Animal science | Respiration | Mucus | Chemistry | Biology | Ecology | Botany,Coral | Animal science | Respiration | Mucus | Chemistry | Biology | Ecology | Botany,https://openalex.org/W160850980 | https://openalex.org/W988842781 | https://openalex.org/W1251344245 | https://openalex.org/W1599305990 | https://openalex.org/W1966253810 | https://openalex.org/W1982318305 | https://openalex.org/W1985888163 | https://openalex.org/W1987708571 | https://openalex.org/W1992980154 | https://openalex.org/W1996372875 | https://openalex.org/W2002232631 | https://openalex.org/W2003310573 | https://openalex.org/W2006231578 | https://openalex.org/W2011130192 | https://openalex.org/W2011157150 | https://openalex.org/W2019492714 | https://openalex.org/W2020275406 | https://openalex.org/W2020638138 | https://openalex.org/W2032229745 | https://openalex.org/W2051907680 | https://openalex.org/W2074656724 | https://openalex.org/W2076348815 | https://openalex.org/W2077170976 | https://openalex.org/W2079072861 | https://openalex.org/W2083461044 | https://openalex.org/W2087025479 | https://openalex.org/W2119993764 | https://openalex.org/W2122034013 | https://openalex.org/W2125476395 | https://openalex.org/W2160612910 | https://openalex.org/W2166927678 | https://openalex.org/W2190472924 | https://openalex.org/W2202937359 | https://openalex.org/W2230777798 | https://openalex.org/W2246798284 | https://openalex.org/W2294366441 | https://openalex.org/W2322511813 | https://openalex.org/W2346001697 | https://openalex.org/W2464142271 | https://openalex.org/W2479857337 | https://openalex.org/W2485146202 | https://openalex.org/W2505754495 | https://openalex.org/W2510186658 | https://openalex.org/W2521432605 | https://openalex.org/W2608942652 | https://openalex.org/W2621222659 | https://openalex.org/W4300941182
OA_SED_DRILLING_01,SED_DRILLING,2026-08-13T20:14:42+00:00,https://openalex.org/W4236237215,https://doi.org/10.2523/126468-ms,Will Drill Cuttings and Drill Mud Harm Cold Water Corals?,2010,2010-04-01,conference-paper,en,Kjell Jodestol,https://openalex.org/A5002782430,"Proceedings of SPE International Conference on Health, Safety, and Environment in Oil and Gas Exploration and Production",https://openalex.org/S4363608768,https://doi.org/10.2523/126468-ms,False,closed,2,"Will Drill Cuttings and Drill Mud Harm Cold Water Corals? Kjell Jødestøl; Kjell Jødestøl Det norske oljeselskap ASA Search for other works by this author on: This Site Google Scholar Edgar Furuholt Edgar Furuholt Det norske oljeselskap ASA Search for other works by this author on: This Site Google Scholar Paper presented at the SPE International Conference on Health, Safety and Environment in Oil and Gas Exploration and Production, Rio de Janeiro, Brazil, April 2010. Paper Number: SPE-126468-MS https://doi.org/10.2118/126468-MS Published: April 12 2010 Cite View This Citation Add to Citation Manager Share Icon Share Twitter LinkedIn Get Permissions Search Site Citation Jødestøl, Kjell , and Edgar Furuholt. ""Will Drill Cuttings and Drill Mud Harm Cold Water Corals?."" Paper presented at the SPE International Conference on Health, Safety and Environment in Oil and Gas Exploration and Production, Rio de Janeiro, Brazil, April 2010. doi: https://doi.org/10.2118/126468-MS Download citation file: Ris (Zotero) Reference Manager EasyBib Bookends Mendeley Papers EndNote RefWorks BibTex Search Dropdown Menu nav search search input Search input auto suggest search filter All ContentAll ProceedingsSociety of Petroleum Engineers (SPE)SPE International Conference and Exhibition on Health, Safety, Environment, and Sustainability Search Advanced Search Abstract Cold water corals, e.g. Lophelia pertusa and Paragorgia arborea, are found in several places in the Norwegian Sea where oil exploration and production activities are going on. The corals are expected to be vulnerable for sedimentation of particles and exposure to chemicals from drilling activities (drill cuttings and drilling mud) and for physical damage from e.g. anchor lines. How vulnerable they are for these disturbances is, however, not well known. Oil and gas licences licenses in the area are therefore obligated to map possible corals and to take measures to avoid harming them. These obligations have been strengthened in the Integrated Management Plan for the Norwegian Sea approved by the Norwegian Parliament in May 2009.Det norske oljeselskap has in 2009 drilled 4 exploration wells in the Norwegian Sea and carried out a number of activities to map corals, study the effects of drill cuttings and drilling mud, and apply technical and operational measures to reduce the effects. This includes: Mapping of corals around the drill site by use of side scan sonar, multibeam echo sounder and ROV mounted camera/videoMeasurement of particle size distributions in the discharges of cuttings and drilling mudComputer simulation of sea bed currents and sedimentation of discharged particlesAnalyses of particles from sediment traps and sea bottom core samples close to the drill site for verification of simulation models and evaluation of effects on coralsCamera observation of corals before and after the drilling operationRecovery of all cuttings (also from the top hole) to the rig for possible disposal away from corals.Our experience shows that technology is available to handle drill cuttings and mud and control the discharges and spreading to avoid harming corals and other sensitive resources. Keywords: coral location, drilling fluids and materials, discharge, simulation, rig, drilling fluid management & disposal, particle size distribution, sedimentation, operation, norwegian sea Subjects: Drilling Fluids and Materials, Strategic Planning and Management, Drilling fluid management & disposal, Cuttings transport, Exploration and appraisal strategies Copyright 2010, Society of Petroleum Engineers You can access this article if you purchase or spend a download.",Marine and Offshore Engineering Studies,Citation | Harm | Drill cuttings | Library science | Engineering | Computer science | Political science | Drilling | Drilling fluid | Law | Mechanical engineering,Citation | Harm | Drill cuttings | Library science | Engineering | Computer science | Political science | Drilling | Drilling fluid | Law | Mechanical engineering,
OA_SED_DRILLING_01,SED_DRILLING,2026-08-13T20:14:42+00:00,https://openalex.org/W1966082722,https://doi.org/10.1080/17451000.2014.993651,Effects of water flow and drilling waste exposure on polyp behaviour in<i>Lophelia pertusa</i>,2015,2015-02-23,article,en,Pål Buhl‐Mortensen | Eirik Tenningen | Anne Britt Skar Tysseland,https://openalex.org/A5072861457 | https://openalex.org/A5057166188 | https://openalex.org/A5090246470,Marine Biology Research,https://openalex.org/S80072481,https://doi.org/10.1080/17451000.2014.993651,False,closed,21,"Polyp expansion state in Lophelia pertusa was studied in situ close to an oil rig during the drilling of a well (Statoil) off mid-Norway, in order to study possible effects on behaviour. The expansion state was monitored visually during the discharge of drill cuttings at one reef exposed to discharges and one not exposed. The reef situated down-current from the discharge point was monitored during 5 days and 15 h with a benthic lander equipped with a stills camera and current meter. This reef was exposed to drill cuttings 11 times during the monitoring. The total exposure time was 13 h 37 min. A remotely operated vehicle was used to provide additional images from both reefs for comparison. The proportion of polyps in different expansion states did not differ significantly between exposed corals and unexposed corals. Rather, changes in polyp behaviour were related to changes in current direction and velocity. A higher proportion of the polyps was expanded during periods with prevailing northeasterly currents compared to northwesterly. This could be related to quantity and type of food particles or the polyps' local position in the colony relative to current direction. There was also a clear difference in the degree of polyp expansion between polyps situated high up in the colony compared to low. This may be related to local environmental differences representing different hydrodynamic conditions. Whether or not there are effects of exposure to drill cuttings over a longer timescale than the observed 5 days and 15 h cannot be concluded from this study.",Coral and Marine Ecosystems Studies | Marine and fisheries research | Coastal wetland ecosystem dynamics,Reef | Benthic zone | Drill cuttings | Drilling | Current (fluid) | Current meter | Geology | Environmental science | Hydrology (agriculture) | Drill | Oceanography | Drilling fluid | Geotechnical engineering,Reef | Benthic zone | Drill cuttings | Drilling | Current (fluid) | Current meter | Geology | Environmental science | Hydrology (agriculture) | Drill | Oceanography | Drilling fluid | Geotechnical engineering | Mechanical engineering | Engineering | Materials science | Metallurgy,https://openalex.org/W160850980 | https://openalex.org/W301323102 | https://openalex.org/W586083258 | https://openalex.org/W789139417 | https://openalex.org/W1145816296 | https://openalex.org/W1963618057 | https://openalex.org/W1970068596 | https://openalex.org/W1987708571 | https://openalex.org/W1996372875 | https://openalex.org/W2011130192 | https://openalex.org/W2021474035 | https://openalex.org/W2029623635 | https://openalex.org/W2054448182 | https://openalex.org/W2067105121 | https://openalex.org/W2087025479 | https://openalex.org/W2125476395 | https://openalex.org/W2127310700 | https://openalex.org/W2141131685 | https://openalex.org/W2160612910 | https://openalex.org/W2165555480 | https://openalex.org/W2170605110 | https://openalex.org/W2312375372 | https://openalex.org/W2319786856 | https://openalex.org/W3097844722 | https://openalex.org/W4236168675 | https://openalex.org/W4388314350
OA_SED_DRILLING_01,SED_DRILLING,2026-08-13T20:14:42+00:00,https://openalex.org/W2011032167,https://doi.org/10.2118/168328-ms,Environmental Monitoring and Modeling of Drilling Discharges at a Location with Vulnerable Seabed Fauna: Comparison between Field Measurements and Model Simulations,2014,2014-03-17,conference-paper,en,Tone Karin Frost | Janne L. Myrhaug | May Kristin Ditlevsen | Henrik Rye,https://openalex.org/A5063628751 | https://openalex.org/A5057951909 | https://openalex.org/A5071173333 | https://openalex.org/A5111606070,,,https://doi.org/10.2118/168328-ms,False,closed,10,"Abstract Offshore drilling activities were carried out by Statoil at the Hyme field, located in the Norwegian Sea, in an area with vulnerable seabed fauna. Cold water corals (Lophelia) were identified in vicinity of the drilling well location. Drilling activities in sensitive areas requires that the operator perform an assessment of potential impact or risk of drilling discharges prior to the drilling operation. The risk assessment is an input to the planning of the drilling operation with regards to minimize negative impacts on corals or other vulnerable fauna present. In addition, environmental monitoring during the drilling operation is undertaken in such areas, to document and, if possible, prevent potential impacts on the seabed fauna. The monitoring program at the Hyme field included measurements of ocean currents, temperature, salinity, turbidity and sedimentation of particles at the drilling location during the drilling operation. After drilling, the environmental risk assessment was updated with actual current data and high resolution discharge data for the whole discharge period. The results from the field measurements were used for validation of model simulations of dispersion and deposition of discharged drilling particles, in order to predict actual exposure and consequently potential effects or risk to the corals. In the present paper a comparison between model simulations and field measurements is presented. The model predicted particle exposure concentrations and burial of corals will be verified against turbidity measurements in the water column and particle sedimentation measurements at different distances from the discharge points. A high level accuracy in the model simulations, as basis for assessment of potential impacts to biota, is of high importance. This enables the operator to evaluate alternatives with regards to drilling discharge solutions (discharge point etc.) with lowest impact on environmental resources at the drilling site prior to drilling. A high level of accuracy is also important in the validation of the simulation.",Reservoir Engineering and Simulation Methods | Drilling and Well Engineering | Ocean Acidification Effects and Responses,Drilling | Seabed | Environmental science | Geology | Measurement while drilling | Drilling fluid | Offshore drilling | Submarine pipeline | Oceanography | Engineering,Drilling | Seabed | Environmental science | Geology | Measurement while drilling | Drilling fluid | Offshore drilling | Submarine pipeline | Oceanography | Engineering | Mechanical engineering,https://openalex.org/W151004304 | https://openalex.org/W803894277 | https://openalex.org/W1540538590 | https://openalex.org/W1969629673 | https://openalex.org/W1977559120 | https://openalex.org/W1987708571 | https://openalex.org/W2009699503 | https://openalex.org/W2039194916 | https://openalex.org/W2040648359 | https://openalex.org/W2053662526 | https://openalex.org/W2054006153 | https://openalex.org/W2054538193 | https://openalex.org/W2079411497 | https://openalex.org/W2089254541 | https://openalex.org/W2109745867 | https://openalex.org/W2129928090 | https://openalex.org/W2141131685 | https://openalex.org/W4256309562 | https://openalex.org/W4285719527 | https://openalex.org/W4297752402 | https://openalex.org/W6660490962 | https://openalex.org/W6663961154 | https://openalex.org/W6679085488
OA_SED_DRILLING_01,SED_DRILLING,2026-08-13T20:14:42+00:00,https://openalex.org/W3019785981,https://doi.org/10.1016/j.marenvres.2020.104996,"Effects and recovery of larvae of the cold-water coral Lophelia pertusa (Desmophyllum pertusum) exposed to suspended bentonite, barite and drill cuttings",2020,2020-04-24,article,en,Johanna Järnegren | Sandra Brooke | Henrik Jensen,https://openalex.org/A5033046380 | https://openalex.org/A5046905883 | https://openalex.org/A5024797598,Marine Environmental Research,https://openalex.org/S205788060,https://doi.org/10.1016/j.marenvres.2020.104996,True,hybrid,11,"Fossil fuel drilling operations create sediment plumes and release waste materials into the ocean. These operations sometimes occur close to sensitive marine ecosystems, such as cold-water corals. While there have been several studies on the effects of energy industry activities on adult corals, there is very little information on potential impacts to their early life history stages. Larval stages of many marine organisms, including cold-water corals use cilia as a means of feeding and swimming, and if these structures become clogged with suspended particulates, the larvae may sink and be lost to the system. The objective of this study was to understand the response of Lophelia pertusa larvae to a different drilling waste components, and assess post-exposure recovery. Larvae of two ages (eight and 21 days) were exposed to a range of concentrations of bentonite, barite and drill cuttings. Larval sensitivity was assessed using the concentration at which 50% of the larvae showed behavioral effects (EC50) or lethal effects (LC50). Larvae showed greatest sensitivity to bentonite, followed by barite and drill cuttings, and also showed age-related responses that differed among the test materials. Post exposure recovery was variable across materials, with larvae exposed to bentonite having the lowest recovery rates. Understanding the vulnerability of early life history stages to human activities can help inform management strategies to preserve reproductive capacity of important marine ecosystems.",Coral and Marine Ecosystems Studies | Marine and fisheries research | Ichthyology and Marine Biology,Drill cuttings | Bentonite | Coral | Larva | Environmental science | Oceanography | Ecology | Biology | Drilling | Drilling fluid | Geology | Paleontology,Drill cuttings | Bentonite | Coral | Larva | Environmental science | Oceanography | Ecology | Biology | Drilling | Drilling fluid | Geology | Paleontology | Engineering | Mechanical engineering,https://openalex.org/W988842781 | https://openalex.org/W1526553319 | https://openalex.org/W1547432458 | https://openalex.org/W1607306516 | https://openalex.org/W1680083527 | https://openalex.org/W1951724000 | https://openalex.org/W1966082722 | https://openalex.org/W1982641977 | https://openalex.org/W1984330573 | https://openalex.org/W1987708571 | https://openalex.org/W1996372875 | https://openalex.org/W2003310573 | https://openalex.org/W2004262697 | https://openalex.org/W2007616235 | https://openalex.org/W2008728285 | https://openalex.org/W2011032167 | https://openalex.org/W2019492714 | https://openalex.org/W2034323072 | https://openalex.org/W2043029013 | https://openalex.org/W2048536244 | https://openalex.org/W2073378748 | https://openalex.org/W2083461044 | https://openalex.org/W2087025479 | https://openalex.org/W2092613863 | https://openalex.org/W2117721010 | https://openalex.org/W2158175245 | https://openalex.org/W2160612910 | https://openalex.org/W2162766759 | https://openalex.org/W2199467677 | https://openalex.org/W2202937359 | https://openalex.org/W2220855803 | https://openalex.org/W2260608510 | https://openalex.org/W2273995435 | https://openalex.org/W2402769049 | https://openalex.org/W2464142271 | https://openalex.org/W2517886161 | https://openalex.org/W2525255284 | https://openalex.org/W2771123005 | https://openalex.org/W2922066835 | https://openalex.org/W3110265022 | https://openalex.org/W4238054710 | https://openalex.org/W6652940206 | https://openalex.org/W6662722134 | https://openalex.org/W6687555906 | https://openalex.org/W6692717781
OA_SED_DRILLING_01,SED_DRILLING,2026-08-13T20:14:42+00:00,https://openalex.org/W2039194916,https://doi.org/10.2118/137348-ms,Validation of Numerical Model for Simulation of Drilling Discharges to Sea,2010,2010-11-01,conference-paper,en,Henrik Rye | Edgar Furuholt,https://openalex.org/A5111606070 | https://openalex.org/A5001572649,Abu Dhabi International Petroleum Exhibition and Conference,https://openalex.org/S4306500091,https://doi.org/10.2118/137348-ms,False,closed,8,"Abstract The site survey for the location of the Trolla exploration well in the Norwegian Sea revealed numerous potential locations of cold water corals. These corals are expected to be vulnerable for sedimentation of particles and exposure to chemicals from drill cuttings and drilling fluids. How vulnerable they are for these disturbances is, however, not well known. Numerical simulations were performed to predict spreading of drill cuttings and drilling fluids, including concentrations in the water column and sedimentation on the seabed. A monitoring program was also conducted, comprising cuttings particle size measurements, current measurements, sediment traps collecting depositing particles, sediment sampling, turbidity measurements and video observations. The monitoring program gave the possibility to compare results from the numerical model with observed deposition of drill cuttings. The simulation results showed good correspondence with the contents in the sediment traps, supporting the validity of the numerical model.",Marine and Offshore Engineering Studies | Geological formations and processes | Coastal and Marine Dynamics,Drill cuttings | Drilling | Seabed | Sedimentation | Sediment | Drilling fluid | Geology | Drill | Deposition (geology) | Turbidity current | Sediment trap | Water column | Petroleum engineering | Marine engineering | Oceanography | Geomorphology | Engineering,Drill cuttings | Drilling | Seabed | Sedimentation | Sediment | Drilling fluid | Geology | Drill | Deposition (geology) | Turbidity current | Sediment trap | Water column | Petroleum engineering | Marine engineering | Oceanography | Geomorphology | Engineering | Sedimentary depositional environment | Structural basin | Mechanical engineering,https://openalex.org/W1977559120 | https://openalex.org/W2036656003 | https://openalex.org/W2055088330 | https://openalex.org/W2109745867 | https://openalex.org/W2129928090 | https://openalex.org/W4297752402 | https://openalex.org/W6668282165
OA_SED_DRILLING_01,SED_DRILLING,2026-08-13T20:14:42+00:00,https://openalex.org/W301323102,,Sublethal metabolic responses of the hermatypic coral Madracis decactis exposed to drilling mud enriched with ferrochrome lignosulfonate,1981,1981-06-01,article,en,Krone | Douglas C. Biggs, | https://openalex.org/A5005894990,OSTI OAI (U.S. Department of Energy Office of Scientific and Technical Information),https://openalex.org/S4306402487,http://www.osti.gov/scitech/biblio/5850915-sublethal-metabolic-responses-hermatypic-coral-madracis-decactis-exposed-drilling-mud-enriched-ferrochrome-lignosulfonate,False,closed,7,"Madracis decactis corals were exposed for 17 days in laboratory aquaria to suspensions of 100 ppm drilling mud spiked with 0, 3, and 10 ppm ferrochrome lignosulfonate (FCLS). During the first week of exposure, these corals increased their oxygen consumption and ammonium excretion, relative to uncontaminated controls. These corals exposed to the highest enrichments of FCLS demonstrated the greatest increases in respiration and excretion and also the largest variations in respiration and excretion between individual experimental animals. Corals reached their highest average rates of respiration and excretion by the end of the first week of continuous exposure. Rates then decreased during the next week and, after a secondary increase in excretion and respiration between days 10-13 which was most pronounced in those corals exposed to FCLS enrichment, leveled off at near-initial rates by the end of the second week. All corals exposed to FCLS reacted by reducing their polyp expansion behavior, although only the two showed mass polyp mortality. When exposure to drill mud + FCLS was discontinued, respiration and excretion of surviving corals remained low and stable while their polyp activity returned to normal levels within 48 hours.",Coral and Marine Ecosystems Studies,Excretion | Respiration | Respiration rate | Chemistry | Animal science | Radiata | Hermatypic coral | Environmental chemistry | Coral | Biology | Ecology | Botany | Biochemistry | Vigna,Excretion | Respiration | Respiration rate | Chemistry | Animal science | Radiata | Hermatypic coral | Environmental chemistry | Coral | Biology | Ecology | Botany | Biochemistry | Vigna,
OA_SED_DRILLING_01,SED_DRILLING,2026-08-13T20:14:42+00:00,https://openalex.org/W2588674581,https://doi.org/10.1007/978-3-319-17001-5_27-1,The Impact of Anthropogenic Activity on Cold-Water Corals,2016,2016-01-01,book-chapter,en,Stefán Á. Ragnarsson | Julian Mariano Burgos | Tina Kutti | Inge van den Beld | Hrönn Egilsdóttir | Sophie Arnaud‐Haond | Anthony Grehan,https://openalex.org/A5112437515 | https://openalex.org/A5044724751 | https://openalex.org/A5044747865 | https://openalex.org/A5071455198 | https://openalex.org/A5031226613 | https://openalex.org/A5043029559 | https://openalex.org/A5013766524,,,https://doi.org/10.1007/978-3-319-17001-5_27-1,False,closed,30,,Coral and Marine Ecosystems Studies | Marine animal studies overview | Ichthyology and Marine Biology,Smothering | Habitat | Environmental science | Fishing | Trawling | Marine habitats | Reef | Coral | Coral reef | Fishery | Habitat destruction | Ecology | Biology,Smothering | Habitat | Environmental science | Fishing | Trawling | Marine habitats | Reef | Coral | Coral reef | Fishery | Habitat destruction | Ecology | Biology | Medicine | Asphyxia | Pediatrics,https://openalex.org/W326479830 | https://openalex.org/W560478165 | https://openalex.org/W640985764 | https://openalex.org/W1251344245 | https://openalex.org/W1488247183 | https://openalex.org/W1595298432 | https://openalex.org/W1707728074 | https://openalex.org/W1715070934 | https://openalex.org/W1759628393 | https://openalex.org/W1952752159 | https://openalex.org/W1980834172 | https://openalex.org/W1985611441 | https://openalex.org/W1986254847 | https://openalex.org/W1987064148 | https://openalex.org/W1987708571 | https://openalex.org/W1987984850 | https://openalex.org/W1990785452 | https://openalex.org/W1993624791 | https://openalex.org/W1994028708 | https://openalex.org/W1994054201 | https://openalex.org/W1994504476 | https://openalex.org/W2002785625 | https://openalex.org/W2004103558 | https://openalex.org/W2006231578 | https://openalex.org/W2009244784 | https://openalex.org/W2019284478 | https://openalex.org/W2019492714 | https://openalex.org/W2020043056 | https://openalex.org/W2020938932 | https://openalex.org/W2022328534 | https://openalex.org/W2024123696 | https://openalex.org/W2026477499 | https://openalex.org/W2027259707 | https://openalex.org/W2028293062 | https://openalex.org/W2032604204 | https://openalex.org/W2033457861 | https://openalex.org/W2038536486 | https://openalex.org/W2039685661 | https://openalex.org/W2043029013 | https://openalex.org/W2045353027 | https://openalex.org/W2049163608 | https://openalex.org/W2054733823 | https://openalex.org/W2059402957 | https://openalex.org/W2061577239 | https://openalex.org/W2061821598 | https://openalex.org/W2069439291 | https://openalex.org/W2081281656 | https://openalex.org/W2084012364 | https://openalex.org/W2090073965 | https://openalex.org/W2091359497 | https://openalex.org/W2095437921 | https://openalex.org/W2095637752 | https://openalex.org/W2100542339 | https://openalex.org/W2100968633 | https://openalex.org/W2106696773 | https://openalex.org/W2110492453 | https://openalex.org/W2114311956 | https://openalex.org/W2116823690 | https://openalex.org/W2119610954 | https://openalex.org/W2128051091 | https://openalex.org/W2129111462 | https://openalex.org/W2132881865 | https://openalex.org/W2135046255 | https://openalex.org/W2136637764 | https://openalex.org/W2137680900 | https://openalex.org/W2153271046 | https://openalex.org/W2156820786 | https://openalex.org/W2159268268 | https://openalex.org/W2160612910 | https://openalex.org/W2166475665 | https://openalex.org/W2168318048 | https://openalex.org/W2170605110 | https://openalex.org/W2202937359 | https://openalex.org/W2205239963 | https://openalex.org/W2238201936 | https://openalex.org/W2246798284 | https://openalex.org/W2254833590 | https://openalex.org/W2345244719 | https://openalex.org/W2413625889 | https://openalex.org/W2464142271 | https://openalex.org/W2531891909 | https://openalex.org/W2622775826 | https://openalex.org/W2902407957 | https://openalex.org/W4285719527 | https://openalex.org/W4300941182 | https://openalex.org/W4301079483
OA_SED_DRILLING_01,SED_DRILLING,2026-08-13T20:14:42+00:00,https://openalex.org/W2235536640,https://doi.org/10.1016/s0422-9894(08)71395-3,Chapter 18 Drilling Mud Plumes From Offshore Drilling Operations: Implications for Coral Survival,1980,1980-01-01,book-chapter,en,Eugene A. Shinn | J. Harold Hudson | Daniel M. Robbin | Carol K. Lee,https://openalex.org/A5090784465 | https://openalex.org/A5112505794 | https://openalex.org/A5072910756 | https://openalex.org/A5035273252,Elsevier oceanography series,https://openalex.org/S2764967899,https://doi.org/10.1016/s0422-9894(08)71395-3,False,closed,5,,Coral and Marine Ecosystems Studies | Marine and Offshore Engineering Studies | Marine Biology and Ecology Research,Drilling | Offshore drilling | Drilling fluid | Submarine pipeline | Geology | Oceanography | Petroleum engineering | Environmental science | Engineering,Drilling | Offshore drilling | Drilling fluid | Submarine pipeline | Geology | Oceanography | Petroleum engineering | Environmental science | Engineering | Mechanical engineering,
OA_SED_DRILLING_01,SED_DRILLING,2026-08-13T20:14:42+00:00,https://openalex.org/W1486291221,https://doi.org/10.1007/bf00263575,The importance of monitoring metabolic recovery in the coral Acropora cervicornis after short-term exposure to drilling muds: Calcification rate and protein concentration,1984,1984-04-01,article,en,James J. Kendall | Eric N. Powell | S. J. Connor | Thomas J. Bright | C. E. Zastrow,https://openalex.org/A5048623655 | https://openalex.org/A5029601107 | https://openalex.org/A5103434624 | https://openalex.org/A5109003370 | https://openalex.org/A5042332566,Coral Reefs,https://openalex.org/S130807758,https://doi.org/10.1007/bf00263575,False,closed,7,,Coral and Marine Ecosystems Studies | Marine Sponges and Natural Products | Aquaculture disease management and microbiota,Acropora | Coral | Biology | Calcification | Ecology | Oceanography | Fishery | Geology | Internal medicine | Medicine,Acropora | Coral | Biology | Calcification | Ecology | Oceanography | Fishery | Geology | Internal medicine | Medicine,https://openalex.org/W121480852 | https://openalex.org/W186058514 | https://openalex.org/W1139636816 | https://openalex.org/W1145816296 | https://openalex.org/W1481702340 | https://openalex.org/W1529955141 | https://openalex.org/W1601407018 | https://openalex.org/W1973100252 | https://openalex.org/W1973694280 | https://openalex.org/W1977075282 | https://openalex.org/W1982639257 | https://openalex.org/W1987627970 | https://openalex.org/W1989144690 | https://openalex.org/W2000645421 | https://openalex.org/W2002839090 | https://openalex.org/W2010291084 | https://openalex.org/W2012920587 | https://openalex.org/W2016317392 | https://openalex.org/W2019701523 | https://openalex.org/W2021616747 | https://openalex.org/W2025661737 | https://openalex.org/W2031422900 | https://openalex.org/W2037087072 | https://openalex.org/W2041501567 | https://openalex.org/W2061849451 | https://openalex.org/W2069266309 | https://openalex.org/W2080808651 | https://openalex.org/W2086010612 | https://openalex.org/W2087448121 | https://openalex.org/W2090041312 | https://openalex.org/W2091580776 | https://openalex.org/W2102131116 | https://openalex.org/W2109256700 | https://openalex.org/W2121421180 | https://openalex.org/W2125343560 | https://openalex.org/W2126076093 | https://openalex.org/W2149719056 | https://openalex.org/W2209720578 | https://openalex.org/W2235536640 | https://openalex.org/W2255848597 | https://openalex.org/W2418099889 | https://openalex.org/W2492921935 | https://openalex.org/W2527231046 | https://openalex.org/W3171724605 | https://openalex.org/W4206306663 | https://openalex.org/W4249086251 | https://openalex.org/W4285719527
OA_SED_DRILLING_01,SED_DRILLING,2026-08-13T20:14:42+00:00,https://openalex.org/W2043029013,https://doi.org/10.1007/s00254-007-1145-4,"Barite and barium in sediments and coral skeletons around the hydrocarbon exploration drilling site in the Træna Deep, Norwegian Sea",2007,2007-12-05,article,en,Aivo Lepland | Pål Buhl‐Mortensen,https://openalex.org/A5060801051 | https://openalex.org/A5072861457,Environmental Geology,https://openalex.org/S4210170125,https://doi.org/10.1007/s00254-007-1145-4,False,closed,33,,Geological formations and processes | Hydrocarbon exploration and reservoir analysis | Geology and Paleoclimatology Research,Drilling | Geology | Reef | Sediment | Drilling fluid | Hydrocarbon exploration | Coral | Oceanography | Barium | Sedimentation | Scientific drilling | Geochemistry | Geomorphology,Drilling | Geology | Reef | Sediment | Drilling fluid | Hydrocarbon exploration | Coral | Oceanography | Barium | Sedimentation | Scientific drilling | Geochemistry | Geomorphology | Structural basin | Inorganic chemistry | Chemistry | Mechanical engineering | Engineering,https://openalex.org/W25267389 | https://openalex.org/W1526011390 | https://openalex.org/W1540538590 | https://openalex.org/W1969187290 | https://openalex.org/W1980535161 | https://openalex.org/W1985060923 | https://openalex.org/W1995912098 | https://openalex.org/W1997690170 | https://openalex.org/W2020043056 | https://openalex.org/W2021939714 | https://openalex.org/W2036389592 | https://openalex.org/W2040090212 | https://openalex.org/W2070851648 | https://openalex.org/W2072390800 | https://openalex.org/W2073547810 | https://openalex.org/W2114276634 | https://openalex.org/W2125476395 | https://openalex.org/W2141131685 | https://openalex.org/W2316193362 | https://openalex.org/W2467727060
OA_SED_DRILLING_01,SED_DRILLING,2026-08-13T20:14:42+00:00,https://openalex.org/W4213284820,https://doi.org/10.1371/journal.pone.0263061,"Identification of tolerance levels on the cold-water coral Desmophyllum pertusum (Lophelia pertusa) from realistic exposure conditions to suspended bentonite, barite and drill cutting particles",2022,2022-02-22,article,en,Thierry Baussant | Maj Arnberg | Emily Lyng | Sreerekha Ramanand | Shaw Bamber | Mark Berry | Ingrid Myrnes Hansen | Dick van Oevelen | Peter van Breugel,https://openalex.org/A5065804390 | https://openalex.org/A5040540256 | https://openalex.org/A5105551456 | https://openalex.org/A5000997767 | https://openalex.org/A5040182031 | https://openalex.org/A5010153526 | https://openalex.org/A5025834029 | https://openalex.org/A5057324054 | https://openalex.org/A5039351373,PLoS ONE,https://openalex.org/S202381698,https://doi.org/10.1371/journal.pone.0263061,True,gold,9,"Cold-water coral (CWC) reefs are numerous and widespread along the Norwegian continental shelf where oil and gas industry operate. Uncertainties exist regarding their impacts from operational discharges to drilling. Effect thresholds obtained from near-realistic exposure of suspended particle concentrations for use in coral risk modeling are particularly needed. Here, nubbins of Desmophyllum pertusum (Lophelia pertusa) were exposed shortly (5 days, 4h repeated pulses) to suspended particles (bentonite BE; barite BA, and drill cuttings DC) in the range of ~ 4 to ~ 60 mg.l-1 (actual concentration). Physiological responses (respiration rate, growth rate, mucus-related particulate organic carbon OC and particulate organic nitrogen ON) and polyp mortality were then measured 2 and 6 weeks post-exposure to assess long-term effects. Respiration and growth rates were not significantly different in any of the treatments tested compared to control. OC production was not affected in any treatment, but a significant increase of OC:ON in mucus produced by BE-exposed (23 and 48 mg.l-1) corals was revealed 2 weeks after exposure. Polyp mortality increased significantly at the two highest DC doses (19 and 49 mg.l-1) 2 and 6 weeks post-exposure but no significant difference was observed in any of the other treatments compared to the control. These findings are adding new knowledge on coral resilience to short realistic exposure of suspended drill particles and indicate overall a risk for long-term effects at a threshold of ~20 mg.l-1.",Coral and Marine Ecosystems Studies | Marine and fisheries research | Ichthyology and Marine Biology,Coral | Particulates | Drill cuttings | Bentonite | Environmental science | Reef | Animal science | Respiration rate | Oceanography | Environmental chemistry | Respiration | Drilling fluid | Chemistry | Biology | Ecology | Drilling | Geology | Botany | Materials science | Geotechnical engineering,Coral | Particulates | Drill cuttings | Bentonite | Environmental science | Reef | Animal science | Respiration rate | Oceanography | Environmental chemistry | Respiration | Drilling fluid | Chemistry | Biology | Ecology | Drilling | Geology | Botany | Materials science | Geotechnical engineering | Metallurgy,https://openalex.org/W1982641977 | https://openalex.org/W1985888163 | https://openalex.org/W1987708571 | https://openalex.org/W1992980154 | https://openalex.org/W1996372875 | https://openalex.org/W2002232631 | https://openalex.org/W2003310573 | https://openalex.org/W2006231578 | https://openalex.org/W2011032167 | https://openalex.org/W2011130192 | https://openalex.org/W2020275406 | https://openalex.org/W2028293062 | https://openalex.org/W2031279474 | https://openalex.org/W2034159505 | https://openalex.org/W2042788303 | https://openalex.org/W2051907680 | https://openalex.org/W2054006153 | https://openalex.org/W2076348815 | https://openalex.org/W2087025479 | https://openalex.org/W2107622216 | https://openalex.org/W2111971010 | https://openalex.org/W2119993764 | https://openalex.org/W2125476395 | https://openalex.org/W2127856085 | https://openalex.org/W2160612910 | https://openalex.org/W2167045801 | https://openalex.org/W2182917284 | https://openalex.org/W2230777798 | https://openalex.org/W2265474839 | https://openalex.org/W2315136930 | https://openalex.org/W2319786856 | https://openalex.org/W2322511813 | https://openalex.org/W2419349664 | https://openalex.org/W2479857337 | https://openalex.org/W2485146202 | https://openalex.org/W2505754495 | https://openalex.org/W2517886161 | https://openalex.org/W2521432605 | https://openalex.org/W2579291626 | https://openalex.org/W2610156512 | https://openalex.org/W2621222659 | https://openalex.org/W2746382105 | https://openalex.org/W2790518174 | https://openalex.org/W2800737317 | https://openalex.org/W2887371540 | https://openalex.org/W2893041837 | https://openalex.org/W2901762852 | https://openalex.org/W2911502381 | https://openalex.org/W2916568923 | https://openalex.org/W2947641606 | https://openalex.org/W2955477900 | https://openalex.org/W2956410945 | https://openalex.org/W2957873735 | https://openalex.org/W2996674048 | https://openalex.org/W3005063400 | https://openalex.org/W3008670662 | https://openalex.org/W3018611936 | https://openalex.org/W3019785981 | https://openalex.org/W3036249262 | https://openalex.org/W4300941182 | https://openalex.org/W6943818956
OA_SED_DRILLING_01,SED_DRILLING,2026-08-13T20:14:42+00:00,https://openalex.org/W4211012431,https://doi.org/10.1007/978-3-319-21012-4_27,The Impact of Anthropogenic Activity on Cold-Water Corals,2017,2017-01-01,book-chapter,en,Stefán Á. Ragnarsson | Julian Mariano Burgos | Tina Kutti | Inge van den Beld | Hrönn Egilsdóttir | Sophie Arnaud‐Haond | Anthony Grehan,https://openalex.org/A5112437515 | https://openalex.org/A5044724751 | https://openalex.org/A5044747865 | https://openalex.org/A5071455198 | https://openalex.org/A5031226613 | https://openalex.org/A5043029559 | https://openalex.org/A5013766524,,,https://doi.org/10.1007/978-3-319-21012-4_27,False,closed,19,,Coral and Marine Ecosystems Studies | Marine animal studies overview | Ichthyology and Marine Biology,Smothering | Habitat | Environmental science | Fishing | Trawling | Marine habitats | Reef | Coral reef | Coral | Fishery | Habitat destruction | Ecology | Biology,Smothering | Habitat | Environmental science | Fishing | Trawling | Marine habitats | Reef | Coral reef | Coral | Fishery | Habitat destruction | Ecology | Biology | Medicine | Pediatrics | Asphyxia,https://openalex.org/W560478165 | https://openalex.org/W640985764 | https://openalex.org/W1251344245 | https://openalex.org/W1595298432 | https://openalex.org/W1707728074 | https://openalex.org/W1715070934 | https://openalex.org/W1759628393 | https://openalex.org/W1952752159 | https://openalex.org/W1980834172 | https://openalex.org/W1985611441 | https://openalex.org/W1986254847 | https://openalex.org/W1987064148 | https://openalex.org/W1987708571 | https://openalex.org/W1987984850 | https://openalex.org/W1990785452 | https://openalex.org/W1993624791 | https://openalex.org/W1994028708 | https://openalex.org/W1994054201 | https://openalex.org/W1994504476 | https://openalex.org/W2002785625 | https://openalex.org/W2004103558 | https://openalex.org/W2006231578 | https://openalex.org/W2009244784 | https://openalex.org/W2019284478 | https://openalex.org/W2019492714 | https://openalex.org/W2020043056 | https://openalex.org/W2020938932 | https://openalex.org/W2022328534 | https://openalex.org/W2024123696 | https://openalex.org/W2026477499 | https://openalex.org/W2027259707 | https://openalex.org/W2028293062 | https://openalex.org/W2032604204 | https://openalex.org/W2033457861 | https://openalex.org/W2038536486 | https://openalex.org/W2039685661 | https://openalex.org/W2043029013 | https://openalex.org/W2049163608 | https://openalex.org/W2054733823 | https://openalex.org/W2059402957 | https://openalex.org/W2061577239 | https://openalex.org/W2061821598 | https://openalex.org/W2081281656 | https://openalex.org/W2084012364 | https://openalex.org/W2090073965 | https://openalex.org/W2095437921 | https://openalex.org/W2100542339 | https://openalex.org/W2100968633 | https://openalex.org/W2106696773 | https://openalex.org/W2110492453 | https://openalex.org/W2119610954 | https://openalex.org/W2128051091 | https://openalex.org/W2129111462 | https://openalex.org/W2132881865 | https://openalex.org/W2135046255 | https://openalex.org/W2136637764 | https://openalex.org/W2137680900 | https://openalex.org/W2156820786 | https://openalex.org/W2159268268 | https://openalex.org/W2160612910 | https://openalex.org/W2166475665 | https://openalex.org/W2168318048 | https://openalex.org/W2170605110 | https://openalex.org/W2205239963 | https://openalex.org/W2238201936 | https://openalex.org/W2254833590 | https://openalex.org/W2345244719 | https://openalex.org/W2413625889 | https://openalex.org/W2464142271 | https://openalex.org/W2531891909 | https://openalex.org/W2622775826 | https://openalex.org/W4300941182 | https://openalex.org/W4301079483
OA_SED_DRILLING_01,SED_DRILLING,2026-08-13T20:14:42+00:00,https://openalex.org/W2265474839,https://doi.org/10.1371/journal.pone.0146766,Direct Visualization of Mucus Production by the Cold-Water Coral Lophelia pertusa with Digital Holographic Microscopy,2016,2016-02-03,article,en,Eva‐Maria Zetsche | Thierry Baussant | Filip J. R. Meysman | Dick van Oevelen,https://openalex.org/A5010060702 | https://openalex.org/A5065804390 | https://openalex.org/A5039479895 | https://openalex.org/A5057324054,PLoS ONE,https://openalex.org/S202381698,https://doi.org/10.1371/journal.pone.0146766,True,gold,44,"Lophelia pertusa is the dominant reef-building organism of cold-water coral reefs, and is known to produce significant amounts of mucus, which could involve an important metabolic cost. Mucus is involved in particle removal and feeding processes, yet the triggers and dynamics of mucus production are currently still poorly described because the existing tools to study these processes are not appropriate. Using a novel microscopic technique-digital holographic microscopy (DHM)-we studied the mucus release of L. pertusa under various experimental conditions. DHM technology permits μm-scale observations and allows the visualization of transparent mucoid substances in real time without staining. Fragments of L. pertusa were first maintained in flow-through chambers without stressors and imaged with DHM, then exposed to various stressors (suspended particles, particulate food and air exposure) and re-imaged. Under non-stressed conditions no release of mucus was observed, whilst mucus strings and sheaths were produced in response to suspended particles (activated charcoal and drill cuttings sediment) i.e. in a stressed condition. Mucus strings and so-called 'string balls' were also observed in response to exposure to particulate food (brine shrimp Artemia salina). Upon air-exposure, mucus production was clearly visible once the fragments were returned to the flow chamber. Distinct optical properties such as optical path length difference (OPD) were measured with DHM in response to the various stimuli suggesting that different mucus types are produced by L. pertusa. Mucus produced to reject particles is similar in refractive index to the surrounding seawater, suggesting that the energy content of this mucus is low. In contrast, mucus produced in response to either food particle addition or air exposure had a higher refractive index, suggesting a higher metabolic investment in the production of these mucoid substances. This paper shows for the first time the potential of DHM technology for the detection, characterization and quantification of mucus production through OPD measurements in L. pertusa.",Digital Holography and Microscopy | Fern and Epiphyte Biology | Microfluidic and Bio-sensing Technologies,Mucus | Brine shrimp | Biology | Biophysics | Chemistry | Ecology,Mucus | Brine shrimp | Biology | Biophysics | Chemistry | Ecology,https://openalex.org/W591394313 | https://openalex.org/W1916037364 | https://openalex.org/W1963618057 | https://openalex.org/W1966253810 | https://openalex.org/W1967517981 | https://openalex.org/W1973364966 | https://openalex.org/W1982641977 | https://openalex.org/W1986220428 | https://openalex.org/W1987708571 | https://openalex.org/W1992980154 | https://openalex.org/W1993133606 | https://openalex.org/W1994035604 | https://openalex.org/W1994307304 | https://openalex.org/W1996372875 | https://openalex.org/W2002232631 | https://openalex.org/W2003123352 | https://openalex.org/W2006231578 | https://openalex.org/W2006467552 | https://openalex.org/W2011130192 | https://openalex.org/W2020275406 | https://openalex.org/W2029250725 | https://openalex.org/W2031422900 | https://openalex.org/W2032229745 | https://openalex.org/W2056525702 | https://openalex.org/W2063792935 | https://openalex.org/W2067105121 | https://openalex.org/W2090335216 | https://openalex.org/W2095437921 | https://openalex.org/W2102841584 | https://openalex.org/W2107027915 | https://openalex.org/W2112530781 | https://openalex.org/W2122034013 | https://openalex.org/W2125843194 | https://openalex.org/W2128132220 | https://openalex.org/W2133648515 | https://openalex.org/W2142661706 | https://openalex.org/W2143657771 | https://openalex.org/W2143858686 | https://openalex.org/W2152871567 | https://openalex.org/W2157689777 | https://openalex.org/W2159243064 | https://openalex.org/W2160612910 | https://openalex.org/W2165977497 | https://openalex.org/W2166927678 | https://openalex.org/W2168092021 | https://openalex.org/W2278028764 | https://openalex.org/W2319786856 | https://openalex.org/W2460359723 | https://openalex.org/W2496683262 | https://openalex.org/W2602699428 | https://openalex.org/W2800882456 | https://openalex.org/W6824105941
OA_SED_DRILLING_01,SED_DRILLING,2026-08-13T20:14:42+00:00,https://openalex.org/W2002839090,https://doi.org/10.1007/bf01055883,Recovery by the coralAcropora cervicornis after drilling mud exposure. The free amino acid pool,1984,1984-03-01,article,en,Eric N. Powell | S. J. Connor | James J. Kendall | C. E. Zastrow | Thomas J. Bright,https://openalex.org/A5029601107 | https://openalex.org/A5103434624 | https://openalex.org/A5048623655 | https://openalex.org/A5042332566 | https://openalex.org/A5109003370,Archives of Environmental Contamination and Toxicology,https://openalex.org/S134475343,https://doi.org/10.1007/bf01055883,False,closed,7,,Coral and Marine Ecosystems Studies | Aquaculture Nutrition and Growth | Marine and fisheries research,Seawater | Normalization (sociology) | Biology | Amino acid | Chemistry | Environmental chemistry | Toxicology | Animal science | Chromatography | Ecology | Biochemistry,Seawater | Normalization (sociology) | Biology | Amino acid | Chemistry | Environmental chemistry | Toxicology | Animal science | Chromatography | Ecology | Biochemistry | Sociology | Anthropology,https://openalex.org/W1139636816 | https://openalex.org/W1145816296 | https://openalex.org/W1555689849 | https://openalex.org/W1965191953 | https://openalex.org/W1969986391 | https://openalex.org/W1973100252 | https://openalex.org/W1977823163 | https://openalex.org/W1981191818 | https://openalex.org/W1982353551 | https://openalex.org/W1982639257 | https://openalex.org/W1987627970 | https://openalex.org/W1988945957 | https://openalex.org/W1989144690 | https://openalex.org/W1997754287 | https://openalex.org/W2000645421 | https://openalex.org/W2006015014 | https://openalex.org/W2008844525 | https://openalex.org/W2011740944 | https://openalex.org/W2016317392 | https://openalex.org/W2021616747 | https://openalex.org/W2025661737 | https://openalex.org/W2029476042 | https://openalex.org/W2032988071 | https://openalex.org/W2035946027 | https://openalex.org/W2037087072 | https://openalex.org/W2040660318 | https://openalex.org/W2041501567 | https://openalex.org/W2047427757 | https://openalex.org/W2060837628 | https://openalex.org/W2061849451 | https://openalex.org/W2069266309 | https://openalex.org/W2087885835 | https://openalex.org/W2114346703 | https://openalex.org/W2125343560 | https://openalex.org/W2235536640 | https://openalex.org/W2255848597 | https://openalex.org/W2401985878 | https://openalex.org/W2404703234 | https://openalex.org/W2418099889 | https://openalex.org/W2527231046 | https://openalex.org/W2804927691 | https://openalex.org/W2913666963 | https://openalex.org/W4285719527
OA_SED_DRILLING_01,SED_DRILLING,2026-08-13T20:14:42+00:00,https://openalex.org/W1969629673,https://doi.org/10.2118/156775-ms,Simulation Of Concentrations and Depositions of Particle Matter Caused by Drilling Discharges. Comparison Between Field Measurements and Simulation Results at Coral Locations,2012,2012-09-11,conference-paper,en,Henrik Rye | May Kristin Ditlevsen | Jannecke A. Moe | Morten Løkken,https://openalex.org/A5111606070 | https://openalex.org/A5071173333 | https://openalex.org/A5052417673 | https://openalex.org/A5097530911,,,https://doi.org/10.2118/156775-ms,False,closed,5,"Abstract Deepwater corals (Lophelia) was identified in the vicinity of the location of the exploration well Pumbaa on the Norwegian Continental Shelf where a drilling operation was carried out by the GDF SUEZ E&amp;P Norge AS (GDF SUEZ). When drilling in sensitive areas, it is a requirement from the Norwegian authorities that the operator shall monitor the drilling operation. Possible impacts on the corals were simulated prior to the drilling operation. In addition, monitoring of the discharges during drilling was carried out in order to document effects on the corals. The paper considers a comparison between measured and simulated discharges of drill cuttings and mud to the sea on the Pumbaa field in the Norwegian Sea. The actual monitoring program is presented in a separate paper on this conference (Moskeland et al. 2012). The main objective of the monitoring was to assess effects from the drilling activities on the corals south (and nearest) of the drilling location. The monitoring program included measurements of current, turbidity and sedimentation, as well as sampling of sediments from the seafloor. The data collected in the monitoring program turned out to be useful as well to validate numerical models for simulations of the discharges. In the present case, corals are located close to the drilling site, and the simulation tool could then be validated for prediction of potential exposure of the corals. The actual comparison between model simulations and measurements is carried out by comparing the actual depositions of barite on the sea floor. In addition, turbidity recordings close to the sea floor are compared with simulated concentrations of particle matter at the locations of the turbidity recordings. Good correspondence is obtained between model results and measurements on the occurrence of events of particle matter present in the water column at selected locations. A good similarity is found between measured/simulated depositions of barite at the sea floor, and measured/simulated concentrations of particle matter in the water column. Use of the model validated will strengthen the operator's ability to predict exposure (and consequently potential damage) on corals (and other biological resources) prior to the drilling operation. The operator may then obtain an ""early warning"" on exposure (potential damage). Measures can then be initiated to eliminate or reduce environmental impact.",Marine and Offshore Engineering Studies | Oil Spill Detection and Mitigation | Reservoir Engineering and Simulation Methods,Drilling | Geology | Measurement while drilling | Seafloor spreading | Coral | Drilling fluid | Oceanography | Marine engineering | Seabed | Engineering,Drilling | Geology | Measurement while drilling | Seafloor spreading | Coral | Drilling fluid | Oceanography | Marine engineering | Seabed | Engineering | Mechanical engineering,https://openalex.org/W1977559120 | https://openalex.org/W2036656003 | https://openalex.org/W2039194916 | https://openalex.org/W2040648359 | https://openalex.org/W2053662526 | https://openalex.org/W2054006153 | https://openalex.org/W2058411010 | https://openalex.org/W2081281656 | https://openalex.org/W2089254541 | https://openalex.org/W2109745867 | https://openalex.org/W2129928090 | https://openalex.org/W4297752402 | https://openalex.org/W6659848551
OA_SED_DRILLING_01,SED_DRILLING,2026-08-13T20:14:42+00:00,https://openalex.org/W4246494730,https://doi.org/10.1897/1551-5028(1997)016<1218:teodmo>2.3.co;2,THE EFFECTS OF DRILLING MUDS ON MARINE INVERTEBRATE LARVAE AND ADULTS,1997,1997-01-01,article,en,P. Raimondi | Arthur M. Barnett | Paul R. Krause,https://openalex.org/A5027144062 | https://openalex.org/A5087472103 | https://openalex.org/A5000350782,Environmental Toxicology and Chemistry,https://openalex.org/S136710263,https://doi.org/10.1897/1551-5028(1997)016<1218:teodmo>2.3.co;2,False,closed,4,"A series of laboratory experiments tested the effects of drilling muds from an active platform off southern California on larvae and adults of marine invertebrates. Red abalone (Haliotis rufescens) were used to determine effects of drilling muds on fertilization, early development, survivorship, and settlement, and experiments on adult brown cup corals (Paracyathus stearnsii) tested effects on adult survivorship, viability, and tissue loss. Exposures to drilling muds did not have an effect on abalone fertilization or early development. However, several exposures to drilling muds resulted in weak, but significant, positive effects of drilling muds on settlement of competent larvae. In contrast, settlement of red abalone larvae on natural coralline algal crusts decreased with increasing concentrations of drilling muds. This suggests that drilling muds affect either the abalone's ability to detect natural settlement inducers, or they affect the inducer itself. Exposure of brown cup corals to concentrations of drilling muds adversely impacted their survivorship and viability. These effects were likely caused by increased tissue mortality of the coral polyps.",Marine Bivalve and Aquaculture Studies | Marine Biology and Ecology Research | Marine and fisheries research,Abalone | Marine invertebrates | Drilling | Human fertilization | Invertebrate | Biology | Larva | Survivorship curve | Ecology | Fishery | Anatomy,Abalone | Marine invertebrates | Drilling | Human fertilization | Invertebrate | Biology | Larva | Survivorship curve | Ecology | Fishery | Anatomy | Engineering | Mechanical engineering | Genetics | Cancer,
OA_SED_DRILLING_01,SED_DRILLING,2026-08-13T20:14:42+00:00,https://openalex.org/W4206812642,https://doi.org/10.1016/j.marpolbul.2021.113317,The Ba/Ca record of coral from Weizhou Island: Contributions from oil-drilling muds and the winter monsoon,2022,2022-01-01,article,en,Xiaohua Li | Lipeng Zhang | Yi Liu | Weidong Sun,https://openalex.org/A5100434096 | https://openalex.org/A5033739688 | https://openalex.org/A5100330656 | https://openalex.org/A5060844794,Marine Pollution Bulletin,https://openalex.org/S101229256,https://doi.org/10.1016/j.marpolbul.2021.113317,False,closed,3,,Coral and Marine Ecosystems Studies | Marine and fisheries research | Marine and coastal plant biology,Drilling | Submarine pipeline | Oceanography | Geology | Monsoon | Marine ecosystem | Coral | Fossil fuel | Environmental science | Ecosystem | Ecology,Drilling | Submarine pipeline | Oceanography | Geology | Monsoon | Marine ecosystem | Coral | Fossil fuel | Environmental science | Ecosystem | Ecology | Mechanical engineering | Biology | Engineering,https://openalex.org/W892366373 | https://openalex.org/W1169480393 | https://openalex.org/W1970059382 | https://openalex.org/W1972909833 | https://openalex.org/W1982641977 | https://openalex.org/W1985060923 | https://openalex.org/W1988150825 | https://openalex.org/W2007584831 | https://openalex.org/W2019492714 | https://openalex.org/W2023601502 | https://openalex.org/W2024617929 | https://openalex.org/W2025082074 | https://openalex.org/W2025421541 | https://openalex.org/W2032988400 | https://openalex.org/W2033708639 | https://openalex.org/W2034685654 | https://openalex.org/W2038134782 | https://openalex.org/W2046895332 | https://openalex.org/W2062859841 | https://openalex.org/W2064520628 | https://openalex.org/W2065187617 | https://openalex.org/W2072918483 | https://openalex.org/W2082029394 | https://openalex.org/W2089990604 | https://openalex.org/W2177120334 | https://openalex.org/W2253353872 | https://openalex.org/W2316739595 | https://openalex.org/W2419575142 | https://openalex.org/W2507531935 | https://openalex.org/W2767126550 | https://openalex.org/W2799779247 | https://openalex.org/W2973933497 | https://openalex.org/W3010651483 | https://openalex.org/W3126207199 | https://openalex.org/W3204332526 | https://openalex.org/W4251593544 | https://openalex.org/W6742361927 | https://openalex.org/W6777177278 | https://openalex.org/W6784268361 | https://openalex.org/W7015650279
OA_SED_DRILLING_01,SED_DRILLING,2026-08-13T20:14:42+00:00,https://openalex.org/W1641985541,https://doi.org/10.1038/35002190,Full effects of oil rigs on corals are not yet known,2000,2000-01-20,article,en,J. Murray Roberts,https://openalex.org/A5058278517,Nature,https://openalex.org/S137773608,https://doi.org/10.1038/35002190,True,bronze,10,,Coral and Marine Ecosystems Studies,Environmental science | Coral | Oceanography | Biology | Geology,Environmental science | Coral | Oceanography | Biology | Geology,https://openalex.org/W1496664358 | https://openalex.org/W2027463310
OA_SED_DRILLING_01,SED_DRILLING,2026-08-13T20:14:42+00:00,https://openalex.org/W2073547810,https://doi.org/10.1109/oceans.1981.1151479,Tracing the Fate of Petroleum Drilling Fluids in the Northwest Gulf of Mexico,1981,1981-01-01,conference-paper,en,John H. Trefry | Robert P. Trocine | David Meyer,https://openalex.org/A5076995628 | https://openalex.org/A5041635740 | https://openalex.org/A5103059499,,,https://doi.org/10.1109/oceans.1981.1151479,False,closed,5,"Discharge of spent drilling fluids in the NW Gulf of Mexico has received much attention as operations move close to the coral reefs of the Texas Flower Garden Banks. Our study has addressed the problem of identifying and tracking drilling fluid components which have been discharged into the marine environment and evaluating the degree to which these components have impacted the area. Using sea-going clean lab techniques, suspended matter Ba concentrations have proven to be a sensitive indicator of dispersion pathways. Particulate Ba distribution has enabled us to: 1)identify rapid differential settling of much, but not all, of the Ba relative to other constituents upon discharge, 2)note that BaSO4-rich deposits, common in the sediments near a rig, are less susceptible to resuspension than normal aluminosilicate detritus and 3) distinguish normal water column particle-rich layers from drilling related lenses. At present, we find no evidence of the occurrence of drilling fluid components on the Flower Gardens, however, a several fold, non-problematic increase in suspended Ba occurs in the northern rig area.",Drilling and Well Engineering | Oil Spill Detection and Mitigation | Atmospheric and Environmental Gas Dynamics,Drilling fluid | Drilling | Detritus | Oceanography | Geology | Settling | Petroleum | Tracing | Water column | Environmental science | Petroleum engineering | Paleontology | Environmental engineering | Computer science,Drilling fluid | Drilling | Detritus | Oceanography | Geology | Settling | Petroleum | Tracing | Water column | Environmental science | Petroleum engineering | Paleontology | Environmental engineering | Computer science | Operating system | Engineering | Mechanical engineering,https://openalex.org/W2022557264 | https://openalex.org/W4392289205
OA_SED_DRILLING_01,SED_DRILLING,2026-08-13T20:14:42+00:00,https://openalex.org/W2130093549,https://doi.org/10.1007/bf01055653,Effect of well-drilling fluids on the physiological status and microbial infection of the reef building coralMontastrea annularis,1984,1984-01-01,article,en,Jeffrey H. Parker | Janet S. Nickels | Robert F. Martz | Michael J. Gehron | Norman L. Richards | David C. White,https://openalex.org/A5110230342 | https://openalex.org/A5076730315 | https://openalex.org/A5000612490 | https://openalex.org/A5015530482 | https://openalex.org/A5019581953 | https://openalex.org/A5111647317,Archives of Environmental Contamination and Toxicology,https://openalex.org/S134475343,https://doi.org/10.1007/bf01055653,False,closed,7,,Coral and Marine Ecosystems Studies | Marine Sponges and Natural Products | Aquaculture disease management and microbiota,Triglyceride | Phospholipid | Fatty acid | Seawater | Chromatography | Wax | Biology | Biochemistry | Chemistry | Food science | Cholesterol | Ecology,Triglyceride | Phospholipid | Fatty acid | Seawater | Chromatography | Wax | Biology | Biochemistry | Chemistry | Food science | Cholesterol | Ecology | Membrane,https://openalex.org/W370870788 | https://openalex.org/W1538075604 | https://openalex.org/W1554494689 | https://openalex.org/W1566057064 | https://openalex.org/W1592574262 | https://openalex.org/W1999996848 | https://openalex.org/W2004148271 | https://openalex.org/W2005517056 | https://openalex.org/W2006408444 | https://openalex.org/W2007126242 | https://openalex.org/W2014499939 | https://openalex.org/W2031422900 | https://openalex.org/W2077572579 | https://openalex.org/W2113649971 | https://openalex.org/W2128500976 | https://openalex.org/W2129245885 | https://openalex.org/W2135277297 | https://openalex.org/W2492918815 | https://openalex.org/W4392968165 | https://openalex.org/W4396890491
OA_SED_DRILLING_01,SED_DRILLING,2026-08-13T20:14:42+00:00,https://openalex.org/W2596826338,https://doi.org/10.2118/185191-ms,Environmentally Sustainable and Cost Effective Offshore Disposal of Drilling Wastes: A Review of Current Practice in Malaysia,2017,2017-03-13,conference-paper,en,Lee Hooi Ling | Koh Hock Lye | Lee Seng Shern,https://openalex.org/A5088114606 | https://openalex.org/A5040197998 | https://openalex.org/A5081018002,,,https://doi.org/10.2118/185191-ms,False,closed,3,"Abstract Oil and gas exploration in deep water is capital intensive. Economic viability and sustainability of offshore exploration in a financial environment strained by low prices of crude oil demands efficient cost rationalization in all aspects of operations, including well drilling activity. Well drilling generates drill cuttings which may be disposed either onshore or offshore. Onshore disposal is logistically complicated and is not cost-effective. More cost-effective offshore disposal of drill cuttings should therefore be encouraged if it is environmentally sustainable. This model simulation research is conducted to assess the appropriateness of offshore disposal of drilling wastes in order to protect the marine environment. A central concern in drill-cuttings offshore disposal is over the formation of cuttings pile formations on the seabed and the suspended solids created in the water column that might pose adverse impact to corals and other sensitive marine ecosystems. Model simulations indicate that offshore disposal of drill wastes will not pose significant adverse impact to the marine environment and ecosystems at the drilling rates currently practised in Malaysian oil and gas exploration drilling. It is hoped that this review would provide useful technical information and scientific insights regarding the safe disposal of drilling wastes into the coastal environment currently practiced in Malaysia oil and gas industry.",Reservoir Engineering and Simulation Methods | Drilling and Well Engineering | Methane Hydrates and Related Phenomena,Drill cuttings | Submarine pipeline | Drilling | Petroleum engineering | Capital cost | Sustainability | Mud logging | Environmental science | Engineering | Waste management | Drilling fluid | Geotechnical engineering,Drill cuttings | Submarine pipeline | Drilling | Petroleum engineering | Capital cost | Sustainability | Mud logging | Environmental science | Engineering | Waste management | Drilling fluid | Geotechnical engineering | Mechanical engineering | Biology | Electrical engineering | Ecology,https://openalex.org/W180818871 | https://openalex.org/W626056839 | https://openalex.org/W1490160883 | https://openalex.org/W1967848312 | https://openalex.org/W1978945131 | https://openalex.org/W2015950872 | https://openalex.org/W2054006153 | https://openalex.org/W2058411010 | https://openalex.org/W2079401764 | https://openalex.org/W2084475310 | https://openalex.org/W3151941575 | https://openalex.org/W4249062915 | https://openalex.org/W6642170369
OA_SED_DRILLING_01,SED_DRILLING,2026-08-13T20:14:42+00:00,https://openalex.org/W2060959238,https://doi.org/10.2118/168343-ms,Assessing Exploratory Drilling Impacts on an Arctic Deepwater Sea-Pen Habitat in Offshore Norway,2014,2014-03-17,conference-paper,en,J. E. Paulsen | Sabine Cochrane | Øyvind Leikvin | Jesper Hansen | Hans E. Torbergsen | Stefano Pierfelici,https://openalex.org/A5090834804 | https://openalex.org/A5114194448 | https://openalex.org/A5029836043 | https://openalex.org/A5067899097 | https://openalex.org/A5064073158 | https://openalex.org/A5085678544,,,https://doi.org/10.2118/168343-ms,False,closed,2,"Abstract Drilling in Norwegian Arctic waters provokes concern regarding potential impacts on commercial fisheries and the marine environment. Of particular concern are deep-water sponge and sea-pen habitats. Drilling permits require environmental surveys to be carried out before and after drilling, to document drill cutting impacts. Lack of data on bottom currents in deep, northern waters may introduce errors in deposition models. This study aimed to provide data for environmental waste management in the Norwegian Arctic, at a drilling location at approximately 1400 m depth, inhabited by the deep-water seapen tentatively identified as Umbellula enchrinus, which occurs along the continental slope across the entire European Arctic. More than 70 Umbellula colonies were mapped using underwater video within approximately 1 km2 around the drilling location. Four surveys were carried out between 2010 and 2013, covering pre- and post-drilling conditions. Sediment core samples were taken before and after drilling to quantify the thickness and spatial extent of deposited drill cuttings. An Acoustic Doppler Current Profiler (ADCP) was deployed to measure water currents in the lower 450 m of the water column, at high resolution, during the entire drilling period. The upper water masses comprised northward-flowing Atlantic water, with cold Norwegian Sea Deep Water in the lowest 200 m overlying the seabed. Visible deposition of drill cuttings was restricted to within 100 m from the drilling location in most directions, and extending to around 150 m to the south-west, in accordance with bottom water movements. Exposure to cuttings deposition was not lethal, but organisms immediately near the well were mechanically destroyed. This likely is the most detailed investigation of live Umbellula organisms world-wide, and contributes to biological research on drilling impacts. Innovative water column measurements and drill cuttings impact assessments provide data for planning environmentally-sound drilling waste management strategies for offshore operations in Arctic Norway.",Marine and fisheries research,Drilling | Drill cuttings | Scientific drilling | Oceanography | Arctic | Geology | Seabed | Deposition (geology) | Water column | Submarine pipeline | Sediment | Drilling fluid | Environmental science | Geomorphology | Engineering,Drilling | Drill cuttings | Scientific drilling | Oceanography | Arctic | Geology | Seabed | Deposition (geology) | Water column | Submarine pipeline | Sediment | Drilling fluid | Environmental science | Geomorphology | Engineering | Mechanical engineering,https://openalex.org/W169066791 | https://openalex.org/W270040206 | https://openalex.org/W280580364 | https://openalex.org/W598132134 | https://openalex.org/W1594866265 | https://openalex.org/W1966803780 | https://openalex.org/W2065579851 | https://openalex.org/W2067878556 | https://openalex.org/W2098251009 | https://openalex.org/W2171490000 | https://openalex.org/W6634418242 | https://openalex.org/W6676707990
OA_SED_DRILLING_01,SED_DRILLING,2026-08-13T20:14:42+00:00,https://openalex.org/W2467727060,,Ecological consequences of exploration drilling on coral reefs in the Træna Deep,2007,2007-01-01,report,da,Pål Buhl‐Mortensen | Aivo Lepland,https://openalex.org/A5072861457 | https://openalex.org/A5060801051,Duo Research Archive (University of Oslo),https://openalex.org/S4306401716,http://hdl.handle.net/11250/112721,True,green,7,"Coral reefs, skeleton samples and bottom sediments in the vicinity of the hydrocarbon exploration test well in the Træna Deep have been studied to assess the ecological effects and ""health status"" of Lophelia coral reefs. The fieldwork was carried out in June 2005, providing skeleton and sediment samples from 33 locations, video-recordings from eight dives with Remotely Operated Vehicle (ROV), and data on water movement from three current meters located at different sites. Current velocity and direction were recorded over a period of six days. The velocity varied between 0 and 27 cm/s, with the weakest currents in the area close to the exploration drilling site, and the strongest currents at the reference site about 12 km southeast of the drilling site. The current pattern showed tidal influence with a strong westward component. This current pattern was also reflected in the eastward growth of the coral reefs and by the orientation of fan-shaped gorgonian corals facing in the same direction. The analysis of video-records did not reveal clear difference in ""health"" status between reefs up-current or down-current to the drill site. The reefs consisted typically of a living ""frontal"" zone facing the currents, and a dead ""tail"" extending down-current for up to ca. 150 m. analysis of skeleton thin sections revealed that it is possible to establish the chronology and thrack the years in skeletons when the explorations drilling occured. The relatively coarse-gained sediments in the area made it possible to obtain seminent cores of limited length (5 - 30 cm), but several cores contain elevated Ba/barite concrentration at the sediment surface or just below. The geographic distribution of Ba content in sediments allowed the reconstruction of drilling mud disperal pattern westward from the drilling site, cinsistent with the prevailing current directions. Barite crystals, derived from the drilling mud, were identified among trapped sediments in the skeleton cavities of dead coral polyps older than six years. Highest barite concentrations was found in a polyp older than 13 years. The presence of relatively coarse-gained sediments abd drilling mud components in the coral polyps ca. 600 m down current from the drilling site signals the elevated turbulance and sediment supply during the drilling acitivty. This elevated sediment dispersion was likely having an influence upon the coral reefs, but due to the relatively shor duration of the drilling campaign and strong currents that effectively dilute episodic sediment discharges the damage was apparently not significant. Thus the results provide only minor indications of negative effects of drilling mud discharge on the cold-water coral Lophelia pertusa, but demonstrate that the method developed here can be used to trace exposure to elevated particle load originating from drilling activity.",Marine and fisheries research | Global Energy and Sustainability Research,Coral reef | Reef | Coral reef organizations | Environmental issues with coral reefs | Ecology | Coral | Resilience of coral reefs | Coral reef protection | Geology | Oceanography | Environmental science | Environmental resource management | Geography | Fishery | Biology,Coral reef | Reef | Coral reef organizations | Environmental issues with coral reefs | Ecology | Coral | Resilience of coral reefs | Coral reef protection | Geology | Oceanography | Environmental science | Environmental resource management | Geography | Fishery | Biology,
OA_SED_DRILLING_01,SED_DRILLING,2026-08-13T20:14:42+00:00,https://openalex.org/W2168884507,https://doi.org/10.1111/j.1440-1738.2006.00541.x,"<sup>230</sup>Th/<sup>234</sup>U and <sup>14</sup>C dating of a lowstand coral reef beneath the insular shelf off Irabu Island, Ryukyus, southwestern Japan",2006,2006-10-16,article,en,Keiichi Sasaki | Akio Omura | T Miwa | Yoshihiro Tsuji | Hiroki Matsuda | Toru Nakamori | Yasufumi Iryu | Tsutomu Yamada | Yuri Sato | Hiroshi Nakagawa,https://openalex.org/A5003398694 | https://openalex.org/A5103388330 | https://openalex.org/A5112160134 | https://openalex.org/A5100900510 | https://openalex.org/A5091590381 | https://openalex.org/A5061651462 | https://openalex.org/A5009561753 | https://openalex.org/A5103338679 | https://openalex.org/A5102793026 | https://openalex.org/A5052023689,Island Arc,https://openalex.org/S50265103,https://doi.org/10.1111/j.1440-1738.2006.00541.x,False,closed,27,"Abstract High‐resolution seismic reflection profiles delineated the distribution of mound‐shaped reflections, which were interpreted as reefs, beneath the insular shelf western off Irabu Island, Ryukyus, southwestern Japan. A sediment core through one of the mounded structures was recovered from the sea floor at a depth of −118.2 m by offshore drilling and was dated by radiometric methods. The lithology and coral fauna of the core indicate that the mounded structure was composed of coral–algal boundstone suggesting a small‐scaled coral reef. High‐precision α‐spectrometric 230 Th/ 234 U dating coupled with calibrated accelerator mass spectrometric 14 C ages of corals obtained reliable ages of this reef ranging from 22.18 ± 0.63 to 30.47 ± 0.98 ka. This proves that such a submerged reef was formed during the lowstand stage of marine oxygen isotope stages 3–2. The existence of low‐Mg calcite in the aragonitic coral skeleton of 22.18 ± 0.63 ka provides evidence that the reef had once been exposed by lowering of the relative sealevel to at least −126 m during the last glacial maximum in the study area. There is no room for doubt that a coral reef grew during the last glacial period on the shelf off Irabu Island of Ryukyus in the subtropical region of western Pacific.",Geology and Paleoclimatology Research | Isotope Analysis in Ecology | Pacific and Southeast Asian Studies,Geology | Reef | Coral reef | Oceanography | Coral | Paleontology | Radiometric dating | Atoll | Sea level | Glacial period,Geology | Reef | Coral reef | Oceanography | Coral | Paleontology | Radiometric dating | Atoll | Sea level | Glacial period,https://openalex.org/W144034028 | https://openalex.org/W165321645 | https://openalex.org/W419231493 | https://openalex.org/W568568203 | https://openalex.org/W764896378 | https://openalex.org/W769241072 | https://openalex.org/W1909880476 | https://openalex.org/W1928750549 | https://openalex.org/W1966265779 | https://openalex.org/W1968796659 | https://openalex.org/W1968905104 | https://openalex.org/W1981384673 | https://openalex.org/W1996864381 | https://openalex.org/W2014995805 | https://openalex.org/W2025460335 | https://openalex.org/W2051330262 | https://openalex.org/W2065965246 | https://openalex.org/W2066247840 | https://openalex.org/W2072880851 | https://openalex.org/W2073554449 | https://openalex.org/W2076055974 | https://openalex.org/W2078261510 | https://openalex.org/W2089661799 | https://openalex.org/W2094016305 | https://openalex.org/W2095069898 | https://openalex.org/W2101241070 | https://openalex.org/W2109459276 | https://openalex.org/W2120287846 | https://openalex.org/W2136090939 | https://openalex.org/W2138883883 | https://openalex.org/W2146605432 | https://openalex.org/W2280624662 | https://openalex.org/W2312793045 | https://openalex.org/W2315335753 | https://openalex.org/W2321705153 | https://openalex.org/W2805517812 | https://openalex.org/W3160429625 | https://openalex.org/W4294555410
OA_SED_DRILLING_01,SED_DRILLING,2026-08-13T20:14:42+00:00,https://openalex.org/W2081281656,https://doi.org/10.2118/156544-ms,Monitoring of a Drilling Operation Within a Coral Sensitive area - Case Pumbaa ( Norway),2012,2012-09-11,conference-paper,en,Thomas Møskeland | Amund Ulfsnes | Line Emilie Sverdrup | Jannecke A. Moe | Morten Løkken,https://openalex.org/A5065580530 | https://openalex.org/A5067821550 | https://openalex.org/A5058450006 | https://openalex.org/A5052417673 | https://openalex.org/A5097530911,,,https://doi.org/10.2118/156544-ms,False,closed,11,"Abstract Deepwater corals (Lophelia) were identified in the vicinity of the location of the exploration well Pumbaa (NOCS 6407/12-2) on the Norwegian Continental Shelf where a drilling operation was carried out by the GDF SUEZ E&amp;P Norge AS (GDF SUEZ). Det Norske Veritas AS has on behalf of GDF SUEZ conducted an environmental monitoring of drilling activities at Pumbaa (NOCS 6407/12-2). Because of registrations of deep water corals (Lophelia) in the Pumbaa area, and due to specific requirements - a relatively comprehensive monitoring of the drilling activities was carried out. Only the drill cuttings from the top hole sections were discharged at the sea floorThe generated cuttings and used mud from deeper well sections were not discharged to sea. In order to increase the distance to the nearest corals from the discharge point, a Cuttings Transport System (CTS) was used to transport discharges from the top hole sections and all discharges were at 300m distance NNW (310 degrees) of well location. The main objective of the monitoring was to assess effects from the drilling activities on the corals south (and nearest) of the drilling location. The monitoring program included measurements of current, turbidity and sedimentation, as well as sampling of sediments from the seafloor. Sediment samples from the seafloor and sedimentation traps were analyzed for heavy metals and physical parameters. Coral structures were visually inspected before, during and after drilling operations.",Marine and Offshore Engineering Studies | Offshore Engineering and Technologies | Oil Spill Detection and Mitigation,Drilling | Geology | Oceanography | Coral | Seafloor spreading | Sedimentation | Sediment transport | Sediment | Geomorphology | Engineering,Drilling | Geology | Oceanography | Coral | Seafloor spreading | Sedimentation | Sediment transport | Sediment | Geomorphology | Engineering | Mechanical engineering,https://openalex.org/W2093982458
OA_SED_DRILLING_01,SED_DRILLING,2026-08-13T20:14:42+00:00,https://openalex.org/W2944810491,https://doi.org/10.1007/978-1-4939-8787-0_478,"Marine Life Associated with Offshore Drilling, Pipelines, and Platforms",2012,2012-01-01,book-chapter,en,Martin Hovland,https://openalex.org/A5083815100,Environmental Geology,https://openalex.org/S4210170125,https://doi.org/10.1007/978-1-4939-8787-0_478,False,closed,1,,Offshore Engineering and Technologies | Oil Spill Detection and Mitigation | Marine and Offshore Engineering Studies,Submarine pipeline | Petroleum engineering | Marine engineering | Pipeline transport | Drilling | Offshore drilling | Marine life | Geology | Oceanography | Environmental science | Engineering | Environmental engineering | Mechanical engineering,Submarine pipeline | Petroleum engineering | Marine engineering | Pipeline transport | Drilling | Offshore drilling | Marine life | Geology | Oceanography | Environmental science | Engineering | Environmental engineering | Mechanical engineering,https://openalex.org/W171744082 | https://openalex.org/W226375095 | https://openalex.org/W286924585 | https://openalex.org/W290635100 | https://openalex.org/W621693460 | https://openalex.org/W993554055 | https://openalex.org/W1598693886 | https://openalex.org/W1601975840 | https://openalex.org/W1844535985 | https://openalex.org/W1961245102 | https://openalex.org/W1970068596 | https://openalex.org/W1972929024 | https://openalex.org/W1982210019 | https://openalex.org/W1990785452 | https://openalex.org/W1992620522 | https://openalex.org/W1998461153 | https://openalex.org/W2003964127 | https://openalex.org/W2004185354 | https://openalex.org/W2016213881 | https://openalex.org/W2017488336 | https://openalex.org/W2021665636 | https://openalex.org/W2027463310 | https://openalex.org/W2032604204 | https://openalex.org/W2036013964 | https://openalex.org/W2042334357 | https://openalex.org/W2043512715 | https://openalex.org/W2058412612 | https://openalex.org/W2059896421 | https://openalex.org/W2070495353 | https://openalex.org/W2071244485 | https://openalex.org/W2077674450 | https://openalex.org/W2078106686 | https://openalex.org/W2080288188 | https://openalex.org/W2086593321 | https://openalex.org/W2090126566 | https://openalex.org/W2090885953 | https://openalex.org/W2093691258 | https://openalex.org/W2094104315 | https://openalex.org/W2096038227 | https://openalex.org/W2110799201 | https://openalex.org/W2127310700 | https://openalex.org/W2129981633 | https://openalex.org/W2131293310 | https://openalex.org/W2137258492 | https://openalex.org/W2142661706 | https://openalex.org/W2146462661 | https://openalex.org/W2156105289 | https://openalex.org/W2165555480 | https://openalex.org/W2168649399 | https://openalex.org/W2170605110 | https://openalex.org/W2252457570 | https://openalex.org/W2263248836 | https://openalex.org/W2279741182 | https://openalex.org/W2309858132 | https://openalex.org/W2312375372 | https://openalex.org/W2319582213 | https://openalex.org/W2471025728 | https://openalex.org/W2495300398 | https://openalex.org/W2604585688 | https://openalex.org/W2744644409 | https://openalex.org/W2921025478 | https://openalex.org/W4285719527 | https://openalex.org/W4300755139
OA_SED_DRILLING_01,SED_DRILLING,2026-08-13T20:14:42+00:00,https://openalex.org/W2327860053,https://doi.org/10.2118/179283-ms,Use of Riserless Mud Recovery for Protection of Cold Water Corals While Drilling in Norwegian Sea,2016,2016-03-09,conference-paper,en,Macdonald Daniel,https://openalex.org/A5071977594,"SPE International Conference and Exhibition on Health, Safety, Security, Environment, and Social Responsibility",https://openalex.org/S4306530670,https://doi.org/10.2118/179283-ms,False,closed,7,"Abstract The riserless mud recovery (RMR) system has been commercially available for 12 years and used on over 240 wells worldwide. There are several different drivers that typically result in the use of the system and it offers many secondary benefits for top hole drilling, regardless of the primary driver. For the well in question it was used to avoid damaging cold water corals through burial with drilling related sediment. This paper details the background behind the decision to use the system, as well as the system's performance and the resulting benefits and drawbacks to be considered when selecting to use it in this way. During a habitat assessment carried out in 2013, significant quantities of sponge and coral structures were identified as being present on the seafloor around the proposed spud location for well 6507/11-11 in the Norwegian Sea. The well was planned to be the first exploration well in the Zumba prospect in PL 591. A visual survey to assess the condition of the coral structures within 500 m of the planned spud location was carried out in 2014. The results of this survey were used to risk assess the extent of any potential damage to the corals resulting from the drilling process on the Zumba exploration well. This process confirmed the likelihood that some of the corals would be subjected to significant harm if the well was drilled as a conventional exploration well using water based drilling fluid. Typically this would involve discharging displaced drilling fluid, cement slurry and drill cuttings to the sea at or nearby the well site. This assessment drove the decision to contain and ship to shore for disposal all the excess drilling fluids and cuttings. The RMR system was used to achieve this cuttings containment solution during the top hole sections. This was a relatively unique use of the system in Norway because the 36"" hole section was also drilled using total containment and no cuttings were discharged at sea.",Drilling and Well Engineering | Marine and Offshore Engineering Studies | Reservoir Engineering and Simulation Methods,Drilling fluid | Drilling | Coral | Petroleum engineering | Environmental science | Geology | Oceanography | Engineering,Drilling fluid | Drilling | Coral | Petroleum engineering | Environmental science | Geology | Oceanography | Engineering | Mechanical engineering,https://openalex.org/W2282095804 | https://openalex.org/W3211914286
OA_SED_DRILLING_01,SED_DRILLING,2026-08-13T20:14:42+00:00,https://openalex.org/W2023601502,https://doi.org/10.1016/0025-326x(95)00056-s,"Historical incorporation of barium in the reef building coral Montastrea annularis at the Flower Garden Banks, north-west Gulf of Mexico",1995,1995-11-01,article,en,Kenneth J.P. Deslarzes | Paul N Boothe | B.J. Presley | Gary L. Steinmentz,https://openalex.org/A5082103158 | https://openalex.org/A5088168455 | https://openalex.org/A5033498888 | https://openalex.org/A5083546109,Marine Pollution Bulletin,https://openalex.org/S101229256,https://doi.org/10.1016/0025-326x(95)00056-s,False,closed,11,,Coral and Marine Ecosystems Studies | Marine Biology and Ecology Research | Groundwater and Isotope Geochemistry,Coral | Reef | Coelenterata | Biology | Oceanography | Barium | Ecology | Geography | Cnidaria | Geology | Chemistry,Coral | Reef | Coelenterata | Biology | Oceanography | Barium | Ecology | Geography | Cnidaria | Geology | Chemistry | Inorganic chemistry,https://openalex.org/W607319560 | https://openalex.org/W607770462 | https://openalex.org/W1139636816 | https://openalex.org/W1567263526 | https://openalex.org/W1966797146 | https://openalex.org/W2019613390 | https://openalex.org/W2056049711 | https://openalex.org/W2058483307 | https://openalex.org/W2059709038 | https://openalex.org/W2130634420 | https://openalex.org/W2181304877 | https://openalex.org/W2319337793 | https://openalex.org/W2466067220 | https://openalex.org/W2908161639 | https://openalex.org/W4250980847 | https://openalex.org/W6633822964 | https://openalex.org/W6685457919 | https://openalex.org/W6719292378
OA_SED_DRILLING_01,SED_DRILLING,2026-08-13T20:14:42+00:00,https://openalex.org/W2517886161,https://doi.org/10.3389/fenvs.2016.00058,Environmental Impacts of the Deep-Water Oil and Gas Industry: A Review to Guide Management Strategies,2016,2016-09-16,article,en,Erik E. Cordes | Daniel O. B. Jones | Thomas A. Schlacher | Diva J. Amon | Ângelo F. Bernardino | Sandra Brooke | Robert S. Carney | Danielle M. DeLeo | Katherine Dunlop | Elva Escobar‐Briones | Andrew R. Gates | Luciana Génio | Judith Gobin | Lea‐Anne Henry | Santiago Herrera | Sarah Hoyt | Mandy Joye | Salit Kark | Nélia C. Mestre | Anna Meta×as | Simone Pfeifer | Kerry Sink | Andrew K. Sweetman | Ursula Witte,https://openalex.org/A5046696995 | https://openalex.org/A5023507982 | https://openalex.org/A5042818215 | https://openalex.org/A5005446283 | https://openalex.org/A5059428431 | https://openalex.org/A5046905883 | https://openalex.org/A5109045188 | https://openalex.org/A5060704422 | https://openalex.org/A5040589974 | https://openalex.org/A5068161465 | https://openalex.org/A5061270297 | https://openalex.org/A5084835493 | https://openalex.org/A5036042353 | https://openalex.org/A5082396118 | https://openalex.org/A5033229703 | https://openalex.org/A5080716417 | https://openalex.org/A5032283924 | https://openalex.org/A5033454060 | https://openalex.org/A5028862755 | https://openalex.org/A5061685044 | https://openalex.org/A5018268566 | https://openalex.org/A5086853728 | https://openalex.org/A5059611651 | https://openalex.org/A5029974794,Frontiers in Environmental Science,https://openalex.org/S2596204836,https://doi.org/10.3389/fenvs.2016.00058,True,gold,445,"The industrialization of the deep sea is expanding worldwide. Increasing oil and gas exploration activities in the absence of sufficient baseline data in deep-sea ecosystems has made environmental management challenging. Here, we review the types of activities that are associated with global offshore oil and gas development in water depths over 200 m, the typical impacts of these activities, some of the more extreme impacts of accidental oil and gas releases, and the current state of management in the major regions of offshore industrial activity including 18 exclusive economic zones. Direct impacts of infrastructure installation, including sediment resuspension and burial by seafloor anchors and pipelines, are typically restricted to a radius of ~100 m on from the installation on the seafloor. Discharges of water-based and low-toxicity oil-based drilling muds and produced water can extend over 2 km, while the ecological impacts at the population and community levels on the seafloor are most commonly on the order of 200–300 m from their source. These impacts may persist in the deep sea for many years and likely longer for its more fragile ecosystems, such as cold-water corals. This synthesis of information provides the basis for a series of recommendations for the management of offshore oil and gas development. An effective management strategy, aimed at minimizing risk of significant environmental harm, will typically encompass regulations of the activity itself (e.g., discharge practices, materials used), combined with spatial (e.g., avoidance rules and marine protected areas), and temporal measures (e.g., restricted activities during peak reproductive periods). Spatial management measures that encompass representatives of all of the regional deep-sea community types is important in this context. Implementation of these management strategies should consider minimum buffer zones to displace industrial activity beyond the range of typical impacts: at least 2 km from any discharge points and surface infrastructure and 200 m from seafloor infrastructure with no expected discharges. Although managing natural resources is, arguably, more challenging in deep-water environments, inclusion of these proven conservation tools contributes to robust environmental management strategies for oil and gas extraction in the deep sea.",Marine Biology and Ecology Research | Coral and Marine Ecosystems Studies | Oil Spill Detection and Mitigation,Environmental science | Submarine pipeline | Baseline (sea) | Population | Marine ecosystem | Fossil fuel | Ecosystem | Environmental resource management | Oceanography | Environmental protection | Geology | Ecology | Engineering | Waste management,Environmental science | Submarine pipeline | Baseline (sea) | Population | Marine ecosystem | Fossil fuel | Ecosystem | Environmental resource management | Oceanography | Environmental protection | Geology | Ecology | Engineering | Waste management | Sociology | Biology | Demography,https://openalex.org/W1424538 | https://openalex.org/W3942474 | https://openalex.org/W114919665 | https://openalex.org/W124011179 | https://openalex.org/W165811385 | https://openalex.org/W587902755 | https://openalex.org/W618924905 | https://openalex.org/W988842781 | https://openalex.org/W1225374007 | https://openalex.org/W1481920998 | https://openalex.org/W1496664358 | https://openalex.org/W1529083907 | https://openalex.org/W1547432458 | https://openalex.org/W1548779681 | https://openalex.org/W1584401627 | https://openalex.org/W1607306516 | https://openalex.org/W1665969315 | https://openalex.org/W1795632795 | https://openalex.org/W1849933057 | https://openalex.org/W1885467470 | https://openalex.org/W1922166652 | https://openalex.org/W1952752159 | https://openalex.org/W1967631928 | https://openalex.org/W1967633518 | https://openalex.org/W1969758492 | https://openalex.org/W1970068596 | https://openalex.org/W1970312363 | https://openalex.org/W1970351633 | https://openalex.org/W1972235444 | https://openalex.org/W1972807745 | https://openalex.org/W1973657412 | https://openalex.org/W1973733696 | https://openalex.org/W1974352100 | https://openalex.org/W1974773005 | https://openalex.org/W1977559120 | https://openalex.org/W1977781956 | https://openalex.org/W1978202070 | https://openalex.org/W1979783182 | https://openalex.org/W1980586471 | https://openalex.org/W1981367618 | https://openalex.org/W1981890261 | https://openalex.org/W1982641977 | https://openalex.org/W1983589153 | https://openalex.org/W1985035598 | https://openalex.org/W1986254847 | https://openalex.org/W1987293346 | https://openalex.org/W1987433642 | https://openalex.org/W1987708571 | https://openalex.org/W1989793036 | https://openalex.org/W1990952296 | https://openalex.org/W1991008245 | https://openalex.org/W1991455160 | https://openalex.org/W1992665382 | https://openalex.org/W1993624791 | https://openalex.org/W1994831491 | https://openalex.org/W1995698016 | https://openalex.org/W1999652783 | https://openalex.org/W1999793691 | https://openalex.org/W2000835487 | https://openalex.org/W2000866455 | https://openalex.org/W2001496047 | https://openalex.org/W2003310573 | https://openalex.org/W2003939347 | https://openalex.org/W2004506411 | https://openalex.org/W2005878270 | https://openalex.org/W2006648072 | https://openalex.org/W2007306483 | https://openalex.org/W2008728285 | https://openalex.org/W2010528777 | https://openalex.org/W2012177294 | https://openalex.org/W2015404553 | https://openalex.org/W2015931811 | https://openalex.org/W2016938628 | https://openalex.org/W2017662284 | https://openalex.org/W2017864366 | https://openalex.org/W2019079568 | https://openalex.org/W2019182654 | https://openalex.org/W2019257020 | https://openalex.org/W2019284478 | https://openalex.org/W2019492714 | https://openalex.org/W2020938932 | https://openalex.org/W2024617929 | https://openalex.org/W2024641127 | https://openalex.org/W2026905626 | https://openalex.org/W2027328405 | https://openalex.org/W2028455257 | https://openalex.org/W2028844668 | https://openalex.org/W2029465075 | https://openalex.org/W2030358477 | https://openalex.org/W2031942431 | https://openalex.org/W2032562258 | https://openalex.org/W2032604204 | https://openalex.org/W2032988400 | https://openalex.org/W2034323072 | https://openalex.org/W2034449537 | https://openalex.org/W2036656003 | https://openalex.org/W2037124436 | https://openalex.org/W2038555560 | https://openalex.org/W2040090212 | https://openalex.org/W2040171830 | https://openalex.org/W2040740565 | https://openalex.org/W2040917952 | https://openalex.org/W2040921305 | https://openalex.org/W2041342278 | https://openalex.org/W2043029013 | https://openalex.org/W2043723666 | https://openalex.org/W2043815055 | https://openalex.org/W2045433382 | https://openalex.org/W2047031736 | https://openalex.org/W2047991563 | https://openalex.org/W2048186025 | https://openalex.org/W2048493110 | https://openalex.org/W2048603963 | https://openalex.org/W2049404085 | https://openalex.org/W2050221341 | https://openalex.org/W2050664154 | https://openalex.org/W2050812459 | https://openalex.org/W2052595951 | https://openalex.org/W2054306701 | https://openalex.org/W2055120897 | https://openalex.org/W2056409771 | https://openalex.org/W2056794618 | https://openalex.org/W2058287461 | https://openalex.org/W2058476818 | https://openalex.org/W2058730514 | https://openalex.org/W2063664056 | https://openalex.org/W2064288573 | https://openalex.org/W2070923586 | https://openalex.org/W2072713835 | https://openalex.org/W2073600789 | https://openalex.org/W2073819706 | https://openalex.org/W2074625533 | https://openalex.org/W2075768591 | https://openalex.org/W2076153175 | https://openalex.org/W2076362168 | https://openalex.org/W2077543784 | https://openalex.org/W2079492839 | https://openalex.org/W2079845856 | https://openalex.org/W2081488135 | https://openalex.org/W2081576181 | https://openalex.org/W2081949151 | https://openalex.org/W2083956291 | https://openalex.org/W2084586210 | https://openalex.org/W2084798233 | https://openalex.org/W2084867172 | https://openalex.org/W2087025479 | https://openalex.org/W2087442484 | https://openalex.org/W2088165161 | https://openalex.org/W2088257581 | https://openalex.org/W2090482891 | https://openalex.org/W2090804211 | https://openalex.org/W2091273335 | https://openalex.org/W2091359199 | https://openalex.org/W2091367381 | https://openalex.org/W2091769970 | https://openalex.org/W2095253435 | https://openalex.org/W2097393095 | https://openalex.org/W2098139247 | https://openalex.org/W2099112180 | https://openalex.org/W2103282102 | https://openalex.org/W2110492453 | https://openalex.org/W2118941120 | https://openalex.org/W2118957197 | https://openalex.org/W2119906141 | https://openalex.org/W2121312746 | https://openalex.org/W2122494345 | https://openalex.org/W2122817714 | https://openalex.org/W2123173739 | https://openalex.org/W2124485777 | https://openalex.org/W2128273709 | https://openalex.org/W2128582604 | https://openalex.org/W2133304410 | https://openalex.org/W2133610898 | https://openalex.org/W2134692457 | https://openalex.org/W2135124070 | https://openalex.org/W2137464715 | https://openalex.org/W2137733531 | https://openalex.org/W2141645574 | https://openalex.org/W2145350205 | https://openalex.org/W2145594405 | https://openalex.org/W2147370479 | https://openalex.org/W2147527411 | https://openalex.org/W2151001995 | https://openalex.org/W2152715275 | https://openalex.org/W2152871567 | https://openalex.org/W2156580413 | https://openalex.org/W2157215222 | https://openalex.org/W2158175245 | https://openalex.org/W2158549113 | https://openalex.org/W2159833434 | https://openalex.org/W2160413846 | https://openalex.org/W2160612910 | https://openalex.org/W2163114867 | https://openalex.org/W2164634036 | https://openalex.org/W2167213020 | https://openalex.org/W2168013514 | https://openalex.org/W2169122678 | https://openalex.org/W2171205435 | https://openalex.org/W2187203664 | https://openalex.org/W2200757082 | https://openalex.org/W2202937359 | https://openalex.org/W2246798284 | https://openalex.org/W2257451327 | https://openalex.org/W2266461416 | https://openalex.org/W2267677893 | https://openalex.org/W2269826156 | https://openalex.org/W2294366441 | https://openalex.org/W2312416566 | https://openalex.org/W2314286371 | https://openalex.org/W2323196044 | https://openalex.org/W2330686998 | https://openalex.org/W2330853192 | https://openalex.org/W2334056529 | https://openalex.org/W2334327068 | https://openalex.org/W2345898870 | https://openalex.org/W2372456297 | https://openalex.org/W2413625889 | https://openalex.org/W2464142271 | https://openalex.org/W2500544443 | https://openalex.org/W2530247043 | https://openalex.org/W2613444923 | https://openalex.org/W2764988798 | https://openalex.org/W3110265022 | https://openalex.org/W4211243502 | https://openalex.org/W4230533433 | https://openalex.org/W4231760036 | https://openalex.org/W4300941182 | https://openalex.org/W6605070084 | https://openalex.org/W6642535252 | https://openalex.org/W6679701544 | https://openalex.org/W6683298063 | https://openalex.org/W6728262888
OA_SED_DRILLING_01,SED_DRILLING,2026-08-13T20:14:42+00:00,https://openalex.org/W2479857337,https://doi.org/10.1080/15287394.2016.1210494,An evaluation of coral<i>lophelia pertusa</i>mucus as an analytical matrix for environmental monitoring: A preliminary proteomic study,2016,2016-08-02,article,en,Fiona Provan | Mari Mæland Nilsen | Eivind Larssen | Kai‐Erik Uleberg | Magne O. Sydnes | Emily Lyng | Kjell Birger Øysæd | Thierry Baussant,https://openalex.org/A5024248542 | https://openalex.org/A5041793851 | https://openalex.org/A5064283967 | https://openalex.org/A5007739496 | https://openalex.org/A5032157177 | https://openalex.org/A5105551456 | https://openalex.org/A5088357519 | https://openalex.org/A5065804390,Journal of Toxicology and Environmental Health,https://openalex.org/S85071590,https://doi.org/10.1080/15287394.2016.1210494,False,closed,9,"For the environmental monitoring of coral, mucus appears to be an appropriate biological matrix due to its array of functions in coral biology and the non-intrusive manner in which it can be collected. The aim of the present study was to evaluate the feasibility of using mucus of the stony coral Lophelia pertusa (L. pertusa) as an analytical matrix for discovery of biomarkers used for environmental monitoring. More specifically, to assess whether a mass-spectrometry-based proteomic approach can be applied to characterize the protein composition of coral mucus and changes related to petroleum discharges at the seafloor. Surface-enhanced laser desorption/ionization-time of flight mass spectrometry (SELDI-TOF MS) screening analyses of orange and white L. pertusa showed that the mucosal protein composition varies significantly with color phenotype, a pattern not reported prior to this study. Hence, to reduce variability from phenotype difference, L. pertusa white individuals only were selected to characterize in more detail the basal protein composition in mucus using liquid chromatography, mass spectrometry, mass spectrometry (LC-MS/MS). In total, 297 proteins were identified in L. pertusa mucus of unexposed coral individuals. Individuals exposed to drill cuttings in the range 2 to 12 mg/L showed modifications in coral mucus protein composition compared to unexposed corals. Although the results were somewhat inconsistent between individuals and require further validation in both the lab and the field, this study demonstrated preliminary encouraging results for discovery of protein markers in coral mucus that might provide more comprehensive insight into potential consequences attributed to anthropogenic stressors and may be used in future monitoring of coral health.",Coral and Marine Ecosystems Studies | Ichthyology and Marine Biology | Aquaculture disease management and microbiota,Mucus | Coral | Mass spectrometry | Chemistry | Proteomics | Environmental chemistry | Biology | Zoology | Ecology | Chromatography | Biochemistry,Mucus | Coral | Mass spectrometry | Chemistry | Proteomics | Environmental chemistry | Biology | Zoology | Ecology | Chromatography | Biochemistry | Gene,https://openalex.org/W115121420 | https://openalex.org/W206508622 | https://openalex.org/W1966253810 | https://openalex.org/W1973438871 | https://openalex.org/W1977125874 | https://openalex.org/W1977790675 | https://openalex.org/W1982641977 | https://openalex.org/W1984229950 | https://openalex.org/W1984830569 | https://openalex.org/W1992980154 | https://openalex.org/W1999751815 | https://openalex.org/W2003700687 | https://openalex.org/W2010284183 | https://openalex.org/W2020275406 | https://openalex.org/W2024578999 | https://openalex.org/W2028293062 | https://openalex.org/W2035579108 | https://openalex.org/W2051288838 | https://openalex.org/W2051907680 | https://openalex.org/W2053876996 | https://openalex.org/W2062681383 | https://openalex.org/W2062799330 | https://openalex.org/W2066815556 | https://openalex.org/W2073503722 | https://openalex.org/W2074336498 | https://openalex.org/W2074644349 | https://openalex.org/W2078557271 | https://openalex.org/W2079790039 | https://openalex.org/W2080304425 | https://openalex.org/W2082433839 | https://openalex.org/W2086360426 | https://openalex.org/W2087025479 | https://openalex.org/W2089468765 | https://openalex.org/W2090101633 | https://openalex.org/W2094229819 | https://openalex.org/W2099053943 | https://openalex.org/W2104987759 | https://openalex.org/W2107027915 | https://openalex.org/W2128635872 | https://openalex.org/W2134610780 | https://openalex.org/W2159849008 | https://openalex.org/W2160554582 | https://openalex.org/W2160612910 | https://openalex.org/W2166927678 | https://openalex.org/W2167045801 | https://openalex.org/W2202937359 | https://openalex.org/W2246798284 | https://openalex.org/W2319786856 | https://openalex.org/W2322955323 | https://openalex.org/W2992609194 | https://openalex.org/W3081252551 | https://openalex.org/W4285719527 | https://openalex.org/W4293247451 | https://openalex.org/W4300941182
OA_SED_DRILLING_01,SED_DRILLING,2026-08-13T20:14:42+00:00,https://openalex.org/W2020938932,https://doi.org/10.1371/journal.pone.0044114,Recovery of Benthic Megafauna from Anthropogenic Disturbance at a Hydrocarbon Drilling Well (380 m Depth in the Norwegian Sea),2012,2012-10-08,article,en,Andrew R. Gates | Daniel O. B. Jones,https://openalex.org/A5061270297 | https://openalex.org/A5023507982,PLoS ONE,https://openalex.org/S202381698,https://doi.org/10.1371/journal.pone.0044114,True,gold,53,"Recovery from disturbance in deep water is poorly understood, but as anthropogenic impacts increase in deeper water it is important to quantify the process. Exploratory hydrocarbon drilling causes physical disturbance, smothering the seabed near the well. Video transects obtained by remotely operated vehicles were used to assess the change in invertebrate megafaunal density and diversity caused by drilling a well at 380 m depth in the Norwegian Sea in 2006. Transects were carried out one day before drilling commenced and 27 days, 76 days, and three years later. A background survey, further from the well, was also carried out in 2009. Porifera (45% of observations) and Cnidaria (40%) dominated the megafauna. Porifera accounted for 94% of hard-substratum organisms and cnidarians (Pennatulacea) dominated on the soft sediment (78%). Twenty seven and 76 days after drilling commenced, drill cuttings were visible, extending over 100 m from the well. In this area there were low invertebrate megafaunal densities (0.08 and 0.10 individuals m(-2)) in comparison to pre-drill conditions (0.21 individuals m(-2)). Three years later the visible extent of the cuttings had reduced, reaching 60 m from the well. Within this area the megafaunal density (0.05 individuals m(-2)) was lower than pre-drill and reference transects (0.23 individuals m(-2)). There was a significant increase in total megafaunal invertebrate densities with both distance from drilling and time since drilling although no significant interaction. Beyond the visible disturbance there were similar megafaunal densities (0.14 individuals m(-2)) to pre-drilling and background surveys. Species richness, Shannon-Weiner diversity and multivariate techniques showed similar patterns to density. At this site the effects of exploratory drilling on megafaunal invertebrate density and diversity seem confined to the extent of the visible cuttings pile. However, elevated Barium concentration and reduced sediment grain size suggest persistence of disturbance for three years, with unclear consequences for other components of the benthic fauna.",Marine Biology and Ecology Research | Marine and fisheries research | Crustacean biology and ecology,Megafauna | Transect | Benthic zone | Drilling | Oceanography | Scientific drilling | Environmental science | Geology | Invertebrate | Ecology | Biology | Paleontology | Pleistocene,Megafauna | Transect | Benthic zone | Drilling | Oceanography | Scientific drilling | Environmental science | Geology | Invertebrate | Ecology | Biology | Paleontology | Pleistocene | Mechanical engineering | Engineering,https://openalex.org/W12294379 | https://openalex.org/W149651634 | https://openalex.org/W159777733 | https://openalex.org/W213247436 | https://openalex.org/W621693460 | https://openalex.org/W1480640031 | https://openalex.org/W1488247183 | https://openalex.org/W1594866265 | https://openalex.org/W1963687813 | https://openalex.org/W1966581774 | https://openalex.org/W1973930256 | https://openalex.org/W1975265927 | https://openalex.org/W1977713462 | https://openalex.org/W1979157951 | https://openalex.org/W1981890261 | https://openalex.org/W1984069659 | https://openalex.org/W1985361865 | https://openalex.org/W1986359632 | https://openalex.org/W1987661607 | https://openalex.org/W1987708571 | https://openalex.org/W1988875799 | https://openalex.org/W1990952296 | https://openalex.org/W1992644189 | https://openalex.org/W1994555376 | https://openalex.org/W1995569893 | https://openalex.org/W1998241119 | https://openalex.org/W2003776416 | https://openalex.org/W2008728285 | https://openalex.org/W2009793801 | https://openalex.org/W2014444740 | https://openalex.org/W2019257020 | https://openalex.org/W2024152643 | https://openalex.org/W2024280186 | https://openalex.org/W2024617929 | https://openalex.org/W2027972623 | https://openalex.org/W2028455257 | https://openalex.org/W2029268886 | https://openalex.org/W2030667065 | https://openalex.org/W2032408558 | https://openalex.org/W2032988400 | https://openalex.org/W2036302755 | https://openalex.org/W2037473083 | https://openalex.org/W2039084380 | https://openalex.org/W2040090212 | https://openalex.org/W2040171830 | https://openalex.org/W2040917952 | https://openalex.org/W2041562646 | https://openalex.org/W2043029013 | https://openalex.org/W2047031736 | https://openalex.org/W2052971694 | https://openalex.org/W2054165676 | https://openalex.org/W2056794618 | https://openalex.org/W2059896421 | https://openalex.org/W2065956376 | https://openalex.org/W2071053423 | https://openalex.org/W2072699247 | https://openalex.org/W2075768591 | https://openalex.org/W2076362168 | https://openalex.org/W2082770797 | https://openalex.org/W2083136194 | https://openalex.org/W2090349364 | https://openalex.org/W2111446808 | https://openalex.org/W2114923223 | https://openalex.org/W2117281343 | https://openalex.org/W2121312746 | https://openalex.org/W2127310700 | https://openalex.org/W2147618390 | https://openalex.org/W2148546576 | https://openalex.org/W2149935224 | https://openalex.org/W2150649021 | https://openalex.org/W2155170657 | https://openalex.org/W2156791747 | https://openalex.org/W2161163382 | https://openalex.org/W2162766759 | https://openalex.org/W2166514693 | https://openalex.org/W2167893933 | https://openalex.org/W2168013514 | https://openalex.org/W2181790573 | https://openalex.org/W2185032576 | https://openalex.org/W2247891856 | https://openalex.org/W2282537990 | https://openalex.org/W2296195186 | https://openalex.org/W2327023006 | https://openalex.org/W2329094530 | https://openalex.org/W2330853192 | https://openalex.org/W2339356252 | https://openalex.org/W2495526193 | https://openalex.org/W2742714805 | https://openalex.org/W2790689565 | https://openalex.org/W3110265022 | https://openalex.org/W3122195624 | https://openalex.org/W3152323165 | https://openalex.org/W3174993126 | https://openalex.org/W4242502550 | https://openalex.org/W4242702784 | https://openalex.org/W4285719527 | https://openalex.org/W4300858224 | https://openalex.org/W4301623115
OA_SED_DRILLING_01,SED_DRILLING,2026-08-13T20:14:42+00:00,https://openalex.org/W3176636736,https://doi.org/10.5897/jtehs2021.0486,Deep-sea coral Lophelia pertusa laboratory maintenance and exposure to barite using water recirculation systems,2021,2021-06-30,article,en,Vianna da Rocha Ian | Cardinot Reis Estefane | Reis da Silva Priscila | de Hollanda Cavalcanti Guarani | Coutinho Ricardo | Vieira Reynier Marcia,https://openalex.org/A5081444560 |  | https://openalex.org/A5097219345 | https://openalex.org/A5097191637 |  | ,Journal of Toxicology and Environmental Health Sciences,https://openalex.org/S2764882403,https://doi.org/10.5897/jtehs2021.0486,True,diamond,3,"Drilling activities usually discharge large quantities of fluids and drill cuttings, which are composed of fine particles, such as barite, that can physically affect Lophelia pertusa. An experiment to assess the effects of barite smothering on L. pertusa was conducted with a water recirculation system. The corals were collected in Santos Basin, Brazil. The experiment was conducted in 23 L cone-shaped aquaria, adapted with an individual water recirculation system. Each exposure to suspended barite particles (50 and 100 mg&bull;L-1) plus a control group was maintained in triplicate. Three nubbins were accommodated in the aquaria and acclimated for 7 days. The experimental design simulated two cycles of discharge, followed by a recovery cycle of 7 days each, totaling 35 days. Nine polyps per treatment were monitored twice per day regarding their behavior levels. Time-lapse photographs were also taken during the recovery periods. Total polyp survival in the control was 100%, while those in the 50 and 100 mg&bull;L-1 groups were 94.2 and 93.6%, respectively, with no significant difference between treatments. Polyp activity was different between treatments, with both exposed aquaria displaying higher activity than control. This was probably related to the natural cleaning behavior of L. pertusa. Key words: Barite smothering, sedimentation, impacts of oil and gas industry, Santos Basin, Southeastern Brazil, South Atlantic.","Coral and Marine Ecosystems Studies | Marine and fisheries research | Fish biology, ecology, and behavior",Smothering | Drill cuttings | Environmental science | Sedimentation | Oceanography | Coral | Animal science | Drilling fluid | Drilling | Geology | Biology | Geomorphology | Sediment | Materials science,Smothering | Drill cuttings | Environmental science | Sedimentation | Oceanography | Coral | Animal science | Drilling fluid | Drilling | Geology | Biology | Geomorphology | Sediment | Materials science | Pediatrics | Metallurgy | Medicine | Asphyxia,https://openalex.org/W45356246 | https://openalex.org/W988842781 | https://openalex.org/W1526933393 | https://openalex.org/W1966082722 | https://openalex.org/W1980443218 | https://openalex.org/W1985888163 | https://openalex.org/W1987708571 | https://openalex.org/W1988722245 | https://openalex.org/W1989210568 | https://openalex.org/W1996372875 | https://openalex.org/W2006231578 | https://openalex.org/W2019492714 | https://openalex.org/W2022951504 | https://openalex.org/W2025468457 | https://openalex.org/W2029349440 | https://openalex.org/W2039973526 | https://openalex.org/W2043029013 | https://openalex.org/W2051907680 | https://openalex.org/W2077170976 | https://openalex.org/W2079072861 | https://openalex.org/W2086753978 | https://openalex.org/W2087025479 | https://openalex.org/W2106696773 | https://openalex.org/W2109093127 | https://openalex.org/W2111971010 | https://openalex.org/W2117721010 | https://openalex.org/W2125168285 | https://openalex.org/W2147833661 | https://openalex.org/W2160612910 | https://openalex.org/W2162766759 | https://openalex.org/W2259082121 | https://openalex.org/W2316739595 | https://openalex.org/W2346001697 | https://openalex.org/W2464142271 | https://openalex.org/W2479857337 | https://openalex.org/W2553788819 | https://openalex.org/W2617588834 | https://openalex.org/W2761208770 | https://openalex.org/W2790518174 | https://openalex.org/W3038821454 | https://openalex.org/W6893000018
OA_SED_DRILLING_01,SED_DRILLING,2026-08-13T20:14:42+00:00,https://openalex.org/W2016523929,https://doi.org/10.4043/3774-ms,"Seafloor Sediments in Orinoco Delta, Venezuela",1980,1980-05-05,conference-paper,en,Arshud Mahmood | Clarence J. Ehlers | J. Butenko | Richard G. Randall,https://openalex.org/A5109867001 | https://openalex.org/A5067212996 | https://openalex.org/A5016699200 | https://openalex.org/A5062432444,Offshore Technology Conference,https://openalex.org/S4306521389,https://doi.org/10.4043/3774-ms,False,closed,2,"ABSTRACT A geotechnical and geophysical reconnaissance was performed in anticipation of offshore drilling and construction in the Orinoco River Delta, Venezuela. The survey results show that a major portion of the study area is covered by cohesive sediments with an intriguing range of properties. An examination of regional geologic history suggests that fluctuations in regional sea, level were probably the cause of sediment property variation. A relationship between undrained shear strength, water. content and liquid limit was developed, and the relationship is similar to relationships for the Mississippi Delta. The variation of liquid limit with plasticity index is expressed by a straight line relationship that is in good agreement with the data. The geotechnical and geophysical data were used for evaluating the following: anchor holding capacity, seafloor bearing capacity for guide bases, conductor pipe installation, and seafloor support of jack-up drilling rigs. INTRODUCTION Venezuela has produced petroleum on land and in Lake Maracaibo for many years. The petroleum exploration activity was recently extended to the continental shelf. One of the prospective regions for petroleum resource development is located offshore the Orinoco River Delta along the northeastern coast of South America. In 1977, Instituto Tecnologico Venezolano del Petroleo (INTEVEP) in cooperation with McClelland Engineers, Inc. investigated the general geologic and shallow soil conditions in the Orinoco River Delta in anticipation of the petroleum exploration and drilling. An extensive high-resolution geophysical (seismic-reflection) survey and seafloor soil sampling program was undertaken covering about 12,500 sq km (4800 sq mi) of the seafloor offshore the Orinoco River Delta (Fig. 1). The geological hazards interpreted from the study have been reported elsewherel, 2. The engineering properties of offshore sediment samples obtained during the program are reported here. The geologic history forming the background for sediment properties is also presented, and foundation engineering considerations are summarized. FIELD INVESTIGATION The survey area was investigated using high resolution geophysical (seismic-reflection) systems and gravity dart (drop) core sampling of seafloor. The multi system geophysical survey was performed primarily to delineate geologic conditions potentially significant to exploration and construction activities. The survey included simultaneous use of sparker, Acoustipulse (an electromechanical system), tuned transducer and side-scan sonar. The main application and value of interpreted geophysical survey results to sediment property evaluation was in defining the horizontal and vertical limits of areas of different properties, as identified by analysis of drop core samples, and in delineating channel deposits, coral reefs, etc. Approximately 4820 line km (2995 line-miles) of high-resolution geophysical data were acquired on a regional survey grid. For seafloor soil sampling, a total of 214 sampling stations were located in a regular geometric regional grid, chosen partly on the basis of preliminary geophysical data. The sampling density was increased in areas of geologic complexity and probable change of sediments. The seafloor materials were sampled by means of a 900-kg (2000-lb) gravity dart corer with a 2.4-m (8-ft) core barrel containing a 9-cm (3.5-in.) ID plexiglass liner and a core catcher.",Geological and Tectonic Studies in Latin America,Delta | Seafloor spreading | Geology | Geomorphology | Oceanography | Remote sensing | Engineering,Delta | Seafloor spreading | Geology | Geomorphology | Oceanography | Remote sensing | Engineering | Aerospace engineering,
OA_SED_DRILLING_01,SED_DRILLING,2026-08-13T20:14:42+00:00,https://openalex.org/W4288335844,https://doi.org/10.5281/zenodo.3239342,Potential impacts of offshore oil and gas activities on deep-sea sponges and the habitats they form,2019,2019-06-05,article,en,"Johanne Vad | Georgios Kazanidis | Henry, L-A | Daniel O. B. Jones | Ole Secher Tendal | T H Christiansen | J. Murray Roberts",https://openalex.org/A5054331855 | https://openalex.org/A5052637412 |  | https://openalex.org/A5023507982 | https://openalex.org/A5110680681 | https://openalex.org/A5031496002 | https://openalex.org/A5058278517,Zenodo (CERN European Organization for Nuclear Research),https://openalex.org/S4306400562,https://doi.org/10.5281/zenodo.3239342,True,green,0,"Sponges form an important component of benthic ecosystems from shallow littoral to hadal depths. In the deep ocean, beyond the continental shelf, sponges can form high- density fields, constituting important habitats supporting rich benthic communities. Yet these habitats remain relatively unexplored. The oil and gas industry has played an important role in advancing our knowledge of deep-sea environments. Since its inception in the 1960s, offshore oil and gas industry has moved into deeper waters. However, the impacts of these activities on deep-sea sponges and other ecosystems are only starting to become the subject of active research. Throughout the development, operation and closure of an oil or gas field many activities take place, ranging from the seismic exploration of sub seafloor geological features to the installation of infrastructure at the seabed to the drilling process itself. These routine activities and accidental releases of hydrocarbons during spills can significantly <br> impact the local marine environment. Each phase of a field development or an accidental oil spill will therefore have different impacts on sponges at community, individual and cellular levels. Legacy issues regarding the future decommissioning of infrastructure and the abandonment of wells are also important environmental management considerations. This chapter reviews our understanding of impacts from hydrocarbon exploration and exploitation activities on deep-sea sponges and the habitats they form. These impacts include those (1) at community level, decreasing the diversity and density of benthic communities associated with deep-sea sponges owing to physical disturbance of the seabed; (2) at individual level, interrupting filtration owing to exposure to increased sedimentation; and (3) at cellular level, decreasing cellular membrane stability owing to exposure to drill muds. However, many potential effects not yet tested in deep-sea sponges but observed in shallow-water sponges or other model organisms should also be taken into account. Furthermore, to the best of our knowledge, no studies have shown impact of oil or dispersed oil on deep-sea sponges. To highlight these significant knowledge gaps, a summary table of potential and known impacts of hydrocarbon extraction and production activities combined with a simple “traffic light” scheme is also provided.",Marine Sponges and Natural Products | Marine Ecology and Invasive Species,Submarine pipeline | Offshore oil and gas | Habitat | Oceanography | Fossil fuel | Petroleum engineering | Marine habitats | Environmental science | Fishery | Geology | Ecology | Biology,Submarine pipeline | Offshore oil and gas | Habitat | Oceanography | Fossil fuel | Petroleum engineering | Marine habitats | Environmental science | Fishery | Geology | Ecology | Biology,
OA_SED_DRILLING_01,SED_DRILLING,2026-08-13T20:14:42+00:00,https://openalex.org/W2118571697,https://doi.org/10.1016/j.marpol.2013.07.001,Harmful routines? Uncertainty in science and conflicting views on routine petroleum operations in Norway,2013,2013-08-06,article,en,Anne Blanchard | Kjellrun Hiis Hauge | Gisle Andersen | Jan Helge Fosså | Bjørn Einar Grøsvik | Nils Olav Handegard | Matthias Kaiser | Sonnich Meier | Erik Olsen | Frode B. Vikebø,https://openalex.org/A5065333129 | https://openalex.org/A5016756634 | https://openalex.org/A5066097409 | https://openalex.org/A5057031743 | https://openalex.org/A5082520406 | https://openalex.org/A5059245308 | https://openalex.org/A5066533145 | https://openalex.org/A5069051315 |  | https://openalex.org/A5072283910,Marine Policy,https://openalex.org/S56205983,https://doi.org/10.1016/j.marpol.2013.07.001,False,closed,31,,Oil Spill Detection and Mitigation | Atmospheric and Environmental Gas Dynamics | Coral and Marine Ecosystems Studies,Precautionary principle | Mindset | Citizen journalism | Transparency (behavior) | Environmental resource management | Politics | Marine ecosystem | Environmental planning | Political science | Computer science | Environmental science | Ecosystem | Law | Ecology,Precautionary principle | Mindset | Citizen journalism | Transparency (behavior) | Environmental resource management | Politics | Marine ecosystem | Environmental planning | Political science | Computer science | Environmental science | Ecosystem | Law | Ecology | Biology | Artificial intelligence,https://openalex.org/W166264408 | https://openalex.org/W1509737969 | https://openalex.org/W1599305990 | https://openalex.org/W1702355433 | https://openalex.org/W1801577670 | https://openalex.org/W1971835580 | https://openalex.org/W1972905575 | https://openalex.org/W1974564128 | https://openalex.org/W1985793242 | https://openalex.org/W1996372875 | https://openalex.org/W2006483683 | https://openalex.org/W2015404553 | https://openalex.org/W2026685527 | https://openalex.org/W2037250742 | https://openalex.org/W2048002078 | https://openalex.org/W2052790804 | https://openalex.org/W2065516991 | https://openalex.org/W2074698680 | https://openalex.org/W2081281656 | https://openalex.org/W2087713552 | https://openalex.org/W2110799201 | https://openalex.org/W2112392627 | https://openalex.org/W2118234184 | https://openalex.org/W2125476395 | https://openalex.org/W2125985347 | https://openalex.org/W2126021075 | https://openalex.org/W2128995814 | https://openalex.org/W2131522955 | https://openalex.org/W2139400567 | https://openalex.org/W2186650974 | https://openalex.org/W2261273849 | https://openalex.org/W2301919958 | https://openalex.org/W2473345511 | https://openalex.org/W2521926667 | https://openalex.org/W2596540951 | https://openalex.org/W2917308497 | https://openalex.org/W6686749226 | https://openalex.org/W6697699083
OA_SED_DRILLING_01,SED_DRILLING,2026-08-13T20:14:42+00:00,https://openalex.org/W2011073174,https://doi.org/10.1111/j.1440-1738.2006.00536.x,Thematic Section: The COREF Project: Coral‐reef front migration in the Ryukyu Islands,2006,2006-10-16,article,en,Yasufumi Iryu,https://openalex.org/A5009561753,Island Arc,https://openalex.org/S50265103,https://doi.org/10.1111/j.1440-1738.2006.00536.x,True,bronze,1,"Reef deposits in the geological record contain a history of many events: vertical and lateral tectonic movements, sealevel fluctuations, paleoclimatic changes and paleoceanographic variations. Subtropical reefs at relatively higher latitudes within reef provinces are particularly worthy of investigation because they may be more sensitive to environmental changes than those in more tropical latitudes. The COREF (coral-reef front) Project is a scientific drilling project designed to combine ocean (Integrated Ocean Drilling Program, IODP) and land (International Continental Scientific Drilling Program, ICDP) drilling into Quaternary reef-complex deposits in different settings in the Ryukyu Islands, which are located 30–1100 km southwest of the Japanese mainland. The major scientific objectives of the COREF Project are to verify the following questions: (i) What are the nature, magnitude and driving mechanisms of coral reef-front migration in the Ryukyus? (ii) What is the ecosystem response of coral reefs in the Ryukyus to Quaternary climate changes? (iii) What is the role of coral reefs in the global carbon cycle? The Ryukyu Islands, because of their geographical, climatic and oceanographic settings, provide an ideal natural laboratory to test the hypotheses described above. This thematic section comprises seven papers, the scientific results of which will be very useful for the COREF Project. The first paper, by Iryu et al., gives an introductory perspective on the COREF Project. The geological setting of the Ryukyu Islands is explained in the first part and the scientific objectives of the combined ocean and land drilling are described in the second part. The second paper, by Ikeda et al., describes bathymetry, biota and sediments of the Hirota Reef, Tane-ga-shima, the northernmost coral reef in the Ryukyu Islands. The topographic features of the Hirota Reef may indicate a lower reef growth rate and/or later reef formation in Holocene time than reefs at other locations in the Ryukyus. It is shown that the algal flora on the Hirota Reef is dominated by tropical to subtropical species with minor warm-temperate species, and that the hermatypic coral fauna includes species characterizing high-latitude, non-reefal communities. Fujita et al. present a new method for reconstructing depositional environments and paleobathymetry of larger foraminifera-bearing limestones based on binary (presence/absence) data of 1–2 mm diameter tests of 10 selected foraminiferal taxa. They have identified four sample groups, each representing a specific depositional environment. The paleoenvironmental interpretations of fossil foraminiferal associations based on modern data are consistent with those determined by sedimentary facies and biological assemblages in previous studies. The paper by Sugihara et al. describes latitudinal changes in larger foraminiferal assemblages along the Ryukyus based on their abundance and taxonomic composition in reef-flat sediments among three latitudinally different islands. The northern limit of the three calcarinid species in the northern Ryukyus may be caused mainly by lower winter sea-surface temperatures, which are related to the flow direction of the Kuroshio current, and/or by the loss of foraminiferal habitats, which are associated with variations in the topography of reef flats in the northern Ryukyus. Sasaki et al. report the occurrence of a submerged reef from a sediment core recovered at approximately 126–132 m below present sealevel by offshore drilling off Irabu-jima, Ryukyu Islands. 230Th/234U dates coupled with calibrated accelerator mass spectrometry 14C ages indicate that the reef formed at marine oxygen isotope stages 2–3. This implies that coral reef could grow during the last glacial period and thus probably during other glacial periods, at least in the South Ryukyus. Sakai and Jige show that bacterial magnetite carries depositional remanent magnetization in Holocene and Pleistocene shallow-water carbonates in the Ryukyus. Magnetostratigraphy and planktonic foraminiferal and calcareous nannofossil biostratigraphy establish a chronology of carbonate accumulation in a sediment core off Irabu-jima, which indicates that reef initiation dates back to Early Pleistocene time before 1.07 Ma (the base of the Jaramillo subchron) in this area. Chiyonobu et al. analyze the late Quaternary calcareous nannofossil assemblages from Ocean Drilling Program Holes 807A and 846B in the western and eastern equatorial Pacific Ocean, respectively, to clarify changes in surface-water conditions during the last 500 000 years. Differences in the abundances of warm-water species between the two sites after 0.2 Ma are attributed to the presence of warm surface waters around the western part of the equatorial Pacific, which implies that the Western Pacific Warm Pool was established between 0.2 and 0.3 Ma. Clearly, many other papers and topics could have been included in this issue, but I hope that these articles will provide an insight into some of the work that has been undertaken recently on the carbonates in the Ryukyus and the equatorial Pacific and will stimulate further studies and collaboration between various workers. I greatly acknowledge K. Arai, D. Budd, P. Deschamp, D. L. Dettman, K. Fujita, A. Hatta, J. Hohenegger, K. Kameo, S. Matsuda, K. Mori, H. Nishi, W. Renema, T. Sato, S. A. Spaulding, J. M. Webster and T. Yamasaki, who kindly reviewed the manuscripts. I wish to thank A. Ishiwatari, the Editor-in-Chief of Island Arc, for his efficient assistance in bringing this thematic section to fruition.",Geology and Paleoclimatology Research | Coral and Marine Ecosystems Studies | Geological and Geophysical Studies,Reef | Geology | Coral reef | Oceanography | Scientific drilling | Atoll | Quaternary | Paleontology | Drilling,Reef | Geology | Coral reef | Oceanography | Scientific drilling | Atoll | Quaternary | Paleontology | Drilling | Mechanical engineering | Engineering,
OA_SED_DRILLING_01,SED_DRILLING,2026-08-13T20:14:42+00:00,https://openalex.org/W2050563751,https://doi.org/10.1016/s0278-4343(00)00119-9,UK Atlantic Margin Environmental Survey: Introduction and overview of bathyal benthic ecology,2001,2001-05-01,article,en,Brian J. Bett,https://openalex.org/A5079399059,Continental Shelf Research,https://openalex.org/S181119423,https://doi.org/10.1016/s0278-4343(00)00119-9,False,closed,179,,Marine and fisheries research | Marine Biology and Ecology Research | Isotope Analysis in Ecology,Oceanography | Benthic zone | Seabed | Abyssal plain | Coring | Hydrography | Shetland | Bathyal zone | Sediment | Geology | Fishery | Environmental science | Drilling | Paleontology,Oceanography | Benthic zone | Seabed | Abyssal plain | Coring | Hydrography | Shetland | Bathyal zone | Sediment | Geology | Fishery | Environmental science | Drilling | Paleontology | Engineering | Mechanical engineering | Biology,https://openalex.org/W26723627 | https://openalex.org/W44123902 | https://openalex.org/W286924585 | https://openalex.org/W319416112 | https://openalex.org/W376785701 | https://openalex.org/W636425116 | https://openalex.org/W647316048 | https://openalex.org/W802769027 | https://openalex.org/W821491414 | https://openalex.org/W1123400285 | https://openalex.org/W1277831257 | https://openalex.org/W1500196018 | https://openalex.org/W1527241903 | https://openalex.org/W1822131465 | https://openalex.org/W1830449746 | https://openalex.org/W1832584916 | https://openalex.org/W1908838623 | https://openalex.org/W1963521156 | https://openalex.org/W1967402760 | https://openalex.org/W1968868093 | https://openalex.org/W1973457577 | https://openalex.org/W1973576315 | https://openalex.org/W1984069659 | https://openalex.org/W1984909800 | https://openalex.org/W1985081587 | https://openalex.org/W1986359632 | https://openalex.org/W1986856707 | https://openalex.org/W1988955698 | https://openalex.org/W1994831491 | https://openalex.org/W1995734061 | https://openalex.org/W1999556547 | https://openalex.org/W1999937910 | https://openalex.org/W2012590350 | https://openalex.org/W2015345446 | https://openalex.org/W2019257020 | https://openalex.org/W2019921127 | https://openalex.org/W2020990665 | https://openalex.org/W2021049577 | https://openalex.org/W2038716248 | https://openalex.org/W2044314531 | https://openalex.org/W2047765611 | https://openalex.org/W2047982802 | https://openalex.org/W2051597186 | https://openalex.org/W2054448182 | https://openalex.org/W2058365446 | https://openalex.org/W2060793884 | https://openalex.org/W2066116552 | https://openalex.org/W2069772914 | https://openalex.org/W2077574645 | https://openalex.org/W2088600302 | https://openalex.org/W2089444790 | https://openalex.org/W2105285003 | https://openalex.org/W2130967154 | https://openalex.org/W2132440787 | https://openalex.org/W2152715275 | https://openalex.org/W2165555480 | https://openalex.org/W2170605110 | https://openalex.org/W2253428120 | https://openalex.org/W2277811627 | https://openalex.org/W2313749003 | https://openalex.org/W2334952088 | https://openalex.org/W2335355935 | https://openalex.org/W2369198016 | https://openalex.org/W2515279262 | https://openalex.org/W2699938226 | https://openalex.org/W2921025478 | https://openalex.org/W3022080503 | https://openalex.org/W4239039526 | https://openalex.org/W4285719527 | https://openalex.org/W6601824699 | https://openalex.org/W6614001640 | https://openalex.org/W6628108364 | https://openalex.org/W6638679135 | https://openalex.org/W6643522479 | https://openalex.org/W6655290410 | https://openalex.org/W6698899113 | https://openalex.org/W6725998892 | https://openalex.org/W7056827911
OA_SED_DRILLING_01,SED_DRILLING,2026-08-13T20:14:42+00:00,https://openalex.org/W4413452972,https://doi.org/10.1016/j.dsr2.2025.105536,"Impacts of barite and bentonite sedimentation on the behaviour, mucus production and cnidocytes of the deep-sea coral Flabellum (Ulocyathus) alabastrum",2025,2025-08-23,article,en,Kenneth A. Murray | Bárbara de Moura Neves | Jean-François Hamel | Johanne Vad | Vonda Hayes | Annie Mercier,https://openalex.org/A5113810283 | https://openalex.org/A5083264770 | https://openalex.org/A5008904158 | https://openalex.org/A5054331855 | https://openalex.org/A5110570308 | https://openalex.org/A5082026418,Deep Sea Research Part II Topical Studies in Oceanography,https://openalex.org/S172051550,https://doi.org/10.1016/j.dsr2.2025.105536,True,hybrid,0,"As oil and gas exploration expands in deep-sea environments, understanding the impacts of wastes produced by this industry is urgent. One of the main wastes of offshore drilling is the discharge of drill muds, commonly including barite and bentonite clay. Here, we investigated the effects of these two byproducts on the expansion behaviour, mucus secretion and cnidocyte density of the solitary cup coral Flabellum ( Ulocyathus ) alabastrum . A total of 96 live corals were exposed over 10 days to one of three treatments (barite, bentonite, or barite and bentonite combined) or assigned as an untreated control. Daily waste additions aimed to reach a total sedimentation depth of 6.3 mm (common ‘probable no-effects threshold’). Photography was used to monitor behavioural changes and mucus production, and histology was used to assess changes in tentacle cnidocytes. Overall, responses of F. alabastrum in the form of excessive polyp expansion (swelling) and mucus production were more severe under the barite and bentonite combined treatment, followed by barite alone, bentonite alone and lowest/absent in the control. Moreover, elevated nematocyte densities were measured under exposure to the mix of barite and bentonite. However, F. alabastrum returned to baseline metrics during a 10-day recovery period. The results suggest that sedimentation of common drill mud ingredients to <6.3 mm depth can cause observable and non-lethal responses in F. alabastrum , but remain conservative relative to what may be experienced in situ . As the most adverse effects were observed under the barite and bentonite combination treatment (tested together for the first time here), potential synergistic effects of the two should be considered in future research. Understanding long-term consequences, as well as impacts of more abrasive drilling waste (drill cuttings) on F. alabastrum requires further study.",Coral and Marine Ecosystems Studies | Cephalopods and Marine Biology | Marine and coastal plant biology,Sedimentation | Oceanography | Geology | Coral | Bentonite | Deep sea | Seawater | Geochemistry | Sediment | Geomorphology | Paleontology,Sedimentation | Oceanography | Geology | Coral | Bentonite | Deep sea | Seawater | Geochemistry | Sediment | Geomorphology | Paleontology,https://openalex.org/W1548333950 | https://openalex.org/W1923635331 | https://openalex.org/W1951724000 | https://openalex.org/W1966082722 | https://openalex.org/W1966235429 | https://openalex.org/W1987708571 | https://openalex.org/W1988722245 | https://openalex.org/W2006231578 | https://openalex.org/W2006342311 | https://openalex.org/W2009400159 | https://openalex.org/W2020938932 | https://openalex.org/W2028085470 | https://openalex.org/W2045411600 | https://openalex.org/W2053536737 | https://openalex.org/W2053876996 | https://openalex.org/W2054230643 | https://openalex.org/W2066149104 | https://openalex.org/W2068470527 | https://openalex.org/W2068947922 | https://openalex.org/W2075515520 | https://openalex.org/W2090017422 | https://openalex.org/W2094540796 | https://openalex.org/W2117721010 | https://openalex.org/W2118711378 | https://openalex.org/W2121064423 | https://openalex.org/W2142288508 | https://openalex.org/W2160612910 | https://openalex.org/W2162766759 | https://openalex.org/W2168092021 | https://openalex.org/W2187042777 | https://openalex.org/W2254566162 | https://openalex.org/W2275038611 | https://openalex.org/W2294366441 | https://openalex.org/W2301919958 | https://openalex.org/W2315399097 | https://openalex.org/W2316739595 | https://openalex.org/W2460359723 | https://openalex.org/W2470071777 | https://openalex.org/W2504625168 | https://openalex.org/W2517886161 | https://openalex.org/W2548814347 | https://openalex.org/W2751270816 | https://openalex.org/W2790518174 | https://openalex.org/W2792407515 | https://openalex.org/W2794616922 | https://openalex.org/W2909673273 | https://openalex.org/W2951980057 | https://openalex.org/W3005063400 | https://openalex.org/W3019785981 | https://openalex.org/W3048184914 | https://openalex.org/W3126418929 | https://openalex.org/W3176636736 | https://openalex.org/W4213284820 | https://openalex.org/W4387761433 | https://openalex.org/W4399591362 | https://openalex.org/W6697699083 | https://openalex.org/W6790519042 | https://openalex.org/W6868993603 | https://openalex.org/W6910447780
OA_SED_DRILLING_01,SED_DRILLING,2026-08-13T20:14:42+00:00,https://openalex.org/W2058954038,https://doi.org/10.1306/2f918068-16ce-11d7-8645000102c1865d,Effects of an Offshore Drilling Mud on Selected Corals: ABSTRACT,1979,1979-01-01,article,en,Jack H. Thompson,https://openalex.org/A5061738407,AAPG Bulletin,https://openalex.org/S144020083,https://doi.org/10.1306/2f918068-16ce-11d7-8645000102c1865d,True,hybrid,0,"This DOI is not currently attached to any metadata records. DOIs can’t actually ever be deleted (they’re persistent), but sometimes our members create DOIs in error. We do have a process to approximate deletion which we follow only in rare cases where the DOI has been genuinely created in error, and most crucially, if the DOI has never been published anywhere online or in print and never otherwise distributed to or communicated with anyone (authors, readers, reviewers, etc.",Coral and Marine Ecosystems Studies | Marine Biology and Environmental Chemistry | Marine and Offshore Engineering Studies,Geology | Submarine pipeline | Oceanography | Drilling | Petroleum engineering | Mining engineering | Paleontology | Engineering,Geology | Submarine pipeline | Oceanography | Drilling | Petroleum engineering | Mining engineering | Paleontology | Engineering | Mechanical engineering,
OA_SED_DRILLING_01,SED_DRILLING,2026-08-13T20:14:42+00:00,https://openalex.org/W2949563951,https://doi.org/10.31481/uhmj.23.2019.07,Integrated marine monitoring for drilling discharges under mesotidal forcing,2019,2019-06-08,article,en,Oleg Makarynskyy | Dina Makarynska,https://openalex.org/A5064448797 | https://openalex.org/A5074820389,Ukrainian hydrometeorological journal,https://openalex.org/S4210223188,https://doi.org/10.31481/uhmj.23.2019.07,True,diamond,0,"There is a range of hydrocarbon exploration and extraction industrial project activities taking place on the North West Shelf of the Australian Continent. The shelf is a diverse and important marine ecosystem, with a number of globally significant shallow coral reefs and marine protected areas, which are vital for survival of threatened and protected species. Some of the mentioned exploration and extraction activities, such as offshore drilling, may be permitted within few kilometres away from sensitive habitats extant near a project resource extraction area. The habitats may in some cases be presented by submerged shoal ecosystems of high biodiversity and thus high environmental/ecological value, due to the presence of either or both benthic biota and fish assemblages. As part of an environmental assessment program for the industrial activities, some of the offshore exploration operators examine the effects of drilling discharges on the marine ambience. This study describes such an assessment. For the assessment, a novel integrated marine monitoring approach was conceptually designed; the program was then executed in the field using bottom-mounted equipment and a remotely operated underwater vehicle with sensors mounted on it. This study focuses on assessing the wind conditions in the project area, sea level and current velocities, in situ water temperature, salinity, turbidity and acoustic echo intensity, over several stages of the drilling operations while the drilling cuttings and muds were discharged into the water column. The collected during the austral autumn months of April and May winds showed prevailing east-southeaserlies, which is aligned well with the general understanding of wind climatology of the area. Importantly, stronger than usual winds may have a defining impact on current speeds and directions, with the current speeds enhanced by such winds. On these occasions the water transporting a discharge material may pushed towards the sensitive habitat present in the area. Normally though the hydrodynamics in the project area are dominated by semi-diurnal tides. Both vertical current velocity and water temperature distributions indicated the presence of three layers within the water column over the project site. The vertical distribution of water salinity was rather homogenous throughout the entire water column. The monitored by an optical instrument turbidity and acoustic echo intensity from an ADCP (acoustic Doppler current profiler) showed that tracing discharge plumes with a remotely operated underwater vehicle is a viable technique, which could be implemented at other locations. Such independent parameters though need a thorough cross-calibration and inter-validation for the results to be fully understood.",Reservoir Engineering and Simulation Methods,Environmental science | Benthic zone | Marine ecosystem | Offshore drilling | Drilling | Oceanography | Threatened species | Habitat | Reef | Submarine pipeline | Geology | Ecosystem | Ecology,Environmental science | Benthic zone | Marine ecosystem | Offshore drilling | Drilling | Oceanography | Threatened species | Habitat | Reef | Submarine pipeline | Geology | Ecosystem | Ecology | Biology | Mechanical engineering | Engineering,https://openalex.org/W1976520405 | https://openalex.org/W1984826748 | https://openalex.org/W2061655171 | https://openalex.org/W2273156585 | https://openalex.org/W2313994855 | https://openalex.org/W2781586781 | https://openalex.org/W2979240361 | https://openalex.org/W3189380678
OA_SED_DRILLING_01,SED_DRILLING,2026-08-13T20:14:42+00:00,https://openalex.org/W2772407064,https://doi.org/10.1016/j.scitotenv.2017.11.228,"Historical trace element accumulation in marine sediments from the Tamaulipas shelf, Gulf of Mexico: An assessment of natural vs anthropogenic inputs",2017,2017-12-13,article,en,Omar Celis-Hernández | Leticia Rosales-Hoz | Andrew B. Cundy | Arturo Carranza‐Edwards | Ian W. Croudace | Héctor Hernández-Hernández,https://openalex.org/A5062670307 | https://openalex.org/A5109270026 | https://openalex.org/A5033464481 | https://openalex.org/A5078128691 | https://openalex.org/A5058907828 | https://openalex.org/A5105753178,The Science of The Total Environment,https://openalex.org/S86852077,https://doi.org/10.1016/j.scitotenv.2017.11.228,False,closed,43,,Heavy metals in environment | Geochemistry and Elemental Analysis | Paleontology and Stratigraphy of Fossils,Seagrass | Sediment | Environmental science | Trace element | Oceanography | Petroleum | Marine ecosystem | Submarine pipeline | Mangrove | Marine habitats | Ecosystem | Geology | Habitat | Fishery | Ecology | Geochemistry,Seagrass | Sediment | Environmental science | Trace element | Oceanography | Petroleum | Marine ecosystem | Submarine pipeline | Mangrove | Marine habitats | Ecosystem | Geology | Habitat | Fishery | Ecology | Geochemistry | Paleontology | Biology,https://openalex.org/W24194946 | https://openalex.org/W599333143 | https://openalex.org/W607319560 | https://openalex.org/W839090338 | https://openalex.org/W1242387667 | https://openalex.org/W1555273644 | https://openalex.org/W1634571142 | https://openalex.org/W1880555926 | https://openalex.org/W1970118296 | https://openalex.org/W1971704893 | https://openalex.org/W1975017733 | https://openalex.org/W1988150825 | https://openalex.org/W1988512432 | https://openalex.org/W1992299111 | https://openalex.org/W1993180774 | https://openalex.org/W2005854262 | https://openalex.org/W2010096812 | https://openalex.org/W2011110941 | https://openalex.org/W2011135687 | https://openalex.org/W2013373826 | https://openalex.org/W2023481749 | https://openalex.org/W2023601502 | https://openalex.org/W2024146373 | https://openalex.org/W2024778828 | https://openalex.org/W2027047615 | https://openalex.org/W2027966151 | https://openalex.org/W2028598623 | https://openalex.org/W2036455349 | https://openalex.org/W2043822135 | https://openalex.org/W2056049711 | https://openalex.org/W2060781055 | https://openalex.org/W2062658150 | https://openalex.org/W2064465639 | https://openalex.org/W2070378162 | https://openalex.org/W2071890583 | https://openalex.org/W2077965813 | https://openalex.org/W2081488135 | https://openalex.org/W2082517001 | https://openalex.org/W2083257583 | https://openalex.org/W2086935665 | https://openalex.org/W2090538914 | https://openalex.org/W2091974950 | https://openalex.org/W2092597332 | https://openalex.org/W2092866871 | https://openalex.org/W2100577344 | https://openalex.org/W2113589346 | https://openalex.org/W2115562626 | https://openalex.org/W2120820598 | https://openalex.org/W2120876759 | https://openalex.org/W2131691307 | https://openalex.org/W2158639809 | https://openalex.org/W2207730205 | https://openalex.org/W2211718454 | https://openalex.org/W2226315691 | https://openalex.org/W2279978593 | https://openalex.org/W2481529499 | https://openalex.org/W2570902679 | https://openalex.org/W2605469151 | https://openalex.org/W2797962370 | https://openalex.org/W3022095804 | https://openalex.org/W4230490898 | https://openalex.org/W4234573133 | https://openalex.org/W4255902924 | https://openalex.org/W6633447045 | https://openalex.org/W6673115976 | https://openalex.org/W6673850562
OA_SED_DRILLING_01,SED_DRILLING,2026-08-13T20:14:42+00:00,https://openalex.org/W3142563596,,Sublethal metabolic responses of the hermatypic coral Madracis decactis exposed to drilling mud enriched with ferrochrome lignosulfonate,1979,1979-01-01,dissertation,en,Michael August Krone,https://openalex.org/A5091290095,OakTrust (Texas A&M University Libraries),https://openalex.org/S4306400291,https://hdl.handle.net/1969.1/ETD-TAMU-1979-THESIS-K93,False,closed,0,"Due to the character of the original source materials and the nature of batch digitization, quality control issues may be present in this document. Please report any quality issues you encounter to digital@library.tamu.edu, referencing the URI of the item.",Calcium Carbonate Crystallization and Inhibition,Hermatypic coral | Ferrochrome | Coral | Chemistry | Environmental science | Environmental chemistry | Oceanography | Geology,Hermatypic coral | Ferrochrome | Coral | Chemistry | Environmental science | Environmental chemistry | Oceanography | Geology | Chromium | Organic chemistry,
OA_SED_DRILLING_01,SED_DRILLING,2026-08-13T20:14:42+00:00,https://openalex.org/W2139532522,https://doi.org/10.1111/pala.12196,The molecular record of Cryogenian sponges – a response to Antcliffe (2013),2015,2015-09-10,article,en,Gordon D. Love | Roger E. Summons,https://openalex.org/A5046052102 | https://openalex.org/A5067547169,Palaeontology,https://openalex.org/S205194082,https://doi.org/10.1111/pala.12196,True,bronze,42,"Molecular fossils or lipid biomarkers, which are preserved in ancient sedimentary rocks and petroleum that have undergone a mild thermal history, have been studied for over five decades (e.g. Eglinton et al. 1964, 1966; Blumer and Snyder 1965) and can yield valuable and unique insights concerning past ocean redox structure, plankton successions and biospheric evolution (e.g. Brocks and Pearson 2005; Peters et al. 2005; Knoll et al. 2007; Briggs and Summons 2014, for recent reviews). Currently, the earliest compelling hydrocarbon biomarker record for Metazoa comes from a ~100 million year record reported by Love et al. (2009) of distinctive Neoproterozoic–Cambrian steroids known informally as 24-isopropylcholestanes (24-ipc), which are derived from sterols produced in abundance by demosponges (McCaffrey et al. 1994). The most extensively documented record for these compounds extends to interglacial sedimentary rocks of the Cryogenian period (713–635 Ma) in a thermally immature succession of Neoproterozoic – early Cambrian marine sedimentary rocks from the Huqf Supergroup of the South Oman Salt Basin (SOSB). The concentration of biomarkers varies in different sedimentary rocks due to lithological and thermal maturity controls, so as well as reporting absolute abundances of 24-ipc steranes detected in each rock sample, Love et al. (2009) normalized their data and documented changes in the ratio of 24-ipc to the structurally similar (see Fig. 1), but analytically resolvable, sterane isomer 24-n-propylcholestane (24-npc), which originates principally from the sterols of marine pelagophyte algae (Giner et al. 2009). 24-npc is typically the dominant C30 sterane detected in marine Phanerozoic oils and rocks from all lithologies (Moldowan 1984; Moldowan et al. 1985, 1990), and there is no evidence that 24-npc steranes can be significantly converted into 24-ipc steranes, or vice versa, either during low temperature diagenesis or higher temperature burial maturation (e.g. Moldowan et al. 1990; Summons et al. 1992; McCaffrey et al. 1994; Zhang et al. 2000). Demosponges, particularly those from the order Halichondrida (Love et al. 2013), are the only living taxon known to produce their major sterols with a 24-ipc carbon skeleton. 24-ipc-related compounds can constitute >99% of the total sterols in membrane lipids in the demosponge Pseudaxynissa (Hofheinz and Oesterhelt 1979), and 24-ipc is among the major sterols in other genera such as Topsentia, Collocalypta, Halichondria and Epipolasis. Love et al. (2009) studied 64 source rock samples encompassing carbonates, siltstones and shales, of appropriate thermal maturity for biomarker preservation (verified independently by Rock-Eval pyrolysis screening). This set of samples provided stratigraphic coverage of all formations of the Neoproterozoic–Cambrian Huqf Supergroup available in drill core. In a related study, Grosjean et al. (2009) verified the anomalously high relative abundances of 24-ipc in a large suite of SOSB rocks as well as in petroleum samples produced from various SOSB formations, while Kelly et al. (2011) found similar patterns of 24-ipc steranes in Neoproterozoic oils from east Siberia, including some oils potentially sourced from putative Cryogenian source rocks. Anomalously high abundances of 24-ipc steranes are also characteristic features of certain Neoproterozoic – early Cambrian oils and rock extracts from India (Peters et al. 2005), Pakistan (Grantham et al. 1987) and Australia (McCaffrey et al. 1994). These rocks and oils possess unusual biomarker characteristics which are also prominent in SOSB oils and rocks (e.g. C29 sterane dominance in the C27–C30 range, high 24-ipc/npc ratio, presence of an unusual mid-chain methylalkane series) and which are only commonly detected together in Neoproterozoic – early Cambrian samples as noted previously (Peters et al. 1995, 2005; Love et al. 2009; Kelly et al. 2011). The SOSB biomarker record indicated the presence of demosponges in the Cryogenian period, significantly before the appearance of obvious spicules in the fossil record but at a time consistent with predictions of molecular clocks (Sperling et al. 2010), including clocks that predated our biomarker study (Berney and Pawlowski 2006). More recently, we have detected elevated 24-ipc/24-npc ratios in Permian strata from China which contain abundant demosponge siliceous spicules (Love et al., 2013), and this is part of an ongoing investigation. Antcliffe (2013; see also Antcliffe et al. 2014) questioned the significance of the 24-ipc record presented by Love et al. (2009) for dating the origin of sponges, considering that it was more likely a product of marine (pelagophyte) algae, and argued that sponges appeared much later as part of a more rapid Cambrian explosion. Such an inference, however, is based on a misinterpretation of the lipid biomarker record. The significant gap between the earliest record of 24-ipc and the first uncontested sponge body fossils remains – Antcliffe's attempt to fix it by negating the biomarker evidence is fallacious. Antcliffe (2013, p. 917) argued that ‘several different pelagophyte (Class Pelagophyceae part of the Stramenopiles within the Chromaveolata [sic]) algae are also capable of producing these exact compounds, and may similarly have done so in deep time’. But the C30 sterols produced by pelagophytes have a 24-npc skeleton and any sterols with a 24-ipc skeleton that they generate are in concentrations two orders of magnitude lower than that of 24-npc (Giner et al. 2009; see Table 1), as addressed in our original paper. These proportions are reflected in the steranes to which the sterols transform during diagenesis. We are not aware of any published study which suggests that 24-ipc sterols in pelagophyte cultures are anything more than minor trace sterols under any particular growth conditions (see Table 1). 24-ipc sterols are found in trace quantities with respect to the 24-npc compounds, which are the major sterols, and usually the 24-ipc sterols are below detection limits in any case. Love et al. (2009, supplementary information, section 2) stated that: ‘It is an aberration of an enzymatic process intended to produce 24-n-propylidenecholesterol (and related structures) and does not constitute a biosynthetic capacity to make abundant 24-isopropylcholesterol given optimal growth conditions’. Antcliffe (2013, p. 917) asserted that ‘modern marine algae are also reported to produce structural isomers that are compositionally identical to the sponge marker; they do this in copious quantities’. This is incorrect. Structural isomers are, by definition, different chemical compounds and 24-ipc and 24-npc steranes are distinct compounds (see Fig. 1) that can be readily resolved using standard capillary gas chromatography. No algae, other than the pelagophytes in trace or undetectable amounts with the caveats as discussed above, are known to produce 24-ipc sterols that are compositionally identical to the sponge marker (Volkman et al. 1998; Volkman 2003, 2005). He also claimed (2013, p. 917) that ‘24-isopropylcholestane can be produced by diagenetic alteration of compounds produced in large quantities by algae’, but this is inconsistent with the generally low Phanerozoic baseline values of 24-ipc/npc sterane ratios (typically 0.2–0.3) for marine rock extracts and oils (see section 10 of Love et al. 2009) and as illustrated in the figure showing temporal abundance patterns of 24-ipc in the Brocks and Butterfield (2009) commentary article. Any hypothetical reaction mechanism that might potentially convert 24-npc to 24-ipc steranes during diagenesis or subsurface burial maturation must then be minor from this well-established Phanerozoic baseline ratio constraint and so secondary transformation cannot account for the consistently high 24-ipc/24-npc ratios found for Huqf Supergroup rocks. As we stated in Love et al. (2009), ‘The ratio of 24-ipc/24-npc (for all 4 regular geoisomers) was measured for extracts and pyrolysates and found to be anomalously high (0.52–16.1, with an average value of 1.51, Tables S1–S2) in all Neoproterozoic-early Cambrian SOSB samples in comparison with Phanerozoic and mid-Proterozoic oils and bitumens reported previously (typically <0.3S1)’. The original Table S3 is reproduced here as Table 1, which shows that the extremely low ratio values of 24-ipc/24-npc (0.00–0.01) reported for pelagophyte algal cultures are at least two orders of magnitude lower than the typical ratios found in South Oman rock extracts and pyrolysates (average = 1.51). Antcliffe (2013) also referred to a single cell genomics study (Siegl et al. 2011) which claimed that poribacterial symbionts of marine sponges could possibly synthesize 24-ipc sterols. But a subsequent study by the same workers showed this to have yielded a false result (Kamke et al. 2013). The Aplysina aerophoba sponge specimen used by Siegl et al. (2011) does not make significant amounts of 24-ipc among its major sterols, and SMT (sterol methyltransferase) genes are not specific for 24-ipc sterol synthesis in any case. Subsequent genomics investigation of the same poribacterial symbionts have shown that these, like all known bacteria, do not have the genetic capacity to make 24-alkylkated sterols (Kamke et al. 2013). Antcliffe (2013, p. 917) claimed that ‘it is also possible that contamination by petroleum derived lubricating oil used when coring while extracting these compounds from subsurface layers, has affected the data’. The only lubricating oils with sufficiently high 24-ipc/24-npc ratios to influence the signal in soluble rock extracts come from similarly old Neoproterozoic–Cambrian sequences (McCaffrey et al. 1994; Peters et al. 1995; Kelly et al. 2011), and these were not used. Organic geochemists, in any case, are acutely aware of the dangers of contamination, and we reported experiments that demonstrate unequivocal generation of 24-ipc from the immobile kerogen component of SOSB sediments using catalytic hydropyrolysis (Love et al. 1995, 2009), performed in parallel with the more conventional solvent-extractable biomarker analyses. Having a robust kerogen-bound 24-ipc record from SOSB strata was an important self-consistency check for verifying that these steranes were syngenetic with the host rocks and that these compounds had not migrated in from other, possibly younger, strata. Kerogen is a high molecular weight and insoluble organic polymer formed during early diagenesis (in the water column and/or shallow subsurface) and which cannot migrate once incorporated within the host sediment. Ancient sedimentary kerogen usually contains an abundant bound biomarker pool linked by strong covalent bonds, and this bound pool remains well preserved and quantitatively important well into the later stages of oil-window thermal maturity for ancient rocks (Murray et al. 1998; Lockhart et al. 2008). We can recognize the distinctive isomeric patterns that characterize kerogen-bound steranes and hopanes in pyrolysates released by covalent bond cleavage (Love et al. 1995), as we described in section 1 of Love et al. (2009). Thus, our kerogen-bound 24-ipc record rigorously ground-truthed the temporal range of the abundant Cryogenian–Cambrian 24-ipc steranes that we reported for SOSB strata in Love et al. (2009). While Antcliffe's attempt to discredit the biomarker evidence is based on misunderstandings, his observation that all the Neoproterozoic organisms that might have produced 24-ipc ‘are unavailable for analysis by the modern organic chemist and cannot be eliminated from the list of possible producers’ is, of course, self-evident. However, future studies may reveal an evolutionary phylogeny for key enzymes in 24-isopropylcholesterol biosynthesis (Volkman 2005) and, in the meantime, sponges remain the only credible producer given the sterane ratios and absolute abundances in Neoproterozoic–Cambrian oils and rocks from South Oman, eastern Siberia, India, Pakistan and Australia. As regards the age of the molecular fossil occurrences, Antcliffe is only partially correct that ‘although the compounds are widely reported as c. 751 Ma, they are younger than 645 Ma’. Note that Love et al. (2009) did not claim an age of c. 751 Ma for the occurrence of 24-ipc. They identified high 24-ipc/24-npc ratios in samples from interglacial strata from the SOSB, that is, older than the Marinoan-aged cap carbonates found there but younger than the underlying glacial of Sturtian age. From our abstract, ‘Biomarker analysis has yet to reveal any convincing evidence for ancient sponges pre-dating the first globally extensive Neoproterozoic glacial episode (the Sturtian, ~713 Myr ago in Oman)’. As was pointed out previously (Love et al. 2009, section 11), 24-ipc steranes are either below detection limits or present only in trace amounts from pre-Sturtian-age Neoproterozoic rocks and oils, including rock bitumens from the c. 742 Ma Walcott Member of the Chuar Group (Summons et al. 1988), the c. 700–800 Ma Visingsö Group and the c. 850 Ma Bitter Springs Formation (McCaffrey et al. 1994) and from the c. 1.1 Ga Nonesuch Formation (Pratt et al. 1991). 24-ipc steranes are absent from the abundant and diverse lipid biomarker assemblages reported most recently for thermally immature Middle Proterozoic rocks from Australia, China and Mauritania spanning 1.1–1.6 Ga in age (e.g. Brocks et al. 2005; Blumenberg et al. 2012; Flannery and George 2014, Luo et al. 2015). From the Gubrah Formation in Oman, the age of an ash bed within the Sturtian event was dated at 713 Ma (Bowring et al. 2007), consistent with the most recent age constraints for diamictites associated with the Sturtian glaciation at c. 716 Ma (Macdonald et al. 2010). Although its termination has been proposed as late as 640 ± 4.7 Ma (Kendall et al. 2009), this Re–Os age may be correlative with the c. 635 Ma Marinoan age and a new temporal constraint from a post-Sturtian Re–Os date of 662.4 ± 3.9 Ma for the Rapitan Group in northwest Canada (Rooney et al. 2014) suggests an interlude between the Sturtian and Marinoan glaciations. A maximum age for the top of the Marinoan diamictite in South Oman, just below the cap carbonate from the Lahan-1 core, of <645 Myr was reported from U–Pb detrital zircon geochronology (Bowring et al. 2007). This is compatible with an apparently synchronous age for the Marinoan cap carbonate worldwide from dated ash beds layers at c. 635 Ma based on dates obtained from deposits in the Ghaub Formation in Namibia (635.5 ± 0.6 Ma), as well as the Nantuo Formation (636.3 ± 4.9 Ma) and the Doushantuo Formation (635.2 ± 0.2 Ma) in South China (Hoffmann et al. 2004; Condon et al. 2005; Zhang et al. 2008). Our oldest sample from SOSB for which we reported abundant free and kerogen-bound 24-ipc steranes lay stratigraphically below the Ediacaran Nafun Group, as well as below a cap carbonate and diamictite also interpreted as Marinoan in age. Love et al. (2009, supplementary information, section 5) stated ‘The Ghadir Manquil Fm. sediment from GM-1 core was a lime mudstone found approximately 150 m below the base of a diamictite that we interpret as Marinoan age because of the stratigraphic position directly beneath both the Nafun Gp sedimentary package and the underlying (Marinoan) cap carbonate’. Thus, the oldest samples with high 24-ipc steranes ratios and abundances most likely occur in strata dated between c. 635 and c. 713 Ma. We agree that a 635 Ma date is the most appropriate for any molecular clocks using a sponge biomarker as a calibration point for the minimum divergence between demosponges and hexactinellids. However, a 713 Ma calibration is normally set as a soft-bound maximum divergence age constraint on crown-group demosponges based on the absence of abundant 24-ipc in pre-Sturtian-age rocks (e.g. younger clock estimates are allowed; Sperling et al. 2010; Erwin et al. 2011), and we note that removing the sponge biomarker calibration point for constraining crown-group demosponges actually resulted in older and not younger estimates for the origin of animals (Sperling et al. 2010). In summary, sterols with a rare isopropyl substituent at C-24 are biosynthesized by demosponges, primarily of the order Halichondrida (Giner and Djerassi 1990; Giner 1993; Love et al. 2013), but are found in all four major clades of demosponges. In contrast, sterols with an n-propyl substituent at C-24 are biosynthesized by pelagophyte algae as major lipids (Giner et al. 2009), but with only trace or undetectable amounts of 24-ipc sterols present (see Table 1). These sterol structures, and those of the fossil steranes that are their diagenetic counterparts, are distinct and cannot be interconverted to any significant degree during diagenesis and thermal maturation in sediments. It is regrettable that no organic geochemist was asked to review the Antcliffe (2013) paper as it contains fundamental errors and false assumptions concerning organic geochemical methods and principles. While much work remains in interpreting the demosponge biomarker record, including the genomic and functional context of these molecules in the source organisms and continued interrogation of the pre-Sturtian ancient biomarker record, the speculative points raised by Antcliffe (2013) regarding a possible origin from marine algae and contamination by drilling fluids are weakly grounded. Such issues were already addressed in the supplementary information accompanying the Love et al. (2009) paper and no new data was presented by Antcliffe (2013) to support his claims. Accordingly, the most parsimonious explanation for the extraordinary Neoproterozoic occurrence of high absolute and relative abundances of 24-ipc steranes, originating between 635 and 713 Ma, is that they represent chemical fossils of demosponges or their ancestors. Both authors’ research is funded by the NASA Astrobiology Institute. GDL also acknowledges support from the NSF Earth-Life Transitions program (NSF-EAR 1338299).",Marine Sponges and Natural Products | Marine Biology and Ecology Research | Coral and Marine Ecosystems Studies,Paleontology | Sponge | Geology | Biology | Zoology,Paleontology | Sponge | Geology | Biology | Zoology,https://openalex.org/W125800115 | https://openalex.org/W1507442851 | https://openalex.org/W1969225013 | https://openalex.org/W1972778535 | https://openalex.org/W1972857233 | https://openalex.org/W1974467684 | https://openalex.org/W1977065581 | https://openalex.org/W1979883233 | https://openalex.org/W1983624884 | https://openalex.org/W1984225141 | https://openalex.org/W1989860834 | https://openalex.org/W1993774203 | https://openalex.org/W1993832741 | https://openalex.org/W2004905580 | https://openalex.org/W2005201180 | https://openalex.org/W2007634789 | https://openalex.org/W2012695894 | https://openalex.org/W2012792340 | https://openalex.org/W2016049452 | https://openalex.org/W2018256378 | https://openalex.org/W2023314228 | https://openalex.org/W2035762873 | https://openalex.org/W2040439966 | https://openalex.org/W2041719370 | https://openalex.org/W2043821645 | https://openalex.org/W2046870543 | https://openalex.org/W2052794190 | https://openalex.org/W2053640801 | https://openalex.org/W2057907380 | https://openalex.org/W2058299364 | https://openalex.org/W2058820261 | https://openalex.org/W2059510927 | https://openalex.org/W2064361108 | https://openalex.org/W2070033979 | https://openalex.org/W2074256282 | https://openalex.org/W2080223857 | https://openalex.org/W2081612790 | https://openalex.org/W2095190913 | https://openalex.org/W2095567465 | https://openalex.org/W2110407146 | https://openalex.org/W2111414198 | https://openalex.org/W2129359584 | https://openalex.org/W2130095841 | https://openalex.org/W2130284970 | https://openalex.org/W2135544182 | https://openalex.org/W2141718420 | https://openalex.org/W2144393012 | https://openalex.org/W2145989765 | https://openalex.org/W2149409854 | https://openalex.org/W2152214737 | https://openalex.org/W2162344545 | https://openalex.org/W2165493724 | https://openalex.org/W2949257448 | https://openalex.org/W2951084016
OA_SED_DRILLING_01,SED_DRILLING,2026-08-13T20:14:42+00:00,https://openalex.org/W2463979236,https://doi.org/10.18178/ijesd.2016.7.12.904,"Modeling Drill Cuttings Sedimentation on Corals for Exploration Wells Z-1 and B-1, Offshore Sabah",2016,2016-01-01,article,en,Su Yean Teh | Hock Lye Koh,https://openalex.org/A5032660514 | https://openalex.org/A5112497400,International Journal of Environmental Science and Development,https://openalex.org/S2764870503,https://doi.org/10.18178/ijesd.2016.7.12.904,True,diamond,0,,Reservoir Engineering and Simulation Methods | Geological and Geophysical Studies | Geological formations and processes,Drill cuttings | Sedimentation | Submarine pipeline | Geology | Cutting | Drill | Oceanography | Drilling | Geomorphology | Engineering | Sediment | Biology | Botany | Drilling fluid | Mechanical engineering,Drill cuttings | Sedimentation | Submarine pipeline | Geology | Cutting | Drill | Oceanography | Drilling | Geomorphology | Engineering | Sediment | Biology | Botany | Drilling fluid | Mechanical engineering,https://openalex.org/W180818871 | https://openalex.org/W190940686 | https://openalex.org/W322446024 | https://openalex.org/W1490160883 | https://openalex.org/W1967508225 | https://openalex.org/W1967848312 | https://openalex.org/W1967857162 | https://openalex.org/W1969529013 | https://openalex.org/W1970859434 | https://openalex.org/W1977924512 | https://openalex.org/W1987708571 | https://openalex.org/W2006342311 | https://openalex.org/W2024676504 | https://openalex.org/W2049159850 | https://openalex.org/W2054006153 | https://openalex.org/W2063410771 | https://openalex.org/W2069736154 | https://openalex.org/W2077170976 | https://openalex.org/W2081041138 | https://openalex.org/W2082029394 | https://openalex.org/W2084475310 | https://openalex.org/W2087709060 | https://openalex.org/W2171449799 | https://openalex.org/W2317329149 | https://openalex.org/W2473051874 | https://openalex.org/W2744277577 | https://openalex.org/W4249062915 | https://openalex.org/W4285719527 | https://openalex.org/W6607831461 | https://openalex.org/W6720364176 | https://openalex.org/W6743381998
OA_SED_DRILLING_01,SED_DRILLING,2026-08-13T20:14:42+00:00,https://openalex.org/W141621034,,Dispersion of Drilling Discharges : A comparison of two dispersion models and consequences for the risk picture of cold water corals,2013,2013-01-01,dissertation,en,Josefin Svensson,https://openalex.org/A5083010079,KTH Publication Database DiVA (KTH Royal Institute of Technology),https://openalex.org/S4306401559,http://urn.kb.se/resolve?urn=urn:nbn:se:uu:diva-210077,True,green,0,"One of the ocean’s greatest resources is the coral reefs, providing unique habitats for alarge variety of organisms. During drilling operations offshore many activities maypotentially harm these sensitive habitats. Det Norske Veritas (DNV) has developed arisk-based approach for planning of drilling operations called Coral Risk Assessment (CRA) to reduce the risk of negative effects upon cold water corals (Lophelia pertusa) on the Norwegian Continental Shelf (NCS). In order to get a good risk assessment amodelled dispersion plume of the drilling discharges is recommended. This study concerned a drilling case at the Pumbaa field (NOCS 6407/12-2) on the NCS, and used two different dispersion models, the DREAM model and the MUDFATE model in order to investigate how to perform good risk assessments. In the drill planning process a decision to move the discharge location 300 m north-west from the actual drilling location and reducing the amount of drilling discharges, was made inorder to reduce the risk for the coral targets in the area. The CRA analysis indicated that these decisions minimised the risk for the corals, and showed that the environmentalactions in the drill planning processes are necessary in order to reduce the risk for the coral targets and that the analysis method is a preferable tool to use. The amount of discharges, the ocean current data, the discharge location and the condition of the coral targets are the factors having the most important impact on the CRA results. From monitoring analysis from the case of study, it can be seen that a pile builds up around the discharge location. The dispersion models do not seem to take into account this build-up of a pile and thereby overestimate the dispersion of drilling discharges. This observation was done when modelled barite deposit was compared with barium concentrations measured in the sediment after the drilling operation. The overestimationis the case for the DREAM model, but has not been seen in the simulations with the MUDFATE model. Results from the modelling also indicated a higher overestimation for the DREAM model when using a cutting transport system (CTS) to release thedrilling discharges compared to release the discharges without using the CTS.",Coral and Marine Ecosystems Studies,Coral | Drilling | Reef | Environmental science | Coral reef | Offshore drilling | Dispersion (optics) | Risk analysis (engineering) | Submarine pipeline | Geology | Oceanography | Engineering | Business,Coral | Drilling | Reef | Environmental science | Coral reef | Offshore drilling | Dispersion (optics) | Risk analysis (engineering) | Submarine pipeline | Geology | Oceanography | Engineering | Business | Physics | Optics | Mechanical engineering,
OA_SED_DRILLING_01,SED_DRILLING,2026-08-13T20:14:42+00:00,https://openalex.org/W1982641977,https://doi.org/10.1016/j.marpolbul.2014.05.007,Real time observation system for monitoring environmental impact on marine ecosystems from oil drilling operations,2014,2014-06-04,article,en,Olav Rune Godø | Jarle Klungsøyr | Sonnich Meier | Eirik Tenningen | Autun Purser | Laurenz Thomsen,https://openalex.org/A5024940754 | https://openalex.org/A5037443659 | https://openalex.org/A5069051315 | https://openalex.org/A5057166188 | https://openalex.org/A5035949322 | https://openalex.org/A5040357872,Marine Pollution Bulletin,https://openalex.org/S101229256,https://doi.org/10.1016/j.marpolbul.2014.05.007,False,closed,15,,Oil Spill Detection and Mitigation | Coral and Marine Ecosystems Studies | Marine Ecology and Invasive Species,Backup | Environmental monitoring | Oil drilling | Environmental science | Environmental resource management | Comparability | Drilling | Computer science | Engineering | Environmental engineering,Backup | Environmental monitoring | Oil drilling | Environmental science | Environmental resource management | Comparability | Drilling | Computer science | Engineering | Environmental engineering | Database | Mechanical engineering | Mathematics | Combinatorics,https://openalex.org/W807499929 | https://openalex.org/W988842781 | https://openalex.org/W1484645777 | https://openalex.org/W1547432458 | https://openalex.org/W1599305990 | https://openalex.org/W1603674891 | https://openalex.org/W1965300195 | https://openalex.org/W1966082722 | https://openalex.org/W1970068596 | https://openalex.org/W1987708571 | https://openalex.org/W1990785452 | https://openalex.org/W1996372875 | https://openalex.org/W2000914348 | https://openalex.org/W2001470751 | https://openalex.org/W2003700687 | https://openalex.org/W2006231578 | https://openalex.org/W2007808573 | https://openalex.org/W2014959816 | https://openalex.org/W2017891136 | https://openalex.org/W2020938932 | https://openalex.org/W2023725598 | https://openalex.org/W2029708541 | https://openalex.org/W2030031739 | https://openalex.org/W2032988400 | https://openalex.org/W2033894858 | https://openalex.org/W2034323072 | https://openalex.org/W2035942672 | https://openalex.org/W2040917952 | https://openalex.org/W2042074688 | https://openalex.org/W2043793324 | https://openalex.org/W2052813853 | https://openalex.org/W2063997460 | https://openalex.org/W2070252451 | https://openalex.org/W2072918483 | https://openalex.org/W2081088256 | https://openalex.org/W2087025479 | https://openalex.org/W2097512238 | https://openalex.org/W2109745867 | https://openalex.org/W2125476395 | https://openalex.org/W2141131685 | https://openalex.org/W2146171994 | https://openalex.org/W2160612910 | https://openalex.org/W2168013514 | https://openalex.org/W2175086533 | https://openalex.org/W2199467677 | https://openalex.org/W2322511813 | https://openalex.org/W2333735314 | https://openalex.org/W2465244880 | https://openalex.org/W2476111985 | https://openalex.org/W2892225856 | https://openalex.org/W4211047309 | https://openalex.org/W4297752402 | https://openalex.org/W6687555906 | https://openalex.org/W6721212379 | https://openalex.org/W6754531405
OA_SED_DRILLING_01,SED_DRILLING,2026-08-13T20:14:42+00:00,https://openalex.org/W2996619537,,Add-on studies to the current NFR Project “Impact of water- based drilling mud: a study using the epibenthic coral species Lophelia pertusa,2010,2010-01-01,report,en,"Thierry Baussant | Fiona Provan | Maria Sydnes | Fiona M. Lyng | Eivind Larssen | Bjørkblom, C. | Krista M. Kaster | Boccadoro, Cathrine | Nævdal, A. | A. Eide",https://openalex.org/A5065804390 | https://openalex.org/A5024248542 | https://openalex.org/A5057626023 | https://openalex.org/A5023270956 | https://openalex.org/A5064283967 |  | https://openalex.org/A5043319362 |  |  | https://openalex.org/A5010336639,Duo Research Archive (University of Oslo),https://openalex.org/S4306401716,http://hdl.handle.net/11250/2632304,True,green,0,"This study was made in the frame of an ongoing NFR project aiming at assessing the impact of drilling mud (DM) discharges from offshore O&amp;G operations on the coldwater coral species Lophelia pertusa. Here, we have initiated developments and use of methodologies that could have a potential for application, at a later stage of their optimization, in field monitoring of coral health and hence for documenting the effects of drilling mud discharges","Hermeneutics and Narrative Identity | Aging, Elder Care, and Social Issues | Health, Medicine and Society",Current (fluid) | Geology | Coral | Drilling | Oceanography | Petroleum engineering | Engineering,Current (fluid) | Geology | Coral | Drilling | Oceanography | Petroleum engineering | Engineering | Mechanical engineering,
OA_SED_DRILLING_01,SED_DRILLING,2026-08-13T20:14:42+00:00,https://openalex.org/W285108616,,Sea Water Drilling Fluid Interphase during Riserless Drilling,2010,2010-01-01,dissertation,en,Rikke Norberg,https://openalex.org/A5070269091,,,https://brage.bibsys.no/xmlui/handle/11250/239458,False,closed,0,"The unique challenges of offshore drilling, unable to be overcome by conventional drilling approaches, have forced the industry to aggressively pursue alternative methods to the “pump and dump” top hole drilling, which simply spills the drilling fluid and cuttings onto the seabed. Drilling topholes using riser is banned on the Norwegian continental shelf due to the risky relation to shallow gas pockets. The most prevalent tophole drilling problem associated with the use of the “pump and dump” approach is the dispelling of drilling fluid and cuttings, which has obvious environmental implications. Heightened focus on the discharge to the marine environment has propelled the demand of a technology to mitigate the seabed disturbance, as authorities have begun to place restrictions on the amount of discharge emitted to sea. With new regulations, the demand for new technologies arises. The development of RMR was impelled by the vision of zero hazardous discharge, and offers environmental benefits by capturing drilling waste at wellhead and pumping it back to the rig for conditioning and reuse. By implementing RMR it is possible to bypass some destructive discharge, but new challenges related to the drilling process may arise. When drilling through potential hazardous zones, the mud cap on the SMO will be open to sea and allow for drilling fluid to breach out. The knowledge of the corals vulnerability of drilling fluid is insufficient. However, the corals in Norwegian waters are assumed to have some resistance to sedimentation due to high current intensity and high particle density in the water. Even though it assumed that the corals are able to re-colonize, inadequate documentation on coral settlement makes it important to limit destructive discharge. As mentioned, the Suction Module of the Riserless Mud Recovery System is open to sea and the different sub-activities of the drilling process will generate drilling fluid discharge. Pulling the drillstring out of the hole was deliberated to be the procedure causing the most mixing in the drilling fluid-sea water interphase and a model was developed for simulation purpose. Different rheology drilling fluids were mixed where the viscosity and density was altered in order to evolve rheology profiles. Baker Hughes provided drilling fluids commonly used during RMR projects. When experiments commenced it was evident that diffusion could be excluded as a mass transfer mechanism disturbing the interphase. Advection was superior and did cause, in some cases, complete contamination of the fluids. The acquired results indicate that density will have the least effect of impeding the advection. The only prerequisite was that there had to be a density difference between the two fluids. A density of 1,1 kg/l turned out to be sufficient as opposed to the first drilling muds tested with densities in the 1,02 kg/l-1,05 kg/l range. When the density requirement was fulfilled, viscosity was the property with most influence of the fluid contamination. The common denominator of the drilling fluid that managed to impede the advection and showed resistance towards mixing was a high plastic viscosity. If the drilling fluid in addition had a high yield point the mixing degree was lowered. The obtained results from the experiments indicate a marshalling sequence of: Plastic Viscosity Yield Point Density RMR is employed when drilling the top hole sections, hence a high yield point of the drilling fluid is not required to be able to lift the cuttings out of the annulus. However, when drilling in environmentally vulnerable areas the operator should consider raising the viscosity and yield point in order to strengthen the resistance towards mixing. The apparent results regarding duration of the tripping procedure, indicated that time have little effect on the fluid contamination. The mass transfer reached its peak and the mixing degree seemed to stay constant as time went on. The velocity of the tripping did have a greater influence on the mixing degree than duration. It was found that the high density mud with low viscosity and yield point, especially, will profit on the environmental account by slowing down the tripping velocity. However, reducing the speed increases the time consumption and increases the overall cost of the project. In most areas the drilling fluids will be allowed emitted to the sea, however RMR may be adapted in environmental vulnerable areas where the discharge regulations is more stringent.",Drilling and Well Engineering | Hydraulic Fracturing and Reservoir Analysis | Geotechnical Engineering and Underground Structures,Drilling fluid | Drilling | Petroleum engineering | Wellhead | Offshore drilling | Well control | Measurement while drilling | Geology | Engineering | Oceanography | Mechanical engineering,Drilling fluid | Drilling | Petroleum engineering | Wellhead | Offshore drilling | Well control | Measurement while drilling | Geology | Engineering | Oceanography | Mechanical engineering,
OA_SED_DRILLING_01,SED_DRILLING,2026-08-13T20:14:42+00:00,https://openalex.org/W209326740,,"Biochemical measures of coral metabolic activity, nutritional status, and microbial infection with exposure to oil- and gas-well drilling fluids",1987,1987-03-01,article,en,D. C. White | Janet S. Nickels | Michael J. Gehron | J.H. Parker | Robert F. Martz,https://openalex.org/A5111619104 | https://openalex.org/A5076730315 | https://openalex.org/A5015530482 | https://openalex.org/A5110909610 | https://openalex.org/A5000612490,OSTI OAI (U.S. Department of Energy Office of Scientific and Technical Information),https://openalex.org/S4306402487,http://www.osti.gov/scitech/biblio/6436858,False,closed,0,"The reef building coral Montastrea annularus was exposed continuously to suspensions of oil- and gas-well drilling fluids at concentrations of 0.1 ml/liter, 0.01 ml/liter, and 0.001 ml/liter in flowing seawater at the U.S. Naval Stage I platform. After 6 weeks exposure, coral fragments of 30 to 60 sq cm surface area were broken off, rinsed in seawater, and extracted in a one-phase chloroform-methanol seawater extract and returned to the laboratory, the lipids were analyzed for their phospholipid content, alkyl fatty acid composition, and neutral lipid triglyceride glycerol. The aqueous phase was analyzed for free amino acid composition. Biochemical evidence of stress was reflected in the cessation of growth as measured in depressed diacyl phospholipid. Detailed analysis of the acyl fatty acid composition by capillary gas chromatography showed changes in polyenoic fatty acids, suggesting possible changes in the metabolism of the fatty acids induced by the exposure to the drilling fluids.",Calcium Carbonate Crystallization and Inhibition | Coral and Marine Ecosystems Studies | Drilling and Well Engineering,Seawater | Phospholipid | Triglyceride | Fatty acid | Chemistry | Glycerol | Composition (language) | Biochemistry | Food science | Chromatography | Biology | Cholesterol | Ecology,Seawater | Phospholipid | Triglyceride | Fatty acid | Chemistry | Glycerol | Composition (language) | Biochemistry | Food science | Chromatography | Biology | Cholesterol | Ecology | Membrane | Philosophy | Linguistics,
OA_SED_DRILLING_01,SED_DRILLING,2026-08-13T20:14:42+00:00,https://openalex.org/W2013334186,https://doi.org/10.1111/sed.12168,Advanced classification of carbonate sediments based on physical properties,2014,2014-09-30,article,en,Tania Lado Insua | Lutz Hamel | Kathryn Moran | Louise Anderson | Jody M. Webster,https://openalex.org/A5040684556 | https://openalex.org/A5036899984 | https://openalex.org/A5054952413 | https://openalex.org/A5074754016 | https://openalex.org/A5059292421,Sedimentology,https://openalex.org/S42573498,https://doi.org/10.1111/sed.12168,True,green,17,"Abstract Physical properties such as bulk density (gamma ray attenuation), P‐wave velocity (primary or compressional wave acoustic velocity), electrical resistivity and magnetic susceptibility are related to characteristics of the marine sediments that, in turn, are indicative of the lithology. Non‐destructive physical properties are routinely measured during Mission Specific Platform expeditions conducted by the Integrated Ocean Drilling Program using a multi‐sensor core logger on whole cores. The goal of this study was to develop linear and non‐linear relations among physical properties and different types of carbonate sediment to identify relevant information that may aid in the classification of carbonates. The database and model presented here integrate sedimentology with physical properties data. Data were analysed using three techniques: Linear Discriminant Analysis, Random Forest and Support Vector Machines. The models that best describe the nature of the data are Random Forest and Support Vector Machines, reaching up to 79% and 74% total accuracy, respectively. This article presents an application of machine learning as a potentially useful tool for classifying sediment types, developed specifically for assisting with the challenging identification of the lithologies in coral cores. This technique can also be used for provisional core description prior to splitting, thereby enabling identification and preservation of potentially critical intervals for special analyses and studies. These methods of data analysis can also assist with sample selection for specific studies. Other applications include the interpretation of lithotypes from wireline geophysical logging data, particularly in boreholes where core recovery is poor or sampling is limited to drill cuttings.",Underwater Acoustics Research | Geochemistry and Geologic Mapping | Soil Geostatistics and Mapping,Geology | Well logging | Lithology | Sedimentology | Identification (biology) | Support vector machine | Remote sensing | Geophysics | Artificial intelligence | Computer science | Petrology | Geomorphology,Geology | Well logging | Lithology | Sedimentology | Identification (biology) | Support vector machine | Remote sensing | Geophysics | Artificial intelligence | Computer science | Petrology | Geomorphology | Botany | Biology,https://openalex.org/W130159071 | https://openalex.org/W273955616 | https://openalex.org/W580594664 | https://openalex.org/W1480376833 | https://openalex.org/W1513618424 | https://openalex.org/W1554944419 | https://openalex.org/W1576808520 | https://openalex.org/W1988195734 | https://openalex.org/W1999060172 | https://openalex.org/W2002790717 | https://openalex.org/W2036387847 | https://openalex.org/W2055800653 | https://openalex.org/W2061798849 | https://openalex.org/W2067655908 | https://openalex.org/W2076723282 | https://openalex.org/W2086063614 | https://openalex.org/W2090638282 | https://openalex.org/W2107956883 | https://openalex.org/W2139086914 | https://openalex.org/W2151554678 | https://openalex.org/W2166762173 | https://openalex.org/W2305288899 | https://openalex.org/W2482042246 | https://openalex.org/W2499581904 | https://openalex.org/W2787894218 | https://openalex.org/W2911964244 | https://openalex.org/W3149195023 | https://openalex.org/W4251667421 | https://openalex.org/W6610017368
OA_SED_DRILLING_01,SED_DRILLING,2026-08-13T20:14:42+00:00,https://openalex.org/W2014791814,https://doi.org/10.2118/111666-ms,Zero harmful impact from drilling discharges: Where are the limits?,2008,2008-04-15,conference-paper,en,Ulf Moltu | Laurence Pinturier,https://openalex.org/A5029039456 | https://openalex.org/A5089933483,"SPE International Conference on Health, Safety and Environment in Oil and Gas Exploration and Production",https://openalex.org/S4306530672,https://doi.org/10.2118/111666-ms,False,closed,0,"Abstract Total E&amp;P Norge is an EMAS registered and ISO 14001 certified company. With a commitment to continuous improvement and minimizing footprint from activities, an internally defined zero harmful impact objective for the drilling of an exploration well in the Norwegian Sea was set. Deep water coral structuresi were identified in the vicinity of the well location driving the focus on potential physical impact in addition to chemical impacts on these structures and the sediment fauna. To verify if the objective is met, the environmental impact level on the marine environment associated with the drilling activities has to be assessed and the effects verified. Three hole sections were discharged and the effects associated with these discharges were investigated. Cuttings size distribution, chemicals composition of the mud, and volume discharged were collected during the drilling of these sections. These data was applied in a risk modelling tool developed within the joint industry project ERMSii providing estimation of risk associated with drilling discharges on the sea floor and in the water column. This model is still under qualification/verification and the presented drilling operation represented an excellent case study where the output of the model in term of risk for particles and chemicals can be tested towards field observations. Sea floor observations were performed before, during and after drilling operation in order to evaluate the extent of the cuttings deposition and dispersion. This paper discusses the risk associated with the chemicals and particles present in the mud, in the water column and in the sediment as estimated by the model. The cutting distribution simulated by the model is compared with observations of the sea floor. From these results and existing knowledge from monitoring and exposure studies, ""zero harmful"" impact level on sediment fauna, coral and water column is discussed. For the sediments impact from physical deposition and change in grain size were observed only in the close vicinity of the well. No chemical contamination could take place based on chemicals discharged and as modelled by the risk modelling tool. Impact to the water column was also considered insignificant and related to physical impact from particles in upper part of the water column and only in the close vicinity of the discharge. Also for the water column no chemical contamination could take place based on chemicals discharged and as confirmed by the risk modelling performed. The conclusion from this study is that the objective was met. The paper proposes that physical impact is considered acceptable within certain distance from the well bore location. The size for such an area should be decided upon based on a case by case evaluation depending upon the extent of the drilling activity and the area.",Marine and Offshore Engineering Studies | Risk and Safety Analysis | Offshore Engineering and Technologies,Drilling | Environmental science | Water column | Sediment | Petroleum engineering | Marine engineering | Oceanography | Geology | Engineering | Mechanical engineering,Drilling | Environmental science | Water column | Sediment | Petroleum engineering | Marine engineering | Oceanography | Geology | Engineering | Mechanical engineering | Paleontology,https://openalex.org/W110869425 | https://openalex.org/W2010291084 | https://openalex.org/W2012868976 | https://openalex.org/W2085562466 | https://openalex.org/W2112400799 | https://openalex.org/W6676536844
OA_SED_DRILLING_01,SED_DRILLING,2026-08-13T20:14:42+00:00,https://openalex.org/W2024444034,https://doi.org/10.1115/etce2002/ee-29170,A Management Plan for the Offshore Disposal of Drilling Muds and Cuttings in Brunei: A Receiving Environment Based Approach,2002,2002-01-01,conference-paper,en,T. Earle Hickey | Mike M. J. Seymour | Stephen D. Sayle,https://openalex.org/A5045974756 | https://openalex.org/A5053982641 | https://openalex.org/A5054227647,"Engineering Technology Conference on Energy, Parts A and B",https://openalex.org/S4306509470,https://doi.org/10.1115/etce2002/ee-29170,False,closed,0,"An offshore survey and environmental assessment was conducted on the Brunei continental shelf offshore oil and gas concession area in 2000–2001. The results of the comparison of the environmental effects of previous ocean disposal of oilbased mud (OBM), water-based mud (WBM) and ester-based synthetic mud (ESBM) was used to prepare guidelines for atsea disposal of mud and cuttings based on the sensitivity of the receiving environment. The ranking, in terms of sensitivity of environmental components are as follows: 1) Shallow coral reefs; 2) Deep reefs; 3) Juvenile shrimp nursery areas; 4) Adult shrimp shallow coastal areas; 5) Adult shrimp mid-shelf areas; 6) the Brunei continental shelf; and, 7) Continental slope and deep water. Detailed instructions are presented for the handling and disposal of WBM and ESBM for each offshore zone. The guidelines are presented in a user-friendly format and provide: description of the environmental zone and it’s sensitivity; the disposal management strategy including options for disposal in order of preference; and requirements for planning, disposal and recommended monitoring and follow-up.",Marine and Offshore Engineering Studies | Reservoir Engineering and Simulation Methods | Drilling and Well Engineering,Submarine pipeline | Continental shelf | Shrimp | Reef | Drilling | Environmental impact assessment | Environmental science | Coral reef | Oceanography | Geology | Fishery | Engineering | Ecology,Submarine pipeline | Continental shelf | Shrimp | Reef | Drilling | Environmental impact assessment | Environmental science | Coral reef | Oceanography | Geology | Fishery | Engineering | Ecology | Biology | Mechanical engineering,
OA_SED_DRILLING_01,SED_DRILLING,2026-08-13T20:14:42+00:00,https://openalex.org/W4233458446,https://doi.org/10.2523/86727-ms,Protecting Shallow Water Environment through Re-injecting Drilling Wastes Down Hole: A Proactive Management Decision,2004,2004-03-01,conference-paper,en,Tzee Lee | M Radzuan b Yusof | Rosli Boni | Shaharuddin Rahman,https://openalex.org/A5012982181 | https://openalex.org/A5007219417 | https://openalex.org/A5015348376 | https://openalex.org/A5030977132,"Proceedings of SPE International Conference on Health, Safety, and Environment in Oil and Gas Exploration and Production",https://openalex.org/S4363608768,https://doi.org/10.2523/86727-ms,False,closed,0,"Protecting Shallow Water Environment through Re-injecting Drilling Wastes Down Hole: A Proactive Management Decision Tzee Wan Lee; Tzee Wan Lee Petronas Carigali Sdn Bhd Search for other works by this author on: This Site Google Scholar M. Radzuan b Yusof; M. Radzuan b Yusof Petronas Carigali Sdn Bhd Search for other works by this author on: This Site Google Scholar Rosli b Boni; Rosli b Boni Petronas Carigali Bahrain Ltd. Search for other works by this author on: This Site Google Scholar Shaharuddin Abdul Rahman Shaharuddin Abdul Rahman Petronas Carigali Sdn Bhd Search for other works by this author on: This Site Google Scholar Paper presented at the SPE International Conference on Health, Safety, and Environment in Oil and Gas Exploration and Production, Calgary, Alberta, Canada, March 2004. Paper Number: SPE-86727-MS https://doi.org/10.2118/86727-MS Published: March 29 2004 Cite View This Citation Add to Citation Manager Share Icon Share Twitter LinkedIn Get Permissions Search Site Citation Lee, Tzee Wan, Radzuan b Yusof, M., b Boni, Rosli, and Shaharuddin Abdul Rahman. ""Protecting Shallow Water Environment through Re-injecting Drilling Wastes Down Hole: A Proactive Management Decision."" Paper presented at the SPE International Conference on Health, Safety, and Environment in Oil and Gas Exploration and Production, Calgary, Alberta, Canada, March 2004. doi: https://doi.org/10.2118/86727-MS Download citation file: Ris (Zotero) Reference Manager EasyBib Bookends Mendeley Papers EndNote RefWorks BibTex Search Dropdown Menu toolbar search search input Search input auto suggest filter your search All ContentAll ProceedingsSociety of Petroleum Engineers (SPE)SPE International Conference and Exhibition on Health, Safety, Environment, and Sustainability Search Advanced Search AbstractPetronas Carigali Bahrain Ltd (PCBL) drilled two exploration wells in the shallow water environment offshore Bahrain in 2003. In order to protect the rich and sensitive natural environment with commercial and scientific importance due to the presence of a number of unique and rare habitat types namely, seagrass beds and coral reefs, PCBL conducted an ecological baseline survey to collect information prior to conducting an Enviornmental Impact Assessment. The main source of potential impact was expected to come from the drilling wastes, normally discharge overboard. In view of the sensitive environments, PCBL made a proactive decision to slurrify and re-inject drilling wastes down-hole in order to reduce the volume of plume producing solid and liquid effluent discharged into the marine environment. The environmental benefit realized from the decision has far exceeded the cost installation and operation of the cuttings reinjection unit.IntroductionBahrain is an achipelago of 33 islands, with a total of 590km of varied and rich coastline consists of sensitive natural environment with major commercial and scientific importance due to the presence of a number of unique and rare habitat types namely, algae, seagrass and coral reefs. The name Bahrain has been derived from two Arabic words meaning 'two seas', which refers to the phenomena of sweet water springs under the sea that mingle with the salt water. Since Bahrain looks to its sea for many of its resources, the country takes extreme care to protect its marine life. The marine environment surrounding Bahrain is a precious resource that sustains the people of Bahrain and the life around them.PETRONAS Carigali Bahrain Ltd (PCBL) signed an Exploration Production Sharing Agreement with the Government of Bahrain to explore two blocks offshore Bahrain in 2002/2003. The blocks, namely. Block IV & Block VI, are situated off the eastern coast of Bahrain Island. Block IV is located in a reef area called Fasht Adhorn where fishing activities are high and Block VI is close to Hawar Islands, the last of the true wilderness. Figure 1 shows the location of the two blocks. Keywords: block iv, bahrain government, petronas carigali bahrain ltd, management decision, potential impact, acceptable level, discharge, spe 86727, drilling waste, seagrass Subjects: Drilling Fluids and Materials, Environment, Waste management This content is only available via PDF. 2004. Society of Petroleum Engineers You can access this article if you purchase or spend a download.",Drilling and Well Engineering | Hydraulic Fracturing and Reservoir Analysis | Reservoir Engineering and Simulation Methods,Drilling | Environmental science | Petroleum engineering | Waves and shallow water | Computer science | Water resource management | Environmental resource management | Geology | Engineering | Oceanography | Mechanical engineering,Drilling | Environmental science | Petroleum engineering | Waves and shallow water | Computer science | Water resource management | Environmental resource management | Geology | Engineering | Oceanography | Mechanical engineering,
OA_SED_DRILLING_01,SED_DRILLING,2026-08-13T20:14:42+00:00,https://openalex.org/W2025352443,https://doi.org/10.2118/86727-ms,Protecting Shallow Water Environment through Re-Injecting Drilling Wastes Down Hole: A Proactive Management Decision,2004,2004-03-29,conference-paper,en,Tzee Wan Lee | Mohd Radzuan Bin Yusof | Rosli b Boni | Shaharuddin Abdul Rahman,https://openalex.org/A5045849159 | https://openalex.org/A5019460766 | https://openalex.org/A5062518689 | https://openalex.org/A5001796539,"SPE International Conference on Health, Safety and Environment in Oil and Gas Exploration and Production",https://openalex.org/S4306530672,https://doi.org/10.2118/86727-ms,False,closed,0,"Abstract Petronas Carigali Bahrain Ltd (PCBL) drilled two exploration wells in the shallow water environment offshore Bahrain in 2003. In order to protect the rich and sensitive natural environment with commercial and scientific importance due to the presence of a number of unique and rare habitat types namely, seagrass beds and coral reefs, PCBL conducted an ecological baseline survey to collect information prior to conducting an Enviornmental Impact Assessment. The main source of potential impact was expected to come from the drilling wastes, normally discharge overboard. In view of the sensitive environments, PCBL made a proactive decision to slurrify and re-inject drilling wastes down-hole in order to reduce the volume of plume producing solid and liquid effluent discharged into the marine environment. The environmental benefit realized from the decision has far exceeded the cost installation and operation of the cuttings reinjection unit.",Drilling and Well Engineering,Business | Drilling | Environmental resource management | Environmental science | Environmental planning | Water resource management | Petroleum engineering | Geology | Engineering,Business | Drilling | Environmental resource management | Environmental science | Environmental planning | Water resource management | Petroleum engineering | Geology | Engineering | Mechanical engineering,
OA_SED_DRILLING_01,SED_DRILLING,2026-08-13T20:14:42+00:00,https://openalex.org/W2019642100,https://doi.org/10.4043/4414-ms,Drilling and Production Effects on Corals - Offshore Philippines,1982,1982-05-03,conference-paper,en,James Curtis Quigel,https://openalex.org/A5040408253,Offshore Technology Conference,https://openalex.org/S4306521389,https://doi.org/10.4043/4414-ms,False,closed,0,"ABSTRACT Cities Service Company has recently developed the Nido Oilfield, located offshore, northwest of Palawan Island in the Philippines. The Matinloc discovery site, some 50 kilometers to the northeast of the Nido, is presently in the construction stages of development. Abundant coral growth has been observed in close proximity to the Nido area and at the Matinloc wellheads. The majority of the data gathered to date on drilling effects on corals has been obtained from artificial and somewhat exaggerated laboratory conditions. In May of 1981, a team of scientists from the United States Geological Survey, University of Miami Florida and the Smithsonian Institute, examined corals in those areas and in similar areas well-removed from any exploration or production activities. Preliminary plans were to focus on comparing growth of the corals before and after activities began in the areas. Opportunities arose during the field work to examine the cryptic organisms around the Matinloc and to do a statistical analysis of coral colony growth in the immediate vicinity of the produced water discharge from a Nido platform. This summarizes the results of the investigations and provides an update on any of the work that hasnot been completed. The conclusions may then be utilized in predicting the extent of impact on these biological communities that may be expected from offshore drilling and production operations. INTRODUCTION On February 1, 1979, Cities Service commenced the first commercial offshore oil production in the Philippines. Philippines Cities Service, Inc., is operator of the Nido complex off northwest Palawan for a consortium including Husky, Oriental Petroleum, Basic, Land Oil, Philodril, and the Philippine National Oil Company (PNOC). After identifying the Nido Reef Complex oil field in 1977, an innovative design, construction and development program enabled production from the field in less than 18 months. The production system chosen for development consisted of two four-pile well structures ('AW' and 'BW') and a four-pile production platform ('AP') (Figure 1). The 'AW' and 'BW' structures are connected by a 10-inch production line. The pipeline continues from 'AP' to a converted 103,550 dwt tanker moored to a Single Buoy System (SBS). This storage vessel is offloaded by ocean-going tankers utilizing either side-by-side or bow-to-bow loading methods. 3,4 The predominant topographical feature surrounding the Nido field is a drowned atoll. Numerous mounds, coral patches, boulders, and ridges are scattered over the seafloor inside the atoll. Water depths on the flanks of the atoll are less than 20 meters in many places while the 'BW' and 'A' structures stand in 78 meters and 42 meters of water respectively. Cities Service was aware of the abundance of corals and the associated productivity in areas encompassing the Nido field and around the Matinloc discovery site some 50 kilometers to the north of Nido. The international concern regarding offshore drilling and production around coral reefs prompted Cities' management to suggest the possibility of investigating effects on the corals from their operations.",Reservoir Engineering and Simulation Methods | Marine and Offshore Engineering Studies,Submarine pipeline | Production (economics) | Drilling | Geology | Petroleum engineering | Oceanography | Engineering | Economics | Mechanical engineering,Submarine pipeline | Production (economics) | Drilling | Geology | Petroleum engineering | Oceanography | Engineering | Economics | Mechanical engineering | Macroeconomics,
OA_SED_DRILLING_01,SED_DRILLING,2026-08-13T20:14:42+00:00,https://openalex.org/W202232845,,"The CORAMM (Coral Risk Assessment, Monitoring and Modelling",2009,2009-01-01,conference-paper,en,Laurenz Thomsen | Raeid M. M. Abed | Elke Allers | Melanie Bergmann | Dirk de Beer | Sarah Johnsen | Frederik De Laender | Ann I. Larsson | Tomas Lundälv | Tim W. Nattkemper | Ingunn Nilssen | Dick van Oevelen | Jörg Ontrup | Autun Purser | I. Rønning | Mathijs G.D. Smit | Usha Unnithan | Hannes Wagner | Tingting Wang,https://openalex.org/A5040357872 | https://openalex.org/A5020627076 | https://openalex.org/A5005233705 | https://openalex.org/A5084327362 | https://openalex.org/A5051662102 | https://openalex.org/A5031955808 | https://openalex.org/A5060111328 | https://openalex.org/A5039745780 | https://openalex.org/A5041045956 | https://openalex.org/A5033485866 | https://openalex.org/A5019958358 | https://openalex.org/A5057324054 | https://openalex.org/A5110231120 | https://openalex.org/A5035949322 | https://openalex.org/A5033765090 | https://openalex.org/A5043761791 | https://openalex.org/A5041978656 | https://openalex.org/A5026041727 | https://openalex.org/A5100447764,Helmholtz-Zentrum für Polar-und Meeresforschung (Alfred-Wegener-Institut),https://openalex.org/S4306400378,https://epic.awi.de/id/eprint/20430/1/Tho2009a.pdf,True,green,0,"CORAMM aims to improve our knowledge of the impacts of high suspended sediment loads and drill cuttings on cold water coral communities. The project is multidisciplinary in approach, with sedimentologists, biologists, modellers and representatives from StatoilHydro all involved in furthering the current understanding of these ecosystems. CORAMM has 4 workpackages: WP1 concentrates on the development of novel video and image analysis tools to enable a better and faster evaluation of Lophelia pertusa community structure and health status. WP2 assembles and further develops sensor systems for environmental monitoring with special emphasis on particle dynamics. These systems can be used as autonomous stand-alone units or can be linked to the internet. WP3 carries out specific experiments with live coral colonies to elucidate and predict the effect of different particle size and microbial composition. WP4 will build advanced ecosystem models for cold water corals and use a physiology- based approach to predict the effect of different sediment loads on the performance of cold water corals. Here, we present the outcome of the first 18 months of research.",Coral and Marine Ecosystems Studies,Coral | Multidisciplinary approach | Ecosystem | Environmental science | Ecology | Environmental resource management | Oceanography | Computer science | Geology | Biology,Coral | Multidisciplinary approach | Ecosystem | Environmental science | Ecology | Environmental resource management | Oceanography | Computer science | Geology | Biology | Sociology | Social science,
OA_SED_DRILLING_01,SED_DRILLING,2026-08-13T20:14:42+00:00,https://openalex.org/W79023756,,"The CORAMM (Coral Risk Assessment, Monitoring and Modelling) Project",2008,2008-01-01,conference-paper,en,Laurenz Thomsen | Raeid M. M. Abed | Elke Allers | Melanie Bergmann | Dirk de Beer | Sarah Johnsen | Frederik De Laender | Ann I. Larsson | Tomas Lundälv | Tim W. Nattkemper | Ingunn Nilssen | Dick van Oevelen | Jörg Ontrup | Autun Purser | I. Rønning | Mathijs G.D. Smit | Vikram Unnithan | Hannes Wagner | Tingting Wang,https://openalex.org/A5040357872 | https://openalex.org/A5020627076 | https://openalex.org/A5005233705 | https://openalex.org/A5084327362 | https://openalex.org/A5051662102 | https://openalex.org/A5031955808 | https://openalex.org/A5060111328 | https://openalex.org/A5039745780 | https://openalex.org/A5041045956 | https://openalex.org/A5033485866 | https://openalex.org/A5019958358 | https://openalex.org/A5057324054 | https://openalex.org/A5110231120 | https://openalex.org/A5035949322 | https://openalex.org/A5033765090 | https://openalex.org/A5043761791 | https://openalex.org/A5049765930 | https://openalex.org/A5026041727 | https://openalex.org/A5100447764,Helmholtz-Zentrum für Polar-und Meeresforschung (Alfred-Wegener-Institut),https://openalex.org/S4306400378,https://epic.awi.de/id/eprint/19506/1/Tho2008e.pdf,False,closed,0,"CORAMM aims to improve our knowledge of the impacts of high suspended sediment loads and drill cuttings on cold water coral communities. The project is multidisciplinary in approach, with sedimentologists, biologists, modellers and representatives from StatoilHydro all involved in furthering the current understanding of these ecosystems. CORAMM has 4 workpackages: WP1 concentrates on the development of novel video and image analysis tools to enable a better and faster evaluation of Lophelia pertusa community structure and health status. WP2 assembles and further develops sensor systems for environmental monitoring with special emphasis on particle dynamics. These systems can be used as autonomous stand-alone units or can be linked to the internet. WP3 carries out specific experiments with live coral colonies to elucidate and predict the effect of different particle size and microbial composition. WP4 will build advanced ecosystem models for cold water corals and use a physiologybased approach to predict the effect of different sediment loads on the performance of cold water corals. Here, we present the outcome of the first 18 months of research.",Coral and Marine Ecosystems Studies | Geochemistry and Geologic Mapping | Marine and fisheries research,Coral | Multidisciplinary approach | Ecosystem | Environmental science | Environmental resource management | Ecology | Computer science | Oceanography | Geology | Biology,Coral | Multidisciplinary approach | Ecosystem | Environmental science | Environmental resource management | Ecology | Computer science | Oceanography | Geology | Biology | Social science | Sociology,https://openalex.org/W1522629818 | https://openalex.org/W2010116464
OA_SED_DRILLING_01,SED_DRILLING,2026-08-13T20:14:42+00:00,https://openalex.org/W2684592601,https://doi.org/10.1071/aj95045,COOPERATIVE INDUSTRY APPROACH TO ENVIRONMENTAL INVESTIGATIONS IN THE TIMOR SEA,1996,1996-06-30,article,en,E.J. Pinceratto | George V. Oliver,https://openalex.org/A5056082587 | https://openalex.org/A5018630264,The APPEA Journal,https://openalex.org/S2764486497,https://doi.org/10.1071/aj95045,False,closed,3,"For more than 20 years, oil and gas exploration and production activities have been conducted in the Timor Sea region, including the Sahul Shelf. The Shelf is a large, shallow platform off the Northern Australian Coast, considered to be a recently drowned part of the Australian Platform. Seismic surveys have indicated submerged banks on the edge of this Shelf. Until recently, little was known of the physical nature of these banks, or their ecology. Environmental management of petroleum exploration and development activities in the area is required to avoid potentially impacting the surrounding environment. Accurate information on ecological systems is therefore required in order to design detailed Environmental Management Plans which aim to minimise impacts and protect the environment. BHP Petroleum and Woodside Offshore Petroleum, as operators of permits in the area, independently conducted baseline environmental investigations. This information was exchanged, and the cooperative effort between BHPP and Woodside resulted in a significantly improved environmental resource database, which will aid in the planning and implementation of effective environmental management of petroleum operations. The studies included:Accurate bathymetric surveys to determine the geomorphology of the banks.Acquisition of side-scan sonar for interpretation of substrate features and the preparation of preliminary habitat maps.Remotely Operated Vehicle (ROV) surveys to ground truth habitats, and to determine their distribution and species composition.Grab and drop-core sampling to validate ROV film and provide material for chemical and physical analysis.Collecting current data, to aid in the formulation of management strategies for the disposal of drilling discharges and for oil-spill contingency planning.Deep-water benthic trawling to determine the abundance and composition of epi-benthic macrofauna. The main conclusions were that submerged banks are reef-systems that have variable density of coral cover, which are dependant on depth (light intensity), and substrate type. Thirty metres is assumed to be the maximum depth for reef-flat coral growth. The outer rims of the banks support the highest density of coral growth, probably due to the prevailing strong currents which provide greater feeding opportunities and which maintain bare substrate suitable for colonisation. Bank slopes may support a moderate density of coral cover to 60 m. Where conditions are less favourable for coral growth, reef-flats support the macro-algae assemblages dominated by the coralline alga Halimeda, which contributes between 10–60 per cent substrate cover. Deep-water benthic habitats (&amp;gt;300m) support a low-abundance epi-benthic macrofauna.",Geological and Geophysical Studies | Marine and fisheries research | Global Energy and Sustainability Research,Petroleum | Submarine pipeline | Habitat | Bathymetry | Petroleum industry | Remotely operated underwater vehicle | Environmental resource management | Environmental science | Seabed | Baseline (sea) | Oceanography | Resource (disambiguation) | Geology | Computer science | Ecology | Environmental engineering,Petroleum | Submarine pipeline | Habitat | Bathymetry | Petroleum industry | Remotely operated underwater vehicle | Environmental resource management | Environmental science | Seabed | Baseline (sea) | Oceanography | Resource (disambiguation) | Geology | Computer science | Ecology | Environmental engineering | Paleontology | Biology | Robot | Mobile robot | Computer network | Artificial intelligence,
OA_SED_DRILLING_01,SED_DRILLING,2026-08-13T20:14:42+00:00,https://openalex.org/W4409744365,https://doi.org/10.1016/j.marenvres.2025.107166,Environmental effects monitoring of offshore oil and gas activities on the Norwegian continental shelf: A review,2025,2025-04-24,article,en,Jonny Beyer | Kari E. Ellingsen | Nigel G. Yoccoz | Pål Buhl‐Mortensen | T. Bakke,https://openalex.org/A5029156442 | https://openalex.org/A5064767338 | https://openalex.org/A5039078557 | https://openalex.org/A5072861457 | https://openalex.org/A5071558069,Marine Environmental Research,https://openalex.org/S205788060,https://doi.org/10.1016/j.marenvres.2025.107166,True,hybrid,4,"This review examines the evolution and findings of Norway's offshore environmental monitoring (OEM) program over the past five decades. The program targets soft sediments, water column organisms, and deep-water epifauna across the Norwegian Continental Shelf (NCS) to assess the impacts of offshore oil and gas activities. The program is required by Norwegian authorities and financed by oil and gas companies operating on the NCS. Initially prompted by widespread effects from oil-contaminated drill cuttings (OBM-DC) discharges, the first sediment quality monitoring came in 1973, and grew into a regional sediment quality monitoring program in 1995. A ban on discharge of OBM cuttings on the NCS was implemented in 1993, and the following years saw a clear reduction in areas with impacted sediments. Currently, significant contamination and macrofauna disturbances are typically confined within 250-500 m of DC discharge points. In the 1990s, concerns over increasing produced water (PW) discharges led to development of effect monitoring in the water column, with focus on fish and mussels as bioindicators. These in situ effect surveys have shown localized impacts near PW outlets. Other fish surveys have revealed elevated DNA adduct levels in demersal fish (haddock) in several areas on the NCS, but the causality of this phenomenon remains unclear. Deep-water petroleum exploration has necessitated visual surveys to map protected benthic epifauna communities, such as corals and sponges, though the methodology's suitability for assessing biological impact is uncertain. Future recommendations include redesigning sediment surveys to address combined stressors from the petroleum industry, fisheries, and climate change, adopting recent methodological and statistical advancements, and improving integration across program elements. This review describes how the offshore monitoring on the NCS has evolved in response to changing environmental concerns, regulations and industrial practices, providing insights for enhancing ecological protection in offshore petroleum activities.",Oil Spill Detection and Mitigation | Atmospheric and Environmental Gas Dynamics | Toxic Organic Pollutants Impact,Continental shelf | Norwegian | Submarine pipeline | Oceanography | Environmental science | Offshore oil and gas | Fishery | Oil spill | Fossil fuel | Geology | Environmental protection | Ecology | Biology,Continental shelf | Norwegian | Submarine pipeline | Oceanography | Environmental science | Offshore oil and gas | Fishery | Oil spill | Fossil fuel | Geology | Environmental protection | Ecology | Biology | Linguistics | Philosophy,https://openalex.org/W261569459 | https://openalex.org/W611638441 | https://openalex.org/W988842781 | https://openalex.org/W1251344245 | https://openalex.org/W1496664358 | https://openalex.org/W1536709819 | https://openalex.org/W1567622359 | https://openalex.org/W1591990737 | https://openalex.org/W1851797270 | https://openalex.org/W1965078639 | https://openalex.org/W1965363941 | https://openalex.org/W1966082722 | https://openalex.org/W1966789770 | https://openalex.org/W1967016045 | https://openalex.org/W1970068596 | https://openalex.org/W1970502777 | https://openalex.org/W1971835580 | https://openalex.org/W1972375520 | https://openalex.org/W1972732017 | https://openalex.org/W1972905575 | https://openalex.org/W1973833262 | https://openalex.org/W1976326673 | https://openalex.org/W1978603648 | https://openalex.org/W1979999898 | https://openalex.org/W1982115835 | https://openalex.org/W1982641977 | https://openalex.org/W1986105505 | https://openalex.org/W1987094507 | https://openalex.org/W1987708571 | https://openalex.org/W1990700067 | https://openalex.org/W1993370093 | https://openalex.org/W1993668342 | https://openalex.org/W1993798663 | https://openalex.org/W1998433278 | https://openalex.org/W2001423990 | https://openalex.org/W2001773212 | https://openalex.org/W2002828154 | https://openalex.org/W2003423083 | https://openalex.org/W2006231578 | https://openalex.org/W2009013498 | https://openalex.org/W2010007119 | https://openalex.org/W2010436309 | https://openalex.org/W2011622100 | https://openalex.org/W2014641529 | https://openalex.org/W2018313305 | https://openalex.org/W2019492714 | https://openalex.org/W2020174742 | https://openalex.org/W2020597160 | https://openalex.org/W2020938932 | https://openalex.org/W2021782116 | https://openalex.org/W2023704290 | https://openalex.org/W2024264346 | https://openalex.org/W2024280186 | https://openalex.org/W2024685462 | https://openalex.org/W2024997846 | https://openalex.org/W2028149720 | https://openalex.org/W2029143081 | https://openalex.org/W2030667065 | https://openalex.org/W2031883826 | https://openalex.org/W2032988400 | https://openalex.org/W2035985796 | https://openalex.org/W2037153550 | https://openalex.org/W2037250742 | https://openalex.org/W2039341355 | https://openalex.org/W2039680090 | https://openalex.org/W2039736746 | https://openalex.org/W2040090212 | https://openalex.org/W2040917952 | https://openalex.org/W2042423653 | https://openalex.org/W2043363073 | https://openalex.org/W2043660292 | https://openalex.org/W2044818912 | https://openalex.org/W2045937037 | https://openalex.org/W2046619930 | https://openalex.org/W2046700306 | https://openalex.org/W2051551500 | https://openalex.org/W2051895795 | https://openalex.org/W2053042547 | https://openalex.org/W2055560718 | https://openalex.org/W2057924434 | https://openalex.org/W2065516991 | https://openalex.org/W2072713835 | https://openalex.org/W2075347676 | https://openalex.org/W2076362168 | https://openalex.org/W2076396536 | https://openalex.org/W2076940944 | https://openalex.org/W2081456032 | https://openalex.org/W2085562466 | https://openalex.org/W2086489394 | https://openalex.org/W2087437054 | https://openalex.org/W2089207227 | https://openalex.org/W2089725985 | https://openalex.org/W2091927621 | https://openalex.org/W2092935462 | https://openalex.org/W2095119330 | https://openalex.org/W2098012392 | https://openalex.org/W2098403307 | https://openalex.org/W2098944081 | https://openalex.org/W2109672841 | https://openalex.org/W2115590352 | https://openalex.org/W2115937990 | https://openalex.org/W2117922339 | https://openalex.org/W2125430724 | https://openalex.org/W2125985347 | https://openalex.org/W2126021075 | https://openalex.org/W2127037191 | https://openalex.org/W2127366570 | https://openalex.org/W2128329009 | https://openalex.org/W2131522955 | https://openalex.org/W2138008481 | https://openalex.org/W2139650647 | https://openalex.org/W2149242340 | https://openalex.org/W2149279188 | https://openalex.org/W2158321320 | https://openalex.org/W2160612910 | https://openalex.org/W2164198549 | https://openalex.org/W2170114755 | https://openalex.org/W2171010898 | https://openalex.org/W2227884484 | https://openalex.org/W2265474839 | https://openalex.org/W2294366441 | https://openalex.org/W2316739595 | https://openalex.org/W2332616104 | https://openalex.org/W2340227703 | https://openalex.org/W2361194890 | https://openalex.org/W2463509603 | https://openalex.org/W2465824271 | https://openalex.org/W2466217052 | https://openalex.org/W2473345511 | https://openalex.org/W2490879387 | https://openalex.org/W2493815267 | https://openalex.org/W2512938197 | https://openalex.org/W2529772462 | https://openalex.org/W2579458543 | https://openalex.org/W2582608322 | https://openalex.org/W2588332601 | https://openalex.org/W2614442628 | https://openalex.org/W2651673953 | https://openalex.org/W2689500073 | https://openalex.org/W2750274932 | https://openalex.org/W2751730517 | https://openalex.org/W2753481758 | https://openalex.org/W2766456971 | https://openalex.org/W2767150563 | https://openalex.org/W2795307330 | https://openalex.org/W2802303120 | https://openalex.org/W2804882577 | https://openalex.org/W2889966659 | https://openalex.org/W2890488192 | https://openalex.org/W2895831707 | https://openalex.org/W2898299688 | https://openalex.org/W2907423837 | https://openalex.org/W2916166461 | https://openalex.org/W2916319519 | https://openalex.org/W2917308497 | https://openalex.org/W2917583134 | https://openalex.org/W2922066835 | https://openalex.org/W2941428070 | https://openalex.org/W2943747632 | https://openalex.org/W2945287161 | https://openalex.org/W2966564234 | https://openalex.org/W2978242262 | https://openalex.org/W2993540464 | https://openalex.org/W3002699777 | https://openalex.org/W3013447735 | https://openalex.org/W3019785981 | https://openalex.org/W3020394397 | https://openalex.org/W3047728884 | https://openalex.org/W3088706320 | https://openalex.org/W3088975138 | https://openalex.org/W3091553784 | https://openalex.org/W3093122654 | https://openalex.org/W3094478882 | https://openalex.org/W3096966449 | https://openalex.org/W3126207199 | https://openalex.org/W3136053247 | https://openalex.org/W3162325610 | https://openalex.org/W3187624619 | https://openalex.org/W3207534674 | https://openalex.org/W3217109449 | https://openalex.org/W4213284820 | https://openalex.org/W4229032308 | https://openalex.org/W4231783237 | https://openalex.org/W4237739875 | https://openalex.org/W4283168155 | https://openalex.org/W4296268692 | https://openalex.org/W4301811240 | https://openalex.org/W4304608995 | https://openalex.org/W4309098385 | https://openalex.org/W4310644684 | https://openalex.org/W4319455955 | https://openalex.org/W4319826094 | https://openalex.org/W4320800150 | https://openalex.org/W4323364261 | https://openalex.org/W4360884874 | https://openalex.org/W4361269186 | https://openalex.org/W4363646755 | https://openalex.org/W4367399579 | https://openalex.org/W4376225922 | https://openalex.org/W4380878150 | https://openalex.org/W4384120505 | https://openalex.org/W4387761433 | https://openalex.org/W4387823059 | https://openalex.org/W4388745594 | https://openalex.org/W4390645601 | https://openalex.org/W4392509386 | https://openalex.org/W4396786053 | https://openalex.org/W4406494132 | https://openalex.org/W6605220578 | https://openalex.org/W6627077562 | https://openalex.org/W6630010076 | https://openalex.org/W6635369144 | https://openalex.org/W6664888190 | https://openalex.org/W6687555906 | https://openalex.org/W6738075601 | https://openalex.org/W6754531405 | https://openalex.org/W6768499486 | https://openalex.org/W6796111459 | https://openalex.org/W7039204958
OA_SED_DRILLING_01,SED_DRILLING,2026-08-13T20:14:42+00:00,https://openalex.org/W7133279083,,Avoidance and Mitigation of Coral and Sponge Species During Exploratory Drilling Activities Offshore Newfoundland and Labrador,2022,2022-01-01,report,en,L. Gullage | V. Hayes | B. M. Neves | N. Wells | F. Cyr | F. J. Murillo,https://openalex.org/A5127833378 | https://openalex.org/A5127804375 | https://openalex.org/A5127813848 | https://openalex.org/A5127871842 | https://openalex.org/A5127853534 | https://openalex.org/A5127837854,Federal Open Science Repository of Canada / Le Dépôt fédéral de science ouverte du Canada,https://openalex.org/S7407055455,https://open-science.canada.ca/handle/123456789/1614,True,green,0,"An investigation was conducted into the likely impacts of exploratory drilling to coral and sponge species in the Newfoundland and Labrador (NL) region, as well as the ways in which avoidance and mitigation measures can be applied to reduce them. Impacts described in existing literature suggest that coral and sponge species may experience changes in behaviour (e.g. feeding, reproduction), fitness, and survival as a result of physical damage, exposure to chemicals, and/or excess sedimentation which result from exploratory drilling activities. As outlined in the Fisheries Act, it is recommended that a “mitigation hierarchy” of: (1) avoid, (2) mitigate, (3) offset, be used to reduce risks to biodiversity. However, because offsetting impacts would not generally be compatible with benthic conservation objectives, they are not discussed in depth in this report. Following this hierarchy, the avoidance of exploratory drilling in existing special areas that have been previously delineated based on the presence of coral and/or sponge species in high densities is essential for preserving biodiversity in the region. This would include Significant Benthic Areas (SiBAs), Vulnerable Marine Ecosystems (VMEs), and any sites where the zone of influence from exploratory drilling would overlap SiBA or VME boundaries. Avoidance in areas outside SiBAs and VMEs where the density of coral and sponge species observed during pre-drill surveys meets the thresholds used to define SiBAs and VMEs is also of high importance. In addition, various modifications to existing exploratory drilling processes, intended to mitigate the impacts to coral and sponge species, without considerations to engineering and/or economic impacts, have also been outlined within the report. They would allow for reductions to the area of impact, the amount of cuttings generated, and the release of drilling muds into the environment, thereby reducing the overall impact to coral and sponge species in the area.",,Benthic zone | Coral | Coral reef | Submarine pipeline | Drilling | Ecosystem | Biodiversity,Benthic zone | Coral | Coral reef | Submarine pipeline | Drilling | Environmental science | Ecosystem | Biodiversity | Fishery | Offshore drilling | Sponge | Marine protected area | Marine ecosystem | Ecology | Oceanography | Marine conservation | Sedimentation | Environmental resource management | Geology,
OA_SED_DRILLING_01,SED_DRILLING,2026-08-13T20:14:42+00:00,https://openalex.org/W1964529193,https://doi.org/10.2118/167860-ms,Advances in Integrated Environmental Monitoring,2014,2014-04-01,conference-paper,en,Harald Wesenberg | Vidar Hepsø | Anders Hermansen,https://openalex.org/A5025939800 | https://openalex.org/A5003661715 | https://openalex.org/A5060251241,,,https://doi.org/10.2118/167860-ms,False,closed,1,"Abstract The term Integrated Environmental Monitoring (IEM) refers to the tight coupling of sensor based real-time environmental monitoring with day-to-day operations. In that perspective IEM extends the traditional meaning of the term environmental monitoring by including discharge control, leak detection and remote sensing. Using offshore operations as an example, environmental monitoring has often been perceived to mean off-line sampling of seabed sediments and the water column during annual and triennial campaigns by ship. Whereas such monitoring has its place in a total monitoring programme, advances in technology and methodology open up for more flexible and real-time sensor based monitoring which can be tied closely to daily operations in the oil and gas industry. Statoil has been working for the past few years to develop an integrated approach to environmental monitoring (IEM). Now, the first version of the software, developed together with partners, is ready for use during drilling operations to monitor dispersion of drill cuttings and resulting risks to cold water corals and other sensitive areas subsea. Both the planning, execution and post-operation phase of environmental assessment related to such operations are covered. In this paper we take a look at the key components of the system (sensors, data integration, models/analytics and presentation) and review the implications for future drilling operations in sensitive areas.",Oil Spill Detection and Mitigation | Drilling and Well Engineering | Reservoir Engineering and Simulation Methods,Subsea | Environmental monitoring | Software deployment | Offshore drilling | Systems engineering | Environmental science | Environmental impact assessment | Computer science | Analytics | Submarine pipeline | Engineering | Marine engineering | Environmental engineering | Data science,Subsea | Environmental monitoring | Software deployment | Offshore drilling | Systems engineering | Environmental science | Environmental impact assessment | Computer science | Analytics | Submarine pipeline | Engineering | Marine engineering | Environmental engineering | Data science | Biology | Ecology | Geotechnical engineering | Operating system,https://openalex.org/W1503503648 | https://openalex.org/W1512380751 | https://openalex.org/W1977559120 | https://openalex.org/W1993068309 | https://openalex.org/W2016917769 | https://openalex.org/W2018983376 | https://openalex.org/W2021304417 | https://openalex.org/W2034498581 | https://openalex.org/W2050833138 | https://openalex.org/W2055956224 | https://openalex.org/W2072193727 | https://openalex.org/W2075279626 | https://openalex.org/W2121154231 | https://openalex.org/W2129928090 | https://openalex.org/W2149242340 | https://openalex.org/W2154714662 | https://openalex.org/W2394854270 | https://openalex.org/W4256309562 | https://openalex.org/W6630098439
OA_SED_DRILLING_01,SED_DRILLING,2026-08-13T20:14:42+00:00,https://openalex.org/W4245287369,https://doi.org/10.2523/28820-ms,A Unique Experience With Foamed Cement,1994,1994-10-01,conference-paper,en,Bernard Piot | Rémi Ferrière | B. Fraboulet,https://openalex.org/A5112803834 | https://openalex.org/A5032115577 | https://openalex.org/A5069170470,Proceedings of European Petroleum Conference,https://openalex.org/S4363607779,https://doi.org/10.2523/28820-ms,False,closed,1,"A Unique Experience With Foamed Cement Bernard Piot; Bernard Piot Search for other works by this author on: This Site Google Scholar Remi Ferriere; Remi Ferriere Search for other works by this author on: This Site Google Scholar Bernard Fraboulet Bernard Fraboulet Search for other works by this author on: This Site Google Scholar Paper presented at the European Petroleum Conference, London, United Kingdom, October 1994. Paper Number: SPE-28820-MS https://doi.org/10.2118/28820-MS Published: October 25 1994 Cite View This Citation Add to Citation Manager Share Icon Share MailTo Twitter LinkedIn Get Permissions Search Site Citation Piot, Bernard, Ferriere, Remi, and Bernard Fraboulet. ""A Unique Experience With Foamed Cement."" Paper presented at the European Petroleum Conference, London, United Kingdom, October 1994. doi: https://doi.org/10.2118/28820-MS Download citation file: Ris (Zotero) Reference Manager EasyBib Bookends Mendeley Papers EndNote RefWorks BibTex Search Dropdown Menu toolbar search search input Search input auto suggest filter your search All ContentAll ProceedingsSociety of Petroleum Engineers (SPE)SPE Europec featured at EAGE Conference and Exhibition Search Advanced Search An extensive laboratory program showed that foamed cement was the only technically feasible solution to prepare a ""floating"" cement plug for solving severe lost circulation problems in big caverns. The technique had, however, to be adapted to fit well conditions that are relatively unusual in the oil field: the cement slurry should not become diluted and destabilized upon exiting the drill pipe and entering the 60-plus inches wellbore and the huge caves, several feet in radius, both filled with sea water. Moreover, the foam had to remain stable, even when surrounded by large volume of water, until cement setting.Therefore a technique of using ""protective"" fluids was devised. In addition, logistics dictated the use of compressed air rather than nitrogen to prepare the foamed slurry. Therefore special gas metering and regulation devices were used for the first time in the oil field in order to automate the process and get a perfect control of the slurry density whatever the slurry mixing and pumping rates.Before field implementation, the metering and regulation device was successfully yard tested, the gas phase being supplied by nitrogen bottles. The successful field implementation with air compressors, together with the ""protective"" fluid technique to combat lost circulation in loose coral reef and in*highly fractured dolomitic formation, is described.*IntroductionAn operator encountered two zones of massive lost circulation. The first one was situated at the base of a reef structure, where direct communication between the wellbore and the open sea could be easily identified: tidal flow could be observed, and because of this strong current and water flow, everything being pumped downhole was shortly washed away. The second zone was near the base of a sedimentary structure where intense dolomitization and fracturing of the limestone had occurred. This dolomitization created huge caverns. Normal hole size was fairly big, the well being drilled with special 60-in ""bits"", but in these two lost circulation zones huge caves, several tens of feet in radius, could be measured with ultrasonic techniques. In some limited areas, there was even no echo coming back indicating that the walls of the caves were quite far away. Obvious well safety and integrity reasons, which will not be discussed here, dictated the plugging of these zones and the consolidation of the walls of these caves.Most of the time the wells had to be reworked and consolidated long after the problematic zones were drilled. Hence a long hole section was open below these caves. Therefore a simple standard cement plug could not be spotted just across them. Similarly the long and large open hole could not be filled with cement, as this would have amounted to huge volumes of slurry and to excessive redrilling times.P. 127^ Keywords: cement plug, silicate solution, destabilization, regulation, spe 28820, casing and cementing, foam cement, reservoir surveillance, plug, cement formulation Subjects: Drilling Fluids and Materials, Casing and Cementing, Well & Reservoir Surveillance and Monitoring, Drilling fluid management & disposal, Cement formulation (chemistry, properties), Downhole and wellsite flow metering This content is only available via PDF. 1994. Society of Petroleum Engineers You can access this article if you purchase or spend a download.",Drilling and Well Engineering | Tunneling and Rock Mechanics | Hydraulic Fracturing and Reservoir Analysis,Citation | Exhibition | Engineering | Archaeology | World Wide Web | Library science | Computer science | History,Citation | Exhibition | Engineering | Archaeology | World Wide Web | Library science | Computer science | History,
OA_SED_DRILLING_01,SED_DRILLING,2026-08-13T20:14:42+00:00,https://openalex.org/W125616473,,Recovery at Morvin: SERPENT final report,2010,2010-07-01,book,en,Andrew R. Gates | Daniel O. B. Jones,https://openalex.org/A5061270297 | https://openalex.org/A5023507982,ePrints Soton (University of Southampton),https://openalex.org/S4306401019,https://eprints.soton.ac.uk/194195/1/NOCSR_26C_86_Morvin.pdf,True,green,0,"Recovery from disturbance is poorly understood in deep water, but the extent of anthropogenic impacts is becoming increasingly well documented. We used Remotely Operated Vehicles (ROV) to visually assess the change in benthic habitat after exploratory hydrocarbon drilling disturbance around the Morvin well located at 380m depth in the Norwegian Sea.<br/><br/>An ROV, launched directly from the rig drilling the well in 2006 was used to carry out video transects around the well before drilling and immediately after. On a return to the site three years after disturbance a larger survey was conducted with a ship-launched ROV in 2009. Transects were repeated at the disturbed area and random background transects were taken. Visible drill cuttings were mapped for each survey, and positions and counts of epibenthic invertebrate megafauna were determined, revealing a fauna dominated by Cnidaria (45% of total observations) and Porifera (33%).<br/><br/>Immediately after disturbance a visible cuttings pile extended to over 100m from the well and megafaunal density was significantly reduced (0.07 individuals m-2) in comparison to pre-drill data (0.23 ind. m-2). Three years later the visible extent of the cuttings pile had reduced in size, reaching 60m from the well and considerably less in some headings. In comparison to background transects (0.21 ind. m-2), megafaunal density was significantly reduced on the remaining cuttings (0.04m-2), but beyond the visible disturbance there was no significant difference (0.15m-2). The investigation at this site shows a return to background densities of megafaunal organisms over a large extent of the area previously disturbed. However a central area, where the initial cuttings pile was deepest, demonstrated reduced sessile megafaunal density which persisted three years after disturbance. Elevated Barium concentration and reduced sediment grain size suggests persistence of disturbance beyond the remaining visibly impacted area which may result in changes to the infaunal communities undetectable by ROV video survey.",Marine Biology and Ecology Research | Marine and fisheries research,Megafauna | Transect | Benthic zone | Remotely operated vehicle | Oceanography | Belt transect | Fauna | Disturbance (geology) | Environmental science | Geology | Ecology | Paleontology | Biology | Pleistocene,Megafauna | Transect | Benthic zone | Remotely operated vehicle | Oceanography | Belt transect | Fauna | Disturbance (geology) | Environmental science | Geology | Ecology | Paleontology | Biology | Pleistocene,
OA_SED_DRILLING_01,SED_DRILLING,2026-08-13T20:14:42+00:00,https://openalex.org/W3109627520,,"IMPLEMENTASI DARI MARPOL 73/78 TERHADAP DUMPING OPERATION WATER BASE MUD (WBM) KE LAUT, DI KAPAL WM MAKASSAR",2019,2019-01-01,article,id,Yusup Abdilah Dede,https://openalex.org/A5040005906,,,http://repository.unimar-amni.ac.id/2712/,False,closed,0,"It is necessary to implement the government rules and regulations of the Convention on Prevention of Marine Pollution by dumping waste and other materials to control all sources of marine pollution and prevent marine pollution through the regulation of dumping into the ocean by waste. So the author hopes after reading this paper can add insight into the readers about the implementation of Marpol 73/78 in the dumping activities carried out by WM Makassar. Can know the procedures and requirements that must be carried out and fulfilled to be able to dump drilling waste (WBM). With the method of data collection both observation, interview, and library research that the author collected. The implementation of Marpol on WBM dumping in WM Makassar such as: In accordance with the objects or targets of Marpol 73/78 namely avoiding pollution and maintaining the human environment in general and also protecting the marine environment in particular. This is evidenced by having passed the first test test for WBM drilling mud conducted by PT. Pertamina Hulu Mahakam and PT. PLKK. The tests included TCLP and LC50 tests to measure toxic and PH levels contained in the WBM drill mud according to ESDM Regulation No. 45 of 2006 concerning Management of Drilling Sludge in Oil and Gas Drilling which requires environmental friendly drilling mud; In accordance with the second Goals (goals) of Marpol 73/78 namely to reduce or reduce the number of pollution incidents at sea. The WBM drill mud has been tested and meets environmental quality standards, where the quality standards for seawater and waste are appropriate. Disposal is carried out systematically at each dumping point alternately in a special area not fixed at one point so that there is no accumulation of mud on the seabed. The seabed conditions at the dumping location must be muddy and far from coral reefs, with a minimum depth of 50 meters; Marpol Tools (equipment) in this case the Minister as the Flag State Control of the Indonesian state has given a special permit for this dumping activity. PT. Pertamina Hulu Mahakam as one of the BUMNs in Indonesia must protect the ecosystem in the territorial waters of Indonesia as a source of energy production for the world. The local government as Port State Control also always oversees offshore drilling activities by conducting routine patrols so that no pollution arises from these activities.



Keywords	: Dumping, Pollution, Marpol",Environmental Engineering and Cultural Studies | Management and Optimization Techniques | Geological and Geophysical Studies,Dumping | Mud logging | Marine pollution | Engineering | Drilling | Waste management | Drilling fluid | Pollution | Environmental science | Business,Dumping | Mud logging | Marine pollution | Engineering | Drilling | Waste management | Drilling fluid | Pollution | Environmental science | Business | Mechanical engineering | Biology | International trade | Ecology,
OA_SED_DRILLING_01,SED_DRILLING,2026-08-13T20:14:42+00:00,https://openalex.org/W104937633,,Impact of offshore exploratory drilling: Is it significant: You be the judge,1994,1994-09-01,article,en,Eugene A. Shinn | Barbara H. Lidz | Christopher D. Reich,https://openalex.org/A5090784465 | https://openalex.org/A5109056488 | https://openalex.org/A5019335424,AAPG Bulletin,https://openalex.org/S144020083,http://www.osti.gov/scitech/biblio/96264-impact-offshore-exploratory-drilling-significant-you-judge,False,closed,0,"Twelve exploratory well sites in the eastern Gulf of Mexico were examined using scuba and two research submersibles. When examined, the period of time since cessation of drilling ranged from 15 months to 28 years. Sites studied using scuba ranged from 5 to 25 m deep, and environments included coral reefs, grass beds, and rippled sand bottoms. Biological assessment methods were used to evaluate impacts of drilling. Deeper sites examined using research submersibles ranged from 21 to 150 m of water and environments included tropical hard bottoms, coarse sand (both quartz and carbonate), mud, pinnacle reefs. This study focused on quantitative measurement and distribution of drill cuttings, barium, and trace metals. The areas impacted ranged from a few square meters (1/200th of an ac) to 13,352 m{sup 2} (more than 3 ac). Recovery to predrilling conditions was essentially complete at several sites, but some, especially the deep-water sites, will require many years. Recovery, defined as burial, overgrowth, or removal of cuttings and barium by storm-generated waves and currents, is controlled primarily by water depth, temperature, and water clarity. Shallow-water sites (<40 m) return to predrilling conditions much more quickly (5-15 yr) than do deeper sites, where water temperature is low,more » water and sediment movement is reduced, and the growth rate of encrusting organisms is slow. Used welding rods, the most common and useful indicator of offshore drilling activity, have a seafloor life of between 20 and 30 yr. At sites having the most debris or structures, fish abundance and diversity are invariably enhanced. Conversely, resident fish were absent from a 17-yr-old site, where the borehole and other debris were obscured by sediment.« less",Marine and fisheries research | Coral and Marine Ecosystems Studies,Geology | Reef | Drilling | Oceanography | Drill cuttings | Submarine pipeline | Seafloor spreading | Scientific drilling | Sediment | Scuba diving | Shoal | Hydrology (agriculture) | Drilling fluid | Geomorphology,Geology | Reef | Drilling | Oceanography | Drill cuttings | Submarine pipeline | Seafloor spreading | Scientific drilling | Sediment | Scuba diving | Shoal | Hydrology (agriculture) | Drilling fluid | Geomorphology | Geotechnical engineering | Mechanical engineering | Engineering,
OA_SED_DRILLING_01,SED_DRILLING,2026-08-13T20:14:42+00:00,https://openalex.org/W2056496346,https://doi.org/10.1680/iicep.1963.10405,"JAMES FORREST LECTURE, 1963. BORING DEEP INTO THE EARTH.",1963,1963-11-01,article,en,T. Gaskell | B P,https://openalex.org/A5076718237 | ,Proceedings of the Institution of Civil Engineers,https://openalex.org/S4210175763,https://doi.org/10.1680/iicep.1963.10405,False,closed,0,"Keywords BRITISH PETROLEUM, BP BORING, EARTH, DEEP, BOREHOLES, GEOPHYSICS, SAMPLING, CORAL, REEFS, ATOLLS, GEOLOGY, EARTHQUAKES, WAVES, ROCKS, SEABED, SEA FLOOR, MANTLE, DRILLS, PIPES, DRILLING, CUTTING, BITS... Show All",Maritime and Coastal Archaeology | American Environmental and Regional History | Marine and environmental studies,Earth (classical element) | Astrobiology | Geology | History | Art history | Art | Astronomy | Biology | Physics,Earth (classical element) | Astrobiology | Geology | History | Art history | Art | Astronomy | Biology | Physics,
OA_SED_DRILLING_01,SED_DRILLING,2026-08-13T20:14:42+00:00,https://openalex.org/W2011668734,https://doi.org/10.4043/4061-ms,Environmental Monitoring Of Three Exploratory Oil And Gas Wells Drilled Near The East Flower Garden Bank In The Gulf Of Mexico,1981,1981-01-01,conference-paper,en,David A. Gettleson | Russel E. Putt | Richard M. Hammer | Chae E. Laird,https://openalex.org/A5040672844 | https://openalex.org/A5111648357 | https://openalex.org/A5010638397 | https://openalex.org/A5041531293,Offshore Technology Conference,https://openalex.org/S4306521389,https://doi.org/10.4043/4061-ms,False,closed,0,"The results of two marine environmental monitoring programs associated with the drilling of three exploratory wells near the East Flower Garden Bank on the outer continental shelf of the northwest Gulf of Mexico are described. The purpose of the monitoring programs was to define the spatial distribution of the discharged drilling fluids relative to the Bank and assess the apparent health of the predominant reef-building corals of the East Flower Garden Bank before, during, and after the drilling operations. The monitoring programs demonstrated that detectable quantities of the drilling fluids in the surficial sediments were distributed to a distance exceeding 1000 meters from the near-surface discharged well.",Drilling and Well Engineering | Reservoir Engineering and Simulation Methods,Fossil fuel | Petroleum | Petroleum engineering | Environmental science | Geology | Waste management | Engineering | Paleontology,Fossil fuel | Petroleum | Petroleum engineering | Environmental science | Geology | Waste management | Engineering | Paleontology,
OA_SED_DRILLING_01,SED_DRILLING,2026-08-13T20:14:42+00:00,https://openalex.org/W2314583085,,"Karst Recognition & Reservoir Impact, Yadana Field, Offshore Myanmar",1996,1996-01-01,article,en,Philippe Lapointe | John M. Hurst | Art Saller | U. Kyaw Nyein | U Myint Oo | U Thet Tun,https://openalex.org/A5029808057 | https://openalex.org/A5111450132 | https://openalex.org/A5112064648 | https://openalex.org/A5083264724 | https://openalex.org/A5031747252 | https://openalex.org/A5008319117,,,http://archives.datapages.com/data/southeast-asia-petroleum-exploration-society/data/018/018001/pdfs/225.pdf,False,closed,0,"Abstract The main gas reservoir in the Yadana field, offshore Myanmar, occurs in Early Miocene shallow marine limestones. Losses of drilling mud were recorded in the same intervals as karstic features observed in cores: subaerial exposure surfaces, breccia and large solution cavities filled with drilling mud. Thin section analysis confirms multiple stages of karstic dissolution and infilling. The stable carbon and oxygen composition of most bulk limestones are typical of normal marine carbonate, however neomorphosed corals in some intervals have isotopic compositions characteristics of fresh water diagenesis. Karst features are also recorded on wireline logs and correspond to intervals cemented during emergence. They appear dense on sonic log and correspond to strong amplitude events on seismic. Seismic amplitude maps reveal an anisotropic distribution of karst related events superimposed on an atoll like deposition model. Dense intervals with porosities of approximately 5% are scattered through the reservoir which has an average porosity of approximately 25%. The karst related processes enhanced vertical permeability in the dense intervals, allowing good fluid flow between the better reservoir units.",Geological and Geophysical Studies | Geological formations and processes | Methane Hydrates and Related Phenomena,Geology | Karst | Subaerial | Diagenesis | Carbonate | Submarine pipeline | Drilling | Oil field | Facies | Petrology | Breccia | Geomorphology | Geochemistry | Paleontology | Geotechnical engineering | Structural basin,Geology | Karst | Subaerial | Diagenesis | Carbonate | Submarine pipeline | Drilling | Oil field | Facies | Petrology | Breccia | Geomorphology | Geochemistry | Paleontology | Geotechnical engineering | Structural basin | Engineering | Mechanical engineering | Metallurgy | Materials science,
OA_SED_DRILLING_01,SED_DRILLING,2026-08-13T20:14:42+00:00,https://openalex.org/W2210618103,,Abstract: Impact of Offshore Exploratory Drilling: Is it Significant? You Be the Judge,1994,1994-01-01,conference-abstract,en,Eugene A. Shinn | Barbara H. Lidz | Christopher D. Reich,https://openalex.org/A5090784465 | https://openalex.org/A5109056488 | https://openalex.org/A5019335424,,,http://archives.datapages.com/data/gcags/data/044/044001/pdfs/0771.pdf,False,closed,0,"ABSTRACT Twelve exploratory well sites in the eastern Gulf of Mexico were examined using scuba and two research submersibles. When examined, the period of time since cessation of drilling ranged from 15 months to 28 years. Sites studied using scuba ranged from 5 to 25 m deep, and environments included coral reefs, grass beds, and rippled sand bottoms. Biological assessment methods were used to evaluate impacts of drilling. Deeper sites examined using research submersibles ranged from 21 to 150 m of water, and environments included tropical hard bottoms, coarse sand (both quartz and carbonate), mud, and pinnacle reefs. This study focused on quantitative measurement and distribution of drill cuttings, barium, and trace metals. The areas impacted ranged from a few square meters (1/200th of an ac) to 13,352 m2 (more than 3 ac). Recovery to predrilling conditions was essentially complete at several sites, but some, especially the deep-water sites, will require many years. Recovery, defined as burial, overgrowth, or removal of cuttings and barium by storm-generated waves and currents, is controlled primarily by water depth, temperature, and water clarity. Shallow-water sites ( End_of_Record - Last_Page 771-------",Marine and Offshore Engineering Studies | Drilling and Well Engineering,Reef | Drilling | Geology | Oceanography | Submarine pipeline | Drill cuttings | Scuba diving | Carbonate | Hydrology (agriculture) | Drilling fluid | Geotechnical engineering | Engineering,Reef | Drilling | Geology | Oceanography | Submarine pipeline | Drill cuttings | Scuba diving | Carbonate | Hydrology (agriculture) | Drilling fluid | Geotechnical engineering | Engineering | Mechanical engineering | Metallurgy | Materials science,
OA_SED_DRILLING_01,SED_DRILLING,2026-08-13T20:14:42+00:00,https://openalex.org/W4414053879,https://doi.org/10.64706/mbxvwf08,Safeguarding Our Oceans: A Human Call For Marine Conservation,2025,2025-09-08,article,en,Prof. Nelia Lois | Dr Sameer Lal,https://openalex.org/A5119396726 | ,Global E-Journal of Social Scientific Research,https://openalex.org/S5407051088,https://doi.org/10.64706/mbxvwf08,True,hybrid,0,"When we envision the ocean, we often think of its immense beauty—heaving waves, vibrant coral reefs, sea turtles moving effortlessly, and the soothing sounds that bring tranquillity to our spirit. However, beyond its stunning appearance, the ocean is fundamental to sustaining life on our planet. It generates more than half of the oxygen we inhale, functions as a major source of reservoir for heat and carbon, modest the weather patterns, and is a source of food and necessities, and medicinal resources, as well to billions of individuals worldwide. In spite of its essential importance, the ocean is under significant strain due to human actions. Practices such as overfishing, oil drilling, waste disposal, and fossil fuel combustion are driving marine ecosystems towards degradation. Formerly flourishing coral reefs are undergoing bleaching and dying off as a result of increasing sea temperatures. Plastic waste has formed massive garbage patches in every major body of water. Fish stocks are diminishing at a pace faster than they can recover, leading to widespread disruption of marine food chains. These transformations are not remote or theoretical—they are occurring currently and impacting actual communities, particularly those in coastal and island areas who depend directly on the ocean for their existence. Our well-being is closely intertwined with the health of the ocean. Overlooking its deterioration comes at a significant price to humanity. Marine conservation that is a need always to be taken care of has been discussed here. It will assess key threats, highlight successful global initiatives, and suggest practical approaches that reconcile ecological preservation with human welfare. Protecting the ocean transcends environmental responsibility; it is a moral duty and a vital step towards sustainability.",Coastal and Marine Management,Coral reef | Marine life | Safeguarding | Marine ecosystem | Marine conservation | Ecosystem | Marine debris | Human life | Fish stock,Coral reef | Marine life | Safeguarding | Marine ecosystem | Environmental resource management | Marine conservation | Environmental planning | Fishery | Ecosystem | Marine debris | Human life | Fish stock | Environmental protection | Natural resource economics | Business | Human health | Geography | Garbage | Pace | Fishing | Climate change | Marine species | Environmental science | Coral bleaching | Government (linguistics) | Fish <Actinopterygii> | Fossil fuel | Food security | Coastal erosion | Ecosystem services | Interim | Ecology,
OA_SED_DRILLING_01,SED_DRILLING,2026-08-13T20:14:42+00:00,https://openalex.org/W2062856992,https://doi.org/10.2118/111789-ms,"SERPENT of the Deep—Research, Monitoring and Partnerships for a Deepwater Well off Atlantic Canada",2008,2008-04-15,conference-paper,en,Andre d'Entremont | J. I. Kaariainen | Krista D. Baker,https://openalex.org/A5027404517 | https://openalex.org/A5002876873 | https://openalex.org/A5006437005,"SPE International Conference on Health, Safety and Environment in Oil and Gas Exploration and Production",https://openalex.org/S4306530672,https://doi.org/10.2118/111789-ms,False,closed,0,"Abstract The Great Barasway F-66 well – operated by Chevron Canada Limited (CCL) on behalf of itself and co-venturers ExxonMobil Canada Ltd., Imperial Oil Resource Ventures Ltd. and Shell Canada Limited – was the first Canadian participation in the international SERPENT Project. It was drilled in the Orphan Basin, a remote deepwater area located 390 km offshore of St. John's, Newfoundland and Labrador, Canada. SERPENT utilizes Remotely Operated Vehicles (ROVs), which support deepwater drilling operations, to collect scientific data which would be prohibitively expensive or impractical for universities or research institutions to collect. The project was a cooperative effort between CCL, ExxonMobil Canada Ltd., Imperial Oil Resource Ventures Ltd., Shell Canada Limited, and Memorial University of Newfoundland (MUN), the University of Southampton, the Canadian Department of Fisheries and Oceans and the Canada-Newfoundland and Labrador Offshore Petroleum Board. This has been an open and transparent relationship whereby all parties were involved in the study design, and data collected was freely shared. Initial results have included 1,000 world class digital photographs and over 25 hours of video of the organisms that live in water depths of 2,338 m. Initial results have been scientifically exciting; expanding the range of two species of fish, there is also the prospect that a new species of deepwater organism could be discovered once the data are fully analyzed. The extent of the settlement of cuttings and drilling muds was also mapped and compared to predictions made in the environmental assessment. Experiments were also conducted to evaluate the potential settlement of deepwater corals and other organisms on different types of hard substrate.",Offshore Engineering and Technologies | Arctic and Russian Policy Studies | Drilling and Well Engineering,Marine research | Drilling | Resource (disambiguation) | Submarine pipeline | Engineering | Fishery | Oceanography | Geology | Computer science,Marine research | Drilling | Resource (disambiguation) | Submarine pipeline | Engineering | Fishery | Oceanography | Geology | Computer science | Biology | Computer network | Mechanical engineering,https://openalex.org/W1977865040
OA_SED_DRILLING_01,SED_DRILLING,2026-08-13T20:14:42+00:00,https://openalex.org/W2331229282,https://doi.org/10.2118/19355-ms,Developing a Better Bio-Geology Overview and Information Needs for Effective Assessment of the Environmental Risks of Deepwater Oil and Gas Development,2008,2008-05-01,conference-paper,en,Robert S. Carney,https://openalex.org/A5109045188,,,https://doi.org/10.2118/19355-ms,False,closed,0,"Impact on Well Site Selection and Facilities Location \ Developing a Better Bio-Geology Overview and Information Needs for Effective Assessment of the Environmental Risks of Deepwater Oil and Gas Development Robert Spencer Carney Robert Spencer Carney Louisiana State University Search for other works by this author on: This Site Google Scholar Paper presented at the Offshore Technology Conference, Houston, Texas, USA, May 2008. Paper Number: OTC-19355-MS https://doi.org/10.4043/19355-MS Published: May 05 2008 Cite View This Citation Add to Citation Manager Share Icon Share Twitter LinkedIn Get Permissions Search Site Citation Carney, Robert Spencer. ""Impact on Well Site Selection and Facilities Location \ Developing a Better Bio-Geology Overview and Information Needs for Effective Assessment of the Environmental Risks of Deepwater Oil and Gas Development."" Paper presented at the Offshore Technology Conference, Houston, Texas, USA, May 2008. doi: https://doi.org/10.4043/19355-MS Download citation file: Ris (Zotero) Reference Manager EasyBib Bookends Mendeley Papers EndNote RefWorks BibTex Search Dropdown Menu nav search search input Search input auto suggest search filter All ContentAll ProceedingsOffshore Technology ConferenceOTC Offshore Technology Conference Search Advanced Search AbstractA review is presented of the relationship between scientific knowledge of seafloor ecology and the regulations intended to protect that ecosystem. The review concludes that current deep-water environment regulation maybe inappropriately too similar to that developed for ecologically dissimilar habitats in shallow water. Deep patterns of zonation, diversity, and abundance are all different than encountered in shallow water. Settling of shallow regulations drew heavily from considerable prior factual and conceptual information as well as an established pattern of usage. By contrast, the deep-water environment remains very poorly studied. The composition of the biota is poorly known, as are the details of the major biotic patterns. Concepts as to why the deep system is as it is are still being developed and few existing concepts have ever been proven sufficiently to serve as a basis for regulation development. There are, however, strong connections between biological and geological processes. One scientific them common to the normal mud bottom, seep habitat, and deep coral assemblages is that food (energy) supply from sediment flux or hydrocarbon seepage is extremely important. Impacts to this supply should be a major concern. Once thought to be a monotonous desert where there could be few environmental issues, the deep-seafloor is increasing being seen as a heterogeneous environment with a growing list of biodiversity hotspots such as cold seeps, deep coral banks, deep sponge assemblages, and chemically extreme habitats. The actual risks posed by seafloor drilling have yet to be well assessed. Both industry and regulatory agencies would be better served by better data. There should be improvement in the quantitative sampling of large animals, standardization of methods, assessment of actual sensitivities, and greater biological exploration.IntroductionMajor scientific investigation of deep-sea ecology began with the circum-global cruise of the HMS Challenger (1872-1876) a full century before oil platforms reached a bottom depth of 1000 feet in the Gulf of Mexico. In spite of this 100-year lead-time, both deep-sea ecologists and offshore developers must consider the continental slopes and abyssal seafloor poorly understood pioneer areas. Indeed, the pace of scientific investigation of the deep sea ecology off the US, Mexico, Brazil, Europe, Africa, India, Australia, New Zealand, Russia, and Japan is now being driven by exploration for hydrocarbons rather than basic science questions. This leads to a situation in which biological discoveries are being made during the course of industrial development. A very different relationship between environmental understanding and regulations existed in shallow water once continental shelf development began in the 1940's and 50's. From the late 1890's onward ecologist applied a relatively standard set of methods and sampling designs to biologically characterize and map large areas of the European and smaller areas of the North American shelf (Carney 2007). Therefore a strong foundation of concepts, methods, and knowledge was in place in the 1970's when the Bureau of Land Management initiated extensive oceanographic studies to gain a stronger scientific basis for management of development areas in the Gulf of Mexico, Alaska, California, and the US Atlantic coast. Keywords: substrate, fauna, assemblage, deep sea, long-term environmental effect, drilling fluid chemistry, seafloor, regulation, assessment, ecosystem Subjects: Drilling Fluids and Materials, Environment, Drilling fluid selection and formulation (chemistry, properties) This content is only available via PDF. 2008. Offshore Technology Conference You can access this article if you purchase or spend a download.",Marine and fisheries research | Arctic and Russian Policy Studies | Marine Biology and Ecology Research,Citation | Download | Submarine pipeline | Computer science | Environmental resource management | Library science | Environmental science | World Wide Web | Geology | Oceanography,Citation | Download | Submarine pipeline | Computer science | Environmental resource management | Library science | Environmental science | World Wide Web | Geology | Oceanography,
OA_SED_DRILLING_01,SED_DRILLING,2026-08-13T20:14:42+00:00,https://openalex.org/W7160424234,https://doi.org/10.5281/zenodo.20059059,"HCTGS v20 — Floating Fleet Platform, Self-Healing Ship Ceramic Hull, Telescopic Towers: Crisis Water Anywhere, Anytime",2026,2026-05-06,preprint,,Ilir Mehmetaj,https://openalex.org/A5132950671,Zenodo (CERN European Organization for Nuclear Research),https://openalex.org/S4306400562,https://doi.org/10.5281/zenodo.20059059,True,green,0,"Abstract HCTGS v20.0 documents the complete floating HCTGS fleet platform architecture — first introduced as Novel Contribution NC-5 in HCTGS v19.0 Sicilia (DOI: 10.5281/zenodo.20055017) — as a standalone, fully specified system for crisis water production, metropolitan water supply, strategic reserve deployment, and green hydrogen generation at sea. The floating platform operates on a 60/40 submersion ratio derived from six decades of semi-submersible offshore drilling platform engineering. The submerged section (60%) houses the Mg combustion chamber (1,500°C, sealed thermally insulated hull compartment), ORC turbine hall, sequential mineral crystallisation chambers (NaCl → KCl → concentrated Br/Li/Sr/B bittern), BMED chemical production modules, and a dedicated hydrogen electrolysis hall producing green H₂ at EUR 0.80–1.20/kg from ORC electricity surplus — the lowest documented cost for any green hydrogen production pathway. The above-water section (40%) carries telescopic towers (carbon-fibre/Al₂O₃ composite, collapsed 20–30m, deployed 60–100m, 50% lighter than steel), sealed Mg fuel storage, mineral storage tanks, and pharmaceutical processing infrastructure. The scaling architecture is the central economic insight: the floating platform is the only HCTGS variant where scale reduces per-unit cost rather than increasing complexity. A single-tower platform produces 12,000 m³/day at EUR 8–15M CAPEX with 18–24 month payback. A six-tower mega-platform produces 72,000 m³/day with dedicated H₂ production at EUR 0.80–1.20/kg and 12–16 month payback. A ten-platform metropolitan fleet delivers 720,000 m³/day — sufficient for 5–7 million people — through flexible hoses to existing shore distribution networks, generating $2.6B/yr in water revenue alone at crisis pricing, with no fixed coastal infrastructure required. The self-healing ceramic hull — Al₂O₃/MAX-Phase Ti₃AlC₂ multilayer architecture applying the nacre crack-deflection principle — eliminates marine corrosion and biofouling maintenance costs. MAX-Phase Ti₃AlC₂ interlayers absorb crack energy and deflect crack propagation; Ti oxidation seals micro-cracks autonomously in the marine environment. Al₂O₃ is produced from the HCTGS brine cascade at approximately €200/t — 75–85% below market price for equivalent coating feedstock. Telescopic rock-anchored towers enable deployment on steep mountain faces without foundations: each segment anchors independently via horizontal drill anchors, carrying only its own weight with no vertical load transfer between segments, providing inherent seismic decoupling by geometry. Deployable by helicopter or cable car in terrain inaccessible to construction equipment. The water bank concept quantifies the strategic economic logic: at production costs of €0.20–0.50/m³ and crisis market prices of $5–50/m³, the margin is 10–100×. Oil depletes. The ocean does not. A floating HCTGS fleet is the first infrastructure that can follow a water crisis anywhere on Earth — India's train-imported water, Arabia's vulnerable fixed plants, the Pacific island nations, the post-disaster coastline — and produce without limit from the 361 million km² of ocean covering 71% of Earth's surface. Ten novel contributions are documented as defensive prior art under OSIL v1.2: NC-1 (multi-tower scaling economics — fixed costs divided over tower count); NC-2 (Al₂O₃/MXene 8-layer gradient coating system — bond coat + ZrO₂-toughened Al₂O₃ transformation toughening + MXene Ti₃C₂Tₓ elasticity and cathodic conductivity layers + Fluoro-Al₂O₃ anti-fouling top coat, Ra < 0.1 μm + hydrophobic chemistry, zero biocides, IMO 2030 compliant, self-healing via Ti oxidation, 118–165 μm total, applicable to ship hulls · offshore platforms · superyacht hulls · automotive underbody · industrial steel — one material, from the HCTGS brine cascade, at EUR 200/t). NC-2 heavy duty variant: 12-layer AlON gradient system (380–520 μm) integrating Aluminium Oxynitride impact resistance layers (positions 3, 7, 10) with ZTA fracture toughness (positions 4, 6, 9) and MXene elasticity (positions 5, 8) for extreme stone impact, Arctic ice, and wave slam conditions — all materials producible from HCTGS brine cascade and atmospheric nitrogen. NC-3 (telescopic rock-anchored towers — per-segment independent anchoring, seismic decoupling); NC-4 (dedicated H₂ electrolysis hall — ORC-powered, $0.80–1.20/kg, tanker offload at sea); NC-5 (mobile coral restoration corridor — slow drift, NC-8 trichter + N₂-supersaturated water, 700+ km²/month); NC-6 (Al₂O₃ surplus as shipbuilding anti-corrosion feedstock at EUR 200/t); NC-7 (metropolitan fleet architecture — 10 platforms, 720,000 m³/day, flexible hose connection, no fixed infrastructure); NC-8 (OTEC integration — closed-cycle Ocean Thermal Energy Conversion from pre-existing 4–6°C deep water and 27–30°C surface water streams, ΔT 23–26°C, continuous weather-independent renewable electricity requiring zero additional water infrastructure); NC-9 (Al₂O₃ nano-smooth surface Ra < 0.1 μm as permanent passive anti-fouling without biocides — barnacle adhesion threshold Ra > 0.5 μm not reached, zero chemical release, IMO 2030 compliant, 8–15% fuel saving); NC-10 (superyacht and recreational marine hull coating market — 150,000+ Mediterranean vessels, €200/t from HCTGS cascade, eliminates EUR 850,000–1,600,000 per 40m vessel in 20-year maintenance and fuel drag costs, same ceramic eliminates estimated 50,000 tonnes of annual Mediterranean biocide discharge). DOI chain: 10.5281/zenodo.19239959 → 10.5281/zenodo.20055017.",Hybrid Renewable Energy Systems | Marine and Offshore Engineering Studies | Offshore Engineering and Technologies,Submarine pipeline | Hydrogen production | Offshore drilling | Architecture | Shore | Production (economics) | Turbine | Water cooling | Electricity,Engineering | Submarine pipeline | Marine engineering | Hydrogen production | Waste management | Offshore drilling | Environmental science | Architecture | Shore | Production (economics) | Turbine | Water cooling | Electricity | Scale (ratio) | Pipeline transport | Metropolitan area | Environmental engineering | Degree Rankine | Electricity generation | Capital expenditure | Hull | Revenue | Capital cost | Hydrogen | Coolant | Shipyard | Mist,
OA_SED_DRILLING_01,SED_DRILLING,2026-08-13T20:14:42+00:00,https://openalex.org/W7160600456,https://doi.org/10.5281/zenodo.20088896,"The Floating Fleet Platform: Crisis Water Architecture, Self-Healing Ceramic Hull, Telescopic Rock-Anchored Towers, Mobile Metropolitan Water Supply, and a Ceramic Coating Family from Ocean Surface to Orbital Re-entry",2026,2026-05-08,preprint,,Ilir Mehmetaj,https://openalex.org/A5132950671,Zenodo (CERN European Organization for Nuclear Research),https://openalex.org/S4306400562,https://doi.org/10.5281/zenodo.20088896,True,green,0,"Abstract HCTGS v20.0 V2 documents the complete floating HCTGS fleet platform architecture — first introduced as Novel Contribution NC-5 in HCTGS v19.0 Sicilia (DOI: 10.5281/zenodo.20055017) — as a standalone, fully specified system for crisis water production, metropolitan water supply, strategic reserve deployment, and green hydrogen generation at sea. The floating platform operates on a 60/40 submersion ratio derived from six decades of semi-submersible offshore drilling platform engineering. The submerged section (60%) houses the Mg combustion chamber (1,500°C, sealed thermally insulated hull compartment), ORC turbine hall, sequential mineral crystallisation chambers (NaCl → KCl → concentrated Br/Li/Sr/B bittern), BMED chemical production modules, and a dedicated hydrogen electrolysis hall producing green H₂ at $0.80–1.20/kg from ORC electricity surplus — the lowest documented cost for any green hydrogen production pathway. The above-water section (40%) carries telescopic towers (carbon-fibre/Al₂O₃ composite, collapsed 20–30m, deployed 60–100m, 50% lighter than steel), sealed Mg fuel storage, mineral storage tanks, and pharmaceutical processing infrastructure. The scaling architecture is the central economic insight: the floating platform is the only HCTGS variant where scale reduces per-unit cost rather than increasing complexity. A single-tower platform produces 12,000 m³/day at EUR 8–15M CAPEX with 18–24 month payback. A six-tower mega-platform produces 72,000 m³/day with dedicated H₂ production at EUR 0.80–1.20/kg and 12–16 month payback. A ten-platform metropolitan fleet delivers 720,000 m³/day — sufficient for 5–7 million people — through flexible hoses to existing shore distribution networks, generating $2.6B/yr in water revenue alone at crisis pricing, with no fixed coastal infrastructure required. The self-healing ceramic hull — Al₂O₃/MXene 8-layer gradient coating system (standard variant, 118–165 μm) and Al₂O₃/AlON 12-layer heavy duty variant (380–520 μm) — applies the nacre crack-deflection principle: alternating Al₂O₃ hard layers, ZrO₂-toughened Al₂O₃ (ZTA) transformation toughening layers, and MXene Ti₃C₂Tₓ elasticity and cathodic conductivity interlayers, terminated by a Fluoro-Al₂O₃ hydrophobic anti-fouling top coat at Ra < 0.1 μm. MAX-Phase Ti oxidation seals micro-cracks autonomously. Al₂O₃ is produced from the HCTGS brine cascade at approximately €200/t — 75–85% below market price. The heavy duty 12-layer AlON variant integrates Aluminium Oxynitride impact resistance layers at positions 3, 7, and 10 for Arctic hull operations, automotive extreme underbody, and wave slam conditions. Telescopic rock-anchored towers enable deployment on steep mountain faces without foundations: each segment anchors independently via horizontal drill anchors, carrying only its own weight with no vertical load transfer between segments, providing inherent seismic decoupling by geometry. Deployable by helicopter or cable car in terrain inaccessible to construction equipment. The water bank concept quantifies the strategic economic logic: at production costs of €0.20–0.50/m³ and crisis market prices of $5–50/m³, the margin is 10–100×. Oil depletes. The ocean does not. A floating HCTGS fleet is the first infrastructure that can follow a water crisis anywhere on Earth and produce without limit from the 361 million km² of ocean covering 71% of Earth's surface. Fourteen novel contributions are documented as defensive prior art under CC BY-NC-ND 4.0: NC-1 (multi-tower scaling economics — fixed costs divided over tower count); NC-2 (Al₂O₃/MXene 8-layer gradient coating — bond coat + ZTA transformation toughening + MXene elasticity and cathodic conductivity + Fluoro-Al₂O₃ anti-fouling top coat, 118–165 μm, self-healing via Ti oxidation, one material from HCTGS brine cascade at €200/t); NC-3 (telescopic rock-anchored towers — per-segment independent anchoring, seismic decoupling); NC-4 (dedicated H₂ electrolysis hall — ORC-powered, $0.80–1.20/kg, tanker offload at sea); NC-5 (mobile coral restoration corridor — slow drift, NC-8 trichter + N₂-supersaturated water, 700+ km²/month); NC-6 (Al₂O₃ surplus as shipbuilding anti-corrosion feedstock at €200/t); NC-7 (metropolitan fleet architecture — 10 platforms, 720,000 m³/day, flexible hose, no fixed infrastructure); NC-8 (OTEC integration — closed-cycle from pre-existing 4–6°C deep water and 27–30°C surface water, ΔT 23–26°C, continuous weather-independent renewable electricity, zero additional water infrastructure); NC-9 (Al₂O₃ nano-smooth surface Ra < 0.1 μm as permanent passive anti-fouling without biocides — barnacle adhesion threshold Ra > 0.5 μm not reached, IMO 2030 compliant, 8–15% fuel saving); NC-10 (superyacht and recreational marine hull coating — 150,000+ Mediterranean vessels, eliminates €850,000–1,600,000 per 40m vessel in 20-year maintenance and fuel drag costs, eliminates estimated 50,000 tonnes annual Mediterranean biocide discharge); NC-11 (automotive underbody and surface coating — Al₂O₃ Mohs 9 exceeds roadstone Mohs 6–7, Ti oxidation self-healing seals micro-cracks before road salt moisture ingress, single application at manufacture, applicable to thin-gauge high-strength steel panels as lightweighting targets tighten globally,EUR 17–42B/yr OEM market + EUR 8–12B/yr aftermarket); NC-12 (robotic Laser-Directed Energy Deposition application system — autonomous vacuum-crawler LDED head with multi-feeder real-time powder mixing ratio adjustment, continuously graded layer transitions without discrete boundaries eliminating delamination initiation sites, integrated surface metrology per cm², in-service spot repair without dry-dock using HCTGS Al₂O₃ cascade feedstock, precedent: CEAD Faber Navalis robotic hull system and maritime crawler systems commercially deployed 2023–2025); NC-13 (aerospace four-function coating — Al₂O₃ Mohs 9 sand and rain erosion protection for leading edges and nacelles, MXene Ti₃C₂Tₓ ~6,000 S/cm lightning strike conductivity replacing metallic mesh in composite structures, Fluoro-Al₂O₃ Ra < 0.1 μm anti-icing without thermal bleed air penalty, ZrO₂-toughened Al₂O₃ + AlON thermal barrier rated 1,500–2,000°C for turbine-adjacent components — four aerospace functions in one LDED-applied coating, $7.3B/yr combined market); NC-14 (Al₂O₃/AlON MXene-free gradient coating for hypersonic and re-entry vehicles — AlON replaces MXene above 400°C, rated 2,150°C continuous and 2,500°C transient, thermal shock resistant for -270°C ↔ 1,650°C re-entry cycling, Al₂O₃ + AlON from HCTGS cascade + atmospheric nitrogen; combined with ZrB₂-SiC AIC system for stagnation point above 2,150°C, the HCTGS coating family covers -270°C to 3,245°C — complete aerospace and space thermal spectrum from one cascade source). four aerospace functions in one LDED-applied coating, $7.3B/yr combined market). DOI chain: 10.5281/zenodo.19239959 → 10.5281/zenodo.20055017. Version 2.0 — 8 May 2026. Added: NC-12 (Robotic LDED application system), NC-13 (Aerospace four-function coating), NC-14 (Hypersonic and re-entry Al₂O₃/AlON coating, -270°C to 3,245°C), Part 5.6 (LDED application technology), Part 9d (Aerospace), Part 9e (Space and re-entry). All other content identical to v1.0 (6 May 2026, DOI: 10.5281/zenodo.20059059).",Marine and Offshore Engineering Studies | Offshore Engineering and Technologies | Hybrid Renewable Energy Systems,Hydrogen production | Metropolitan area | Submarine pipeline | Offshore drilling | Coating | Shore | Production (economics) | Ceramic | Hydrogen,Hydrogen production | Environmental science | Metropolitan area | Submarine pipeline | Offshore drilling | Coating | Waste management | Marine engineering | Engineering | Shore | Environmental engineering | Production (economics) | Ceramic | Hydrogen | Water cooling | Pipeline transport | Waterline | Water supply | Investment (military) | Capital expenditure | Scale (ratio) | Electricity | Mist | Electrolysis of water | Geology | Seawater | Wastewater | Turbine,
OA_SED_DRILLING_01,SED_DRILLING,2026-08-13T20:14:42+00:00,https://openalex.org/W7160403800,https://doi.org/10.5281/zenodo.20059058,"The Floating Fleet Platform: Crisis Water Architecture, Self-Healing Ceramic Hull, Telescopic Rock-Anchored Towers, Mobile Metropolitan Water Supply, and a Ceramic Coating Family from Ocean Surface to Orbital Re-entry",2026,2026-05-08,preprint,,Ilir Mehmetaj,https://openalex.org/A5132950671,Zenodo (CERN European Organization for Nuclear Research),https://openalex.org/S4306400562,https://doi.org/10.5281/zenodo.20059058,True,green,0,"Abstract HCTGS v20.0 V2 documents the complete floating HCTGS fleet platform architecture — first introduced as Novel Contribution NC-5 in HCTGS v19.0 Sicilia (DOI: 10.5281/zenodo.20055017) — as a standalone, fully specified system for crisis water production, metropolitan water supply, strategic reserve deployment, and green hydrogen generation at sea. The floating platform operates on a 60/40 submersion ratio derived from six decades of semi-submersible offshore drilling platform engineering. The submerged section (60%) houses the Mg combustion chamber (1,500°C, sealed thermally insulated hull compartment), ORC turbine hall, sequential mineral crystallisation chambers (NaCl → KCl → concentrated Br/Li/Sr/B bittern), BMED chemical production modules, and a dedicated hydrogen electrolysis hall producing green H₂ at $0.80–1.20/kg from ORC electricity surplus — the lowest documented cost for any green hydrogen production pathway. The above-water section (40%) carries telescopic towers (carbon-fibre/Al₂O₃ composite, collapsed 20–30m, deployed 60–100m, 50% lighter than steel), sealed Mg fuel storage, mineral storage tanks, and pharmaceutical processing infrastructure. The scaling architecture is the central economic insight: the floating platform is the only HCTGS variant where scale reduces per-unit cost rather than increasing complexity. A single-tower platform produces 12,000 m³/day at EUR 8–15M CAPEX with 18–24 month payback. A six-tower mega-platform produces 72,000 m³/day with dedicated H₂ production at EUR 0.80–1.20/kg and 12–16 month payback. A ten-platform metropolitan fleet delivers 720,000 m³/day — sufficient for 5–7 million people — through flexible hoses to existing shore distribution networks, generating $2.6B/yr in water revenue alone at crisis pricing, with no fixed coastal infrastructure required. The self-healing ceramic hull — Al₂O₃/MXene 8-layer gradient coating system (standard variant, 118–165 μm) and Al₂O₃/AlON 12-layer heavy duty variant (380–520 μm) — applies the nacre crack-deflection principle: alternating Al₂O₃ hard layers, ZrO₂-toughened Al₂O₃ (ZTA) transformation toughening layers, and MXene Ti₃C₂Tₓ elasticity and cathodic conductivity interlayers, terminated by a Fluoro-Al₂O₃ hydrophobic anti-fouling top coat at Ra < 0.1 μm. MAX-Phase Ti oxidation seals micro-cracks autonomously. Al₂O₃ is produced from the HCTGS brine cascade at approximately €200/t — 75–85% below market price. The heavy duty 12-layer AlON variant integrates Aluminium Oxynitride impact resistance layers at positions 3, 7, and 10 for Arctic hull operations, automotive extreme underbody, and wave slam conditions. Telescopic rock-anchored towers enable deployment on steep mountain faces without foundations: each segment anchors independently via horizontal drill anchors, carrying only its own weight with no vertical load transfer between segments, providing inherent seismic decoupling by geometry. Deployable by helicopter or cable car in terrain inaccessible to construction equipment. The water bank concept quantifies the strategic economic logic: at production costs of €0.20–0.50/m³ and crisis market prices of $5–50/m³, the margin is 10–100×. Oil depletes. The ocean does not. A floating HCTGS fleet is the first infrastructure that can follow a water crisis anywhere on Earth and produce without limit from the 361 million km² of ocean covering 71% of Earth's surface. Fourteen novel contributions are documented as defensive prior art under CC BY-NC-ND 4.0: NC-1 (multi-tower scaling economics — fixed costs divided over tower count); NC-2 (Al₂O₃/MXene 8-layer gradient coating — bond coat + ZTA transformation toughening + MXene elasticity and cathodic conductivity + Fluoro-Al₂O₃ anti-fouling top coat, 118–165 μm, self-healing via Ti oxidation, one material from HCTGS brine cascade at €200/t); NC-3 (telescopic rock-anchored towers — per-segment independent anchoring, seismic decoupling); NC-4 (dedicated H₂ electrolysis hall — ORC-powered, $0.80–1.20/kg, tanker offload at sea); NC-5 (mobile coral restoration corridor — slow drift, NC-8 trichter + N₂-supersaturated water, 700+ km²/month); NC-6 (Al₂O₃ surplus as shipbuilding anti-corrosion feedstock at €200/t); NC-7 (metropolitan fleet architecture — 10 platforms, 720,000 m³/day, flexible hose, no fixed infrastructure); NC-8 (OTEC integration — closed-cycle from pre-existing 4–6°C deep water and 27–30°C surface water, ΔT 23–26°C, continuous weather-independent renewable electricity, zero additional water infrastructure); NC-9 (Al₂O₃ nano-smooth surface Ra < 0.1 μm as permanent passive anti-fouling without biocides — barnacle adhesion threshold Ra > 0.5 μm not reached, IMO 2030 compliant, 8–15% fuel saving); NC-10 (superyacht and recreational marine hull coating — 150,000+ Mediterranean vessels, eliminates €850,000–1,600,000 per 40m vessel in 20-year maintenance and fuel drag costs, eliminates estimated 50,000 tonnes annual Mediterranean biocide discharge); NC-11 (automotive underbody and surface coating — Al₂O₃ Mohs 9 exceeds roadstone Mohs 6–7, Ti oxidation self-healing seals micro-cracks before road salt moisture ingress, single application at manufacture, applicable to thin-gauge high-strength steel panels as lightweighting targets tighten globally,EUR 17–42B/yr OEM market + EUR 8–12B/yr aftermarket); NC-12 (robotic Laser-Directed Energy Deposition application system — autonomous vacuum-crawler LDED head with multi-feeder real-time powder mixing ratio adjustment, continuously graded layer transitions without discrete boundaries eliminating delamination initiation sites, integrated surface metrology per cm², in-service spot repair without dry-dock using HCTGS Al₂O₃ cascade feedstock, precedent: CEAD Faber Navalis robotic hull system and maritime crawler systems commercially deployed 2023–2025); NC-13 (aerospace four-function coating — Al₂O₃ Mohs 9 sand and rain erosion protection for leading edges and nacelles, MXene Ti₃C₂Tₓ ~6,000 S/cm lightning strike conductivity replacing metallic mesh in composite structures, Fluoro-Al₂O₃ Ra < 0.1 μm anti-icing without thermal bleed air penalty, ZrO₂-toughened Al₂O₃ + AlON thermal barrier rated 1,500–2,000°C for turbine-adjacent components — four aerospace functions in one LDED-applied coating, $7.3B/yr combined market); NC-14 (Al₂O₃/AlON MXene-free gradient coating for hypersonic and re-entry vehicles — AlON replaces MXene above 400°C, rated 2,150°C continuous and 2,500°C transient, thermal shock resistant for -270°C ↔ 1,650°C re-entry cycling, Al₂O₃ + AlON from HCTGS cascade + atmospheric nitrogen; combined with ZrB₂-SiC AIC system for stagnation point above 2,150°C, the HCTGS coating family covers -270°C to 3,245°C — complete aerospace and space thermal spectrum from one cascade source). four aerospace functions in one LDED-applied coating, $7.3B/yr combined market). DOI chain: 10.5281/zenodo.19239959 → 10.5281/zenodo.20055017. Version 2.0 — 8 May 2026. Added: NC-12 (Robotic LDED application system), NC-13 (Aerospace four-function coating), NC-14 (Hypersonic and re-entry Al₂O₃/AlON coating, -270°C to 3,245°C), Part 5.6 (LDED application technology), Part 9d (Aerospace), Part 9e (Space and re-entry). All other content identical to v1.0 (6 May 2026, DOI: 10.5281/zenodo.20059059).",Hybrid Renewable Energy Systems | Marine and Offshore Engineering Studies | Offshore Engineering and Technologies,Submarine pipeline | Hydrogen production | Offshore drilling | Architecture | Shore | Production (economics) | Turbine | Water cooling | Electricity,Engineering | Submarine pipeline | Marine engineering | Hydrogen production | Waste management | Offshore drilling | Environmental science | Architecture | Shore | Production (economics) | Turbine | Water cooling | Electricity | Scale (ratio) | Pipeline transport | Metropolitan area | Environmental engineering | Degree Rankine | Electricity generation | Capital expenditure | Hull | Revenue | Capital cost | Hydrogen | Coolant | Shipyard | Mist,
