query_id,family,source,date_searched,paper_id,corpus_id,title,authors,year,publication_date,venue,publication_types,doi,arxiv_id,pubmed_id,url,is_open_access,open_access_pdf_url,citation_count,reference_count,influential_citation_count,fields_of_study,s2_fields_of_study,abstract
SS_MECH_FEEDING_MUCUS_CORAL_01,MECH_FEEDING_MUCUS_CORAL,Semantic Scholar Academic Graph API,2026-08-13,00188e8f075f6779c00b394943492cefb1f54f1c,276698030,The role of coral mucus in the material cycle in reef ecosystems,Ryota Nakajima,2015,,,Review,,,,https://www.semanticscholar.org/paper/00188e8f075f6779c00b394943492cefb1f54f1c,False,,0,6,0,,Environmental Science; Biology,
SS_MECH_FEEDING_MUCUS_CORAL_01,MECH_FEEDING_MUCUS_CORAL,Semantic Scholar Academic Graph API,2026-08-13,003c19aa55c9c2170e2f6e7341f277afde1d7863,129347818,"Cenozoic temperate and sub‐tropical carbonate sedimentation on an oceanic volcano – Chatham Islands, New Zealand",N. James; B. Jones; C. Nelson; H. Campbell; J. Titjen,2011,2011-06-01,,,10.1111/j.1365-3091.2010.01193.x,,,https://www.semanticscholar.org/paper/003c19aa55c9c2170e2f6e7341f277afde1d7863,True,https://onlinelibrary.wiley.com/doi/pdfdirect/10.1111/j.1365-3091.2010.01193.x,24,59,1,Geology,Geology; Geology; Environmental Science,
SS_MECH_FEEDING_MUCUS_CORAL_01,MECH_FEEDING_MUCUS_CORAL,Semantic Scholar Academic Graph API,2026-08-13,00a53c15157557c66d18e425b00f03a97ef4beda,268714115,"The crinoid Jimbacrinus bostocki from the Lower Permian Cundlego Formation near Gascoyne Junction, Western Australia",R. Willink; Tom Kapitany,2024,2024-03-25,Alcheringa,JournalArticle,10.1080/03115518.2024.2323461,,,https://www.semanticscholar.org/paper/00a53c15157557c66d18e425b00f03a97ef4beda,False,,2,37,0,,Geology,"Abstract Invertebrate macrofossils are superbly preserved in slabs of calcareous silty sandstone exposed in the bed of the Gascoyne River just west of Gascoyne Junction, Western Australia. Based on regional mapping, these rocks have been assigned to the shallow marine Cundlego Formation, which has been dated to the Early Permian. Many of the slabs have preserved the cladid, inadunate crinoid Jimbacrinus bostocki in large numbers, with densities of 150 individuals or more per square metre. Articulated crowns with complete or partial stems attached are often haphazardly aggregated in pods. Details on the morphology of J. bostocki are provided, particularly on juveniles which have cirriferous stems. Adult stems lack any obvious holdfast and are acutely geniculate below the calyx before being preferentially directed linearly in the homocrinid (E–BC) symmetry plane in the E ray direction. Crowns are commonly preserved with their arms arranged in a protective manner, also referred to as the ‘trauma’ posture. It is inferred that such individuals were likely transported alive by storm induced turbidity currents from a feeding position on a marine shelf to deeper, possibly more anoxic, waters, often accumulating en masse in syndepositional lows such as swales. They were subsequently smothered by sediment and rapidly buried. These fossiliferous deposits are interpreted as an “obrution” Lagerstätte. Using taphonomic and functional morphology analysis, possible options for the feeding posture of J. bostocki are proposed. Because of its advanced arm morphology comprising mainly oblique muscular articulations between brachials, the question whether adults were motile, rather than sessile, is addressed. Robbert J Willink [robblink@ozemail.com.au], 11 Coral Sea Court, Sunshine Beach, Queensland 4567, Australia. Tom Kapitany [tomk@crystal-world.com] Crystal World, 13 Olive Road, Devon Meadows, Victoria 3977, Australia."
SS_MECH_FEEDING_MUCUS_CORAL_01,MECH_FEEDING_MUCUS_CORAL,Semantic Scholar Academic Graph API,2026-08-13,0115caccec7dbe05f8da308d0facb065dcd3426c,4051505,Effects of suspended drill cuttings on the coral Lophelia pertusa using pulsed and continuous exposure scenarios,T. Baussant; Marianne Nilsen; E. Ravagnan; S. Westerlund; Sreerekha S. Ramanand,2018,2018-03-14,"Journal of Toxicology and Environmental Health, Part A",JournalArticle,10.1080/15287394.2018.1444375,,29537937,https://www.semanticscholar.org/paper/0115caccec7dbe05f8da308d0facb065dcd3426c,True,https://figshare.com/articles/journal_contribution/Effects_of_suspended_drill_cuttings_on_the_coral_i_Lophelia_pertusa_i_using_pulsed_and_continuous_exposure_scenarios/5984998,17,61,2,Medicine; Chemistry,Medicine; Chemistry; Environmental Science,"ABSTRACT This study aimed at providing confidence in the predictability of the impacts of drill cuttings (DC) discharge on the cold-water coral Lophelia pertusa. L. pertusa was exposed to DC from offshore exploration in the lab with the goal to assess precautionary thresholds of effects. Two exposure scenarios with DC were tested: a long-term (LT) pulsed exposure (12 weeks, peak concentrations: 2–50 mg/L, mean concentrations: 1–25 mg/L) and a short-term (ST) continuous exposure (2.5 weeks, mean concentrations: 4–42 mg/L). After exposure, a recovery period of 16 and 4 weeks was maintained in LT and ST, respectively. While there was an assumption that DC might result in an increase in respiration, decrease in growth, enhanced mucus production, reduced fatty acid content, only a significant rise was noted in skeleton growth at DC 4 mg/L and a significant increase of mucus particulate organic carbon at 25 mg/L at end of the exposure. DC did not markedly reduce prey capture rate consecutive to DC exposure. However, the effect of DC produced an increase of coral polyp activity during exposure and a return to pre-exposure conditions after cessation of DC, and coenosarc was smothered from DC even after a long recovery period (4 weeks). Overall, a DC concentration of 10 mg/L seems to represent a threshold above which changes in coral conditions were observed however with no apparent physiological consequences for the coral within the experimental time scale."
SS_MECH_FEEDING_MUCUS_CORAL_01,MECH_FEEDING_MUCUS_CORAL,Semantic Scholar Academic Graph API,2026-08-13,01483d69580371ec8d60743ddde6f36a2368360f,291030083,"Isotopic variability of black corals: which scale matters? An intracolonial, intra– and interspecific comparison of two shallow-water species",L. Terrana; N. Sturaro; Maureen Wattecamps; I. Eeckhaut; G. Lepoint,2026,2026-08-11,Marine Biology,JournalArticle,10.1007/s00227-026-04920-8,,,https://www.semanticscholar.org/paper/01483d69580371ec8d60743ddde6f36a2368360f,False,,0,38,0,,Environmental Science,
SS_MECH_FEEDING_MUCUS_CORAL_01,MECH_FEEDING_MUCUS_CORAL,Semantic Scholar Academic Graph API,2026-08-13,017f25be476b4c7f658631a96067c5fb4528a91a,83670130,"Can a snake star earn its keep? Feeding and cleaning behaviour in Astrobrachion constrictum (Farquhar) (Echinodermata: Ophiuroidea), a euryalid brittle-star living in association with the black coral, Antipathes fiordensis ()",B. Stewart,1998,1998-03-31,,,10.1016/S0022-0981(97)00126-3,,,https://www.semanticscholar.org/paper/017f25be476b4c7f658631a96067c5fb4528a91a,False,,23,19,0,Biology,Biology; Biology; Environmental Science,
SS_MECH_FEEDING_MUCUS_CORAL_01,MECH_FEEDING_MUCUS_CORAL,Semantic Scholar Academic Graph API,2026-08-13,01c59b2980d3c4637cb2802ef2d445dfab5e892c,87939452,"Trophic structure of a cold-water coral mound community (Rockall Bank, NE Atlantic) in relation to the near-bottom particle supply and current regime",G. Duineveld; M. Lavaleye; M. Bergman; H. Stigter; F. Mienis,2007,,,,,,,https://www.semanticscholar.org/paper/01c59b2980d3c4637cb2802ef2d445dfab5e892c,False,,183,0,21,Biology,Biology; Environmental Science,
SS_MECH_FEEDING_MUCUS_CORAL_01,MECH_FEEDING_MUCUS_CORAL,Semantic Scholar Academic Graph API,2026-08-13,01f3e913fb3b5c0a01149b4051594472f2e53639,80968456,The ecosystem role of parrotfishes on coral reefs,R. M. Bonaldo,2010,2010-06-01,,,,,,https://www.semanticscholar.org/paper/01f3e913fb3b5c0a01149b4051594472f2e53639,False,,1,168,0,Biology,Biology; Environmental Science; Biology,
SS_MECH_FEEDING_MUCUS_CORAL_01,MECH_FEEDING_MUCUS_CORAL,Semantic Scholar Academic Graph API,2026-08-13,024d36e16f0a1d64fb8e827fc32c0262e95e058c,81117171,A habitat classification scheme for seamount landscapes: assessing the functional role of deep-water corals as fish habitat,P. Auster; J. Moore; Kari B. Heinonen; L. Watling,2005,,,Review,10.1007/3-540-27673-4_40,,,https://www.semanticscholar.org/paper/024d36e16f0a1d64fb8e827fc32c0262e95e058c,False,,60,10,1,Biology,Biology; Environmental Science,
SS_MECH_FEEDING_MUCUS_CORAL_01,MECH_FEEDING_MUCUS_CORAL,Semantic Scholar Academic Graph API,2026-08-13,02bc4f6f6b85c770ef53370a5337ae23424fb305,24051826,"Volcaniclastic events in coral reef and seagrass environments: evidence for disturbance and recovery (Middle Miocene, Styrian Basin, Austria)",M. Reuter; W. Piller,2011,2011-07-15,Coral reefs,,10.1007/s00338-011-0798-3,,,https://www.semanticscholar.org/paper/02bc4f6f6b85c770ef53370a5337ae23424fb305,False,,25,45,0,Geology,Geology; Environmental Science; Geology,
SS_MECH_FEEDING_MUCUS_CORAL_01,MECH_FEEDING_MUCUS_CORAL,Semantic Scholar Academic Graph API,2026-08-13,02f58ad8370126cb461a2d2c2ff8aa4258c23a4f,3280220,Microbial assemblages on a cold-water coral mound at the SE Rockall Bank (NE Atlantic): interactions with hydrography and topography,J. Bleijswijk; C. Whalen; G. Duineveld; M. Lavaleye; H. Witte; F. Mienis,2015,2015-07-29,,Review,10.5194/BG-12-4483-2015,,,https://www.semanticscholar.org/paper/02f58ad8370126cb461a2d2c2ff8aa4258c23a4f,True,https://bg.copernicus.org/articles/12/4483/2015/bg-12-4483-2015.pdf,48,72,4,Geology,Geology; Environmental Science,"Abstract. This study characterizes the microbial community composition over Haas Mound, one of the most prominent cold-water coral mounds of the Logachev Mound province (Rockall Bank, NE Atlantic). We outline patterns of distribution vertically – from the seafloor to the water column – and laterally – across the mound – and couple these to mound topography and hydrography. Samples of water, sediment and Lophelia pertusa were collected in 2012 and 2013 from locations that were chosen based on high definition video surveys. Temperature and current measurements were obtained at two sites at the summit and foot of Haas Mound to study near-bed hydrodynamic conditions. Overlaying water was collected from depths of 400 m as well as 5 and 10 m above the bottom using a CTD/Rosette system. Near-bottom water, sediment and L. pertusa mucus and skeleton samples were obtained with a box corer. Of all these biotopes, Roche GS-FLX amplicon sequencing targeting both Bacteria and Archaea was carried out, augmenting our understanding of deep sea microbial consortia. The pattern of similarities between samples, visualized by multi-dimensional scaling (MDS), indicates a strong link between the distribution of microbes and the specific biotopes. The microbial operational taxonomic unit (OTU) diversity was the highest in near-bottom water, which was sampled in the coral framework. For the first time, Thaumarchaeota marine group I (MGI) were found in L. pertusa mucus; Endozoicomonas was detected in skeleton, mucus and near-bottom water, whereas Mycoplasma was only detected in skeleton and near-bottom water, however not in mucus. Analysis of similarities (ANOSIM) indicates that overlaying water is well-mixed at 400 m depth but less so at 5 and 10 m above the bottom, where the composition of microbial communities differed significantly between summit, slope and off-mound. At all locations, the near-bottom water differed significantly from water at 5 m above the bottom, illustrating that the near-bottom water in between the coral framework represents a separate microbial habitat. Furthermore, the observed spatial heterogeneity in microbial communities is discussed in relation to environmental conditions."
SS_MECH_FEEDING_MUCUS_CORAL_01,MECH_FEEDING_MUCUS_CORAL,Semantic Scholar Academic Graph API,2026-08-13,03d9e0e5c9fde99627dd806f616670e48ca1d65a,85188539,Sediment-rejection efficiency of 22 species of Australian scleractinian corals,M. Stafford-Smith,1993,1993-02-01,Oceanographic Literature Review,JournalArticle,10.1007/BF00346340,,,https://www.semanticscholar.org/paper/03d9e0e5c9fde99627dd806f616670e48ca1d65a,False,,235,45,19,Biology,Biology; Environmental Science,
SS_MECH_FEEDING_MUCUS_CORAL_01,MECH_FEEDING_MUCUS_CORAL,Semantic Scholar Academic Graph API,2026-08-13,03de3def1b2b154c76de1637e6dd37e01eb0f696,25330638,"Trophic structure and productivity of the lagoonal communities of Tikehau atoll (Tuamotu Archipelago, French Polynesia)",L. Charpy; C. Charpy-Roubaud,1990,1990-11-01,Hydrobiologia,,10.1007/BF00041439,,,https://www.semanticscholar.org/paper/03de3def1b2b154c76de1637e6dd37e01eb0f696,False,,25,40,5,Chemistry,Chemistry; Environmental Science,
SS_MECH_FEEDING_MUCUS_CORAL_01,MECH_FEEDING_MUCUS_CORAL,Semantic Scholar Academic Graph API,2026-08-13,04039873f829d64f604f4437dbda791d1870b036,53492233,An Experimental Histopathological Rating Scale of Sedimentation Stress in the Caribbean Coral Montastraea cavernosa,B. Vargas-Ángel; B. Riegl; D. Gilliam; R. Dodge,2006,,,Review,,,,https://www.semanticscholar.org/paper/04039873f829d64f604f4437dbda791d1870b036,False,,20,23,1,Biology,Biology; Environmental Science,
SS_MECH_FEEDING_MUCUS_CORAL_01,MECH_FEEDING_MUCUS_CORAL,Semantic Scholar Academic Graph API,2026-08-13,04735b34f6af6213cfc9d3194e4d383d1356cd64,15323779,Antibiotics from gliding bacteria,Alexander Schmitz; Stephan Felder; Thomas Höver; S. Kehraus; Edith Neu; Friederike Lohr; G. König; T. Schäberle,2013,2013-09-01,Phytochemistry Reviews,,10.1007/s11101-012-9224-x,,,https://www.semanticscholar.org/paper/04735b34f6af6213cfc9d3194e4d383d1356cd64,False,,27,44,0,Biology,Biology; Biology; Chemistry; Environmental Science; Medicine,
SS_MECH_FEEDING_MUCUS_CORAL_01,MECH_FEEDING_MUCUS_CORAL,Semantic Scholar Academic Graph API,2026-08-13,04b6a05866dcd63bee047db894b7532c2708aca5,140169276,"Stability strategies and hydrodynamic behavior of liberosessile solitary rugose corals (Ordovician; Red River–Stony Mountain Province, North America)",R. J. Elias,2010,2010-12-01,,,10.1016/J.PALWOR.2010.09.004,,,https://www.semanticscholar.org/paper/04b6a05866dcd63bee047db894b7532c2708aca5,False,,2,30,0,Geology,Geology; Geology,
SS_MECH_FEEDING_MUCUS_CORAL_01,MECH_FEEDING_MUCUS_CORAL,Semantic Scholar Academic Graph API,2026-08-13,04b7a791157282c3808fba7b7655f6937a9544e6,260065673,"Exploring Prokaryotic Communities in the Guts and Mucus of Nudibranchs, and Their Similarity to Sediment and Seawater Microbiomes",T. Stuij; D. F. Cleary; A. Polónia; S. Putchakarn; A. C. Pires; N. C. Gomes; N. D. de Voogd,2023,2023-07-22,Current Microbiology,JournalArticle,10.1007/s00284-023-03397-8,,37481620,https://www.semanticscholar.org/paper/04b7a791157282c3808fba7b7655f6937a9544e6,True,https://link.springer.com/content/pdf/10.1007/s00284-023-03397-8.pdf,6,59,0,Medicine,Medicine; Environmental Science; Biology,"In the present study, we compared mucus and gut-associated prokaryotic communities from seven nudibranch species with sediment and seawater from Thai coral reefs using high-throughput 16S rRNA gene sequencing. The nudibranch species were identified as Doriprismatica atromarginata (family Chromodorididae), Jorunna funebris (family Discodorididae), Phyllidiella nigra, Phyllidiella pustulosa, Phyllidia carlsonhoffi, Phyllidia elegans, and Phyllidia picta (all family Phyllidiidae). The most abundant bacterial phyla in the dataset were Proteobacteria, Tenericutes, Chloroflexi, Thaumarchaeota, and Cyanobacteria. Mucus and gut-associated communities differed from one another and from sediment and seawater communities. Host phylogeny was, furthermore, a significant predictor of differences in mucus and gut-associated prokaryotic community composition. With respect to higher taxon abundance, the order Rhizobiales (Proteobacteria) was more abundant in Phyllidia species (mucus and gut), whereas the order Mycoplasmatales (Tenericutes) was more abundant in D. atromarginata and J. funebris. Mucus samples were, furthermore, associated with greater abundances of certain phyla including Chloroflexi, Poribacteria, and Gemmatimonadetes, taxa considered to be indicators for high microbial abundance (HMA) sponge species. Overall, our results indicated that nudibranch microbiomes consisted of a number of abundant prokaryotic members with high sequence similarities to organisms previously detected in sponges."
SS_MECH_FEEDING_MUCUS_CORAL_01,MECH_FEEDING_MUCUS_CORAL,Semantic Scholar Academic Graph API,2026-08-13,065c30bbe6d71a2f773922c0f51aec382815ff7c,85046423,Distribution and significance of seagrass ecosystems in Malaysia,J. Bujang; M. Zakaria; A. Arshad,2006,2006-07-01,,Review,10.1080/14634980600705576,,,https://www.semanticscholar.org/paper/065c30bbe6d71a2f773922c0f51aec382815ff7c,False,,114,29,5,Biology,Biology; Environmental Science; Biology,
SS_MECH_FEEDING_MUCUS_CORAL_01,MECH_FEEDING_MUCUS_CORAL,Semantic Scholar Academic Graph API,2026-08-13,0675c0f9217fba7f91fa89d494d2106f5bff18e4,265986371,Species Profiles: Life Histories and Environmental Requirements of Coastal Fishes and Invertebrates (South Atlantic). Black Sea Bass,L. Mercer; David Moran,1989,1989-07-01,,,,,,https://www.semanticscholar.org/paper/0675c0f9217fba7f91fa89d494d2106f5bff18e4,False,,16,0,0,Biology,Biology; Environmental Science; Biology,
SS_MECH_FEEDING_MUCUS_CORAL_01,MECH_FEEDING_MUCUS_CORAL,Semantic Scholar Academic Graph API,2026-08-13,07722f1eb0af94c5a1a6a0370b2a0b8fce5bae50,15199008,Bacterial communities and species-specific associations with the mucus of Brazilian coral species,C. Carlos; T. Torres; L. M. Ottoboni,2013,2013-04-09,Scientific Reports,JournalArticle,10.1038/srep01624,,23567936,https://www.semanticscholar.org/paper/07722f1eb0af94c5a1a6a0370b2a0b8fce5bae50,True,https://www.nature.com/articles/srep01624.pdf,119,46,9,Medicine; Biology,Medicine; Biology; Environmental Science; Biology,"We investigated the existence of species-specific associations between Brazilian coral species and bacteria. Pyrosequencing of the V3 region of the 16S rDNA was used to analyze the taxonomic composition of bacterial communities associated with the mucus of four coral species (Madracis decactis, Mussismilia hispida, Palythoa caribaeorum and Tubastraea coccinea) in two seasons (winter and summer), which were compared with the surrounding water and sediment. The microbial communities found in samples of mucus, water and sediment differed according to the composition and relative frequency of OTUs. The coral mucus community seemed to be more stable and resistant to seasonal variations, compared to the water and sediment communities. There was no influence of geographic location on the composition of the communities. The sediment community was extremely diverse and might act as a ""seed bank"" for the entire environment. Species-specific OTUs were found in P. caribaeorum, T. coccinea and M. hispida."
SS_MECH_FEEDING_MUCUS_CORAL_01,MECH_FEEDING_MUCUS_CORAL,Semantic Scholar Academic Graph API,2026-08-13,086fd3bc640d7479eaa75367531d19296eec945e,195059178,"Distribution of deep-sea corals in the Newfoundland and Labrador region , Northwest Atlantic Ocean",V. Wareham; E. Edinger,2008,,,Review,,,,https://www.semanticscholar.org/paper/086fd3bc640d7479eaa75367531d19296eec945e,False,,56,17,9,,Environmental Science,
SS_MECH_FEEDING_MUCUS_CORAL_01,MECH_FEEDING_MUCUS_CORAL,Semantic Scholar Academic Graph API,2026-08-13,0929b44b5bb9b2ad7f9bb3b084c37719e142dd11,18800094,Positive and Negative Effects of a Threatened Parrotfish on Reef Ecosystems,D. McCauley; H. Young; R. Guevara; Gareth J. Williams; E. Power; R. Dunbar; Douglas W. Bird; W. Durham; F. Micheli,2014,2014-10-01,Conservation Biology,JournalArticle,10.1111/cobi.12314,,25065396,https://www.semanticscholar.org/paper/0929b44b5bb9b2ad7f9bb3b084c37719e142dd11,True,https://escholarship.org/content/qt3z36t1jp/qt3z36t1jp.pdf?t=ozrywd,38,36,2,Medicine; Biology,Medicine; Biology; Biology; Environmental Science,
SS_MECH_FEEDING_MUCUS_CORAL_01,MECH_FEEDING_MUCUS_CORAL,Semantic Scholar Academic Graph API,2026-08-13,095e81e1e9dba78fbffb4d53b74a718e4c47d54b,89515066,"An experimental field evaluation of healing in damaged, unbleached and artificially bleached star coral, Montastraea annularis",P. E. Mascarelli; L. Bunkley-Williams,1999,,,,,,,https://www.semanticscholar.org/paper/095e81e1e9dba78fbffb4d53b74a718e4c47d54b,False,,45,0,4,Biology,Biology; Environmental Science,
SS_MECH_FEEDING_MUCUS_CORAL_01,MECH_FEEDING_MUCUS_CORAL,Semantic Scholar Academic Graph API,2026-08-13,09e71d3775ff10a9ff55f6aa751ee9ab97b027df,90587912,The effects of suspended sediment on coral reef fish assemblages and feeding guilds of north-west Australia,Molly Moustaka; T. Langlois; D. McLean; T. Bond; R. Fisher; P. Fearns; Passang Dorji; R. Evans,2018,2018-09-01,,,10.1007/S00338-018-1690-1,,,https://www.semanticscholar.org/paper/09e71d3775ff10a9ff55f6aa751ee9ab97b027df,True,https://figshare.com/articles/journal_contribution/The_effects_of_suspended_sediment_on_coral_reef_fish_assemblages_and_feeding_guilds_of_north-west_Australia/20675943,42,77,0,Geography,Geography; Environmental Science,"AbstractUnderstanding environmental drivers of fish assemblage composition is fundamental to designing useful management plans for anthropogenic activities. This study investigated the influence of suspended sediment on reef fish assemblages and habitat composition over a cross-shelf turbidity gradient in the nearshore Pilbara region of Western Australia. The responses of all feeding guilds were analysed to identify feeding guilds vulnerable to elevations in suspended sediment and sedimentation. This study is the first of its kind to utilise both remotely sensed and in situ turbidity data to characterise the general turbidity regime and magnitude of stochastic events. By using the coordinates from a principle coordinates analysis, we were able to capture both the general turbidity conditions and stochastic turbidity spikes at each site, whilst the use of in situ turbidity measurements allowed us to effectively ‘ground-truth’ the remotely sensed TSS data. Underwater visual census was used to sample the fish assemblage and quantify habitat across the turbidity gradient. Generalised additive mixed models were used to explore the relationships between environmental variables, habitat variables, and fish assemblage metrics. Species richness significantly declined with increasing levels of turbidity. This study identified two key functional groups of fish that are vulnerable to elevated suspended sediment loads. Planktivorous omnivores and herbivorous scrapers decreased in abundance at high turbidity sites. Total biomass of herbivorous scrapers was lower at turbid sites, whilst the biomass of planktivorous omnivores was not related to any of the predictor variables. Changes in the abundance, biomass, and behaviour of these functional groups can have severe consequences for the resilience and recovery of coral reefs. Anthropogenic activities that elevate suspended sediment in regions where coral reef communities exist should consider these implications when designing management plans.
"
SS_MECH_FEEDING_MUCUS_CORAL_01,MECH_FEEDING_MUCUS_CORAL,Semantic Scholar Academic Graph API,2026-08-13,0a05f6242ee653776187052592bd5fafc15e7dd6,92447136,Biochemical composition of the cold-water coral Dendrophyllia cornigera under contrasting productivity regimes: Insights from lipid biomarkers and compound-specific isotopes,A. Gori; I. Tolosa; C. Orejas; L. Rueda; N. Viladrich; J. Grinyó; S. Flögel; R. Grover; C. Ferrier‐Pagès,2018,2018-11-01,Deep Sea Research Part I: Oceanographic Research Papers,,10.1016/J.DSR.2018.08.010,,,https://www.semanticscholar.org/paper/0a05f6242ee653776187052592bd5fafc15e7dd6,True,http://oceanrep.geomar.de/44298/1/10.1016_j.dsr.2018.08.010.pdf,11,123,0,Biology,Biology; Environmental Science; Biology,"Highlights 
 
• Higher lipid content in D. cornigera in Cantabrian Sea than in Menorca Channel. 
• Lipid composition and δ13C values reflected contrasted food captured by corals. 
• Feeding on phytoplankton and herbivorous grazers by Cantabrian D. cornigera. 
• Main trophic role of dinoflagellates and invertebrates for Menorca D. cornigera. 
• High trophic plasticity of D. cornigera. 
 
Abstract 
 
The cold-water coral (CWC) Dendrophyllia cornigera is widely distributed in areas of both high and low productivity, suggesting a significant trophic plasticity of this coral depending on the food available in the environment. In this study, lipid biomarkers and their isotopic signature were compared in colonies of D. cornigera and sediment from the highly productive Cantabrian Sea (Northeast Atlantic Ocean) and the less productive Menorca Channel (Western Mediterranean Sea). Lipid content and composition in coral tissue clearly reflected the contrasting productivity in the two areas. Cantabrian corals presented higher content in fatty acids (FA), fatty alcohols and sterols than Menorca corals. 
 
Energy storage (saturated + mono-unsaturated FA) to structural (poly-unsaturated FA) ratio was higher in Cantabrian than in Menorca corals. The high ΣC20:1 content as well as PUFA(n-3)/PUFA(n-6) ratio suggest that Cantabrian corals mainly feed on phytoplankton and herbivorous grazers. This is also supported by the higher mono-unsaturated fatty alcohols (MUOH) and long chain mono-unsaturated fatty alcohols (LCMUOH) content in Cantabrian compared to Menorca corals. Conversely, higher PUFA(n-6) content in Menorca corals, with the dominance of C22:4(n-6) and C20:4(n-6), as well as the dominance of cholesterol and norC27Δ5,22 among sterols, point to a higher trophic role of dinoflagellates and invertebrates. The observed geographical variability in trophic ecology supports a high trophic plasticity of D. cornigera, which may favour the wide distribution of this CWC in areas with highly contrasted food availability."
SS_MECH_FEEDING_MUCUS_CORAL_01,MECH_FEEDING_MUCUS_CORAL,Semantic Scholar Academic Graph API,2026-08-13,0b0a7b4112574edce3a681eaba0ff85afa6a6800,14969869,Respiratory responses of three Antarctic ascidians and a sea pen to increased sediment concentrations,L. Torre; N. Servetto; M. Eöry; F. Momo; M. Tatián; D. Abele; R. Sahade,2012,2012-06-17,Polar Biology,,10.1007/s00300-012-1208-1,,,https://www.semanticscholar.org/paper/0b0a7b4112574edce3a681eaba0ff85afa6a6800,False,,53,25,0,Biology,Biology; Environmental Science,
SS_MECH_FEEDING_MUCUS_CORAL_01,MECH_FEEDING_MUCUS_CORAL,Semantic Scholar Academic Graph API,2026-08-13,0b0f814df962f6b092f368c2c83535014d18221a,256929151,Metabolic responses of a phototrophic sponge to sedimentation supports transitions to sponge-dominated reefs,A. Biggerstaff; David J. Smith; J. Jompa; J. Bell,2017,2017-06-02,Scientific Reports,,10.1038/s41598-017-03018-y,,,https://www.semanticscholar.org/paper/0b0f814df962f6b092f368c2c83535014d18221a,True,https://www.nature.com/articles/s41598-017-03018-y.pdf,0,0,0,,Environmental Science; Biology,"Declines in coral abundance have been linked to increased sedimentation at many locations across the world and at some of these locations there have been subsequent increases in sponge abundance. These shifts appear counterintuitive as sponges are suspension feeders and many rely on photosymbionts for carbon. At a sedimented reef in Indonesia (Wakatobi) corals have declined and the photoautotrophic sponge Lamellodysidea herbacea is now abundant. We hypothesise that this is partly due to L. herbacea’s ability to clear its tissues of high levels of settled-sediment and compensate for associated metabolic demands by altering its respiration rate. Negligible detrimental effects to sponge tissue were observed after treatments up to five times the sedimentation rate of the highly sedimented reef. Rapid sediment clearance occurred that was potentially aided by mucus production. Finally, high sediment exposure caused an immediate reduction in respiration rate, likely due to reduced pumping to prevent clogging, whereas sustained high sedimentation caused an increase in respiration rate, potentially due to the energetic cost of mucus production. Our study provides evidence that some sponges can tolerate environments that appear unsuitable to many corals and with increased sedimentation this acclimation may support further transitions to sponge dominated reefs in the future."
SS_MECH_FEEDING_MUCUS_CORAL_01,MECH_FEEDING_MUCUS_CORAL,Semantic Scholar Academic Graph API,2026-08-13,0b76b812cb4f1558ad4d057bc4a478174086db7b,129769224,"Fauna and palaeoecology of the Middle Cenomanian Praeactinocamax primus Event at the type locality, Wunstorf quarry, northern Germany",M. Wilmsen; B. Niebuhr; C. Wood; D. Zawischa,2007,2007-06-01,,,10.1016/J.CRETRES.2006.07.004,,,https://www.semanticscholar.org/paper/0b76b812cb4f1558ad4d057bc4a478174086db7b,False,,48,69,1,Geology,Geology; Geology,
SS_MECH_FEEDING_MUCUS_CORAL_01,MECH_FEEDING_MUCUS_CORAL,Semantic Scholar Academic Graph API,2026-08-13,0ba6978d74019763884f317fde009318fe3d8c2f,59027224,"Dual-Carbon sources fuel the OCS deep-reef Community, a stable isotope investigation",K. Sulak; J. Berg; M. Randall; G. Dennis; R. Brooks,2008,,,,,,,https://www.semanticscholar.org/paper/0ba6978d74019763884f317fde009318fe3d8c2f,False,,5,35,0,Environmental Science,Environmental Science; Environmental Science,
SS_MECH_FEEDING_MUCUS_CORAL_01,MECH_FEEDING_MUCUS_CORAL,Semantic Scholar Academic Graph API,2026-08-13,0c4743363fb15c5dfe439c6f86e1bde2ace43f47,129503758,Facies distribution patterns of some marine benthic faunas in early paleozoic platform environments,W. Berry,1974,1974-05-01,,,10.1016/0031-0182(74)90012-1,,,https://www.semanticscholar.org/paper/0c4743363fb15c5dfe439c6f86e1bde2ace43f47,True,https://doi.org/10.1016/0031-0182(74)90012-1,10,47,0,Geology,Geology; Geology,
SS_MECH_FEEDING_MUCUS_CORAL_01,MECH_FEEDING_MUCUS_CORAL,Semantic Scholar Academic Graph API,2026-08-13,0c6b5638c61637466059b78006a927766c973b37,239017805,Marine fish assemblages of Eastern Brazil: An update after the world's largest mining disaster and suggestions of functional groups for biomonitoring long-lasting effects.,M. Condini; H. Pichler; Ronaldo Ruy de Oliveira-Filho; A. P. Cattani; Ryan Andrades; C. C. Vilar; J. Joyeux; M. Soeth; Juliana Beltramin De Biasi; L. Eggertsen; R. Dias; C. Hackradt; F. C. Félix‐Hackradt; Julien Chiquieri; A. M. Garcia; M. Hostim-Silva,2021,2021-10-14,Science of the Total Environment,JournalArticle,10.1016/j.scitotenv.2021.150987,,34656604,https://www.semanticscholar.org/paper/0c6b5638c61637466059b78006a927766c973b37,False,,25,0,0,Medicine,Medicine; Environmental Science; Biology,"When the Fundão dam collapsed in Brazil, 50 million m3 of iron ore tailings were released into the Doce river, resulting in the world's largest mining disaster. The contaminated mud was transported 668 km downstream of the Doce river and reached the Atlantic Ocean 17 days after the collapse. Seven months later, there was evidence that the tailings had reached the largest and richest coral reef formation in the South Atlantic Ocean. This study provides the first description of species composition, abundance, and diversity patterns of fish assemblages in estuaries, coastal areas, and coral reefs affected by the rupture of the mining dam in the Doce river. A linear mixed model (GLMM) was used to evaluate the influence of salinity on fish abundance across estuarine and coastal ecosystems. In addition, based on functional traits related to habitat use and feeding habits, this study identified fish species suitable as bioindicators of the long-lasting effects of this major mining disaster. Bottom trawls were used to sample five estuaries and their respective coastal areas, and a visual census was employed to sample five reef areas, representing an impact gradient. A total of 269 species were recorded in all three habitats, but only seven were shared among them. The results showed lower similarity in assemblages among estuarine areas compared to the coastal and reef areas. Species composition among estuaries and reef ecosystems was more heterogeneous. In contrast, coastal habitats exhibited high homogeneity. Salinity had no statistically significant effect on fish abundance either in estuaries (p = 0.22) and along the coast (p = 0.14). Twelve fish species were identified as suitable bioindicators for evaluating the long-lasting effects of resuspension of contaminated sediments. These species are commonly found in the ecosystems under the influence of the disaster inhabiting potentially contaminated substrates and substrate-associated benthic preys."
SS_MECH_FEEDING_MUCUS_CORAL_01,MECH_FEEDING_MUCUS_CORAL,Semantic Scholar Academic Graph API,2026-08-13,0c965428379fb71a7e1ec8d9362d3738249f2baa,127346434,Factors controlling the microbial community associated with reef building corals,M. Sweet,2011,,,,,,,https://www.semanticscholar.org/paper/0c965428379fb71a7e1ec8d9362d3738249f2baa,False,,0,6,0,Geography,Geography; Environmental Science; Biology,
SS_MECH_FEEDING_MUCUS_CORAL_01,MECH_FEEDING_MUCUS_CORAL,Semantic Scholar Academic Graph API,2026-08-13,0c98d63ee6c588c80aae99937839dfc988a74699,208230554,"CITHARICHTHyS SORDID US , IN A REGION OF DIVERSE SEDIMENTS AND BATHYMETRY OFF OREGON",Glyptocephalus; Zachirus; Citharichthys; Sordidus,2010,,,Review,,,,https://www.semanticscholar.org/paper/0c98d63ee6c588c80aae99937839dfc988a74699,False,,0,10,0,,Environmental Science; Biology,
SS_MECH_FEEDING_MUCUS_CORAL_01,MECH_FEEDING_MUCUS_CORAL,Semantic Scholar Academic Graph API,2026-08-13,0ccb8a577d770d4c944bfab786e642f86b0da709,129600468,Sea turtles and the environmental management of industrial activities in North West Western Australia,K. Pendoley,2005,,,,,,,https://www.semanticscholar.org/paper/0ccb8a577d770d4c944bfab786e642f86b0da709,False,,35,59,4,Geography,Geography; Environmental Science,
SS_MECH_FEEDING_MUCUS_CORAL_01,MECH_FEEDING_MUCUS_CORAL,Semantic Scholar Academic Graph API,2026-08-13,0d2f0aeff23c139f00f6f746f8e8ca0012cb3cc6,254939989,Antibiotics from gliding bacteria,Alexander Schmitz; Stephan Felder; Thomas Höver; S. Kehraus; Edith Neu; Friederike Lohr; G. König; T. Schäberle,2012,2012-03-23,Phytochemistry Reviews,,10.1007/s11101-012-9224-x,,,https://www.semanticscholar.org/paper/0d2f0aeff23c139f00f6f746f8e8ca0012cb3cc6,False,,0,0,0,,Chemistry; Environmental Science; Biology; Medicine,
SS_MECH_FEEDING_MUCUS_CORAL_01,MECH_FEEDING_MUCUS_CORAL,Semantic Scholar Academic Graph API,2026-08-13,0d58390a8850594c1bcba7fffb15c8c7faefc1c7,128654502,A new ice core proxy of continental weathering and its feedback with atmospheric CO2,J. Schmitt; B. Seth; P. Köhler; J. Willenbring; H. Fischer,2012,2012-10-02,,,,,,https://www.semanticscholar.org/paper/0d58390a8850594c1bcba7fffb15c8c7faefc1c7,False,,1,0,0,Geology,Geology; Environmental Science; Geology; Physics,
SS_MECH_FEEDING_MUCUS_CORAL_01,MECH_FEEDING_MUCUS_CORAL,Semantic Scholar Academic Graph API,2026-08-13,0da20b4b96d91a2a14adb384d5a28879d2473089,130996449,"EXTERNAL MORPHOLOGY AND PALEOBIOLOGY OF HELIOPHYLLUM HALLI (ZOANTHARIA, RUGOSA), FROM THE MIDDLE DEVONIAN HAMILTON GROUP OF NEW YORK STATE",J. E. Sorauf,2001,2001-01-01,Journal of Paleontology,,10.1666/0022-3360(2001)075<0024:EMAPOH>2.0.CO;2,,,https://www.semanticscholar.org/paper/0da20b4b96d91a2a14adb384d5a28879d2473089,False,,9,55,1,Geology,Geology; Geology,
SS_MECH_FEEDING_MUCUS_CORAL_01,MECH_FEEDING_MUCUS_CORAL,Semantic Scholar Academic Graph API,2026-08-13,0dd2616e3dd0bef3890ab4cbd3b96974b2b58476,216641296,Further Readings in Geomicrobiology,,2009,2009-09-24,,,10.1080/01490450903182196,,,https://www.semanticscholar.org/paper/0dd2616e3dd0bef3890ab4cbd3b96974b2b58476,False,,0,28,0,,Environmental Science; Biology,
SS_MECH_FEEDING_MUCUS_CORAL_01,MECH_FEEDING_MUCUS_CORAL,Semantic Scholar Academic Graph API,2026-08-13,0e157c95eab41e0bf025cd44640077ecc6449bcb,83764337,The trophic ecology of key megafaunal species at the Pakistan Margin: Evidence from stable isotopes and lipid biomarkers,R. Jeffreys; G. Wolff; Sarah J. Murty,2009,2009-10-01,,,10.1016/J.DSR.2009.05.001,,,https://www.semanticscholar.org/paper/0e157c95eab41e0bf025cd44640077ecc6449bcb,False,,40,103,4,Biology,Biology; Environmental Science,
SS_MECH_FEEDING_MUCUS_CORAL_01,MECH_FEEDING_MUCUS_CORAL,Semantic Scholar Academic Graph API,2026-08-13,0e2f91679527338d1f6bec144d320cb4d5dbbbd0,83595319,Variation in early post-settlement growth and mortality of scleractinian corals,M. Trapon,2013,2013-07-01,,Review,,,,https://www.semanticscholar.org/paper/0e2f91679527338d1f6bec144d320cb4d5dbbbd0,False,,0,184,0,Biology,Biology; Environmental Science; Biology,
SS_MECH_FEEDING_MUCUS_CORAL_01,MECH_FEEDING_MUCUS_CORAL,Semantic Scholar Academic Graph API,2026-08-13,0e7aa86ffb6ac504101a0438e0398aa6cba6c6b0,128671088,Island weathering : river sources of rare earth elements to the Western Pacific Ocean,E. Sholkovitz; H. Elderfield; R. Szymczak; K. Casey,1999,1999-12-01,,,10.1016/S0304-4203(99)00064-X,,,https://www.semanticscholar.org/paper/0e7aa86ffb6ac504101a0438e0398aa6cba6c6b0,False,,214,32,15,Geology,Geology; Environmental Science; Geology,
SS_MECH_FEEDING_MUCUS_CORAL_01,MECH_FEEDING_MUCUS_CORAL,Semantic Scholar Academic Graph API,2026-08-13,0ff8c4df941863c03a67918569eca4785bbfb8ec,259782754,"Biodiversity, ecology, and taxonomy of sediment-dwelling Dendrophylliidae (Anthozoa, Scleractinia) in the Gulf of Thailand",R. Mehrotra; S. Chavanich; Coline Monchanin; S. Jualaong; B. Hoeksema,2023,2023-06-20,Contributions to Zoology,JournalArticle; Review,10.1163/18759866-bja10050,,,https://www.semanticscholar.org/paper/0ff8c4df941863c03a67918569eca4785bbfb8ec,True,https://brill.com/downloadpdf/journals/ctoz/aop/article-10.1163-18759866-bja10050/article-10.1163-18759866-bja10050.pdf,15,146,1,,Environmental Science; Biology,"
Dendrophylliidae represents one of the most speciose families of scleractinian coral, expressing a wide range of morphological and ecological traits. Recent phylogenetic analyses of the family have indicated that several conventional genera are in need of revision. In the Gulf of Thailand, dendrophylliids are predominantly found on hard-substrate reefs and pinnacles, or on soft-substrate habitats. Soft-substrate habitats in the Gulf of Thailand have been shown to host unique species assemblages and faunal ecology. Here we provided an updated phylogenetic hypothesis for the Dendrophylliidae based on newly sequenced species, and analyses integrating morphology, genetics and ecology. High-resolution Micro-ct was used to create digital versions of the studied species, allowing for non-destructive examination of internal and external features. Our findings allowed for a taxonomic assessment of the genera Heteropsammia and Tubastraea, with the species Balanophyllia (Eupsammia) stimpsonii, moved to the genus Tubastraea. They also support the polyphyly of Dendrophyllia and Cladopsammia. In-situ surveys provided population-density information for four dendrophylliid species from soft substrate habitats, indicating that the species Heteropsammia moretonensis may be the most widespread within the Gulf of Thailand. These surveys also provided novel ecological documentation associated with these corals, including protocooperative feeding upon a sea pen by Tubastraea stimpsonii comb. nov., and feeding upon other cnidarians by Heteropsammia spp."
SS_MECH_FEEDING_MUCUS_CORAL_01,MECH_FEEDING_MUCUS_CORAL,Semantic Scholar Academic Graph API,2026-08-13,1027a7bd54ba63c63950fb4f018d00023028746c,5960044,Stable isotopes reveal spatial variability in the trophic structure of a macro-benthic invertebrate community in a tropical coral reef.,J. Kolasinski; Sarah Nahon; K. Rogers; A. Chauvin; L. Bigot; P. Frouin,2016,2016-02-15,Rapid Communications in Mass Spectrometry,JournalArticle; Study,10.1002/rcm.7443,,26754137,https://www.semanticscholar.org/paper/1027a7bd54ba63c63950fb4f018d00023028746c,False,,15,73,1,Chemistry; Medicine,Chemistry; Medicine; Environmental Science,
SS_MECH_FEEDING_MUCUS_CORAL_01,MECH_FEEDING_MUCUS_CORAL,Semantic Scholar Academic Graph API,2026-08-13,11ba7e1da020cc79cc2b0dc3fe576040313af656,201107461,An overview of the Australian psolid sea cucumbers ( Echinodermata : Holothuroidea : Psolidae ) with the description of 5 new species,J.-F. Hamel S. Baillon; A. Mercier,2012,,,Review,,,,https://www.semanticscholar.org/paper/11ba7e1da020cc79cc2b0dc3fe576040313af656,False,,0,44,0,,Biology; Environmental Science,
SS_MECH_FEEDING_MUCUS_CORAL_01,MECH_FEEDING_MUCUS_CORAL,Semantic Scholar Academic Graph API,2026-08-13,11c30036cae7847493a64a515e77584fe079e8c4,282446697,МИНЕРАЛЬНЫЕ ОТЛОЖЕНИЯ И ПОДЗЕМНЫЕ ВОДЫ ПЕЩЕР ХРЕБТА СУРХАНТАУ (УЗБЕКИСТАН),Е. П. Базарова; Ольга Ивановна Кадебская; Е.А. Цурихин; А М Кононов,2025,2025-09-30,География и природные ресурсы,JournalArticle,10.15372/gipr20250318,,,https://www.semanticscholar.org/paper/11c30036cae7847493a64a515e77584fe079e8c4,False,,0,0,0,,,"Впервые изучены морфология, химический и изотопный состав минеральных отложений трех пещер в высокогорном районе хр. Сурхантау, расположенного на юго-востоке Узбекистана. Хребет является частью юго-западных отрогов Гиссарского хребта, входящего в Гиссаро-Алайскую горную систему Южного Тянь-Шаня. В рассматриваемых пещерах выявлены четыре типа минеральных отложений, из которых наиболее значимыми являются водно-хемогенные образования. Данные отложения, в морфологическом отношении представленные агрегатами гравитационных, субаквальных, кораллит-кристалликтитовых кор, пещерной пудрой и волокнистыми образованиями, сложены преимущественно кальцитом с включениями фторапатита, барита, магнетита, гетита, рутила, плагиоклаза, эпидота и кварца. Отложения из привходовой части пещеры имени Вишневского отличаются ростом d13С при практически одинаковых значениях d18О, что указывает на отрицательные температуры. Приведены данные о составе подземных вод, описаны условия их формирования при спелеолитогенезе на основе гидрогеохимических и изотопных исследований. Изотопный состав карстовых вод говорит о преобладании зимнего снегового питания. Крупные кальцитовые агрегаты и мощный слой рыхлых отложений в подземных полостях указывают на формирование пещер в условиях теплого и влажного климата обильными водотоками, имеющими область питания в некарстующихся песчаниках, которые на сегодняшний момент практически уничтожены эрозией. В настоящее время развитие подземных полостей продолжается в донных частях вследствие деятельности подземных вод и в привходовых частях за счет обвальных процессов.
 The morphology, chemical and isotopic composition of mineral deposits of three caves in the high-mountain region of the Surkhantau Range, located in the southeast of Uzbekistan, have been studied for the first time. The range is part of the southwestern spurs of the Gissar Range, which belongs to the Gissar-Alai mountain system of the Southern Tien Shan. Four types of mineral deposits have been identified in the caves under consideration, the most significant of which are water-chemogenic formations. These deposits, morphologically represented by aggregates of gravitational, subaqueous, corallite-crystallictite crusts, cave powder and fibrous formations, are composed mainly of calcite with inclusions of fluorapatite, barite, magnetite, goethite, rutile, plagioclase, epidote and quartz. The deposits from the entrance part of the Vishnevsky Cave are distinguished by an increase in d13С with almost identical d18О values, which indicates negative temperatures. The data on the composition of groundwater are presented, and the conditions of their formation during speleolithogenesis are described based on hydrogeochemical and isotope studies. The isotopic composition of karst waters is indicative of the predominance of winter snow feeding. Large calcite aggregates and a thick layer of loose sediments in underground cavities provide evidence of the formation of caves in warm and humid climates by abundant watercourses with a feeding area in non-karst sandstones, which are currently almost destroyed by erosion. At present, the development of underground cavities continues in the bottom parts due to the activity of groundwater and in the entrance parts due to landslide processes."
SS_MECH_FEEDING_MUCUS_CORAL_01,MECH_FEEDING_MUCUS_CORAL,Semantic Scholar Academic Graph API,2026-08-13,1291b53d1734d3f6ee7424ebb97ba5c8e4f90b55,59019054,Density-ratio effects on the capture of suspended particles in aquatic systems,S. Ne,2015,,,,,,,https://www.semanticscholar.org/paper/1291b53d1734d3f6ee7424ebb97ba5c8e4f90b55,False,,5,36,0,,Environmental Science,
SS_MECH_FEEDING_MUCUS_CORAL_01,MECH_FEEDING_MUCUS_CORAL,Semantic Scholar Academic Graph API,2026-08-13,1294210157f76a1aa4b7bc244c7992f57fe613f7,54071378,Biozonation of Deep-Water Lithoherms and Associated Hardgrounds in the Northeastern Straits of Florida,E. Sikes,2017,,,,10.1016/s0198-0254(06)80450-4,,,https://www.semanticscholar.org/paper/1294210157f76a1aa4b7bc244c7992f57fe613f7,False,,13,17,1,,Environmental Science; Geology,
SS_MECH_FEEDING_MUCUS_CORAL_01,MECH_FEEDING_MUCUS_CORAL,Semantic Scholar Academic Graph API,2026-08-13,12a42714d4f07c6214df6e72f38a6a86e8aeb043,82000053,"The biology of burrowing crustaceans in seagrass meadows of the Spermonde Archipelago, Indonesia",D. Kneer; D. Priosambodo; H. Asmus,2011,2011-07-07,,,,,,https://www.semanticscholar.org/paper/12a42714d4f07c6214df6e72f38a6a86e8aeb043,False,,0,0,0,Biology,Biology; Biology; Environmental Science,
SS_MECH_FEEDING_MUCUS_CORAL_01,MECH_FEEDING_MUCUS_CORAL,Semantic Scholar Academic Graph API,2026-08-13,12b6b9d5909c03917b3597e019e7bbc3859b188c,271037780,Resource utilisation and trophic niche overlap of coralline intertidal benthic amphipods: an isotopic perspective,T. Srinivas; Soniya Sukumaran; K. Ramesh Babu,2024,2024-07-01,Environmental science and pollution research international,JournalArticle,10.1007/s11356-024-34040-z,,38970629,https://www.semanticscholar.org/paper/12b6b9d5909c03917b3597e019e7bbc3859b188c,False,,1,87,0,Medicine,Medicine; Environmental Science,
SS_MECH_FEEDING_MUCUS_CORAL_01,MECH_FEEDING_MUCUS_CORAL,Semantic Scholar Academic Graph API,2026-08-13,1337b6b281070c37a83cc977fd874561d56d277f,86053053,Changes in bivalve functional and assemblage ecology in response to environmental change in the Caribbean Neogene,J. Leonard-Pingel; J. Jackson; A. O’Dea,2012,2012-09-27,Paleobiology,,10.1666/10050.1,,,https://www.semanticscholar.org/paper/1337b6b281070c37a83cc977fd874561d56d277f,False,,32,86,2,Biology,Biology; Environmental Science; Geology,
SS_MECH_FEEDING_MUCUS_CORAL_01,MECH_FEEDING_MUCUS_CORAL,Semantic Scholar Academic Graph API,2026-08-13,13613b99a0bed860946b438e9c1a6c730f2a3b49,8049120,Clarifying functional roles: algal removal by the surgeonfishes Ctenochaetus striatus and Acanthurus nigrofuscus,S. B. Tebbett; C. Goatley; D. Bellwood,2017,2017-03-22,Coral reefs,,10.1007/s00338-017-1571-z,,,https://www.semanticscholar.org/paper/13613b99a0bed860946b438e9c1a6c730f2a3b49,True,https://researchonline.jcu.edu.au/50382/6/JCU_50382%20aam.pdf,81,85,6,Biology,Biology; Environmental Science; Biology,
SS_MECH_FEEDING_MUCUS_CORAL_01,MECH_FEEDING_MUCUS_CORAL,Semantic Scholar Academic Graph API,2026-08-13,1379d64f2715b9145b87698289ec5822e4e2ab93,261310376,Branching coral growth and visual health during bleaching and recovery on the central Great Barrier Reef,A. King; Wayman; Stephenson; Heron; Lough; McWilliam; Richardson; Scott; Cantin,2023,2023-08-28,Coral reefs,JournalArticle,10.1007/s00338-023-02403-6,,,https://www.semanticscholar.org/paper/1379d64f2715b9145b87698289ec5822e4e2ab93,True,https://link.springer.com/content/pdf/10.1007/s00338-023-02403-6.pdf,7,72,0,,Environmental Science,"Coral reefs are under threat from cumulative impacts such as cyclones, crown-of-thorns starfish (COTS) outbreaks and climate-driven coral bleaching events. Branching corals are more severely impacted by these events than other coral morphologies due to their sensitivity to heat stress and weaker skeletons and COTS preferred prey. The central Great Barrier Reef experienced unprecedented back-to-back bleaching events in 2016 and 2017. This study commenced in 2017 at the peak of heat stress and examined the impact of the heatwave on the survival and recovery of corals by assessing the growth, health (based on the visual health index) and physiological parameters (chlorophyll a , zooxanthellae density, lipid and protein content) of two species, Acropora millepora and Pocillopora acuta ( N  = 60 colonies for each species). It was conducted across a gradient of turbidity at three reefs, Pandora, Orpheus and Rib, that experienced in April 2017, degree heating weeks (DHW) of 9, 8 and 7, respectively. Orpheus experienced the worst bleaching, based on visual health score, followed by Rib and Pandora. Rib experienced the greatest mortality (78% by Nov 2017); however, this was attributed to the presence of actively feeding crown-of-thorns starfish. Growth rates of A. millepora were almost twice the rate of P. acuta . Both species showed significant seasonal variation with growth of A. millepora and P. acuta 35–40% and 23–33% significantly greater in the summer, respectively. Differences in growth rates were best explained by indicators of energy acquisition. For example, the most important predictor variable in determining higher growth rates and visual health score in A. millepora was chlorophyll a content. For P. acuta , visual health score was the best predictor variable for higher growth rates. This study highlights the important role that chlorophyll a and associated symbionts play in growth and survival in these corals during and after a heat stress event."
SS_MECH_FEEDING_MUCUS_CORAL_01,MECH_FEEDING_MUCUS_CORAL,Semantic Scholar Academic Graph API,2026-08-13,13a598fd403a47d6e1aa2df61a1d1cbb66c33d67,261691031,UvA-DARE (Digital Academic First insights into the impacts of benthic cyanobacterial mats on fish herbivory functions on a nearshore coral reef,Amanda K. Ford; P. Visser; M. Herk; Evelien Jongepier; Victor Bonito,2021,,,Review,,,,https://www.semanticscholar.org/paper/13a598fd403a47d6e1aa2df61a1d1cbb66c33d67,False,,0,85,0,,Environmental Science; Biology,
SS_MECH_FEEDING_MUCUS_CORAL_01,MECH_FEEDING_MUCUS_CORAL,Semantic Scholar Academic Graph API,2026-08-13,13bb41d79f69e2b01df80d90da394f4c1f96eca3,133720204,Strategic marine ecological research priorities for CALM act marine parks and reserves 2016–2021,A. Kendrick; S. Wilson; K. Friedman; K. Waples; S. H. Whiting; T. Holmes; Michael J. Rule; A. Halford; T. Quartermaine; A. Bobojcov; A. McCarthy; D. Stevens; R. Marshall; P. Barnes; D. Holley; P. E. Jennings; M. Evans; M. Dasey; S. Ossinger; J. Holmes,2016,,,,,,,https://www.semanticscholar.org/paper/13bb41d79f69e2b01df80d90da394f4c1f96eca3,False,,11,23,0,Environmental Science,Environmental Science; Environmental Science,
SS_MECH_FEEDING_MUCUS_CORAL_01,MECH_FEEDING_MUCUS_CORAL,Semantic Scholar Academic Graph API,2026-08-13,13c551cf1b4c282d8c6ebf0351c4a650995b107c,84267661,"Ecological energetics of the tropical sea urchin Diadema antillarum Philippi in Barbados, West Indies",C. M. Hawkins; J. Lewis,1982,1982-12-01,,,10.1016/0272-7714(82)90077-4,,,https://www.semanticscholar.org/paper/13c551cf1b4c282d8c6ebf0351c4a650995b107c,False,,38,41,2,Biology,Biology; Environmental Science,
SS_MECH_FEEDING_MUCUS_CORAL_01,MECH_FEEDING_MUCUS_CORAL,Semantic Scholar Academic Graph API,2026-08-13,14585ebe11f7cd80182e4a81fdecb8524312fb4d,25120890,Sediment suppresses herbivory across a coral reef depth gradient,C. Goatley; D. Bellwood,2012,2012-12-23,Biology Letters,JournalArticle,10.1098/rsbl.2012.0770,,23097459,https://www.semanticscholar.org/paper/14585ebe11f7cd80182e4a81fdecb8524312fb4d,False,,97,29,4,Biology; Medicine,Biology; Medicine; Environmental Science,
SS_MECH_FEEDING_MUCUS_CORAL_01,MECH_FEEDING_MUCUS_CORAL,Semantic Scholar Academic Graph API,2026-08-13,1476c3f099ebd90e6de6644ccd9d33d633658548,6672610,To fear or to feed: the effects of turbidity on perception of risk by a marine fish,Susannah M. Leahy; M. McCormick; M. Mitchell; M. Ferrari,2011,2011-12-23,Biology Letters,JournalArticle,10.1098/rsbl.2011.0645,,21849308,https://www.semanticscholar.org/paper/1476c3f099ebd90e6de6644ccd9d33d633658548,True,https://royalsocietypublishing.org/doi/pdf/10.1098/rsbl.2011.0645,100,17,2,Medicine; Biology,Medicine; Biology; Biology; Environmental Science,
SS_MECH_FEEDING_MUCUS_CORAL_01,MECH_FEEDING_MUCUS_CORAL,Semantic Scholar Academic Graph API,2026-08-13,1492495f7ed0de7bff9c1c521d61be261b875387,84249701,"Effects of turbidity on calcification rate, protein concentration and the free amino acid pool of the coral Acropora cervicornis",J. Kendall; E. Powell; S. J. Connor; T. J. Bright; C. Zastrow,1985,1985-06-01,,,10.1007/BF00397003,,,https://www.semanticscholar.org/paper/1492495f7ed0de7bff9c1c521d61be261b875387,False,,30,63,2,Biology,Biology; Environmental Science; Biology,
SS_MECH_FEEDING_MUCUS_CORAL_01,MECH_FEEDING_MUCUS_CORAL,Semantic Scholar Academic Graph API,2026-08-13,14d29e1f36d0c8681982c0078d775f23bd439a63,88261579,Trophic ecology of the facultative symbiotic coral Oculina arbuscula,M. Leal; C. Ferrier‐Pagès; R. Calado; J. Brandes; M. Frischer; J. Nejstgaard,2014,2014-05-14,,,10.3354/MEPS10750,,,https://www.semanticscholar.org/paper/14d29e1f36d0c8681982c0078d775f23bd439a63,True,https://www.int-res.com/articles/meps2014/504/m504p171.pdf,36,69,2,Biology,Biology; Environmental Science; Biology,
SS_MECH_FEEDING_MUCUS_CORAL_01,MECH_FEEDING_MUCUS_CORAL,Semantic Scholar Academic Graph API,2026-08-13,153b59986ff8f9d8eff9a96506c024d3e40d0fe6,140709328,Biostratinomy and palaeoecology of the cassian formation (Triassic) of the Southern Alps,F. Fürsich; J. Wendt,1977,1977-11-01,,,10.1016/0031-0182(77)90005-0,,,https://www.semanticscholar.org/paper/153b59986ff8f9d8eff9a96506c024d3e40d0fe6,False,,153,30,12,Geology,Geology; Geology,
SS_MECH_FEEDING_MUCUS_CORAL_01,MECH_FEEDING_MUCUS_CORAL,Semantic Scholar Academic Graph API,2026-08-13,15df3278c9d5589333e69640b1f83523cf89c3ed,128463644,"Corallite size and spacing as an aspect of niche‐partitioning in tabulate corals of Silurian reefs, Racine Formation, North America",R. Watkins,2000,2000-03-01,,,10.1080/00241160050150302,,,https://www.semanticscholar.org/paper/15df3278c9d5589333e69640b1f83523cf89c3ed,False,,10,24,0,Biology,Biology; Geology,
SS_MECH_FEEDING_MUCUS_CORAL_01,MECH_FEEDING_MUCUS_CORAL,Semantic Scholar Academic Graph API,2026-08-13,15f118319af411221d09bbb82ea1fa721ec205b9,45555740,Effects of vessel engine noise on the acoustic signaling behavior of Dascyllus albisella (Hawaiian damselfish).,P. Fisher-Pool; M. Lammers; L. Munger,2012,,Advances in Experimental Medicine and Biology,JournalArticle,10.1007/978-1-4419-7311-5_91,,22278528,https://www.semanticscholar.org/paper/15f118319af411221d09bbb82ea1fa721ec205b9,False,,0,17,0,Medicine; Biology,Medicine; Biology; Environmental Science; Biology,
SS_MECH_FEEDING_MUCUS_CORAL_01,MECH_FEEDING_MUCUS_CORAL,Semantic Scholar Academic Graph API,2026-08-13,16335dca0f6ab1974452ee92d9268ff81230af90,24454639,Metabolic responses of a phototrophic sponge to sedimentation supports transitions to sponge-dominated reefs,A. Biggerstaff; David J. Smith; J. Jompa; J. Bell,2017,2017-06-02,Scientific Reports,JournalArticle,10.1038/s41598-017-03018-y,,28578387,https://www.semanticscholar.org/paper/16335dca0f6ab1974452ee92d9268ff81230af90,True,https://www.nature.com/articles/s41598-017-03018-y.pdf,31,61,2,Biology; Medicine,Biology; Medicine; Biology; Environmental Science,"Declines in coral abundance have been linked to increased sedimentation at many locations across the world and at some of these locations there have been subsequent increases in sponge abundance. These shifts appear counterintuitive as sponges are suspension feeders and many rely on photosymbionts for carbon. At a sedimented reef in Indonesia (Wakatobi) corals have declined and the photoautotrophic sponge Lamellodysidea herbacea is now abundant. We hypothesise that this is partly due to L. herbacea’s ability to clear its tissues of high levels of settled-sediment and compensate for associated metabolic demands by altering its respiration rate. Negligible detrimental effects to sponge tissue were observed after treatments up to five times the sedimentation rate of the highly sedimented reef. Rapid sediment clearance occurred that was potentially aided by mucus production. Finally, high sediment exposure caused an immediate reduction in respiration rate, likely due to reduced pumping to prevent clogging, whereas sustained high sedimentation caused an increase in respiration rate, potentially due to the energetic cost of mucus production. Our study provides evidence that some sponges can tolerate environments that appear unsuitable to many corals and with increased sedimentation this acclimation may support further transitions to sponge dominated reefs in the future."
SS_MECH_FEEDING_MUCUS_CORAL_01,MECH_FEEDING_MUCUS_CORAL,Semantic Scholar Academic Graph API,2026-08-13,1675bad8cb5b655b457ee5124c0cf5547cabbde2,46191566,Mass Expulsion of Zooxanthellae from Jamaican Reef Communities after Hurricane Flora,T. Goreau,1964,1964-07-24,Science,JournalArticle,10.1126/science.145.3630.383,,17816975,https://www.semanticscholar.org/paper/1675bad8cb5b655b457ee5124c0cf5547cabbde2,False,,259,8,10,Biology; Medicine,Biology; Medicine; Environmental Science,
SS_MECH_FEEDING_MUCUS_CORAL_01,MECH_FEEDING_MUCUS_CORAL,Semantic Scholar Academic Graph API,2026-08-13,16b8fbbf93c0e20dc8006e56d38da5701821cce8,131001129,Evolution of animal multicellularity stimulated by dissolved organic carbon in early Ediacaran ocean: DOXAM hypothesis,A. Kano; Yoko Kunimitsu; T. Togo; Chiduru Takashima; Fumito Shiraishi; Wen Wang,2011,2011-06-01,,,10.1111/j.1440-1738.2011.00767.x,,,https://www.semanticscholar.org/paper/16b8fbbf93c0e20dc8006e56d38da5701821cce8,False,,10,71,0,Geology,Geology; Environmental Science; Biology,
SS_MECH_FEEDING_MUCUS_CORAL_01,MECH_FEEDING_MUCUS_CORAL,Semantic Scholar Academic Graph API,2026-08-13,17a9fa2720664cdc43f1cb585c9a30c6279a6c07,55963199,[ENV04] Ecology of scleractinian corals in the waters of port dickson and their tolerance to sedimentation,Lee Lee; M. Mohamed; J. Bujang; J. Ali,2004,,,,,,,https://www.semanticscholar.org/paper/17a9fa2720664cdc43f1cb585c9a30c6279a6c07,False,,5,13,1,,Environmental Science,
SS_MECH_FEEDING_MUCUS_CORAL_01,MECH_FEEDING_MUCUS_CORAL,Semantic Scholar Academic Graph API,2026-08-13,17e0ba2f36a761b8c10f4d1aaabc73416ac96c7c,38680352,Freßverhalten und Darminhaltsuntersuchungen bei Sipunculiden,M. Walter,1973,1973-12-01,Helgoländer Wissenschaftliche Meeresuntersuchungen,,10.1007/BF01612884,,,https://www.semanticscholar.org/paper/17e0ba2f36a761b8c10f4d1aaabc73416ac96c7c,True,https://hmr.biomedcentral.com/counter/pdf/10.1007/BF01612884,5,17,0,Biology,Biology,
SS_MECH_FEEDING_MUCUS_CORAL_01,MECH_FEEDING_MUCUS_CORAL,Semantic Scholar Academic Graph API,2026-08-13,17e39e95d7f3f00c5d44ed48246cff478c81d3ec,127877943,"RRS Charles Darwin Cruise 179, 14 Apr - 17 May 2006. Hotspot ecosystem research in the Setúbal, Lisbon, Cascais and Nazaré canyons on the Portuguese continental margin",D. Billett,2006,,,,,,,https://www.semanticscholar.org/paper/17e39e95d7f3f00c5d44ed48246cff478c81d3ec,False,,6,0,1,Geology,Geology; Environmental Science; Geology,
SS_MECH_FEEDING_MUCUS_CORAL_01,MECH_FEEDING_MUCUS_CORAL,Semantic Scholar Academic Graph API,2026-08-13,184927e3b969f252c9242cc8684864076cb4559e,130017476,Sensitivity Analysis of A Mangrove Ecosystem Model,J. Pandey; P. Khanna,1997,,,,10.2190/TCD0-CVUF-KY8B-46PL,,,https://www.semanticscholar.org/paper/184927e3b969f252c9242cc8684864076cb4559e,False,,2,17,0,Environmental Science,Environmental Science; Environmental Science,
SS_MECH_FEEDING_MUCUS_CORAL_01,MECH_FEEDING_MUCUS_CORAL,Semantic Scholar Academic Graph API,2026-08-13,187a0c99a6960f07d6dc1260f664a2b15eb676bd,59026715,Perspectives on mucus secretion in reef corals,B. Brown; J. Bythell,2005,2005-07-12,,Review,10.3354/MEPS296291,,,https://www.semanticscholar.org/paper/187a0c99a6960f07d6dc1260f664a2b15eb676bd,True,https://www.int-res.com/articles/meps2005/296/m296p291.pdf,478,158,27,Biology,Biology; Environmental Science; Biology,
SS_MECH_FEEDING_MUCUS_CORAL_01,MECH_FEEDING_MUCUS_CORAL,Semantic Scholar Academic Graph API,2026-08-13,192178c16cded9c164e4a6010672774d87b5bbfb,87644158,"Diversity, salinity adaptation, and role in carbon cycling of microbial communities inhabiting the oxic layer of intertidal hypersaline microbial mats",K. Kohls,2010,,,,,,,https://www.semanticscholar.org/paper/192178c16cded9c164e4a6010672774d87b5bbfb,False,,0,193,0,Biology,Biology; Environmental Science; Biology,
SS_MECH_FEEDING_MUCUS_CORAL_01,MECH_FEEDING_MUCUS_CORAL,Semantic Scholar Academic Graph API,2026-08-13,194091374797ad36c778502926352de3fe2c78d8,86429177,Composition of mucus released by coral reef coelenterates1,H. Ducklow; R. Mitchell,1979,1979-07-01,,,10.4319/LO.1979.24.4.0706,,,https://www.semanticscholar.org/paper/194091374797ad36c778502926352de3fe2c78d8,True,https://onlinelibrary.wiley.com/doi/pdfdirect/10.4319/lo.1979.24.4.0706,229,16,14,Biology,Biology; Environmental Science; Biology,
SS_MECH_FEEDING_MUCUS_CORAL_01,MECH_FEEDING_MUCUS_CORAL,Semantic Scholar Academic Graph API,2026-08-13,19881bab061aece3d8a0ed467b63905b5c97d113,20011474,Resistance of Lophelia pertusa to coverage by sediment and petroleum drill cuttings.,Elke Allers; R. Abed; L. Wehrmann; Tao Wang; A. Larsson; A. Purser; D. de Beer,2013,2013-09-15,Marine Pollution Bulletin,JournalArticle,10.1016/j.marpolbul.2013.07.016,,23915980,https://www.semanticscholar.org/paper/19881bab061aece3d8a0ed467b63905b5c97d113,False,,35,63,4,Geology; Medicine,Geology; Medicine; Environmental Science,
SS_MECH_FEEDING_MUCUS_CORAL_01,MECH_FEEDING_MUCUS_CORAL,Semantic Scholar Academic Graph API,2026-08-13,1993e9a3571513be3b226f0fb6829ab1a578443b,53058781,"Short-term assessment of the sediment deposition rate and water conditions during a rainy season on La Azufrada coral reef, Gorgona Island, Colombia",D. Lozano-Cortés; A. Giraldo; V. Izquierdo,2014,2014-02-01,,,10.15517/RBT.V62I0.15981,,,https://www.semanticscholar.org/paper/1993e9a3571513be3b226f0fb6829ab1a578443b,True,https://revistas.ucr.ac.cr/index.php/rbt/article/download/15981/15374,6,45,0,Environmental Science,Environmental Science; Environmental Science,"Recibido 18-X-2013. Corregido 20-XI-2013. Aceptado 19-XII-2013. Abstract: One of the major stresses on corals is the settlement of suspended sediment on their surfaces. This leads to the blocking of light, the covering of the coral mucus surface and an increased risk of disease. For this reason sediment deposition on a reef is considered a highly important variable in coral reef studies. With the use of sediment traps and oceanographic sensors, the sediment deposition rate and water conditions during a rainy season (April-May 2009) on a Tropical Eastern Pacific coral reef (La Azufrada) at Gorgona Island in Colombia were investigated. To quantify sediment deposition, sediment traps were established in nine stations along the coral reef (three stations per reef zone: backreef, flat and slope). To minimize disturbance by aquatic organisms in the sediment traps these were filled with hypersaline borax-buffered 10% formaline solution before their deployment; animals found in the filter contents were fixed and stored in a 4% formalin solution, frozen and identified in the laboratory. To determine the water conditions, discrete samples of water from 1 m and 10 m depths were collected using a Niskin bottle. Oceanographic variables (temperature, salinity and dissolved oxy- gen) as well as turbidity, chlorophyll and nutrient concentration (nitrite, nitrate and phosphorus) were measured in the samples from both depths. Vertical records of temperature and salinity were carried out with a Seabird-19 CTD nearest to La Azufrada and water transparency was measured using a Secchi disk. We found a mean trap collection rate of 23.30±4.34gm -2 d -1 and did not detect a significant difference in the trap collection rate among reef zones. The mean temperature and salinity in the coral reef depth zone (0-10m layer) were 26.98±0.19°C and 32.60±0.52, respectively. Fourteen taxonomic groups of invertebrates were detected inside the sediment traps with bivalves and copepods being the most abundant and frequen. The findings presented here constitute the first report of both the potential sediment deposition rates and the water conditions of La Azufrada coral reef. Rev. Biol. Trop. 62 (Suppl. 1): 107-116. Epub 2014 February 01."
SS_MECH_FEEDING_MUCUS_CORAL_01,MECH_FEEDING_MUCUS_CORAL,Semantic Scholar Academic Graph API,2026-08-13,1ad68cee4fc80698a0c91170901fca1af56d29bb,26262491,Detecting the Ecological Effects of Environmental Impacts: A Case Study of Kelp Forest Invertebrates.,S. Schroeter; J. Dixon; Jon Kastendiek; Richard O. Smith; J. Bence,1993,1993-05-01,Ecological Applications,JournalArticle,10.2307/1941836,,27759312,https://www.semanticscholar.org/paper/1ad68cee4fc80698a0c91170901fca1af56d29bb,False,,88,22,2,Medicine; Biology,Medicine; Biology; Environmental Science,"Detecting the environmental impacts of human activities on natural communities is a central problem in applied ecology. It is a difficult problem because one must separate human perturbations from the considerable natural temporal variability displayed by most populations. In addition, most human perturbations are generally unique and thus unreplicated. This raises the problem of deciding whether observed local effects are due to human intervention or to the natural differences in temporal patterns that often occur among different sites. These problems can be successfully addressed with the Before-After/Control-Impact (BACI) sampling design, in which Impact and Control sites are sampled contemporaneously and repeatedly in periods Before and After the human perturbation of interest. In the present case, we use this design to examine the ecological effects of the cooling water discharge from a coastal nuclear power plant in southern California. The results suggest some general lessons about the process of impact assessments that are applicable in many ecological contexts. In systems where plants and animals are long-lived and recruit sporadically, the rates of change in density are often so low that sampling more than a few times per year will introduce serial correlations in the data. As a result, for studies of few years duration, few samples will be taken. A small sample size means that the tests of the assumptions underlying the statistical analyses, e.g., independence and additivity, will have low power. This injects uncertainty into the conclusions. Small sample size also means that the power to detect any but very large effects will be low. In our study, sampling periods of 2- yr both Before and After the impact were not long enough to detect a halving or doubling of populations at the impact site. We concluded that there were significant environmental impacts because: (1) the effect size was generally very large (°-75%); (2) there was a consistent pattern among species; (3) there were two Impact sites, and effects were larger at the site nearest the discharge; (4) the observed effects accorded with physical changes that could be linked with the source of impact; and (5) a number of alternative mechanisms, unrelated to the source of impact, were examined and rejected. Relative to control populations, there were statistically significant reductions in density of snails, sea urchins, and sea stars, all of which occurred primarily on rocky substrates. All of the reductions were larger at the Impact station about 0.4 km from the discharge than at a second Impact station 1.4 km away. The most plausible mechanisms for the declines seem to be linked to the turbidity plume created by the power plant and the resultant increase in suspended inorganic and organic materials (+46% at the Impact site nearest the discharge). Any associated flux of fine particles on rocks would have deleterious effects on many of the hard benthos. Populations of two filter-feeding species, a gorgonian coral and a sponge, showed relative increases in density. Although the increase in populations of filter feeders could be related to the ingestion, killing, and discharge of tons of plankton by the cooling system, an alternative natural mechanism was also considered reasonable. Monitoring studies or relatively long-lived organisms will often have low power to detect ecologically significant changes in density. The present study of kelpforest organisms extended over nearly 6 yr, yet the resulting statistical tests generally had power of <30% to detect a doubling or halving in density at a significance level of .05. In such a community it would be a mistake to conclude that there were no significant ecological effects based on conventional hypothesis tests. Unless there is a willingness to accept the fact that changes in natural populations on the order of 50% will often go undetected, the standards and types of evidence used to demonstrate environmental impacts must be changed."
SS_MECH_FEEDING_MUCUS_CORAL_01,MECH_FEEDING_MUCUS_CORAL,Semantic Scholar Academic Graph API,2026-08-13,1ae4c1894633de18c517ec739830309ef67d4d82,85279216,"Symbiodinium
 diversity within Acropora muricata
 and the surrounding environment",M. Sweet,2014,2014-09-01,,,10.1111/MAEC.12092,,,https://www.semanticscholar.org/paper/1ae4c1894633de18c517ec739830309ef67d4d82,False,,25,42,1,Biology,Biology; Environmental Science; Biology,"Several long-term studies have monitored populations of algal symbionts, Symbiodinium sp., in coral hosts over different temporal and spatial scales, and among multiple host species. The extension of these studies to include environmental pools of algal symbionts from sources such as the water column, sediments, free-floating mucus mats and those settling on biofilms has only been studied by a few, yet has the potential to enhance our understanding of the dynamics and controls on symbiont populations. Adaptive changes in the coral symbiont complement rely either on the uptake of new strains from the environment or population expansion of rarer strains in the existing symbiont population. The relative scope for these alternative pathways of uptake is unknown. This study therefore examined spatial changes in Symbiodinium clades within the water column at two different time periods and compared these with other environmental pools (biofilms, sediments, and mucus mats) and those within the dominant reef-building species at the study site, Acropora muricata. A diversity of algal symbiont clades were detected in environmental pools, with specific clades associated with different habitats. At an island scale, there was significant variation in clade composition between sites separated by 0.5–7 km, a result which was repeated for both sample periods encompassing different seasons (March 2009 and August 2010). Although no single environmental pool contained a Symbiodinium complement comparable to that of the host coral species investigated, the dominant coral Symbiodinium were available in combinations of the environmental pools, indicating that the coral has the potential to obtain its symbionts from a variety of environmental sources."
SS_MECH_FEEDING_MUCUS_CORAL_01,MECH_FEEDING_MUCUS_CORAL,Semantic Scholar Academic Graph API,2026-08-13,1b4c6b3ec89978f2eaa451e757844f82d35308ef,86227895,Office of Naval Research Projects at Lerner Marine Laboratory.,R. Mathewson,1971,,,,,,,https://www.semanticscholar.org/paper/1b4c6b3ec89978f2eaa451e757844f82d35308ef,False,,0,0,0,Biology,Biology; Environmental Science; Biology,
SS_MECH_FEEDING_MUCUS_CORAL_01,MECH_FEEDING_MUCUS_CORAL,Semantic Scholar Academic Graph API,2026-08-13,1b539adcf13e4c9db7bd1ed95446fdf781c072a1,91170738,"GIS As a Tool for Research , Management , and Placement of Artificial Reef Fisheries",P. Rubec,2005,,,Review,,,,https://www.semanticscholar.org/paper/1b539adcf13e4c9db7bd1ed95446fdf781c072a1,False,,1,39,0,,Environmental Science; Geography,
SS_MECH_FEEDING_MUCUS_CORAL_01,MECH_FEEDING_MUCUS_CORAL,Semantic Scholar Academic Graph API,2026-08-13,1b8244cb9598112147115149e0218e574c508759,184508143,The Impact of Anthropogenic Activity on Cold-Water Corals,S. Ragnarsson; J. Burgos; T. Kutti; I. V. D. Beld; H. Egilsdottir; S. Arnaud-Haond; A. Grehan,2016,,,,10.1007/978-3-319-17001-5_27-1,,,https://www.semanticscholar.org/paper/1b8244cb9598112147115149e0218e574c508759,True,https://link.springer.com/content/pdf/10.1007%2F978-3-319-17001-5_27-1.pdf,40,95,0,,Environmental Science,
SS_MECH_FEEDING_MUCUS_CORAL_01,MECH_FEEDING_MUCUS_CORAL,Semantic Scholar Academic Graph API,2026-08-13,1b8747509939bf4b7f258ed3021e39b9d67a7f4e,85394932,Some Physical and Biological Determinants of Coral Community Structure in the Eastern Pacific,P. Glynn,1976,1976-02-01,,,10.2307/1942565,,,https://www.semanticscholar.org/paper/1b8747509939bf4b7f258ed3021e39b9d67a7f4e,False,,348,0,20,Biology,Biology; Environmental Science; Biology,
SS_MECH_FEEDING_MUCUS_CORAL_01,MECH_FEEDING_MUCUS_CORAL,Semantic Scholar Academic Graph API,2026-08-13,1b9975ae511b421decf48cd6f12ed951852aacbb,129781945,Osmium isotopic composition of corals: evidences for multiple sources,S. Levasseur; J. Birck; C. Allègre,1999,1999-05-01,,,10.1016/S0016-7037(99)00017-4,,,https://www.semanticscholar.org/paper/1b9975ae511b421decf48cd6f12ed951852aacbb,False,,13,25,1,Geology,Geology; Environmental Science,
SS_MECH_FEEDING_MUCUS_CORAL_01,MECH_FEEDING_MUCUS_CORAL,Semantic Scholar Academic Graph API,2026-08-13,1c33369e16af9c80f1446d39e674499854c0c006,130393937,Growth rates of deep-sea benthic animals in the Rockall Trough,J. Gage,1986,,,,10.1017/S0269727000014901,,,https://www.semanticscholar.org/paper/1c33369e16af9c80f1446d39e674499854c0c006,True,https://doi.org/10.1017/s0269727000014901,0,0,0,Geology,Geology; Environmental Science; Biology,
SS_MECH_FEEDING_MUCUS_CORAL_01,MECH_FEEDING_MUCUS_CORAL,Semantic Scholar Academic Graph API,2026-08-13,1c4bc471da0d5ab69623e3d1008ddb5acab497b0,18790434,"The effects of storms, heavy rain, and sedimentation on the shallow coral reefs of St. John, US Virgin Islands",P. Edmunds; S. Gray,2014,2014-04-16,Hydrobiologia,,10.1007/s10750-014-1876-7,,,https://www.semanticscholar.org/paper/1c4bc471da0d5ab69623e3d1008ddb5acab497b0,False,,43,84,0,Environmental Science,Environmental Science; Environmental Science,
SS_MECH_FEEDING_MUCUS_CORAL_01,MECH_FEEDING_MUCUS_CORAL,Semantic Scholar Academic Graph API,2026-08-13,1c56b6af9a7675c5234592321aa3faa6967cc718,23654526,"Biology and ecology of the vulnerable holothuroid, Stichopus herrmanni, on a high-latitude coral reef on the Great Barrier Reef",K. Wolfe; M. Byrne,2017,2017-06-30,Coral reefs,,10.1007/s00338-017-1606-5,,,https://www.semanticscholar.org/paper/1c56b6af9a7675c5234592321aa3faa6967cc718,False,,26,84,3,Biology,Biology; Biology; Environmental Science,
SS_MECH_FEEDING_MUCUS_CORAL_01,MECH_FEEDING_MUCUS_CORAL,Semantic Scholar Academic Graph API,2026-08-13,1c624de062b0ac14f975b0b49e5e3dc7cd3b53c0,83145113,"INFLUENCE OF CURRENT SPEED, SUBSTRATE, AND PLANKTON ON THE DISTRIBUTION OF SUSPENSION FEEDERS IN MO’OREA, FRENCH POLYNESIA",C. Hann,2012,2012-01-26,,,,,,https://www.semanticscholar.org/paper/1c624de062b0ac14f975b0b49e5e3dc7cd3b53c0,False,,0,30,0,Biology,Biology; Environmental Science,
SS_MECH_FEEDING_MUCUS_CORAL_01,MECH_FEEDING_MUCUS_CORAL,Semantic Scholar Academic Graph API,2026-08-13,1ca4e96cdf238856de6f25542e6a5935903fbee1,226716903,"Oceanography 2018: Marine biodiversity in India with special reference to conservation, status, and issues - Sainudeen Sahib - SN College.",S. Sahib,2020,,,,,,,https://www.semanticscholar.org/paper/1ca4e96cdf238856de6f25542e6a5935903fbee1,False,,0,0,0,Geography,Geography; Environmental Science; Biology,
SS_MECH_FEEDING_MUCUS_CORAL_01,MECH_FEEDING_MUCUS_CORAL,Semantic Scholar Academic Graph API,2026-08-13,1cc8c5140783d02d53d73192b57766944076f034,131358478,"An illustrated marine flora of the Pelican Cays, Belize",M. Littler; D. S. Littler,1997,,,Review,,,,https://www.semanticscholar.org/paper/1cc8c5140783d02d53d73192b57766944076f034,False,,81,184,4,Geography,Geography; Environmental Science; Biology,
SS_MECH_FEEDING_MUCUS_CORAL_01,MECH_FEEDING_MUCUS_CORAL,Semantic Scholar Academic Graph API,2026-08-13,1d0e80c75d51005e4d8934061cad42c0d9ec79a1,131852207,Re-sedimented Rhodoliths in Channelized Depositional Systems,D. Bassi; L. Simone; J. Nebelsick,2017,,,,10.1007/978-3-319-29315-8_6,,,https://www.semanticscholar.org/paper/1d0e80c75d51005e4d8934061cad42c0d9ec79a1,False,,11,83,0,Geology,Geology; Geology,
SS_MECH_FEEDING_MUCUS_CORAL_01,MECH_FEEDING_MUCUS_CORAL,Semantic Scholar Academic Graph API,2026-08-13,1d0ea05848154280c616746e875248d359d691f0,81890137,Sediment: stress factor or food source for reef corals,K. Anthony,1999,1999-09-01,,,,,,https://www.semanticscholar.org/paper/1d0ea05848154280c616746e875248d359d691f0,False,,2,0,0,Biology,Biology; Environmental Science,
SS_MECH_FEEDING_MUCUS_CORAL_01,MECH_FEEDING_MUCUS_CORAL,Semantic Scholar Academic Graph API,2026-08-13,1d333ab07d17f05a170f396d6f3464fefd882877,87463369,Field observations of Flabellum spp. and laboratory study of the behavior and respiration of Flabellum alabastrum,L. Buhl‐Mortensen; P. Mortensen; S. Armsworthy,2007,,,,,,,https://www.semanticscholar.org/paper/1d333ab07d17f05a170f396d6f3464fefd882877,False,,23,0,3,Biology,Biology; Environmental Science; Biology,
SS_MECH_FEEDING_MUCUS_CORAL_01,MECH_FEEDING_MUCUS_CORAL,Semantic Scholar Academic Graph API,2026-08-13,1da5c68b5e91bad7b1cbfffa32d203041ea03a5e,88859209,"Biodiversity and spatial distribution of Polychaeta (Annelida) communities in coral-alcal buildup sediment, Bahia, Brazil",L. M. Santa-Isabel; M. C. Peso-Aguiar; A.C.S. Jesus; F. Kelmo; L. Dutra,2017,2017-06-28,,,10.15517/RBT.V46I5.29371,,,https://www.semanticscholar.org/paper/1da5c68b5e91bad7b1cbfffa32d203041ea03a5e,False,,3,0,0,Biology,Biology; Environmental Science; Biology,
SS_MECH_FEEDING_MUCUS_CORAL_01,MECH_FEEDING_MUCUS_CORAL,Semantic Scholar Academic Graph API,2026-08-13,1e012d466b4200c17b53899b8c2c93c2927f5637,20932365,"Anthuridea ( Crustacea : Isopoda ) of Carrie Bow Cay , Belize",Glynn; Menzies; Glynn Family Paranthuridae; Barnard,2008,,,,,,,https://www.semanticscholar.org/paper/1e012d466b4200c17b53899b8c2c93c2927f5637,False,,4,8,0,,Biology; Environmental Science,
SS_MECH_FEEDING_MUCUS_CORAL_01,MECH_FEEDING_MUCUS_CORAL,Semantic Scholar Academic Graph API,2026-08-13,1e8a26832d9d7a258acb8dc77047e7af46475122,140725019,"Budget of coral-derived organic carbon in a fringing coral reef of the Gulf of Aqaba, Red Sea",M. Naumann; C. Richter; C. Mott; M. el-Zibdah; Riyad S. Manasrah; C. Wild,2012,2012-12-01,,,10.1016/J.JMARSYS.2012.05.007,,,https://www.semanticscholar.org/paper/1e8a26832d9d7a258acb8dc77047e7af46475122,True,https://www.sciencedirect.com/science/article/pii/S0924796312001327/pdf,36,76,2,Geology,Geology; Environmental Science,"Abstract The continuous release of organic C-rich material by reef-building corals can contribute substantially to biogeochemical processes and concomitant rapid nutrient recycling in coral reef ecosystems. However, our current understanding of these processes is limited to platform reefs exhibiting a high degree of ecosystem closure compared to the globally most common fringing reef type. This study carried out in the northern Gulf of Aqaba (Red Sea) presents the first quantitative budget for coral-derived organic carbon (COC) in a fringing reef and highlights the importance of local hydrodynamics. Diel reef-wide COC release amounted to 1.1 ± 0.2 kmol total organic carbon (TOC) representing 1–3% of gross benthic primary production. Most COC (73%) was released as particulate organic C (POC), the bulk of which (34–63%) rapidly settled as mucus string aggregates accounting for approximately 28% of total POC sedimentation. Sedimentation of mucus strings, but also dilution of suspended and dissolved COC in reef waters retained 82% of diel COC release in the fringing reef, providing a potentially important organic source for a COC-based food web. Pelagic COC degradation represented 0.1–1.6% of pelagic microbial respiration recycling 32% of diel retained COC. Benthic COC degradation contributed substantially (29–47%) to reef-wide microbial respiration in reef sands, including 20–38% by mucus string POC, and consumed approximately 52% of all retained COC. These findings point out the importance of COC as a C carrier for different reef types. COC may further represent a source of organic carbon for faunal communities colonising reef framework cavities complementing the efficient retention and recycling of COC within fringing reef environments."
SS_MECH_FEEDING_MUCUS_CORAL_01,MECH_FEEDING_MUCUS_CORAL,Semantic Scholar Academic Graph API,2026-08-13,1f3e62818a58446a8a728007799d48d91f86da29,85352207,EFFECTS OF SEA URCHINS (PARECHINUS ANGULOSUS) ON RECRUITS AND JUVENILES OF ABALONE (HALIOTIS MIDAE),E. Day; G. Branch,2002,2002-02-01,,,10.1890/0012-9615(2002)072[0133:EOSUPA]2.0.CO;2,,,https://www.semanticscholar.org/paper/1f3e62818a58446a8a728007799d48d91f86da29,False,,104,84,5,Biology,Biology; Environmental Science; Biology,
SS_MECH_FEEDING_MUCUS_CORAL_01,MECH_FEEDING_MUCUS_CORAL,Semantic Scholar Academic Graph API,2026-08-13,1f44d873e3dee95b9c3d607874cfba71e4b195ce,131744967,"Warm-Water Platform and Cool-Water Shelf Carbonates of the Abrolhos Shelf, Southwest Australia",L. Collins; Z. Zhu; K. Wyrwoll,1997,,,,10.2110/PEC.97.56.0023,,,https://www.semanticscholar.org/paper/1f44d873e3dee95b9c3d607874cfba71e4b195ce,False,,22,35,1,Geology,Geology; Environmental Science; Geology,
SS_MECH_FEEDING_MUCUS_CORAL_01,MECH_FEEDING_MUCUS_CORAL,Semantic Scholar Academic Graph API,2026-08-13,1fe66ebed1dcef8348a6674a663affe542715246,80828138,"Sediment utilization, feeding-niche breadth, and feeding-niche overlap of Aspidochirotida (Echinodermata: Holothuroidea) at Heron Island, Great Barrier Reef",T. Klinger; C. Johnson; J. Jell,2020,2020-12-17,Echinoderms through Time,,10.1201/9781003077831-122,,,https://www.semanticscholar.org/paper/1fe66ebed1dcef8348a6674a663affe542715246,True,https://figshare.com/articles/chapter/Sediment_utilization_feeding-niche_breadth_and_feeding-niche_overlap_of_Aspidochirotida_Echinodermata_Holothuroidea_at_Heron_Island_Great_Barrier_Reef/23249225,2,0,0,Biology,Biology; Environmental Science; Biology,"Aspidochirotida are abundant deposit-feeders in the lagoon (0.17plus/minus0.53 ind per square metre; mean plus/minus1 SEM) and on the reef flat (0.68plus/minus0.06 ind square metre) of Heron Island. Granulometry of sediment and faeces indicates minimal feeding-niche separation between species. Electivity (E) for grain sizes ranges from -0.74plus/minus0.14 to 0.43plus/minus0.19. Coarser grain sizes ( 0.3) included disproportionally in the diet. However, each species ingests all available sediment grain sizes and all species ingest each grain size in roughly the same proportions. Feeding-niche breadth (FT) for all species ranges from 0.97plus/minus0.01 to 0.99plus/minus0.01 and feeding-niche overlap (L) for each species pair ranges from 0.78 to 1.15. Spatial separation of species occurs. Holothuria atra and Holothuria leucospilota have aggregated distributions, with H. atra found more commonly on the inner reef flat, at a mean of 34plus/minus2% of the distance from the low tide line to the reef crest, and H. leucospilota more commonly found on the outer reef flat, at a mean relative distance of 67plus/minus3%. In the lagoon, H. atra and H. leucospilota forage at a distance (1.7 to 3.0 m) from coral patch reefs, while Holothuria edulis, Stichopus chloronotus and Stichopus variegatus forage nearer (0.8 to 1.3 m). However, active exclusion is unlikely. Coefficients of association (C subscript 7) for most species pairs indicate co-occurrence at frequencies predicted simply by distributions of these species. Only Holothuria impatiens and Stichopus horrens are significantly associated (C subscript 7 = 0.34) on the reef flat, reflecting their shared cryptic habitat. Only H. edulis and S. chloronotus are significantly associated (C subscript 7 = 0.76) in the lagoon. Total consumption by Aspidochirotida in the lagoon and reef flat (3.93 and 12.76 g dry sediment metres squared per day, respectively) represents only a small fraction of the available surface sediment (0.06% and 0.22%, respectively). Available surface sediment is not a limiting resource and therefore competition for food between co-occurring deposit-feeding Aspidochirotida is probably slight"
SS_MECH_FEEDING_MUCUS_CORAL_01,MECH_FEEDING_MUCUS_CORAL,Semantic Scholar Academic Graph API,2026-08-13,20058ff11af47f6f03d0de47748bf0e390fec242,18697077,atterns of bioerosion and sediment release by parrotfishes ( family Scaridae ) on the Great Barrier Reef Bellwood,Mar Ecol Prog; Ser; Bellwood,2006,,,,,,,https://www.semanticscholar.org/paper/20058ff11af47f6f03d0de47748bf0e390fec242,False,,0,32,0,,Biology; Environmental Science,
SS_MECH_FEEDING_MUCUS_CORAL_01,MECH_FEEDING_MUCUS_CORAL,Semantic Scholar Academic Graph API,2026-08-13,204016b74aca8e03e64d6a01c18b7e2e4f6077d7,54070231,"Vulnerability of mangroves, seagrasses and intertidal flats in the tropical Pacific to climate change",M. Waycott; Len J. McKenzie; J. Mellors; J. Ellison; M. Sheaves; C. Collier; A. Schwarz; A. Webb; Johanna E. Johnson; C. Payri,2011,,,,,,,https://www.semanticscholar.org/paper/204016b74aca8e03e64d6a01c18b7e2e4f6077d7,False,,74,290,4,Environmental Science,Environmental Science; Environmental Science,
SS_MECH_FEEDING_MUCUS_CORAL_01,MECH_FEEDING_MUCUS_CORAL,Semantic Scholar Academic Graph API,2026-08-13,209cd7b3f0e36262bb99027272d37a18761ff352,243847642,Predictive Model for Gross Community Production Rate of Coral Reefs using Ensemble Learning Methodologies,S. Umanandini; Y. AouthithiyeBarathwajSR; J. JaslineAugusta; Shrirang Sapate; S. Reenasree; M. Vigneash,2021,2021-11-07,arXiv.org,JournalArticle,,2111.04003,,https://www.semanticscholar.org/paper/209cd7b3f0e36262bb99027272d37a18761ff352,False,,2,27,0,Computer Science,Computer Science; Environmental Science; Biology,"— Coral reefs play a vital role in maintaining the ecological balance of the marine ecosystem. Various marine organisms depend on coral reefs for their existence and their natural processes. Coral reefs provide the necessary habitat for reproduction and growth for various exotic species of the marine ecosystem. In this article, we discuss the most important parameters which influence the lifecycle of coral and coral reefs such as ocean acidification, deoxygenation and other physical parameters such as flow rate and surface area. Ocean acidification depends on the amount of dissolved Carbon dioxide ( CO 2 ). This is due to the release of H + ions upon the reaction of the dissolved CO 2 gases with the calcium carbonate compounds in the ocean. Deoxygenation is another problem that leads to hypoxia which is characterized by a lesser amount of dissolved oxygen in water than the required amount for the existence of marine organisms. In this article, we highlight the importance of physical parameters such as flow rate which influence gas exchange, heat dissipation, bleaching sensitivity, nutrient supply, feeding, waste and sediment removal, growth and reproduction. In this paper, we also bring out these important parameters and propose an ensemble machine learning-based model for analyzing these parameters and provide better rates that can help us to understand and suitably improve the ocean composition which in turn can eminently improve the sustainability of the marine ecosystem, mainly the coral reefs."
SS_MECH_FEEDING_MUCUS_CORAL_01,MECH_FEEDING_MUCUS_CORAL,Semantic Scholar Academic Graph API,2026-08-13,20c6539c38c3cbeb2d1f8e504a6d79e293e2589e,49541783,"Effects of dredging on critical ecological processes for marine invertebrates, seagrasses and macroalgae, and the potential for management with environmental windows using Western Australia as a case study",M. Fraser; J. Short; G. Kendrick; D. McLean; J. Keesing; M. Byrne; M. Caley; D. Clarke; A. Davis; P. Erftemeijer; S. Field; Sam Gustin-Craig; J. Huisman; M. Keough; P. Lavery; R. Masini; K. McMahon; K. Mengersen; M. Rasheed; J. Statton; J. Stoddart; P. Wu,2017,2017-07-01,,Review,10.1016/J.ECOLIND.2017.03.026,,,https://www.semanticscholar.org/paper/20c6539c38c3cbeb2d1f8e504a6d79e293e2589e,True,https://eprints.qut.edu.au/116651/1/Pages%20from%20ECOLIND-S-16-01718%281%29.pdf,41,134,2,Environmental Science,Environmental Science; Environmental Science,
SS_MECH_FEEDING_MUCUS_CORAL_01,MECH_FEEDING_MUCUS_CORAL,Semantic Scholar Academic Graph API,2026-08-13,2138d66b833863456d76078f0255f96e3f2b1571,24887123,A new association between goblet worms (Entoprocta) and xeniid corals (Cnidaria),V. Denis; Yu Ting Vicky Lin; Ming-Jay Ho,2019,2019-02-01,Marine Biodiversity,Review,10.1007/s12526-017-0766-4,,,https://www.semanticscholar.org/paper/2138d66b833863456d76078f0255f96e3f2b1571,False,,2,51,0,Biology,Biology; Environmental Science; Biology,
SS_MECH_FEEDING_MUCUS_CORAL_01,MECH_FEEDING_MUCUS_CORAL,Semantic Scholar Academic Graph API,2026-08-13,2151d03b02f64d0e7d5f18c1b5a9cc8adb9cdea7,632683,"A Vertical Wall Dominated by Acesta excavata and Neopycnodonte zibrowii, Part of an Undersampled Group of Deep-Sea Habitats",Mark P. Johnson; M. White; Annette J. G. Wilson; L. Würzberg; E. Schwabe; Helka Folch; A. Allcock,2013,2013-11-18,PLoS ONE,JournalArticle,10.1371/journal.pone.0079917,,24260319,https://www.semanticscholar.org/paper/2151d03b02f64d0e7d5f18c1b5a9cc8adb9cdea7,True,https://journals.plos.org/plosone/article/file?id=10.1371/journal.pone.0079917&type=printable,58,31,7,Biology; Medicine,Biology; Medicine; Environmental Science,"We describe a novel biotope at 633 to 762 m depth on a vertical wall in the Whittard Canyon, an extensive canyon system reaching from the shelf to the deep sea on Ireland’s continental margin. We explored this wall with an ROV and compiled a photomosaic of the habitat. The assemblage contributing to the biotope was dominated by large limid bivalves, Acesta excavata (mean shell height 10.4 cm), and deep-sea oysters, Neopycnodonte zibrowii, at high densities, particularly at overhangs. Mean density of N. zibrowii increased with depth, with densities of the most closely packed areas of A. excavata also increasing with depth. Other taxa associated with the assemblage included the solitary coral Desmophyllum dianthus, cerianthid anemones, comatulid crinoids, the trochid gastropod Margarites sp., the portunid crab Bathynectes longispina and small fish of the family Bythitidae. The scleractinian coral Madrepora oculata, the pencil urchin Cidaris cidaris and a species of Epizoanthus were also common. Prominent but less abundant species included the flytrap anemone Actinoscyphia saginata, the carrier crab Paramola cuvieri, and the fishes Lepidion eques and Conger conger. Observations of the hydrography of the canyon system identified that the upper 500 m was dominated by Eastern North Atlantic Water, with Mediterranean Outflow Water beneath it. The permanent thermocline is found between 600 and 1000 m depth, i.e., in the depth range of the vertical wall and the dense assemblage of filter feeders. Beam attenuation indicated nepheloid layers present in the canyon system with the greatest amounts of suspended material at the ROV dive site between 500 and 750 m. A cross-canyon CTD transect indicated the presence of internal waves between these depths. We hypothesise that internal waves concentrate suspended sediment at high concentrations at the foot of the vertical wall, possibly explaining the large size and high density of filter-feeding molluscs."
SS_MECH_FEEDING_MUCUS_CORAL_01,MECH_FEEDING_MUCUS_CORAL,Semantic Scholar Academic Graph API,2026-08-13,21c19906d7bda3d449f386874ee91c94a3ce062f,273288006,Sea cucumbers and their symbiotic microbiome have evolved to feed on seabed sediments,Wenjie Pan; Xuan Wang; C. Ren; Xiao Jiang; Sanqiang Gong; Zhenyu Xie; Nai-Kei Wong; Xiaomin Li; Jiasheng Huang; Dingding Fan; Peng Luo; Yun Yang; Xinyue Ren; Suzhong Yu; Zhou Qin; Xiaofeng Wu; Da Huo; Bo Ma; Yang Liu; Xin Zhang; Z. E.; Jingxuan Liang; Hongyan Sun; Lihong Yuan; Xujia Liu; Chuhang Cheng; Hao Long; Jianlong Li; Yanhong Wang; Chao-qun Hu; Ting Chen,2024,2024-10-12,Nature Communications,JournalArticle,10.1038/s41467-024-53205-5,,39394205,https://www.semanticscholar.org/paper/21c19906d7bda3d449f386874ee91c94a3ce062f,True,https://www.nature.com/articles/s41467-024-53205-5.pdf,33,63,1,Medicine,Medicine; Environmental Science; Biology,"Sea cucumbers are predominant deposit feeders in benthic ecosystems, providing protective benefits to coral reefs by reducing disease prevalence. However, how they receive sufficient nutrition from seabed sediments remains poorly understood. Here, we investigate Holothuria leucospilota, an ecologically significant tropical sea cucumber, to elucidate digestive mechanisms underlying marine deposit-feeding. Genomic analysis reveals intriguing evolutionary adaptation characterized by an expansion of digestive carbohydrase genes and a contraction of digestive protease genes, suggesting specialization in digesting microalgae. Developmentally, two pivotal dietary shifts, namely, from endogenous nutrition to planktonic feeding, and from planktonic feeding to deposit feeding, induce changes in digestive tract enzyme profiles, with adults mainly expressing carbohydrases and lipases. A nuanced symbiotic relationship exists between gut microbiota and the host, namely, specific resident bacteria supply crucial enzymes for food digestion, while other bacteria are digested and provide assimilable nutrients. Our study further identifies Holothuroidea lineage-specific lysozymes that are restrictedly expressed in the intestines to support bacterial digestion. Overall, this work advances our knowledge of the evolutionary innovations in the sea cucumber digestive system which enable them to efficiently utilize nutrients from seabed sediments and promote food recycling within marine ecosystems. Sea cucumbers are predominant deposit feeders in benthic ecosystems. This study elucidates the mechanisms within the sea cucumber digestive system and their symbiotic microbiome which enable them to efficiently utilize nutrients from seabed sediments."
SS_MECH_FEEDING_MUCUS_CORAL_01,MECH_FEEDING_MUCUS_CORAL,Semantic Scholar Academic Graph API,2026-08-13,21ddd25c55b9436cbf1ed4c32e9cb1275302885c,85057298,Regenerative functions and microbial ecology of coral reefs: Labelled bacteria in a coral reef microcosm☆,L. Disalvo,1971,1971-07-01,,,10.1016/0022-0981(71)90027-X,,,https://www.semanticscholar.org/paper/21ddd25c55b9436cbf1ed4c32e9cb1275302885c,False,,32,13,1,Biology,Biology; Environmental Science; Biology,
SS_MECH_FEEDING_MUCUS_CORAL_01,MECH_FEEDING_MUCUS_CORAL,Semantic Scholar Academic Graph API,2026-08-13,22109905c125bff3dde4815c520061d91bd92c7e,226218722,Sponges as bioindicators for microparticulate pollutants,Elsa B. Girard; Adrian V Fuchs; M. Kaliwoda; M. Lasut; E. Ploetz; W. Schmahl; G. Wörheide,2020,2020-05-28,bioRxiv,JournalArticle,10.1101/2020.05.26.116012,,33126031,https://www.semanticscholar.org/paper/22109905c125bff3dde4815c520061d91bd92c7e,True,https://www.biorxiv.org/content/biorxiv/early/2020/05/28/2020.05.26.116012.full.pdf,42,79,3,Chemistry; Biology; Medicine,Chemistry; Biology; Medicine; Environmental Science,"Amongst other threats, the world’s oceans are faced with man-made pollution, including an increasing number of microparticulate pollutants. Sponges, aquatic filter-feeding animals, are able to incorporate fine foreign particles, and thus may be a potential bioindicator for microparticulate pollutants. To address this question, 15 coral reef demosponges sampled around Bangka Island (North Sulawesi, Indonesia) were analyzed for the nature of their foreign particle content using traditional histological methods, advanced light microscopy, and Raman spectroscopy. Sampled sponges accumulated and embedded the very fine sediment fraction (< 200 µm), absent in the surrounding sand, in the ectosome (outer epithelia) and spongin fibers (skeletal elements), which was confirmed by two-photon microscopy. A total of 34 different particle types were identified, of which degraded man-made products, i.e., polystyrene, cotton, titanium dioxide and blue-pigmented particles, were incorporated by eight specimens at concentrations between 91 to 612 particle/g dry sponge tissue. As sponges can weigh several hundreds of grams, we conservatively extrapolate that sponges can incorporate on average 10,000 microparticulate pollutants in their tissue. The uptake of particles, however, appears independent of the material, which suggests that the fluctuation in material ratios is due to the spatial variation of surrounding microparticles. Therefore, sponges have a strong potential to biomonitor microparticulate pollutants, such as microplastics and other degraded industrial products."
SS_MECH_FEEDING_MUCUS_CORAL_01,MECH_FEEDING_MUCUS_CORAL,Semantic Scholar Academic Graph API,2026-08-13,226a8618d821f6eb842834238d67e30a6e8a0c66,84222218,The trophic status of herbivorous fishes on coral reefs,J. Choat; W. Robbins; K. Clements,2002,2002-03-01,,,10.1007/S00227-004-1341-7,,,https://www.semanticscholar.org/paper/226a8618d821f6eb842834238d67e30a6e8a0c66,False,,365,47,47,Biology,Biology; Environmental Science; Biology,
SS_MECH_FEEDING_MUCUS_CORAL_01,MECH_FEEDING_MUCUS_CORAL,Semantic Scholar Academic Graph API,2026-08-13,229cd4a1f11c18151e26eb079c6a6f3802d003eb,13595780,Chapter 17 Sediment on the Molokaÿi Reef Sources of Sediment to the Reef,M. Field; R. Calhoun; C. Storlazzi; J. Logan; S. Cochran,2008,,,,,,,https://www.semanticscholar.org/paper/229cd4a1f11c18151e26eb079c6a6f3802d003eb,False,,2,1,0,,Environmental Science; Geology,
SS_MECH_FEEDING_MUCUS_CORAL_01,MECH_FEEDING_MUCUS_CORAL,Semantic Scholar Academic Graph API,2026-08-13,22ec871e11b7c7037d6a9eafa5699bc34b5102a8,264401301,NEW ∆ R VALUES FOR THE SOUTHWEST PACIFIC,Fiona Petchey; M. Phelan; J. White,,,,,,,,https://www.semanticscholar.org/paper/22ec871e11b7c7037d6a9eafa5699bc34b5102a8,False,,0,42,0,,Environmental Science,
SS_MECH_FEEDING_MUCUS_CORAL_01,MECH_FEEDING_MUCUS_CORAL,Semantic Scholar Academic Graph API,2026-08-13,23f4c3d985e43af9cef145efa7b5bf07c87d08b6,55075993,Polycyclic Aromatic Hydrocarbon Contents of Coral and Surface Sediments off the South Texas Coast of the Gulf of Mexico,D. Sabourin; J. Silliman; K. Strychar,2012,2012-11-27,,,10.5539/IJB.V5N1P1,,,https://www.semanticscholar.org/paper/23f4c3d985e43af9cef145efa7b5bf07c87d08b6,True,https://ccsenet.org/journal/index.php/ijb/article/download/20820/14516,23,38,2,Environmental Science,Environmental Science; Environmental Science,"Sediment and coral (Leptogorgia setacea) samples were analyzed for polycyclic aromatic hydrocarbon (PAH) concentrations along the Port Aransas Jetties off the coast of south Texas. Total PAH concentrations ranged from 243-2121 ppm in corals and from 1-328 ppm in sediments. In addition to total PAH concentrations being higher in coral samples, most of the corals also showed higher PAH concentrations in their skeletal cores than their body tissues. Our results suggest that corals are bioaccumulating PAHs. However, more statistical analysis and a larger breadth of samples need to be collected for better resolution. The importance of our observations is that the general trends show bioaccumulation at the beginning of the food chain (i.e., coral) which can have perilous consequences for bivalves, fish, and other organisms that feed in/on and around corals."
SS_MECH_FEEDING_MUCUS_CORAL_01,MECH_FEEDING_MUCUS_CORAL,Semantic Scholar Academic Graph API,2026-08-13,23fcc2029062e0cd4f42bdf8fc5b6035cc328005,89380452,Molecular Phylogeney and Evolutionary Relationship among Four Mosquito (Diptera: Culicidae) Species from India Using PCR-RFLP,sdf sd fsdf,2013,2013-07-26,,,,,,https://www.semanticscholar.org/paper/23fcc2029062e0cd4f42bdf8fc5b6035cc328005,False,,0,0,0,Biology,Biology; Biology; Environmental Science,
SS_MECH_FEEDING_MUCUS_CORAL_01,MECH_FEEDING_MUCUS_CORAL,Semantic Scholar Academic Graph API,2026-08-13,244877e91f1ee8e4f467a8613fe31117e6b9548c,278115944,Beyond taxonomy: A functional approach reveals patterns of reef fish response to wastewater pollution.,R. A. Plazas-Gómez; Sonia Bejarano; Camille Magneville; M. Fujitani,2025,2025-04-25,Marine Pollution Bulletin,Review; JournalArticle,10.1016/j.marpolbul.2025.118024,,40286410,https://www.semanticscholar.org/paper/244877e91f1ee8e4f467a8613fe31117e6b9548c,True,https://doi.org/10.1016/j.marpolbul.2025.118024,5,92,0,Medicine,Medicine; Environmental Science; Biology,"Coral reefs face severe threats from climate change and local stressors like wastewater pollution, which significantly impact reef ecosystems but remain underexplored. Reef fish are essential for supporting human livelihoods through fisheries and maintaining ecosystem functions such as nutrient cycling and algae control. While most research focuses on wastewater's effects on benthic communities, its impact on reef fish physiology, behavior, and community structure is poorly understood. Few studies apply trait-based approaches to evaluate wastewater's influence on fish's ecological roles. This study systematically reviews 52 papers and conducts a meta-analysis of eight control-impact studies to assess wastewater effects on reef fish taxonomic and functional structure. Taxonomy-based metrics revealed mixed responses, with studies reporting declines, increases, or no changes in abundance, richness, and biomass in polluted sites. Functional analysis provided clearer patterns: polluted sites were dominated by smaller, high-resilience species at mid-trophic levels, while control sites supported larger, low-resilience species at diverse depths and trophic levels. Functional richness was generally higher in control sites. Pollutant-specific effects varied: sediments impaired feeding efficiency and growth, while nutrient enrichment shifted species composition by favoring lower trophic levels. These findings demonstrate the limitations of taxonomy-based metrics and highlight the value of functional approaches for detecting early ecosystem degradation. Integrating functional ecology with wastewater characterization enhances predictions of ecological responses and supports targeted management strategies. This research emphasizes the urgency of addressing wastewater pollution to safeguard reef biodiversity and ecosystem services critical to human well-being."
SS_MECH_FEEDING_MUCUS_CORAL_01,MECH_FEEDING_MUCUS_CORAL,Semantic Scholar Academic Graph API,2026-08-13,2473c21423ad3a51139f84ead2b0797dde1638c8,67788866,"Nutrition of deposit-feeding holothuroids and echinoids (Echinodermata) from a shallow reef lagoon, Discovery Bay, Jamaica",L. Hammond,1983,,,,10.3354/MEPS010297,,,https://www.semanticscholar.org/paper/2473c21423ad3a51139f84ead2b0797dde1638c8,True,https://doi.org/10.3354/meps010297,79,59,2,Environmental Science,Environmental Science; Environmental Science; Biology,
SS_MECH_FEEDING_MUCUS_CORAL_01,MECH_FEEDING_MUCUS_CORAL,Semantic Scholar Academic Graph API,2026-08-13,2490cdd10c60af137559c19def04a978d728ded2,133401795,"Carbonate slope morphology revealing sediment transfer from bank-to-slope (Little Bahama Bank, Bahamas)",T. Mulder; M. Joumes; V. Hanquiez; H. Gillet; J. Reijmer; E. Tournadour; L. Chabaud; M. Principaud; J. Schnyder; J. Borgomano; K. Fauquembergue; E. Ducassou; J. Busson,2017,2017-05-01,,Review,10.1016/J.MARPETGEO.2017.03.002,,,https://www.semanticscholar.org/paper/2490cdd10c60af137559c19def04a978d728ded2,True,https://www.sciencedirect.com/science/article/pii/S026481721730079X,34,54,2,Geology,Geology; Geology; Environmental Science,
SS_MECH_FEEDING_MUCUS_CORAL_01,MECH_FEEDING_MUCUS_CORAL,Semantic Scholar Academic Graph API,2026-08-13,249228f45f4025e3e09a1d68e33c6fe1a530b674,60193264,Mathematical Simulation of Marine Sedimentation with IBM 7090/7094 Computers,J. Harbaugh,1966,1966-01-01,Bulletin,JournalArticle,10.17161/kgsbulletin.no..23506,,,https://www.semanticscholar.org/paper/249228f45f4025e3e09a1d68e33c6fe1a530b674,True,https://doi.org/10.17161/kgsbulletin.no..23506,17,0,0,Computer Science,Computer Science; Mathematics; Environmental Science,"A mathematical model of marine sedimentation, using IBM 7090/7094 computers, imitates the behavior of sediments as they are transported and deposited within a marine sedimentary basin. By mathematical means, in symbolic three-dimensional space, the model imitates the processes of tectonic warping, winnowing of sediments along beaches, formation of deltas, and the growth and interaction of organism communities, including algal banks and coral reefs, that populate the sea floor. The model is operated by assuming a set of external controlling conditions and feeding these into the computer as numerical data. The model is then run forward, by increments, through geologic time. The effect of several million years geologic history can be studied in 15 minutes computing time. 
Output from the computer program representing the model is in the form of lithofacies maps, structure maps, biofacies maps, sea-water depth maps, and geologic cross sections that show both structure and facies relationships. A series of maps and cross sections can be printed for each increment of geologic time making it possible to observe progressive geologic changes as they occur. 
The model is used as an experimental tool by observing the response to a set of assumptions. When a change in the numbers used to control the program is made, the model responds dynamically in a few seconds computer time. Deltaic deposits, ancient beaches, algal reefs, and other sedimentary features develop progressively and undergo structural deformation with startling realism. 
The objective in geological mathematical modeling is to produce symbolic geologic products (such as sedimentary strata) by imitating the principal geologic processes that produce the products. There is, however, uncertainty as to the mode of operation and relative importance of many processes. Consequently, assumptions must be made. These assumptions can be tested on a trial and error basis. If the results of a computer run with the model do not agree well with reality (i.e., the symbolic deposits do not accord well with real sedimentary deposits that are being imitated, etc.), the assumptions can be progressively changed, and new runs made until the model begins to perform realistically. 
The mathematical model is embodied in a BALGOL computer language (version of ALGOL-58) program which may be used with any IBM 7090 or 7094 computer, provided the BALGOL system tapes are available. The principles of the program are outlined in the report, which also contains detailed operating instructions for the program's use."
SS_MECH_FEEDING_MUCUS_CORAL_01,MECH_FEEDING_MUCUS_CORAL,Semantic Scholar Academic Graph API,2026-08-13,24d1092dd0438c1115a646d01e27dfe4bb3bdd97,84830185,Macrofauna of Canadian arctic fjords,J. Dale; A. Aitken; R. Gilbert; M. Risk,1989,,,,10.1016/0025-3227(89)90159-X,,,https://www.semanticscholar.org/paper/24d1092dd0438c1115a646d01e27dfe4bb3bdd97,False,,70,44,6,Biology,Biology; Environmental Science,
SS_MECH_FEEDING_MUCUS_CORAL_01,MECH_FEEDING_MUCUS_CORAL,Semantic Scholar Academic Graph API,2026-08-13,2546f23351bbaa1daea7c078316dce0d6294212b,254631537,"Bioturbation by stingrays at Ningaloo Reef, Western Australia. Marine and Freshwater Research, 63 (3). pp. 189-197.",,,,,,,,,https://www.semanticscholar.org/paper/2546f23351bbaa1daea7c078316dce0d6294212b,False,,21,0,4,,Environmental Science; Biology,
SS_MECH_FEEDING_MUCUS_CORAL_01,MECH_FEEDING_MUCUS_CORAL,Semantic Scholar Academic Graph API,2026-08-13,25b33a7a2c52b73bd79506dc88004e3f6b5cc1bd,85092722,Marked Ecological Shifts in Seagrass and Reef Molluscan Communities Since the Mid-Holocene in the Southwestern Caribbean,Alexa Fredston-Hermann; A. O’Dea; Félix Rodríguez; W. Thompson; J. Todd,2013,2013-10-01,,,10.5343/BMS.2012.1077,,,https://www.semanticscholar.org/paper/25b33a7a2c52b73bd79506dc88004e3f6b5cc1bd,False,,21,0,0,Biology,Biology; Environmental Science,
SS_MECH_FEEDING_MUCUS_CORAL_01,MECH_FEEDING_MUCUS_CORAL,Semantic Scholar Academic Graph API,2026-08-13,25cac6fca710b22994cb6f793921b5ccdb6659a9,253808994,Influence of fish grazing and sedimentation on the early post-settlement survival of the tabular coral Acropora cytherea,M. Trapon; M. Pratchett; A. Hoey; A. Baird,2013,2013-07-05,Coral reefs,,10.1007/s00338-013-1059-4,,,https://www.semanticscholar.org/paper/25cac6fca710b22994cb6f793921b5ccdb6659a9,False,,2,0,0,,Environmental Science,
SS_MECH_FEEDING_MUCUS_CORAL_01,MECH_FEEDING_MUCUS_CORAL,Semantic Scholar Academic Graph API,2026-08-13,266a41f21d88570a84d450f39e411d599f0fac34,21247010,Diversity and antimicrobial activity of bacteria isolated from different Brazilian coral species,Leticia B. Pereira; B. R. Z. Palermo; C. Carlos; Laura M. M. Ottoboni,2017,2017-09-01,FEMS Microbiology Letters,JournalArticle,10.1093/femsle/fnx164,,28873945,https://www.semanticscholar.org/paper/266a41f21d88570a84d450f39e411d599f0fac34,True,https://academic.oup.com/femsle/article-pdf/364/16/fnx164/23929895/fnx164.pdf,34,51,3,Medicine; Biology,Medicine; Biology; Biology; Environmental Science,
SS_MECH_FEEDING_MUCUS_CORAL_01,MECH_FEEDING_MUCUS_CORAL,Semantic Scholar Academic Graph API,2026-08-13,26ac1ac0e9181347385ecd3e78718e3d7b410723,84494160,Nutrient regeneration by abundant coral reef holothurians,S. Uthicke,2001,2001-11-15,,,10.1016/S0022-0981(01)00329-X,,,https://www.semanticscholar.org/paper/26ac1ac0e9181347385ecd3e78718e3d7b410723,False,,184,25,11,Biology,Biology; Environmental Science,
SS_MECH_FEEDING_MUCUS_CORAL_01,MECH_FEEDING_MUCUS_CORAL,Semantic Scholar Academic Graph API,2026-08-13,26b7e622efeaff8366b44e2025a724c3545703b0,90214535,Experimental evaluation of the effect of a territorial damselfish on foraging behaviour of roving herbivores on coral reefs,J. Eurich; Simone M. Shomaker; M. McCormick; G. Jones,2018,2018-07-02,Journal of Experimental Marine Biology and Ecology,,10.1016/J.JEMBE.2018.06.009,,,https://www.semanticscholar.org/paper/26b7e622efeaff8366b44e2025a724c3545703b0,False,,35,81,2,Biology,Biology; Environmental Science; Biology,"Roving herbivorous fishes play an important role in coral reef communities by removing turf-algae, which can facilitate the settlement of coral larvae. Territorial damselfishes can influence the foraging patterns of roving herbivores by excluding them from their territories, altering the benthic assemblage. However, the impacts depend on the intensity of aggression and which taxonomic groups of roving herbivores are being excluded. Here we document the foraging activity of roving herbivores (Acanthuridae, Scaridae, Siganidae) and the extent to which they are subject to aggression by Pomacentrus adelus, the most abundant territorial damselfish in Kimbe Bay, Papua New Guinea. We then conducted experimental removals (220 m2 plots on the reef flat) of P. adelus to examine its impact on roving herbivores and the benthic community structure. We hypothesized that the removal of P. adelus would lead to an increase in roving herbivore abundance and foraging activity and a decline in algal cover. The relative abundance (MaxN) and foraging activity (bite rate) of each taxa were examined pre and post-removal using video quadrats. The overall relative abundance of roving herbivores was not influenced by the removal of P. adelus. No changes in foraging patterns were observed for parrotfish, the family that received the highest rate of agonistic interactions, and rabbitfish. The removal of P. adelus resulted in a significant decrease in surgeonfish feeding, suggesting P. adelus alters foraging patterns indirectly through territorial maintenance and not aggression. The only measurable benthic impact of the P. adelus removal was an increase in sediment, while all other substratum types remained constant. These results indicate that P. adelus does not have a negative impact on all roving herbivores and instead may contribute to surgeonfish foraging indirectly through the removal of sediment. The generalisation that territorial damselfish reduce foraging rates of roving herbivores may not be applicable in all systems or for all species."
SS_MECH_FEEDING_MUCUS_CORAL_01,MECH_FEEDING_MUCUS_CORAL,Semantic Scholar Academic Graph API,2026-08-13,2790c8e8bcb92d157e1aa325bc4721e7fe036da0,83518978,A comparative study of the effects of sedimentation on symbiotic and asymbiotic colonies of the coral Astrangiadanae Milne Edwards and Haime 1849,E. Peters; M. Pilson,1985,1985-11-05,,,10.1016/0022-0981(85)90096-6,,,https://www.semanticscholar.org/paper/2790c8e8bcb92d157e1aa325bc4721e7fe036da0,True,https://digitalcommons.uri.edu/nrs_facpubs/705,73,37,6,Biology,Biology; Environmental Science,"Abstract The effect of heavy sedimentation on corals was examined in the laboratory using both symbiotic and asymbiotic colonies of Astrangia danae Milne Edwards and Haime. Colonies receiving applications of clean fine sand at a rate of 200mg·cm −2 once per day for 4 wk were not different from controls with respect to symbiotic index, colony weights, growth rates, or net oxygen exchange rates. Slight adverse effects relative to controls were noted after increasing the sand applications to three times per day, which became more evident during a 2-wk period of starvation combined with the sand applications. Starved symbiotic colonies were more susceptible than starved asymbiotic colonies to the sediment loading. After the starvation period, sediment-exposed colonies processed for histopathological examination revealed loss of mucous secretory cells in the epidermis, compared to starved controls, along with an increase in mucoid material accumulations in the gastrodermis and calicoblastic epithelium. These results are consistent with previous field observations that sediment loading is harmful to stony corals. However, damage may be minimal as long as adequate nutrients, from either internal (zooxanthellae) or external (Zooplankton, particulates) sources, are available to the coral animal to meet the additional energy expenditures required to rid themselves of sediment."
SS_MECH_FEEDING_MUCUS_CORAL_01,MECH_FEEDING_MUCUS_CORAL,Semantic Scholar Academic Graph API,2026-08-13,27998c6d5144463ce1b086152a4de0541d7ac851,130849846,DISTRIBUTION OF CORAL REEFS IN THE PEARL ISLANDS (GULF OF PANAMA) IN RELATION TO THERMAL CONDITIONS1,P. Glynn; R. Stewart,1973,1973-05-01,,,10.4319/LO.1973.18.3.0367,,,https://www.semanticscholar.org/paper/27998c6d5144463ce1b086152a4de0541d7ac851,True,https://onlinelibrary.wiley.com/doi/pdfdirect/10.4319/lo.1973.18.3.0367,167,10,13,Geology,Geology; Environmental Science,
SS_MECH_FEEDING_MUCUS_CORAL_01,MECH_FEEDING_MUCUS_CORAL,Semantic Scholar Academic Graph API,2026-08-13,27af8089af385f8923b796f14568d7c66212ddcd,204964922,Genetic structure of ®ssiparous populations of Holothuria (Halodeima) atra on the Great Barrier Reef,,,,,Review,,,,https://www.semanticscholar.org/paper/27af8089af385f8923b796f14568d7c66212ddcd,False,,0,0,0,,Environmental Science; Biology,
SS_MECH_FEEDING_MUCUS_CORAL_01,MECH_FEEDING_MUCUS_CORAL,Semantic Scholar Academic Graph API,2026-08-13,27f25a4e1992fe7b2052a962344b3faf7bcc9b59,264395189,Role of feeding and physiological trade-offs in sustaining resilience of the coral Galaxea fascicularis to light limitation,Xiao-Lei Yu; Lei Jiang; Yong Luo; Chengyue Liu; Yuyang Zhang; Lintao Huang; Pan Zhang; Xiangcheng Yuan; Hui Huang,2023,2023-10-20,Coral reefs,JournalArticle,10.1007/s00338-023-02434-z,,,https://www.semanticscholar.org/paper/27f25a4e1992fe7b2052a962344b3faf7bcc9b59,False,,3,110,0,,Environmental Science; Biology,
SS_MECH_FEEDING_MUCUS_CORAL_01,MECH_FEEDING_MUCUS_CORAL,Semantic Scholar Academic Graph API,2026-08-13,2801c7b7cb7065c300b3ddd83ff60a152364b750,83558850,"Biomass, Metabolic Rates and Feeding of Some Common Reef Zoantharians and Octocorals",Y. Sorokin,1991,,,,10.1071/MF9910729,,,https://www.semanticscholar.org/paper/2801c7b7cb7065c300b3ddd83ff60a152364b750,False,,74,8,10,Biology,Biology; Environmental Science; Biology,
SS_MECH_FEEDING_MUCUS_CORAL_01,MECH_FEEDING_MUCUS_CORAL,Semantic Scholar Academic Graph API,2026-08-13,283f94ba5765cd8759f51292a30719bbd4762cff,252973504,Examination of environmental DNA sampling and analysis methods in the open sea,,2022,,,Review,,,,https://www.semanticscholar.org/paper/283f94ba5765cd8759f51292a30719bbd4762cff,False,,0,15,0,,Environmental Science,
SS_MECH_FEEDING_MUCUS_CORAL_01,MECH_FEEDING_MUCUS_CORAL,Semantic Scholar Academic Graph API,2026-08-13,291580341661b1169ed9ad39cbd673f6d2119eeb,270767800,Microbiome manipulation by corals and other Cnidaria via quorum quenching.,Benjamin M. Mason; D. Hayward; Aurelie Moya; Ira Cooke; A. Sorenson; Ramona Brunner; Natalia Andrade; R. Huerlimann; David G. Bourne; Patrick M. Schaeffer; Mila Grinblat; T. Ravasi; N. Ueda; Sen‐Lin Tang; Eldon E Ball; David J. Miller,2024,2024-06-01,Current Biology,JournalArticle,10.1016/j.cub.2024.05.073,,38942019,https://www.semanticscholar.org/paper/291580341661b1169ed9ad39cbd673f6d2119eeb,False,,6,43,0,Medicine,Medicine; Environmental Science; Biology,"A dynamic mucous layer containing numerous micro-organisms covers the surface of corals and has multiple functions including both removal of sediment and ""food gathering.""1 It is likely to also act as the primary barrier to infection; various proteins and compounds with antimicrobial activity have been identified in coral mucus, though these are thought to be largely or exclusively of microbial origin. As in Hydra,2 anti-microbial peptides (AMPs) are likely to play major roles in regulating the microbiomes of corals.3,4 Some eukaryotes employ a complementary but less obvious approach to manipulate their associated microbiome by interfering with quorum signaling, effectively preventing bacteria from coordinating gene expression across a population. Our investigation of immunity in the reef-building coral Acropora millepora,5 however, led to the discovery of a coral gene referred to here as AmNtNH1 that can inactivate a range of acyl homoserine lactones (AHLs), common bacterial quorum signaling molecules, and is induced on immune challenge of adult corals and expressed during the larval settlement process. Closely related proteins are widely distributed within the Scleractinia (hard corals) and some other cnidarians, with multiple paralogs in Acropora, but their closest relatives are bacterial, implying that these are products of one or more lateral gene transfer events post-dating the cnidarian-bilaterian divergence. The deployment by corals of genes used by bacteria to compete with other bacteria reflects a mechanism of microbiome manipulation previously unknown in Metazoa but that may apply more generally."
SS_MECH_FEEDING_MUCUS_CORAL_01,MECH_FEEDING_MUCUS_CORAL,Semantic Scholar Academic Graph API,2026-08-13,298e8e397cfa5385c135973de0d434890a7fd46a,131851108,Water Quality Influences on Declining Coral Settlement from the Great Barrier Reef Region: Biofilms as Key Players,R. Prescott,2015,2015-05-01,,,,,,https://www.semanticscholar.org/paper/298e8e397cfa5385c135973de0d434890a7fd46a,False,,3,145,0,Environmental Science,Environmental Science; Environmental Science,
SS_MECH_FEEDING_MUCUS_CORAL_01,MECH_FEEDING_MUCUS_CORAL,Semantic Scholar Academic Graph API,2026-08-13,29fec82442d123cea0837982d7bc44f036b092d7,140720274,"RECENT ICHNOCOENOSIS IN DEEP WATER MACROIDS, RYUKYU ISLANDS, JAPAN",Davide Bassi; M. Humblet; Y. Iryu,2011,2011-03-30,,,10.2110/palo.2010.p10-093r,,,https://www.semanticscholar.org/paper/29fec82442d123cea0837982d7bc44f036b092d7,False,,24,56,2,Biology,Biology; Environmental Science; Geology,
SS_MECH_FEEDING_MUCUS_CORAL_01,MECH_FEEDING_MUCUS_CORAL,Semantic Scholar Academic Graph API,2026-08-13,2a019432d5dc9951422d9037df5d053033d059fe,283740826,Ecological assessments on hydroid-associated nudibranchs reveal previously unrecorded diversity and a new species of Doto from the Gulf of Thailand,Rahul Mehrotra; S. Chavanich; Manuel Caballer Gutierrez,2025,2025-12-12,Marine Biodiversity,JournalArticle; Review,10.1007/s12526-025-01611-3,,,https://www.semanticscholar.org/paper/2a019432d5dc9951422d9037df5d053033d059fe,False,,0,81,0,,Environmental Science; Biology,
SS_MECH_FEEDING_MUCUS_CORAL_01,MECH_FEEDING_MUCUS_CORAL,Semantic Scholar Academic Graph API,2026-08-13,2a6f1a7fed9ccbad19fb170883046f14805730ac,90531503,Control of Aquatic Weeds by the Snail Marisa cornuarietis,W. A. Porterfield; A. Press; Marisa cornuarietis,1964,1964-04-01,,,10.2307/4040601,,,https://www.semanticscholar.org/paper/2a6f1a7fed9ccbad19fb170883046f14805730ac,False,,36,11,0,Biology,Biology; Environmental Science; Biology,
SS_MECH_FEEDING_MUCUS_CORAL_01,MECH_FEEDING_MUCUS_CORAL,Semantic Scholar Academic Graph API,2026-08-13,2bbfc3854dff8ac1c98f9ed3d9223aa162647ec5,56264828,Cannot Go Wrong With Eastern Oysters (Crassostrea Virginica): Restoring the Delaware Inland Bays Biodiversity,G. Ozbay; Brian A Reckenbeil; F. Marenghi; Patrick Erbl,2013,2013-08-22,,,10.4172/2332-2543.1000109,,,https://www.semanticscholar.org/paper/2bbfc3854dff8ac1c98f9ed3d9223aa162647ec5,True,https://doi.org/10.4172/2332-2543.1000109,1,29,0,Biology,Biology; Environmental Science; Biology,
SS_MECH_FEEDING_MUCUS_CORAL_01,MECH_FEEDING_MUCUS_CORAL,Semantic Scholar Academic Graph API,2026-08-13,2c20ad6b40ca2152edb775e0bab83d0d011cd162,86003804,"AMONG-GENOTYPE VARIATION FOR SEDIMENT REJECTION IN THE REEF-BUILDING CORAL DIPLOASTREA HELIOPORA (LAMARCK, 1816)",G. Lui; W. Setiawan; P. Todd; P. Erftemeijer,2012,,,,,,,https://www.semanticscholar.org/paper/2c20ad6b40ca2152edb775e0bab83d0d011cd162,False,,9,49,0,Biology,Biology; Environmental Science; Biology,
SS_MECH_FEEDING_MUCUS_CORAL_01,MECH_FEEDING_MUCUS_CORAL,Semantic Scholar Academic Graph API,2026-08-13,2c29d32f4a2802ee57a51296c7ce6ad34c6d7428,259265962,Nitrogen Isotopes in Deep Sea Corals; A Potential Tracer of Paleoceanographic Conditions,Sylvia Bergerud,2023,,,,,,,https://www.semanticscholar.org/paper/2c29d32f4a2802ee57a51296c7ce6ad34c6d7428,False,,0,37,0,,Environmental Science,
SS_MECH_FEEDING_MUCUS_CORAL_01,MECH_FEEDING_MUCUS_CORAL,Semantic Scholar Academic Graph API,2026-08-13,2c8772f20dff3f76eeb7e2c3017ba49264b10969,202624468,"THE SUBMARINE CANYON OF CUMA (SOUTHERN TYRRHENIAN SEA, ITALY), A CETACEAN KEY AREA TO PROTECT",De Pippo,2004,,,Review,,,,https://www.semanticscholar.org/paper/2c8772f20dff3f76eeb7e2c3017ba49264b10969,False,,5,5,0,,Environmental Science; Biology,
SS_MECH_FEEDING_MUCUS_CORAL_01,MECH_FEEDING_MUCUS_CORAL,Semantic Scholar Academic Graph API,2026-08-13,2cac17218ec3820f423c214e121c4b27433fab3a,129739365,"The Dangeard and Explorer canyons, South Western Approaches UK: Geology, sedimentology and newly discovered cold-water coral mini-mounds",H. Stewart; Jaime S. Davies; J. Guinan; K. Howell,2014,2014-06-01,,,10.1016/J.DSR2.2013.08.018,,,https://www.semanticscholar.org/paper/2cac17218ec3820f423c214e121c4b27433fab3a,True,http://nora.nerc.ac.uk/id/eprint/507792/1/Stewart_et_al_submitted_manuscript_FINAL_for_NORA.pdf,23,73,3,Geology,Geology; Geology; Environmental Science,
SS_MECH_FEEDING_MUCUS_CORAL_01,MECH_FEEDING_MUCUS_CORAL,Semantic Scholar Academic Graph API,2026-08-13,2ceb62dab09b3dd9245075a06d462908deb41aef,40951174,Defecation behaviour of the Lined Bristletooth Surgeonfish Ctenochaetus striatus (Acanthuridae),R. Krone; R. Bshary; M. Paster; M. Eisinger; P. V. Treeck; H. Schuhmacher,2008,2008-03-13,Coral reefs,,10.1007/s00338-008-0365-8,,,https://www.semanticscholar.org/paper/2ceb62dab09b3dd9245075a06d462908deb41aef,False,,33,17,6,Geology,Geology; Biology; Environmental Science,
SS_MECH_FEEDING_MUCUS_CORAL_01,MECH_FEEDING_MUCUS_CORAL,Semantic Scholar Academic Graph API,2026-08-13,2d15cf59353643a7c27cb3c7f02bd1d2359d00a7,39948458,Bacterial assemblages differ between compartments within the coral holobiont,M. Sweet; A. Cróquer; J. Bythell,2011,2011-03-01,Coral reefs,,10.1007/s00338-010-0695-1,,,https://www.semanticscholar.org/paper/2d15cf59353643a7c27cb3c7f02bd1d2359d00a7,False,,211,85,7,Biology,Biology; Environmental Science; Biology,
SS_MECH_FEEDING_MUCUS_CORAL_01,MECH_FEEDING_MUCUS_CORAL,Semantic Scholar Academic Graph API,2026-08-13,2db425f8753950daaa589c87828f32de02614008,260229588,Relations of coral reef benthos composition and horseshoe crabs’ gut content,Razak M. R. M; Kassim Z; Sabuti A. A,2023,2023-07-30,Open Access Research Journal of Life Sciences,JournalArticle,10.53022/oarjls.2023.6.1.0052,,,https://www.semanticscholar.org/paper/2db425f8753950daaa589c87828f32de02614008,True,https://oarjpublication.com/journals/oarjls/sites/default/files/OARJLS-2023-0052.pdf,0,0,0,,Environmental Science; Biology,"Intensive earlier studies on horseshoe crab feeding ecology are focused on the Atlantic species, Limulus polyphemus (Linnaeus, 1758). However, the distribution of species, food abundance, and availability of benthos in a particular environment might influence the horseshoe crab's preference for diet in a particular region. The aims of this research are to analyse the benthos composition in Tachypleus gigas spawning site and coral reefs located near the spawning ground in Cherok Paloh, Pahang, and compare it with the food composition inside the T. gigas digestive track. A total of 30 samples of male and female horseshoe crabs, T. gigas respectively, were harvested by using a fishing net during the incoming high tide. Their guts were dissected, and the contents were analysed according to Squires and Dawe criteria. Results showed that echinoderm was the main food composition in the gut of males (54.27%) and females (51.44%) during the open sea migration phase. Amuk-amuk coral reef (3°41'51""N 103°24'13""E), Raja Muda coral reef (3°38'01""N 103°28'23""E) and Air Leleh coral reef (3°35'38""N 103°29'00""E) are the nearest sea urchin habitats to the sampling area. Benthos analysis showed higher echinoderm composition in those coral reefs (31.58 – 42.11%). There is no echinoderm composition found in the spawning site sediment. Further study is needed to provide reliable data on the significance of coral reefs in the horseshoe crab's foraging ecology."
SS_MECH_FEEDING_MUCUS_CORAL_01,MECH_FEEDING_MUCUS_CORAL,Semantic Scholar Academic Graph API,2026-08-13,2e538d9732819b2973d1552e62ccd941b82493ed,5334472,"Examining the relationship between fish herbivore biomass, coral and macroalgal cover on Singapore’s heavily disturbed reefs",J. Guest; A. Vergés; A. Bauman; A. Campbell; L. Chou; D. Feary; J. Low; E. Marzinelli; K. Tun; P. Steinberg,2016,2016-04-20,,,10.7287/PEERJ.PREPRINTS.1907V2,,,https://www.semanticscholar.org/paper/2e538d9732819b2973d1552e62ccd941b82493ed,True,https://doi.org/10.7287/peerj.preprints.1907v2,6,50,0,Environmental Science,Environmental Science; Environmental Science,"Background. Herbivores play a critical role in structuring benthic communities on tropical coral dominated reefs because they remove macro and microalgae, which might otherwise overgrow adult corals or prevent successful recruitment of juveniles. Reducing herbivory has been implicated in promoting phase shifts from coral dominance to other ecosystem states following acute disturbances. Turbidity and sedimentation are key physical processes that also structure coral reef communities because they limit light penetration and may interfere with biological processes such as heterotrophy. Singapore’s coral reefs have been heavily impacted by human activities for decades and experience very high levels of sedimentation and turbidity. Macroalgae, particularly Sargassum spp. are abundant on the reef flats, while adjacent reef slopes are dominated by diverse coral assemblages, yet nothing is known about the role of herbivory in structuring these heavily disturbed reefs. Methods. To gain a better understanding of the role of herbivore biomass and potential herbivory in structuring these disturbed reefs, we quantified benthic cover of corals and macroalgae, fish biomasses and urchin abundance at eight representative sites among Singapore’s southern islands during two seasons. In addition we filmed herbivory assays on replicate experimental macroalgal stands (4 separate macroalgal species) and natural EAM patches at three of these sites to estimate species-specific rates of herbivory. Using generalised linear mixed models we examine the relationship between herbivore abundances and benthic cover of corals and macroalgae. Results. Average coral cover at 3-4 m depth was surprisingly high (~40%) compared to other Indo-Pacific reefs, considering decades of chronic anthropogenic impacts. In contrast, the average biomass of herbivorous fishes (~4 g m-2) was more typical of degraded and overfished reefs, while urchin abundances were within the range found at other Indo-Pacific sites. Herbivorous fish were not observed feeding on macroalgal assays during 29 h of filming, with all bites counted on EAM carried out primarily by territorial damselfish. There was a significant but weak relationship between coral cover and herbivore biomass but none for macroalgae or between urchin abundance and benthic cover. Discussion. Relatively high coral cover and low macroalgal cover at 3-4 m depth has been maintained on these highly disturbed reefs, demonstrating possible resilience to coralmacroalgal phase shifts despite decades of chronic human disturbances. We suggest that low light levels at 3-4 m depth may limit algal growth rates so that only low levels of herbivory are necessary to prevent seaweeds from outcompeting corals on turbid reefs such as those in the present study. PeerJ Preprints | https://doi.org/10.7287/peerj.preprints.1907v1 | CC-BY 4.0 Open Access | rec: 30 Mar 2016, publ: 30 Mar 2016"
SS_MECH_FEEDING_MUCUS_CORAL_01,MECH_FEEDING_MUCUS_CORAL,Semantic Scholar Academic Graph API,2026-08-13,2e7225837e7549af9fa2928fc328239455a21345,83671364,THE ADAPTABILITY TO CULTURE CONDITION OF SOME COMMON CORAL GENERA,N. Thùy,2013,2013-12-26,,,10.15625/1859-3097/13/3/3537,,,https://www.semanticscholar.org/paper/2e7225837e7549af9fa2928fc328239455a21345,True,http://vjs.ac.vn/index.php/jmst/article/download/3537/3668,0,0,0,Biology,Biology; Environmental Science,
SS_MECH_FEEDING_MUCUS_CORAL_01,MECH_FEEDING_MUCUS_CORAL,Semantic Scholar Academic Graph API,2026-08-13,2fec4fef2f7726656ab140e53cbeef4192562ff2,71144253,Algae sediment dynamics are mediated by herbivorous fishes on a nearshore coral reef,Ryan S. McAndrews; A. Eich; Amanda K Ford; S. Bejarano; Ronal Lal; S. Ferse,2019,2019-03-04,Coral reefs,Review,10.1007/s00338-019-01780-1,,,https://www.semanticscholar.org/paper/2fec4fef2f7726656ab140e53cbeef4192562ff2,False,,15,66,1,Environmental Science,Environmental Science; Environmental Science; Biology,
SS_MECH_FEEDING_MUCUS_CORAL_01,MECH_FEEDING_MUCUS_CORAL,Semantic Scholar Academic Graph API,2026-08-13,3086a22521be0e51762f64dbb9c22c1c9afdf617,46392861,"A sea cucumber outbreak on a degraded coral reef in Sanya, China",Yuyang Zhang; Hui Huang; Jieying Huang,2014,2014-07-18,Coral reefs,,10.1007/s00338-014-1189-3,,,https://www.semanticscholar.org/paper/3086a22521be0e51762f64dbb9c22c1c9afdf617,True,https://link.springer.com/content/pdf/10.1007/s00338-014-1189-3.pdf,8,3,0,Geography,Geography; Environmental Science; Biology,
SS_MECH_FEEDING_MUCUS_CORAL_01,MECH_FEEDING_MUCUS_CORAL,Semantic Scholar Academic Graph API,2026-08-13,32196deb4793a8dfb9ef35121bd66721cf366436,3793680,"Influence of predation risk on the sheltering behaviour of the coral-dwelling damselfish, Pomacentrus moluccensis",Robin P. M. Gauff; S. Bejarano; H. Madduppa; B. Subhan; Elyne Dugeny; Yuda A. Perdana; S. Ferse,2018,2018-04-01,Environmental Biology of Fishes,,10.1007/s10641-018-0725-3,,,https://www.semanticscholar.org/paper/32196deb4793a8dfb9ef35121bd66721cf366436,True,https://link.springer.com/content/pdf/10.1007/s10641-018-0725-3.pdf,19,85,0,Biology,Biology; Biology; Environmental Science,"Predation is a key ecosystem function, especially in high diversity systems such as coral reefs. Not only is predation one of the strongest top-down controls of prey population density, but it also is a strong driver of prey behaviour and function through non-lethal effects. We ask whether predation risk influences sheltering behaviour of damselfish living in mutualism with branching corals. Host corals gain multiple advantages from the mutualistic relationship which are determined by the strength of damselfish sheltering. Distance travelled by the Lemon Damselfish Pomacentrus moluccensis away from their host colony was measured here as a proxy for sheltering strength and was expected to be shortest under highest predation risk. Predation risk, defined as a function of predator abundance and activity, turbidity and habitat complexity, was quantified at four reef slope sites in Kepulauan Seribu, Indonesia. Damselfish sheltering strength was measured using stationary unmanned video cameras. Small damselfish (< 2 cm) increased their sheltering strength under high turbidity. Predator feeding activity, but not abundance, influenced damselfish sheltering strength. Contrary to our expectations, sheltering behaviour of adult damselfish decreased under high predator activity. While these observations are in line with risk-averse behaviour by juvenile P. moluccensis, they may indicate the presence of sentinel behaviour in the adults of this species. Habitat complexity seemed to be less important as a driver of damselfish behaviour. These counterintuitive results may indicate complex social behaviour and age-specific strategies for predator avoidance."
SS_MECH_FEEDING_MUCUS_CORAL_01,MECH_FEEDING_MUCUS_CORAL,Semantic Scholar Academic Graph API,2026-08-13,323bb9fe042fbee87df01af3d101d81b58bc47f7,81111095,"Molting by Cupuladria doma, A Free-Living Bryozoan",J. Winston; E. Håkansson,1989,,,,,,,https://www.semanticscholar.org/paper/323bb9fe042fbee87df01af3d101d81b58bc47f7,False,,17,7,0,Biology,Biology; Environmental Science; Biology,
SS_MECH_FEEDING_MUCUS_CORAL_01,MECH_FEEDING_MUCUS_CORAL,Semantic Scholar Academic Graph API,2026-08-13,32cf474568de21e95d44689cd66ca8857aa249f7,13750839,"The role of the reef flat in coral reef trophodynamics: Past, present, and future",D. Bellwood; S. B. Tebbett; O. Bellwood; M. Mihalitsis; Renato A. Morais; Robert P. Streit; C. Fulton,2018,2018-03-26,Ecology and Evolution,JournalArticle,10.1002/ece3.3967,,29721284,https://www.semanticscholar.org/paper/32cf474568de21e95d44689cd66ca8857aa249f7,True,https://doi.org/10.1002/ece3.3967,73,109,3,Environmental Science; Medicine,Environmental Science; Medicine; Biology; Environmental Science,"Abstract The reef flat is one of the largest and most distinctive habitats on coral reefs, yet its role in reef trophodynamics is poorly understood. Evolutionary evidence suggests that reef flat colonization by grazing fishes was a major innovation that permitted the exploitation of new space and trophic resources. However, the reef flat is hydrodynamically challenging, subject to high predation risks and covered with sediments that inhibit feeding by grazers. To explore these opposing influences, we examine the Great Barrier Reef (GBR) as a model system. We focus on grazing herbivores that directly access algal primary productivity in the epilithic algal matrix (EAM). By assessing abundance, biomass, and potential fish productivity, we explore the potential of the reef flat to support key ecosystem processes and its ability to maintain fisheries yields. On the GBR, the reef flat is, by far, the most important habitat for turf‐grazing fishes, supporting an estimated 79% of individuals and 58% of the total biomass of grazing surgeonfishes, parrotfishes, and rabbitfishes. Approximately 59% of all (reef‐wide) turf algal productivity is removed by reef flat grazers. The flat also supports approximately 75% of all grazer biomass growth. Our results highlight the evolutionary and ecological benefits of occupying shallow‐water habitats (permitting a ninefold population increase). The acquisition of key locomotor and feeding traits has enabled fishes to access the trophic benefits of the reef flat, outweighing the costs imposed by water movement, predation, and sediments. Benthic assemblages on reefs in the future may increasingly resemble those seen on reef flats today, with low coral cover, limited topographic complexity, and extensive EAM. Reef flat grazing fishes may therefore play an increasingly important role in key ecosystem processes and in sustaining future fisheries yields."
SS_MECH_FEEDING_MUCUS_CORAL_01,MECH_FEEDING_MUCUS_CORAL,Semantic Scholar Academic Graph API,2026-08-13,32d651e0451754db6324cd9afc0bbda419b0e705,84046949,"The late Tortonian cheilostome Bryozoa from Niebla (Guadalquivir Basin, SW Spain) : implications for Atlantic-Mediterranean environment and biogeography during the late Neogene",B. Berning,2006,2006-01-16,,,,,,https://www.semanticscholar.org/paper/32d651e0451754db6324cd9afc0bbda419b0e705,False,,3,192,0,Biology,Biology,
SS_MECH_FEEDING_MUCUS_CORAL_01,MECH_FEEDING_MUCUS_CORAL,Semantic Scholar Academic Graph API,2026-08-13,32e1bf2fe67f54bfe5542013a5de82e57cd0d9db,134316716,"Spatio – temporal patterns and controls on cold-water coral reef development:The Moira Mounds, Porcupine Seabight, offshore Ireland",A. Lim,2017,,,Review,,,,https://www.semanticscholar.org/paper/32e1bf2fe67f54bfe5542013a5de82e57cd0d9db,False,,1,211,0,Geology,Geology; Environmental Science; Geology,
SS_MECH_FEEDING_MUCUS_CORAL_01,MECH_FEEDING_MUCUS_CORAL,Semantic Scholar Academic Graph API,2026-08-13,338ab6013d0e0e473ce3379fe0be70991a71dfa9,225747550,Exploring Mediterranean and Arctic Environments as a Novel Source of Bacteria Producing Antibacterial Compounds to be Applied in Aquaculture,C. Rizzo; C. Gugliandolo; A. Lo Giudice,2020,2020-06-09,Applied Sciences,,10.3390/app10114006,,,https://www.semanticscholar.org/paper/338ab6013d0e0e473ce3379fe0be70991a71dfa9,True,https://www.mdpi.com/2076-3417/10/11/4006/pdf?version=1591873410,9,59,0,Biology,Biology; Environmental Science; Biology,"The need to discover new natural compounds has become urgent as a possible alternative solution to contrast the spread of antibiotic resistance, also in the aquaculture field. Bacterium–bacterium inhibitory activity against bacterial pathogens relevant in aquaculture was evaluated on agar plates for bacteria isolated from cold Arctic (Kongsfjorden, Svalbard Islands; i.e., seawater and sediment samples) and temperate Mediterranean (Lake Faro in Messina and the Straits of Messina, Italy; i.e., brackish water and benthic filter-feeding organisms) environments. Cell-free supernatants (both pure and concentrated 10-fold) were further assayed and, in the case of a positive response, crude extracts were obtained and tested. After the pre-screening procedures, about 30% of the bacterial isolates inhibited the growth of at least one pathogen used as a target. The 10-fold concentrated supernatants of two Arctic Salinibacterium spp. strains and the Mediterranean Bacillus sp. PS62 (associated with the pennatulacean Pteroeides spinosum Ellis, 1764) resulted in being active against P. damselae subsp. piscicida. The crude extracts obtained from Bacillus sp. PS62 also showed inhibitory activity against the same pathogen. Our findings suggest that tested bacteria could represent a novel source of compounds to be applied to overcome pathogenesis in the aquaculture field."
SS_MECH_FEEDING_MUCUS_CORAL_01,MECH_FEEDING_MUCUS_CORAL,Semantic Scholar Academic Graph API,2026-08-13,33ca32cbf79be770203ad9cf6b0ad6fdf0b0d8e6,90440504,"Ecologia da herbivoria por peixes-papagaio no Atlântico Oeste: organização social, ontogenia e papel funcional",João Lucas Leão Feitosa,2014,2014-08-26,,,,,,https://www.semanticscholar.org/paper/33ca32cbf79be770203ad9cf6b0ad6fdf0b0d8e6,False,,1,0,1,Biology,Biology; Environmental Science; Biology,
SS_MECH_FEEDING_MUCUS_CORAL_01,MECH_FEEDING_MUCUS_CORAL,Semantic Scholar Academic Graph API,2026-08-13,33e664ba4833c93d6f7138e48bc00f826a68e99f,248022286,"FEEDING HABITS OF DOVER SOLE, MICROSTOMUS PACIFICUS; REX SOLE, GLYPTOCEPHALUS ZACHIRUS; SLENDER SOLE, LYOPSETTA EXILlS; AND PACIFIC SANDDAB, CITHARICHTHYS SORDIDUS, IN A REGION OF DIVERSE SEDIMENTS AND BATHYMETRY OFF OREGON",Glyptocephalus Zachirus; Lyopsetta EXILlS,2009,,,,,,,https://www.semanticscholar.org/paper/33e664ba4833c93d6f7138e48bc00f826a68e99f,False,,8,22,2,,Environmental Science; Biology,
SS_MECH_FEEDING_MUCUS_CORAL_01,MECH_FEEDING_MUCUS_CORAL,Semantic Scholar Academic Graph API,2026-08-13,33f1b71fc362d3b856f639f5d605805ed2fa3669,32478947,An evaluation of coral lophelia pertusa mucus as an analytical matrix for environmental monitoring: A preliminary proteomic study,F. Provan; Marianne Nilsen; E. Larssen; K. Uleberg; M. Sydnes; E. Lyng; K. B. Øysæd; T. Baussant,2016,2016-08-02,"Journal of Toxicology and Environmental Health, Part A",JournalArticle,10.1080/15287394.2016.1210494,,27484144,https://www.semanticscholar.org/paper/33f1b71fc362d3b856f639f5d605805ed2fa3669,False,,10,51,0,Biology; Medicine,Biology; Medicine; Biology; Environmental Science,
SS_MECH_FEEDING_MUCUS_CORAL_01,MECH_FEEDING_MUCUS_CORAL,Semantic Scholar Academic Graph API,2026-08-13,340ada97237f03b5beca7833694d6d7cba86cb3e,221875112,Benthic oxygen fluxes in variable tidal conditions and sediment composition,M. Williams; L. Amoudry; A. Souza; A. Henry; Ruhl; Daniel O. B. Jones; K. Tait,2016,,,,,,,https://www.semanticscholar.org/paper/340ada97237f03b5beca7833694d6d7cba86cb3e,False,,0,0,0,,Environmental Science,
SS_MECH_FEEDING_MUCUS_CORAL_01,MECH_FEEDING_MUCUS_CORAL,Semantic Scholar Academic Graph API,2026-08-13,3446d43f5f1d2e6aabac44b12887b7dcc5825689,203894522,The effects of a changing marine environment on the bioeroding sponge Cliona orientalis,B. Ramsby,2018,2018-07-01,,Review,10.25903/5D478AC335AD6,,,https://www.semanticscholar.org/paper/3446d43f5f1d2e6aabac44b12887b7dcc5825689,False,,0,0,0,Biology,Biology; Environmental Science; Biology,
SS_MECH_FEEDING_MUCUS_CORAL_01,MECH_FEEDING_MUCUS_CORAL,Semantic Scholar Academic Graph API,2026-08-13,34c792a26959fa7add54d67c2cd5ad0ac9f60c85,129845106,"Palaeogene Macrofossils from CRP-3 Drillhole, Victoria Land Basin, Antarctica",M. Taviani; A. Beu,2001,,,,,,,https://www.semanticscholar.org/paper/34c792a26959fa7add54d67c2cd5ad0ac9f60c85,False,,12,29,2,Geology,Geology; Geology; Environmental Science,
SS_MECH_FEEDING_MUCUS_CORAL_01,MECH_FEEDING_MUCUS_CORAL,Semantic Scholar Academic Graph API,2026-08-13,353e52693e0f488524bfacba64d76a891c5bcdc0,132816598,"Late Quaternary geomorphology, seabed evolution, and terrigenous sediment delivery to the Pandora and Moresby Troughs, Gulf of Papua",E. Septama; S. Bentley,2016,2016-09-01,,,10.1016/J.MARGEO.2016.06.004,,,https://www.semanticscholar.org/paper/353e52693e0f488524bfacba64d76a891c5bcdc0,False,,7,50,0,Geology,Geology; Geology; Environmental Science,
SS_MECH_FEEDING_MUCUS_CORAL_01,MECH_FEEDING_MUCUS_CORAL,Semantic Scholar Academic Graph API,2026-08-13,354b1d04a5f8cb0e23f7af11a8e6e4ba4df3426e,206772849,Tolerance to long-term exposure of suspended benthic sediments and drill cuttings in the cold-water coral Lophelia pertusa.,A. Larsson; D. van Oevelen; A. Purser; L. Thomsen,2013,2013-05-15,Marine Pollution Bulletin,JournalArticle,10.1016/j.marpolbul.2013.02.033,,23510599,https://www.semanticscholar.org/paper/354b1d04a5f8cb0e23f7af11a8e6e4ba4df3426e,False,,95,73,13,Geology; Medicine,Geology; Medicine; Environmental Science,
SS_MECH_FEEDING_MUCUS_CORAL_01,MECH_FEEDING_MUCUS_CORAL,Semantic Scholar Academic Graph API,2026-08-13,356eaa4c68e1e25dd7c14a5cf151aef1dbbf1d29,201190926,"Understanding the Nutritional Sources of Gastropods and Anomura from the Mangrove Forest of Weno Island, Micronesia",A. Ko; Min-Seob Kim; Se-Jong Ju,2013,2013-12-30,,,10.4217/OPR.2013.35.4.427,,,https://www.semanticscholar.org/paper/356eaa4c68e1e25dd7c14a5cf151aef1dbbf1d29,True,http://koreascience.or.kr:80/article/JAKO201303840305440.pdf,1,81,0,Biology,Biology; Environmental Science; Biology,
SS_MECH_FEEDING_MUCUS_CORAL_01,MECH_FEEDING_MUCUS_CORAL,Semantic Scholar Academic Graph API,2026-08-13,364258285d58185b7721daf26ab7935719f38a72,132682497,"A preliminary survey of the coral reefs in Man-o-War Bay, Tobago",Doon Ramsaroop,1982,1982-12-31,,Review,,,,https://www.semanticscholar.org/paper/364258285d58185b7721daf26ab7935719f38a72,False,,3,0,0,Geography,Geography; Environmental Science; Geology,
SS_MECH_FEEDING_MUCUS_CORAL_01,MECH_FEEDING_MUCUS_CORAL,Semantic Scholar Academic Graph API,2026-08-13,36bc89fa0e41f836fcdd2951b0817d8b5c9c47fd,90657852,Demography and impacts of habitat degradation on the giant barrel sponge Xestospongia spp. in the Indo-Pacific,E. McGrath,2018,,,,10.26686/wgtn.17067836.v1,,,https://www.semanticscholar.org/paper/36bc89fa0e41f836fcdd2951b0817d8b5c9c47fd,True,https://figshare.com/articles/thesis/Demography_and_impacts_of_habitat_degradation_on_the_giant_barrel_sponge_Xestospongia_spp_in_the_Indo-Pacific/17067836,1,84,0,Biology,Biology; Environmental Science; Biology,"Coral cover worldwide is in decline largely due to anthropogenic influence. In some areas reefs are transitioning into alternative states dominated by sponges, which remain largely understudied despite their abundance and functional importance. Coral reefs in the Wakatobi National Marine Park (WNMP), Indonesia are among the most diverse in the world but remain vulnerable to a multitude of stressors, including coastal development and the resultant sedimentation. Some degraded reefs are characterized by high levels of sedimentation and low coral cover in this area, but support large populations of the ecologically important giant barrel sponge Xestospongia spp. Giant barrel sponges in the genus Xestospongia may be among the largest benthic invertebrates providing habitat and fulfilling ecosystem services on reefs where coral is declining. The large size of these sponges is of particular importance as body size is mechanistically linked to pumping and nutrient cycling. This thesis examines the demographic structure and connectivity of Xestospongia spp. in four core sites within the WNMP, and attempts to elucidate the mechanisms allowing them to tolerate sedimentation.  In my first data chapter I examined the influence of environmental variability on Xestospongia spp. growth and longevity over the course of two years at four sites. Specific growth rate, density, mean volume, and environmental variables were examined and compared. Four candidate growth models were fitted to the volume data each site and compared using Akaike’s Information Criterion. Best fit models were determined using a multi-model inference (MMI) approach. Models were averaged to extrapolate size-at-age, which were validated by sponge growth on an artificial structure of known age. There was no difference in model-averaged growth rates between depths or sites of varying habitat quality despite differences in density and mean volume, perhaps suggesting that Xestospongia spp. may be less reliant on their photosynthetic symbionts and feeding heterotrophically, or are able to switch between these trophic modes to maintain growth. Size-at-age estimates placed the largest measured sponges between 24 and 30 years, in contrast with published estimates of Caribbean Xestospongia muta of over 240 years for sponges of comparable size. My results highlight the accelerated growth of these massive sponges compared to estimates from the Caribbean; these differences have important implications for how these ecologically important species should be managed.  In the second data chapter I used empirical data to construct an integral projection model (IPM) to explore population dynamics at two sites. My aim was to quantify the extent that the relationship between sponge size and growth, survival, and fecundity (vital rate parameters) influences population-level outcomes (growth or decline). Indicators of asymptotic population dynamics (stable size distributions and long term growth rate) and elasticities of vital rate parameters were calculated. The importance of recruitment to population growth was examined by simulating demographically open and closed systems. To assess the importance of size-dependent survival on population growth at each site, recruit and adult mortality was simulated for each system. IPM analyses suggest that in the absence of large sponges population growth would show a substantial decline but both populations are resilient to instances of poor recruitment, and that maintaining Xestospongia spp. size should be considered a principal element in management and conservation. Finally, this chapter emphasizes the importance of recruit source to population dynamics on a small scale. The results of this chapter highlight that population biomass at both sites is increasing and Xestospongia spp. are likely to remain the dominant component of these reef system in the WNMP. However, one large-scale mortality event affecting large sponges could severely impact populations with a subsequent slow recovery.   My third data chapter examined the physiological effects of short-term exposure of Xestospongia spp. to suspended sediment in an effort to quantify mechanisms of local adaptation. In the Wakatobi National Marine Park, Indonesia, some degraded reefs are characterized by high levels of sedimentation and low coral cover, but support large populations of Xestospongia spp. Respiration rates increased compared to controls when sponges were exposed to environmentally relevant suspended sedimentation concentrations of 75 and 150 mg 1⁻¹. For the first time sponge mucus production was observed as a mechanism to remove settled sediment, and sediment clearance was filmed in situ over the course of 24 h. Sponges produced mucus in response to sediment addition, with a mean clearance rate of 10.82 ± 2.04% h⁻¹ (sediment size fractions 63–250 µm). Mucus production is an effective, but slow mechanism supporting barrel sponge survival in habitats experiencing high levels of sedimentation. My results suggest that there are likely to be energetic consequences for sponges living in sedimented environments, which may influence the energy available for other demographic processes and therefore have implications for barrel sponge population sustainability.  My final chapter explored genetic connectivity and structuring of Xestospongia spp. at four sites using nine multilocus microsatellite markers. Genetic analyses demonstrated strong genetic structuring supporting a cryptic species complex of five genetic clusters, likely representing separate species or subspecies. Fine-scale relatedness was measured to identify potential sources of larval recruits using assignment tests, sibship analyses, and maximum-likelihood estimation of relatedness among and between study sites. Mean Maximum-likelihood estimation of relatedness estimates revealed that for three sites self-recruitment does not appear to dominate, but one site was characterized high levels of self-recruitment.  In summary, Xestospongia spp. populations in the sites sampled during my study are composed of a species complex, the structure of which appears to be driven by self-recruitment and is heavily reliant upon large sponges. The study site is characterized by the highest levels of settled and suspended sediment features large and stable Xestospongia spp. populations that appear to be tolerant to varying levels of sedimentation, possibly due to the production of mucus as a sediment clearance mechanism. This tolerance comes at a cost, however, and results in elevated respiration rate which may require energy otherwise utilized for demographic processes (growth, reproduction, etc.). Growth curves suggested that sponges at sites of increased sedimentation took longer to grow to an equivalent size, although there was no difference in growth between sites; this may suggest that these sponges can shift to heterotrophic feeding in conditions less favourable to photosynthesis by its symbionts. Xestospongia spp. population dynamics appear to be heavily reliant on large individuals, and the results of my study suggest that management efforts should be targeted accordingly."
SS_MECH_FEEDING_MUCUS_CORAL_01,MECH_FEEDING_MUCUS_CORAL,Semantic Scholar Academic Graph API,2026-08-13,36df3e31430f584a9de6cb5b08cbe8504b9db291,266766784,Beneficial properties of mucus in coral adaptations and ecological interactions,Phartade Vilas Bhagwat; Chinnarajan Ravindran; Lawrance Irudayarajan,2024,2024-01-01,Marine Biology,JournalArticle; Review,10.1007/s00227-023-04372-4,,,https://www.semanticscholar.org/paper/36df3e31430f584a9de6cb5b08cbe8504b9db291,False,,24,154,0,,Environmental Science; Biology,
SS_MECH_FEEDING_MUCUS_CORAL_01,MECH_FEEDING_MUCUS_CORAL,Semantic Scholar Academic Graph API,2026-08-13,370ad5765cd02d41f80788e8f5833a6122a3e826,134205857,Quantifying the role of parrotfish in the production and cycling of carbonate in coral reef ecosystems,Robert T Yarlett,2018,2018-07-04,,Review,,,,https://www.semanticscholar.org/paper/370ad5765cd02d41f80788e8f5833a6122a3e826,False,,1,256,0,Environmental Science,Environmental Science; Environmental Science,
SS_MECH_FEEDING_MUCUS_CORAL_01,MECH_FEEDING_MUCUS_CORAL,Semantic Scholar Academic Graph API,2026-08-13,37b29c815558d1a8e868b0ac5193e74222035a14,269768386,"Taxonomic, phylogenetic, and functional diversity of mollusk death assemblages in coral reef and seagrass sediments from two shallow gulfs in Western Cuban Archipelago",Rosely Peraza-Escarrá; M. Armenteros; R. Fernández-Garcés; Adolfo Gracia,2024,2024-05-14,PLoS ONE,JournalArticle,10.1371/journal.pone.0303539,,38743730,https://www.semanticscholar.org/paper/37b29c815558d1a8e868b0ac5193e74222035a14,True,https://journals.plos.org/plosone/article/file?id=10.1371/journal.pone.0303539&type=printable,3,80,0,Medicine,Medicine; Environmental Science; Biology,"Mollusk death assemblages are formed by shell remnants deposited in the surficial mixed layer of the seabed. Diversity patterns in tropical marine habitats still are understudied; therefore, we aimed to investigate the taxonomic, phylogenetic, and functional diversity of mollusk death assemblages at regional and local scales in coral reef sands and seagrass meadows. We collected sediment samples at 11 sites within two shallow gulfs in the Northwestern Caribbean Sea and Southeastern Gulf of Mexico. All the shells were counted and identified to species level and classified into biological traits. We identified 7113 individuals belonging to 393 species (290 gastropods, 94 bivalves, and nine scaphopods). Diversity and assemblage structure showed many similarities between gulfs given their geological and biogeographical commonalities. Reef sands had higher richness than seagrasses likely because of a more favorable balance productivity-disturbance. Reef sands were dominated by epifaunal herbivores likely feeding on microphytobenthos and bysally attached bivalves adapted to intense hydrodynamic regime. In seagrass meadows, suspension feeders dominated in exposed sites and chemosynthetic infaunal bivalves dominated where oxygen replenishment was limited. Time averaging of death assemblages was likely in the order of 100 years, with stronger effects in reef sands compared to seagrass meadows. Our research provides evidence of the high taxonomic, phylogenetic, and functional diversity of mollusk death assemblages in tropical coastal sediments as result of the influence of scale-related processes and habitat type. Our study highlights the convenience of including phylogenetic and functional traits, as well as dead shells, for a more complete assessment of mollusk biodiversity."
SS_MECH_FEEDING_MUCUS_CORAL_01,MECH_FEEDING_MUCUS_CORAL,Semantic Scholar Academic Graph API,2026-08-13,381d994c0acd99282e703796e50deaeb398c3339,261265159,"Comparative analysis of eukaryotic microbial communities associated with Acropora formosa, sediment, and seawater in a coral reef ecosystem of Whale island, Nha Trang bay, Vietnam",Trịnh Khánh Linh; Bui Van Ngoc,2023,2023-08-26,Vietnam Journal of Biotechnology,JournalArticle,10.15625/1811-4989/18018,,,https://www.semanticscholar.org/paper/381d994c0acd99282e703796e50deaeb398c3339,True,https://vjs.ac.vn/index.php/vjbt/article/download/18018/2543255106,0,29,0,,Environmental Science; Biology,"In this study, eukaryotic microbial communities associated with coral Acropora formosa and its natural surroundings, sediment and seawater, in a coral reef ecosystem of Whale Island, Nha Trang Bay, Vietnam were investigated. First, genetic material was taken from Acropora formosa’s surface mucus layer (SML) as well as the sediment underneath and seawater above the colonies from four different sampling locations in a coral reef ecosystem. Subsequently, the data were sequenced using 18S rRNA gene amplicon sequencing method. Sequences (reads) were then analyzed in Rstudio version 4.2.0. Bioinfomatic tools such as DADA2 pipeline clustered the sequences into amplicon sequence variants (ASVs), to which the taxonomy was assigned using SILVA 132 database. The majority of the sequences was categorized at the kingdom and phylum levels, but fewer sequences were identified at genus and species level. The visualization of the results revealed changes in abundance and composition of the eukaryotic communities in all samples. The results demonstrated that phylum Dinoflagellata had the highest relative abundance in coral samples. Meanwhile, Ochrophyta was the most prevalent phylum in seawater samples. Notably, after filtering out the sequences with abundance less than 2%, only genus Symbiodinium appeared significantly in coral samples. The composition of samples from coral sampling sites was more consistent. The same was true for samples of seawater, whereas the composition of sediment samples varied more. Alpha and beta diversity indices confirmed that there were significant differences (p < 0.05) in abundance and composition of eukaryotic communities among three different habitats. These findings come as the first effort to explore the diversity of eukaryotic communities in different habitats and could be valuable for further study in functional profiling or metabolic functions of microbial communities in the coral ecosystem."
SS_MECH_FEEDING_MUCUS_CORAL_01,MECH_FEEDING_MUCUS_CORAL,Semantic Scholar Academic Graph API,2026-08-13,38c941c93216a16bffe848c9cd162d2ca3faa330,85837343,"Interactions of coral, algae, fish and abiotic factors on a eutrophic fringing reef in Barbados",Daniel N. Anstett; M. Makhani; Yi-Bei Liang,2011,2011-06-03,,,,,,https://www.semanticscholar.org/paper/38c941c93216a16bffe848c9cd162d2ca3faa330,False,,0,0,0,Biology,Biology; Environmental Science; Biology,
SS_MECH_FEEDING_MUCUS_CORAL_01,MECH_FEEDING_MUCUS_CORAL,Semantic Scholar Academic Graph API,2026-08-13,38dc79b8a0cdaeff9ca60ee781d5b5d5cb9c00d5,5458221,Effects of two sediment types on the fluorescence yield of two Hawaiian scleractinian corals.,G. Piniak,2007,2007-10-01,Marine Environmental Research,JournalArticle; Study,10.1016/J.MARENVRES.2007.04.001,,17568664,https://www.semanticscholar.org/paper/38dc79b8a0cdaeff9ca60ee781d5b5d5cb9c00d5,True,https://hal.archives-ouvertes.fr/hal-00562977/file/PEER_stage2_10.1016%252Fj.marenvres.2007.04.001.pdf,53,62,2,Medicine; Chemistry,Medicine; Chemistry; Environmental Science,
SS_MECH_FEEDING_MUCUS_CORAL_01,MECH_FEEDING_MUCUS_CORAL,Semantic Scholar Academic Graph API,2026-08-13,39374c60cd0eee2a2fe2b54e3315d2b20a304434,252821371,Mechanical and toxicological effects of deep-sea mining sediment plumes on a habitat-forming cold-water octocoral,M. Carreiro-Silva; I. Martins; V. Riou; J. Raimundo; M. Caetano; R. Bettencourt; M. Rakka; T. Cerqueira; A. Godinho; T. Morato; A. Colaço,2022,2022-10-11,Frontiers in Marine Science,,10.3389/fmars.2022.915650,,,https://www.semanticscholar.org/paper/39374c60cd0eee2a2fe2b54e3315d2b20a304434,True,https://doi.org/10.3389/fmars.2022.915650,33,118,0,,Environmental Science,"Deep-sea mining activities are expected to impact deep-sea biota through the generation of sediment plumes that disperse across vast areas of the ocean. Benthic sessile suspension-feeding fauna, such as cold-water corals, may be particularly susceptible to increased suspended sediments. Here, we exposed the cold-water octocoral, Dentomuricea aff. meteor to suspended particles generated during potential mining activities in a four weeks experimental study. Corals were exposed to three experimental treatments: (1) control conditions (no added sediments); (2) suspended polymetallic sulphide (PMS) particles; (3) suspended quartz particles. The two particle treatments were designed to distinguish between potential mechanical and toxicological effects of mining particles. PMS particles were obtained by grinding PMS inactive chimney rocks collected at the hydrothermal vent field Lucky Strike. Both particle types were delivered at a concentration of 25 mg L-1, but achieved suspended concentrations were 2-3 mg L-1 for the PMS and 15-18 mg L-1 for the quartz particles due to the different particle density. Results of the experiment revealed a significant increase in dissolved cobalt, copper and manganese concentrations in the PMS treatment, resulting from the oxidation of sulphides in contact with seawater. Negative effects of PMS exposure included a progressive loss in tissue condition with necrosis and bioaccumulation of copper in coral tissues and skeletons, and death of all coral fragments by the end of the experiment. Physiological changes under PMS exposure, included increased respiration and ammonia excretion rates in corals after 13 days of exposure, indicating physiological stress and potential metabolic exhaustion. Changes in the cellular stress biomarkers and gene expression profiles were more pronounced in corals exposed to quartz particles, suggesting that the mechanical effect of particles although not causing measurable changes in the physiological functions of the coral, can still be detrimental to corals by eliciting cellular stress and immune responses. We hypothesize that the high mortality of corals recorded in the PMS treatment may have resulted from the combined and potentially synergistic mechanical and toxicological effects of the PMS particles. Given the dispersal potential of mining plumes and the highly sensitive nature of octocorals, marine protected areas, buffer areas or non-mining areas may be necessary to protect deep-sea coral communities."
SS_MECH_FEEDING_MUCUS_CORAL_01,MECH_FEEDING_MUCUS_CORAL,Semantic Scholar Academic Graph API,2026-08-13,39ae6d0a3e6727bab55310f808c724058e04d64a,15384129,"Diversity and Antibacterial Activity of the Bacterial Communities Associated with Two Mediterranean Sea Pens, Pennatula phosphorea and Pteroeides spinosum (Anthozoa: Octocorallia)",E. Porporato; A. Giudice; L. Michaud; E. Domenico; N. Spanò,2013,2013-07-02,Microbial Ecology,JournalArticle,10.1007/s00248-013-0260-x,,23817604,https://www.semanticscholar.org/paper/39ae6d0a3e6727bab55310f808c724058e04d64a,False,,30,68,0,Biology; Medicine,Biology; Medicine; Biology; Environmental Science,
SS_MECH_FEEDING_MUCUS_CORAL_01,MECH_FEEDING_MUCUS_CORAL,Semantic Scholar Academic Graph API,2026-08-13,39b987bc81cb9dc1ae4dd02c7f1c7492ebfacc69,13531925,"Changes in Sediment Fatty Acid Composition during Passage through the Gut of Deposit Feeding Holothurians: Holothuria atra (Jaeger, 1883) and Holothuria leucospilota (Brandt, 1835)",Prosper L Mfilinge; M. Tsuchiya,2016,2016-03-02,Journal of Lipids,JournalArticle,10.1155/2016/4579794,,27042355,https://www.semanticscholar.org/paper/39b987bc81cb9dc1ae4dd02c7f1c7492ebfacc69,True,http://downloads.hindawi.com/journals/jl/2016/4579794.pdf,13,43,0,Biology; Medicine,Biology; Medicine; Biology; Environmental Science,"Sea cucumbers Holothuria atra and Holothuria leucospilota play an important role in the bioturbation of sediment in coral reef and rocky intertidal ecosystems. This study investigated changes in sediment fatty acid (FA) composition during gut passage in H. atra and H. leucospilota. The FA composition did not differ significantly between species. Comparison of FA composition in ambient sediment (AS), foregut (FG), midgut (MG), hindgut (HG), and faecal pellets (FPs) indicated that marked changes in FA composition occurred during passage through the gut of H. atra and H. leucospilota. Saturated fatty acids (SAFAs), monounsaturated fatty acids (MUFAs), polyunsaturated fatty acids (PUFAs), and branched fatty acids (BrFAs) were significantly higher in FG than in AS, suggesting that both species selectively ingested nutrient rich particles. Significant reduction of SAFAs, MUFAs, PUFAs, and BrFAs occurred in MD and HD, with complete elimination of most PUFAs in FPs. A decrease in PUFAs 20:5ω3, 18:4ω3, 22:5ω3, 22:6ω3, 18:2ω6, 18:3ω3, 18:3ω6, odd-numbered BrFAs, and MUFA 18:1ω7 indicated that algal detritus and bacteria were important part of diet. These results have implications for the fate of specific dietary FAs, especially ω3 and ω6, and the contribution holothurian FPs make to the FA composition of coral reef and rocky intertidal ecosystems."
SS_MECH_FEEDING_MUCUS_CORAL_01,MECH_FEEDING_MUCUS_CORAL,Semantic Scholar Academic Graph API,2026-08-13,39d8e3983c49e541eb133476169356d103aec964,226325303,Current and future trophic interactions in tropical shallow-reef lagoon habitats,K. Wolfe; D. Deaker; Alexia Graba-Landry; C. Champion; S. Dove; Raymond W. Lee; M. Byrne,2020,2020-10-24,,Review,10.1007/s00338-020-02017-2,,,https://www.semanticscholar.org/paper/39d8e3983c49e541eb133476169356d103aec964,True,https://figshare.com/articles/journal_contribution/Current_and_future_trophic_interactions_in_tropical_shallow-reef_lagoon_habitats/23002619,7,121,1,Environmental Science,Environmental Science; Environmental Science; Biology,"Calcium carbonate (CaCO 3 ) sediments are the dominant form of CaCO 3 on coral reefs accumulating in lagoon and inter-reefal areas. Owing to their mineralogy and a range of physical parameters, tropical CaCO 3 sediments are predicted to be more sensitive to dissolution driven by ocean acidification than the skeleton of living reef organisms. How this scales up to impact infaunal organisms, which are an important food source for higher trophic levels, and thereby ecosystem functioning, is not well explored. We combined seasonal field surveys in a shallow-reef lagoon ecosystem on the Great Barrier Reef, Australia, with stable isotope analyses and a tank-based experiment to examine the potential top-down influence of the deposit-feeding sea cucumber, Stichopus herrmanni , on this infaunal community under current and future ocean pH. Densities of surface-sediment meiofauna were lowest in winter and spring, with harpacticoid copepods (38%) and nematodes (27%) the dominant taxa. Stable isotope analyses showed that S. herrmanni had a top-down influence on meiofauna and microphytes with a distinct δ 13 C and δ 15 N trophic position that was homogenous across seasons and locations. Tanks that mimicked sandy shallow-reef lagoon habitats were used to examine the effects of ocean acidification (elevated p CO 2 ) on this trophic interaction. We used outdoor control (sediment only) and experimental (sediment plus S. herrmanni ) tanks maintained at present-day and near-future p CO 2 (+ 570 µatm) for 24 days, which fluctuated with the diel p CO 2 cycle. In sediment-only tanks, copepods were > twofold more abundant at elevated p CO 2 , with no negative effects documented for any meiofauna group. When included in the community, top-down control by S. herrmanni counteracted the positive effects of low pH on meiofaunal abundance. We highlight a novel perspective in coral reef trophodynamics between surface-sediment meiofauna and deposit-feeding sea cucumbers, and posit that community shifts may occur in shallow-reef lagoon habitats in a future ocean with implications for the functioning of coral reefs from the bottom up."
SS_MECH_FEEDING_MUCUS_CORAL_01,MECH_FEEDING_MUCUS_CORAL,Semantic Scholar Academic Graph API,2026-08-13,39e86fcc0609cfab8e8eea6090940646132e1cef,264501134,"Movement dynamics, sediment turnover and sheltering behaviours of the nocturnal coral reef sea cucumber, Stichopus cf. monotuberculatus",Benjamin C. T. Gray; M. Byrne; M. Clements; Steven W. Purcell,2023,2023-10-25,Coral reefs,JournalArticle,10.1007/s00338-023-02433-0,,,https://www.semanticscholar.org/paper/39e86fcc0609cfab8e8eea6090940646132e1cef,True,https://link.springer.com/content/pdf/10.1007/s00338-023-02433-0.pdf,6,87,1,,Environmental Science; Biology,"Animal movement and feeding studies shed light on ecological roles and can inform management strategies for fished species. However, the feeding and movement of nocturnal sea cucumbers have been rarely studied. We determined the movement dynamics, feeding ecology and sheltering behaviour of the nocturnal Stichopus cf. monotuberculatus (dragonfish) at One Tree Reef and Heron Island Reef on the southern Great Barrier Reef. The short-term movement of individual sea cucumbers were tracked, and sediment defecation rates were measured. Displacement rates averaged 3–33 cm h^−1 across the four sites, with the sea cucumbers moving more slowly approaching sunrise and within patches of organically rich sediment. The movement paths were moderately tortuous, with larger sea cucumbers moving along straighter paths. Rates of sediment turnover averaged 7.8 g h^−1 and were greatest for larger individuals. The faecal casts were organically richer and composed of finer grains than the ambient surface sediments, implying that S. cf. monotuberculatus avoids consuming coarse sediments and feeds on nutritionally rich particles. The sea cucumbers sheltered under hard reef substrata and moved non-directionally on the seascape, with a few individuals homing back to their original refuges. The affinity to reef substrata and short nightly net displacements of S. cf. monotuberculatus have implications for the spatial management of this and other similar species. Larger individuals occupied deeper refuges, implying that projected declines in substratum rugosity on coral reefs due to climate change could impact the size structure of sea cucumber populations, with implications for fisheries."
SS_MECH_FEEDING_MUCUS_CORAL_01,MECH_FEEDING_MUCUS_CORAL,Semantic Scholar Academic Graph API,2026-08-13,3a238671af1239a3d75f72bc2b3e03332cf5d177,243470708,Quantifying production rates and size fractions of parrotfish‐derived sediment: A key functional role on Maldivian coral reefs,Robert T Yarlett; C. Perry; R. Wilson,2021,2021-11-01,Ecology and Evolution,JournalArticle,10.1002/ece3.8306,,34824825,https://www.semanticscholar.org/paper/3a238671af1239a3d75f72bc2b3e03332cf5d177,True,https://onlinelibrary.wiley.com/doi/pdfdirect/10.1002/ece3.8306,17,77,0,Medicine; Environmental Science,Medicine; Environmental Science; Environmental Science,"Abstract Coral reef fish perform numerous important functional roles on coral reefs. Of these, carbonate sediment production, as a by‐product of parrotfish feeding, is especially important for contributing to reef framework construction and reef‐associated landform development. However, only limited data exist on: (i) how production rates vary among reef habitats as a function of parrotfish assemblages, (ii) the relative importance of sediment produced from eroded, reworked, and endogenous sources, or (iii) the size fractions of sediment generated by different parrotfish species and size classes. These parameters influence not only overall reef‐derived sediment supply, but also influence the transport potential and depositional fate of this sedimentary material. Here, we show that parrotfish sediment production varies significantly between reef‐platform habitats on an atoll‐margin Maldivian reef. Highest rates of production (over 0.8 kg m−2 year−1) were calculated in three of the eight platform habitats; a rubble‐dominated zone, an Acropora spp. dominated zone, and a patch reef zone. Habitat spatial extent and differences in associated parrotfish assemblages strongly influenced the total quantities of sediment generated within each habitat. Nearly half of total parrotfish sediment production occurred in the rubble habitat, which comprised only 8% of the total platform area. Over 90% of this sedimentary material originated from eroded reef framework as opposed to being reworked existing or endogenously produced sediment, and comprised predominantly coral sands (predominantly 125–1000 µm in diameter). This is comparable to the dominant sand types and size fractions found on Maldivian reef islands. By contrast, nearly half of the sediment egested by parrotfish in the Acropora spp. dominated and patch reef habitats resulted from reworked existing sediments. These differences between habitats are a result of the different parrotfish assemblages supported. Endogenous carbonate production was found to be insignificant compared to the quantity of eroded and reworked material. Our findings have important implications for identifying key habitats and species which act as major sources of sediment for reef‐island systems."
SS_MECH_FEEDING_MUCUS_CORAL_01,MECH_FEEDING_MUCUS_CORAL,Semantic Scholar Academic Graph API,2026-08-13,3a2b54fbab0041b8aeed77ff539cc8a4f0ee4281,134468338,Source and supply of sediment to a shoreline salient in a fringing reef environment,M. Cuttler; J. Hansen; Ryan J. Lowe; J. Trotter; M. McCulloch,2018,2018-10-19,Earth Surface Processes and Landforms,Review,10.1002/esp.4516,,,https://www.semanticscholar.org/paper/3a2b54fbab0041b8aeed77ff539cc8a4f0ee4281,True,https://research-repository.uwa.edu.au/en/publications/679badd3-1b37-4ae8-b077-8a6f0aa38e59,21,74,0,Geology,Geology; Environmental Science; Geology,"Reef‐associated landforms are coupled to the health of the reef ecosystem which produces the sediment that forms and maintains these landforms. However, this connection can make reef‐fronted coastlines sensitive to the impacts of climate change, given that any decline in ecosystem health (e.g. decreasing sediment supply) or changes to physical processes (e.g. sea level rise, increasing wave energy) could drive the sediment budgets of these systems into a net erosive state. Therefore, knowledge of both the sediment sources and transport mechanisms is required to predict the sensitivity of reef‐associated landforms to future climate change. Here, we examine the benthic habitat composition, sediment characteristics (composition, texture, and age), and transport mechanisms and pathways to understand the interconnections between coastal morphology and the reef system at Tantabiddi, Ningaloo Reef, Western Australia. Benthic surveys and sediment composition analysis revealed that although live coral accounts for less than 5% of the benthic cover, coral is the dominant sediment constituent (34% on average). Sediment ages (238U/230Th) were mostly found to be thousands of years old, suggesting that the primary sediment source is relic reef material (e.g. Holocene reef framework). Sediment transport across the lagoon was quantified through measurements of ripple migration rates, which were found to be shoreward migrating and responsible for feeding the large shoreline salient in the lee of the reef. The derived sediment fluxes were comparable with previously measured rates of sediment production by bioerosion. These results suggest that sediment budgets of systems dependent on old (>103 years) source materials may be more resilient to climate change as present‐day reef health and community composition (i.e. sources of ‘new’ carbonate production) have limited influence on sediment supply. Therefore, the vulnerability of reef‐associated landforms in these systems will be dictated by future changes to mechanisms of sediment generation (e.g. bioerosion) and/or physical processes. © 2018 John Wiley & Sons, Ltd."
SS_MECH_FEEDING_MUCUS_CORAL_01,MECH_FEEDING_MUCUS_CORAL,Semantic Scholar Academic Graph API,2026-08-13,3a42ebf15ba1c98fb0d4e04142157249fa544ba5,85587724,"Demersal fishes associated with Lophelia pertusa coral and hard-substrate biotopes on the continental slope, northern Gulf of Mexico",K. Sulak; R. Brooks; K. Luke; April D. Norem; M. Randall; A. Quaid; George E. Yeargin; Jana M. Miller; William M. Harden; J. Caruso; S. Ross,2007,,,Review,,,,https://www.semanticscholar.org/paper/3a42ebf15ba1c98fb0d4e04142157249fa544ba5,False,,39,13,0,Biology,Biology; Environmental Science,
SS_MECH_FEEDING_MUCUS_CORAL_01,MECH_FEEDING_MUCUS_CORAL,Semantic Scholar Academic Graph API,2026-08-13,3b53427ec41c29ea5cd904c5c54598ef0d0e7cdc,56111376,R VALUES FOR THE SOUTHWEST PACIFIC OCEAN,F. Petchey; Matthew Phelan; J. P. White,2004,,,,,,,https://www.semanticscholar.org/paper/3b53427ec41c29ea5cd904c5c54598ef0d0e7cdc,False,,2,42,0,,Environmental Science; Geology,
SS_MECH_FEEDING_MUCUS_CORAL_01,MECH_FEEDING_MUCUS_CORAL,Semantic Scholar Academic Graph API,2026-08-13,3b9e8dc2cc5706c5b9aff48de815e895e6536128,19330677,"Bacterial Community Composition and Potential Driving Factors in Different Reef Habitats of the Spermonde Archipelago, Indonesia",Hauke Kegler; M. Lukman; M. Teichberg; J. Plass-Johnson; C. Hassenrück; C. Wild; A. Gärdes,2017,2017-04-20,Frontiers in Microbiology,JournalArticle,10.3389/fmicb.2017.00662,,28473810,https://www.semanticscholar.org/paper/3b9e8dc2cc5706c5b9aff48de815e895e6536128,True,https://www.frontiersin.org/articles/10.3389/fmicb.2017.00662/pdf,21,94,0,Biology; Medicine,Biology; Medicine; Biology; Environmental Science,"Coastal eutrophication is a key driver of shifts in bacterial communities on coral reefs. With fringing and patch reefs at varying distances from the coast the Spermonde Archipelago in southern Sulawesi, Indonesia offers ideal conditions to study the effects of coastal eutrophication along a spatially defined gradient. The present study investigated bacterial community composition of three coral reef habitats: the water column, sediments, and mucus of the hard coral genus Fungia, along that cross-shelf environmental and water quality gradient. The main research questions were: (1) How do water quality and bacterial community composition change along a coastal shelf gradient? (2) Which water quality parameters influence bacterial community composition? (3) Is there a difference in bacterial community composition among the investigated habitats? For this purpose, a range of key water parameters were measured at eight stations in distances from 2 to 55 km from urban Makassar. This was supplemented by sampling of bacterial communities of important microbial habitats using 454 pyrosequencing. Findings revealed that the population center Makassar had a strong effect on the concentrations of Chlorophyll a, suspended particulate matter (SPM), and transparent exopolymer particles (TEP), which were all significantly elevated at the inshore compared the other seven sites. Shifts in the bacterial communities were specific to each sampled habitat. Two OTUs, belonging to the genera Escherichia/Shigella (Gammaproteobacteria) and Ralstonia (Betaproteobacteria), respectively, both dominated the bacterial community composition of the both size fractions of the water column and coral mucus. The sampled reef sediments were more diverse, and no single OTUs was dominant. There was no gradual shift in bacterial classes or OTUs within the sampled habitats. In addition, we observed very distinct communities between the investigated habitats. Our data show strong changes in the bacterial community composition at the inshore site for water column and sediment samples. Alarmingly, there was generally a high prevalence of potentially pathogenic bacteria across the entire gradient."
SS_MECH_FEEDING_MUCUS_CORAL_01,MECH_FEEDING_MUCUS_CORAL,Semantic Scholar Academic Graph API,2026-08-13,3bf1962ebd37ae0f050c0934b68374deb4a7869c,280843097,The Dark Side of Mucus: Stress‐Induced Mucus Aggregate (SIMA) on Tubastraea Corals in a Heavily Impacted Bay,A. D. Kassuga; Luciana Altvater; Denny Fardin; Lorena da Graça Pedrosa de Macena; A. R. da Silva; Ricardo Coutinho,2025,2025-08-01,Austral ecology (Print),JournalArticle,10.1111/aec.70107,,,https://www.semanticscholar.org/paper/3bf1962ebd37ae0f050c0934b68374deb4a7869c,True,https://onlinelibrary.wiley.com/doi/pdfdirect/10.1111/aec.70107,0,13,0,,Environmental Science,"This study investigates the absence of non‐indigenous sun coral Tubastraea in Guanabara Bay, Rio de Janeiro, despite its presence on nearby islands. Tubastraea corals are known for their high reproductive plasticity and resilience to varying environmental conditions. An ex‐situ experiment was conducted in which colonies of Tubastraea aurea were exposed to a continuous flow of seawater sourced from Guanabara Bay. During the experiment, colonies developed a Stress‐Induced Mucus Aggregate (SIMA) that progressively enveloped the polyps and was associated with marked tissue loss upon removal. This response is distinct from the coral's typical mucus secretion and is hypothesised to result from environmental stress‐induced alterations in the associated microbiota. The influx of organic matter and pollutants likely promotes a shift toward pathogenic and anaerobic microbial communities, which may further impair tissue respiration and contribute to coral mortality. 16S rRNA gene sequencing identified four ecologically significant bacterial genera—Vibrio, Pseudoalteromonas, Alcanivorax and Shewanella—commonly found in marine systems. These organisms demonstrate functional duality in coral microbiomes, simultaneously influencing both biofilm‐mediated community assembly and disease dynamics. Their context‐dependent roles markedly affect coral health outcomes under environmental stress regimes, highlighting their importance in reef ecosystem resilience. These findings suggest that microbial community dynamics in highly disturbed environments may play a key role in limiting the establishment and persistence of T. aurea in Guanabara Bay. Future research will focus on elucidating the role of physico‐chemical water parameters, sedimentation and microbial community shifts in the survival of Tubastraea corals in Guanabara Bay."
SS_MECH_FEEDING_MUCUS_CORAL_01,MECH_FEEDING_MUCUS_CORAL,Semantic Scholar Academic Graph API,2026-08-13,3c58f1242e3bfba33a84ed3b1078651388a5c1cd,129747046,"Deep-sea bio-physical variables as surrogates for biological assemblages, an example from the Lord Howe Rise",T. Anderson; S. Nichol; C. Syms; R. Przeslawski; P. Harris,2011,2011-04-01,,Review,10.1016/J.DSR2.2010.10.053,,,https://www.semanticscholar.org/paper/3c58f1242e3bfba33a84ed3b1078651388a5c1cd,False,,51,65,4,Geology,Geology; Environmental Science; Biology,
SS_MECH_FEEDING_MUCUS_CORAL_01,MECH_FEEDING_MUCUS_CORAL,Semantic Scholar Academic Graph API,2026-08-13,3d058c158f19472b1e7f41665f6e33ec21777e2b,83746338,Shallow-water late middle Eocene crinoids from Tierra del Fuego: a new southern record of a retrograde community structure,N. Malumián; E. Olivero,2005,2005-12-30,,,10.3989/SCIMAR.2005.69S2349,,,https://www.semanticscholar.org/paper/3d058c158f19472b1e7f41665f6e33ec21777e2b,True,https://scientiamarina.revistas.csic.es/index.php/scientiamarina/article/download/339/339/339,26,22,1,Geology,Geology; Geology,"One of the very few crinoid records in Patagonia is that of the abundant columnals of the genus Isselicrinus found in several localities in shallow marine, glauconitic sandstones of the Leticia Formation (upper middle Eocene of Tierra del Fuego Island). Some of them, up to 10 cm long, are preserved in a position almost perpendicular to the stratification, which is attributed to episodes of high sedimentation rate. The Isselicrinus remains occur either almost alone or associated with solitary corals, gastropods, bivalves, rare nautilids, shark teeth, penguin bones and well-preserved specimens of Ophiura elegantoides . The associated microfossils, mainly Foraminifera, are characterised by the anomalous abundance and dominance of large Nodosariacea. These records reflect a peculiar success of a retrograde, dense, suspension-feeding crinoid population as a regional extension of previously described distribution in the Antarctic upper Eocene."
SS_MECH_FEEDING_MUCUS_CORAL_01,MECH_FEEDING_MUCUS_CORAL,Semantic Scholar Academic Graph API,2026-08-13,3d25485812f972dd2c31b9adb234f68aef4c8a0d,51927343,"Coral Food, Feeding, Nutrition, and Secretion: A Review.",W. Goldberg,2018,,Results and problems in cell differentiation,JournalArticle; Review,10.1007/978-3-319-92486-1_18,,30083929,https://www.semanticscholar.org/paper/3d25485812f972dd2c31b9adb234f68aef4c8a0d,False,,57,356,3,Biology; Medicine,Biology; Medicine; Environmental Science; Biology,
SS_MECH_FEEDING_MUCUS_CORAL_01,MECH_FEEDING_MUCUS_CORAL,Semantic Scholar Academic Graph API,2026-08-13,3d26c9345dd7d233d4f86c9ae67412abc88d4b25,7818181,Archaeal and Bacterial Communities Associated with the Surface Mucus of Caribbean Corals Differ in Their Degree of Host Specificity and Community Turnover Over Reefs,P. Frade; Katharina Roll; Kristin Bergauer; G. Herndl,2016,2016-01-20,PLoS ONE,JournalArticle; Study,10.1371/journal.pone.0144702,,26788724,https://www.semanticscholar.org/paper/3d26c9345dd7d233d4f86c9ae67412abc88d4b25,True,https://journals.plos.org/plosone/article/file?id=10.1371/journal.pone.0144702&type=printable,34,51,1,Biology; Medicine,Biology; Medicine; Biology; Environmental Science,"Comparative studies on the distribution of archaeal versus bacterial communities associated with the surface mucus layer of corals have rarely taken place. It has therefore remained enigmatic whether mucus-associated archaeal and bacterial communities exhibit a similar specificity towards coral hosts and whether they vary in the same fashion over spatial gradients and between reef locations. We used microbial community profiling (terminal-restriction fragment length polymorphism, T-RFLP) and clone library sequencing of the 16S rRNA gene to compare the diversity and community structure of dominant archaeal and bacterial communities associating with the mucus of three common reef-building coral species (Porites astreoides, Siderastrea siderea and Orbicella annularis) over different spatial scales on a Caribbean fringing reef. Sampling locations included three reef sites, three reef patches within each site and two depths. Reference sediment samples and ambient water were also taken for each of the 18 sampling locations resulting in a total of 239 samples. While only 41% of the bacterial operational taxonomic units (OTUs) characterized by T-RFLP were shared between mucus and the ambient water or sediment, for archaeal OTUs this percentage was 2-fold higher (78%). About half of the mucus-associated OTUs (44% and 58% of bacterial and archaeal OTUs, respectively) were shared between the three coral species. Our multivariate statistical analysis (ANOSIM, PERMANOVA and CCA) showed that while the bacterial community composition was determined by habitat (mucus, sediment or seawater), host coral species, location and spatial distance, the archaeal community composition was solely determined by the habitat. This study highlights that mucus-associated archaeal and bacterial communities differ in their degree of community turnover over reefs and in their host-specificity."
SS_MECH_FEEDING_MUCUS_CORAL_01,MECH_FEEDING_MUCUS_CORAL,Semantic Scholar Academic Graph API,2026-08-13,3d81df3a381b316ee96541788815431f22aa55d9,87834282,The influence of seasonality on benthic primary production in a Red Sea coral reef,N. Hoytema; V. Bednarz; U. Cardini; M. Naumann; F. Al-Horani; C. Wild,2016,2016-02-16,,,10.1007/S00227-015-2787-5,,,https://www.semanticscholar.org/paper/3d81df3a381b316ee96541788815431f22aa55d9,False,,28,90,0,Biology,Biology; Environmental Science,
SS_MECH_FEEDING_MUCUS_CORAL_01,MECH_FEEDING_MUCUS_CORAL,Semantic Scholar Academic Graph API,2026-08-13,3e00b09063f719fc074e040923a2566b25214429,253807933,"Biology and ecology of the vulnerable holothuroid, Stichopus herrmanni, on a high-latitude coral reef on the Great Barrier Reef",K. Wolfe; M. Byrne,2017,2017-06-30,Coral reefs,,10.1007/s00338-017-1606-5,,,https://www.semanticscholar.org/paper/3e00b09063f719fc074e040923a2566b25214429,False,,0,0,0,,Environmental Science; Biology,
SS_MECH_FEEDING_MUCUS_CORAL_01,MECH_FEEDING_MUCUS_CORAL,Semantic Scholar Academic Graph API,2026-08-13,3e4369e7e85815908819499e508d12ec09fe9aa2,25296760,Spatial Homogeneity of Bacterial Communities Associated with the Surface Mucus Layer of the Reef-Building Coral Acropora palmata,D. Kemp; A. Rivers; Keri M Kemp; Erin K. Lipp; J. Porter; J. Wares,2015,2015-12-14,PLoS ONE,JournalArticle,10.1371/journal.pone.0143790,,26659364,https://www.semanticscholar.org/paper/3e4369e7e85815908819499e508d12ec09fe9aa2,True,https://journals.plos.org/plosone/article/file?id=10.1371/journal.pone.0143790&type=printable,26,53,0,Biology; Medicine,Biology; Medicine; Biology; Environmental Science,"Coral surface mucus layer (SML) microbiota are critical components of the coral holobiont and play important roles in nutrient cycling and defense against pathogens. We sequenced 16S rRNA amplicons to examine the structure of the SML microbiome within and between colonies of the threatened Caribbean reef-building coral Acropora palmata in the Florida Keys. Samples were taken from three spatially distinct colony regions—uppermost (high irradiance), underside (low irradiance), and the colony base—representing microhabitats that vary in irradiance and water flow. Phylogenetic diversity (PD) values of coral SML bacteria communities were greater than surrounding seawater and lower than adjacent sediment. Bacterial diversity and community composition was consistent among the three microhabitats. Cyanobacteria, Bacteroidetes, Alphaproteobacteria, and Proteobacteria, respectively were the most abundant phyla represented in the samples. This is the first time spatial variability of the surface mucus layer of A. palmata has been studied. Homogeneity in the microbiome of A. palmata contrasts with SML heterogeneity found in other Caribbean corals. These findings suggest that, during non-stressful conditions, host regulation of SML microbiota may override diverse physiochemical influences induced by the topographical complexity of A. palmata. Documenting the spatial distribution of SML microbes is essential to understanding the functional roles these microorganisms play in coral health and adaptability to environmental perturbations."
SS_MECH_FEEDING_MUCUS_CORAL_01,MECH_FEEDING_MUCUS_CORAL,Semantic Scholar Academic Graph API,2026-08-13,3e5426e973707dc25dadb417d2973fb63b3771dd,126901202,Jamaican Taíno ‘Shellsmithing’ Techniques Explored: A Study in Method,Dianne T. Golding-Frankson,2009,2009-06-01,,,10.1080/00086495.2009.11829758,,,https://www.semanticscholar.org/paper/3e5426e973707dc25dadb417d2973fb63b3771dd,False,,0,28,0,Geography,Geography; History,
SS_MECH_FEEDING_MUCUS_CORAL_01,MECH_FEEDING_MUCUS_CORAL,Semantic Scholar Academic Graph API,2026-08-13,3eadf4d79aecf6ba2897ee5710961e769ebb0d8f,93755039,Pesticide Transport and Bioconcentration Model,Jerald Schnoor; D. McAvoy,1981,1981-12-01,,,,,,https://www.semanticscholar.org/paper/3eadf4d79aecf6ba2897ee5710961e769ebb0d8f,False,,12,0,0,Chemistry,Chemistry; Environmental Science,
SS_MECH_FEEDING_MUCUS_CORAL_01,MECH_FEEDING_MUCUS_CORAL,Semantic Scholar Academic Graph API,2026-08-13,3ed313aafa805e9d6acc51f36f0f1cd72dd2de1b,234918934,Quaternary molluscan assemblages of cold-water coral mounds: a new perspective on deep-sea ecosystem dynamics in the western Mediterranean,C. Korpanty; L. Hoffman; J. Titschack; C. Wienberg; D. Hebbeln,2020,2020-03-09,,,10.5194/egusphere-egu2020-8566,,,https://www.semanticscholar.org/paper/3ed313aafa805e9d6acc51f36f0f1cd72dd2de1b,True,https://doi.org/10.5194/egusphere-egu2020-8566,0,0,0,Geology,Geology; Environmental Science,"
 <p>Cold-water corals (CWC) act as ecosystem engineers and thus contribute to biodiversity on continental margins worldwide. CWC mounds &#8211; built over geologic time by the interplay of biological, sedimentological, and oceanographic processes &#8211; create ecological niches for a variety of macrobenthic marine taxa (e.g. molluscs, sponges, bryozoans). The growth of CWC mounds is discontinuous over time due to changes in environmental and ecological conditions, such as food supply, water temperature, and dissolved oxygen concentration. While surficial distribution patterns of living and recently-dead mound macrobenthic communities have been described, their temporal ecological relationship with coral growth and mound formation is yet largely unexplored. Therefore, this project aims to determine what effects stagnations in CWC growth (i.e. repeated periods of ecosystem &#8220;turn off&#8221;) have on the local biodiversity and community structure of other CWC mound taxa, and thus what influences CWC mound development may have on regional biodiversity and biogeography in the deep sea over geologic time. Focusing on a single taxonomic group with high preservation potential, this study 1) quantitatively assesses temporal ecological trends of coral mound molluscan assemblages (bivalves and gastropods), and 2) statistically correlates those data with coral growth and palaeoceanographic records. Preliminary results from two CWC mound gravity cores through Brittlestar Ridge I in the Alboran Sea, western Mediterranean (~13.2 &#8211; 2.9 ka) indicate that throughout both cores the molluscan assemblages are typically quantitatively dominated by sessile benthic filter-feeding bivalves, particularly Heteranomia squamula and Hiatella arctica. Although bivalves are more abundant and diverse than gastropods in both cores, these taxonomic groups yield generally similar downcore dynamics in abundance and diversity. Comparisons of total molluscan assemblages (bivalves and gastropods combined) suggest that the older assemblages &#8211; those associated with the B&#248;lling-Aller&#248;d interstadial (13.5-12.8 ka) and Early Holocene (11.3-9.8 ka) &#8211; are more similar to one another than to younger assemblages in the cores. Rotational vector fitting analyses indicate that these older assemblages are significantly related to higher productivity and different hydrodynamics (and sediment input), which are factors that have also been linked to CWC growth in the region. Altogether, our paleoecological reconstructions so far reaffirms the connectivity of benthic communities with local oceanographic conditions and adjacent taxa. Additional ecological assessments will further refine our understanding of the relationships between CWC growth and benthic communities, and in turn the temporal drivers and dynamics of CWC mound biodiversity.</p>
"
SS_MECH_FEEDING_MUCUS_CORAL_01,MECH_FEEDING_MUCUS_CORAL,Semantic Scholar Academic Graph API,2026-08-13,3f416a9a9da6bc1b0849ae5481a0aca24ca1367b,219000359,"Effects and recovery of larvae of the cold-water coral Lophelia pertusa (Desmophyllum pertusum) exposed to suspended bentonite, barite and drill cuttings.",J. Järnegren; S. Brooke; H. Jensen,2020,2020-04-24,Marine Environmental Research,JournalArticle,10.1016/j.marenvres.2020.104996,,32501265,https://www.semanticscholar.org/paper/3f416a9a9da6bc1b0849ae5481a0aca24ca1367b,True,https://www.sciencedirect.com/science/article/pii/S0141113619307913/pdf,8,51,0,Medicine; Environmental Science,Medicine; Environmental Science; Environmental Science,"Fossil fuel drilling operations create sediment plumes and release waste materials into the ocean. These operations sometimes occur close to sensitive marine ecosystems, such as cold-water corals. While there have been several studies on the effects of energy industry activities on adult corals, there is very little information on potential impacts to their early life history stages. Larval stages of many marine organisms, including cold-water corals use cilia as a means of feeding and swimming, and if these structures become clogged with suspended particulates, the larvae may sink and be lost to the system. The objective of this study was to understand the response of Lophelia pertusa larvae to a different drilling waste components, and assess post-exposure recovery. Larvae of two ages (eight and 21 days) were exposed to a range of concentrations of bentonite, barite and drill cuttings. Larval sensitivity was assessed using the concentration at which 50% of the larvae showed behavioral effects (EC50) or lethal effects (LC50). Larvae showed greatest sensitivity to bentonite, followed by barite and drill cuttings, and also showed age-related responses that differed among the test materials. Post exposure recovery was variable across materials, with larvae exposed to bentonite having the lowest recovery rates. Understanding the vulnerability of early life history stages to human activities can help inform management strategies to preserve reproductive capacity of important marine ecosystems."
SS_MECH_FEEDING_MUCUS_CORAL_01,MECH_FEEDING_MUCUS_CORAL,Semantic Scholar Academic Graph API,2026-08-13,3f9120469d44adbf009644dac07c5b430c4b1139,83850760,A coral-bryozoan association from the Neogene of northwestern Europe,G. Cadée; F. Mckinney,1994,1994-03-01,,,10.1111/J.1502-3931.1994.TB01556.X,,,https://www.semanticscholar.org/paper/3f9120469d44adbf009644dac07c5b430c4b1139,False,,19,18,1,Biology,Biology; Geology; Environmental Science,
SS_MECH_FEEDING_MUCUS_CORAL_01,MECH_FEEDING_MUCUS_CORAL,Semantic Scholar Academic Graph API,2026-08-13,3ff45b5ba044278be1582ede229c9bb564353dcd,131232022,"POST-EXTINCTION BIOFACIES OF THE FIRST CARBONATE RAMP OF THE EARLY JURASSIC (SINEMURIAN) IN NE PANTHALASSA (NEW YORK CANYON, NEVADA, USA)",K. Ritterbush; Y. Ibarra; L. Tackett,2016,2016-04-01,Palaios,Review,10.2110/palo.2015.021,,,https://www.semanticscholar.org/paper/3ff45b5ba044278be1582ede229c9bb564353dcd,False,,11,89,0,Geology,Geology; Geology; Environmental Science,
SS_MECH_FEEDING_MUCUS_CORAL_01,MECH_FEEDING_MUCUS_CORAL,Semantic Scholar Academic Graph API,2026-08-13,4012f9dad693e8a9d8e5eac55be1fcad08737c3d,12767826,Shifting roles of heterotrophy and autotrophy in coral energetics under varying turbidity.,K. Anthony; Katharina E. Fabricius; Katharina E. Fabricius,2000,2000-09-20,Journal of Experimental Marine Biology and Ecology,JournalArticle,10.1016/S0022-0981(00)00237-9,,10967335,https://www.semanticscholar.org/paper/4012f9dad693e8a9d8e5eac55be1fcad08737c3d,False,,674,85,54,Medicine; Biology,Medicine; Biology; Environmental Science,
SS_MECH_FEEDING_MUCUS_CORAL_01,MECH_FEEDING_MUCUS_CORAL,Semantic Scholar Academic Graph API,2026-08-13,406b952f43a4e8ed6eb5b6bf00bc1cee77f0a63f,134811318,"Vulnerabililty of mangroves, seagrasses and intertidal flats in the tropical Pacific to climate change (Chapter 6)",M. Waycott; Len J. McKenzie; J. Mellors; J. Ellison; M. Sheaves; C. Collier; A. Schwartz; A. Webb; Johanna E. Johnson; C. Payri,2011,,,,,,,https://www.semanticscholar.org/paper/406b952f43a4e8ed6eb5b6bf00bc1cee77f0a63f,False,,2,0,0,Environmental Science,Environmental Science; Environmental Science,
SS_MECH_FEEDING_MUCUS_CORAL_01,MECH_FEEDING_MUCUS_CORAL,Semantic Scholar Academic Graph API,2026-08-13,40fabf063ea229a0984d359995949d24a2b78696,261691034,UvA-DARE (Digital Academic First insights into the impacts of benthic cyanobacterial mats on fish herbivory functions on a nearshore coral reef,Amanda K. Ford; P. Visser; M. Herk; Evelien Jongepier; Victor Bonito,2021,,,Review,,,,https://www.semanticscholar.org/paper/40fabf063ea229a0984d359995949d24a2b78696,False,,0,85,0,,Environmental Science; Biology,
SS_MECH_FEEDING_MUCUS_CORAL_01,MECH_FEEDING_MUCUS_CORAL,Semantic Scholar Academic Graph API,2026-08-13,41775ce7e1116819180809b7d8816bfd5aa61d65,235543930,6. Reef fish and other major predators,Charles Sheppard,2021,2021-04-22,,,10.1093/ACTRADE/9780198869825.003.0006,,,https://www.semanticscholar.org/paper/41775ce7e1116819180809b7d8816bfd5aa61d65,False,,0,0,0,Biology,Biology; Environmental Science; Biology,"Fish, like corals, have geographical patterns across regions and across individual reefs, being structured in the latter case by wave energy and depth. The thousands of species show a variety of feeding patterns. Detritus feeders are very abundant, feeding on the detritus on the seabed, especially in the fine, filamentous algal turf on apparently bare rock. Plankton feeders are common also, and herbivorous fishes show a large abundance, perhaps a quarter of the total species present, cropping algae that otherwise would grow unchecked and smother coral. Since turf algae also contain many micro-species and detritus, most herbivores also ingest much food other than simple plant material. Carnivores range from extreme specialists, such as polyp-picking butterflyfish, to generalists. Sharks and barracuda only consume other fish and generally are at the top of their food chains. The complicated ecological structure of the food webs can be clarified by analysing nitrogen isotope ratios in their tissues. Other important coral carnivores include the crown of thorns starfish, which can remove almost all living coral on a reef when it develops into plagues. Overfishing by humans greatly disturbs the equilibrium of a reef, and this is increasingly causing reef degradation."
SS_MECH_FEEDING_MUCUS_CORAL_01,MECH_FEEDING_MUCUS_CORAL,Semantic Scholar Academic Graph API,2026-08-13,41be99e088e7cc6b5ef63eb4ef448e7cfb4e9af0,82125429,"Species Profiles: Life Histories and Environmental Requirements of Coastal Vertebrates and Invertebrates Pacific Ocean Region. Report 5. The Parrotfishes, Family Scaridae",R. Brock,1991,1991-03-01,,,,,,https://www.semanticscholar.org/paper/41be99e088e7cc6b5ef63eb4ef448e7cfb4e9af0,False,,1,1,0,Biology,Biology; Environmental Science; Biology,
SS_MECH_FEEDING_MUCUS_CORAL_01,MECH_FEEDING_MUCUS_CORAL,Semantic Scholar Academic Graph API,2026-08-13,430d099faf6506b157e298220a323d4f59a46304,83590471,Morphological responses of a cup coral to environmental gradients,J. Bell,2002,2002-08-01,,,10.1080/00364820260400825,,,https://www.semanticscholar.org/paper/430d099faf6506b157e298220a323d4f59a46304,False,,9,41,1,Biology,Biology; Environmental Science,
SS_MECH_FEEDING_MUCUS_CORAL_01,MECH_FEEDING_MUCUS_CORAL,Semantic Scholar Academic Graph API,2026-08-13,448c8c09da5605d5f20976247812a3f748dd539e,17682594,Limits to physiological plasticity of the coral Pocillopora verrucosa from the central Red Sea,M. Ziegler; Cornelia M. Roder; C. Büchel; C. Voolstra,2014,2014-07-26,Coral reefs,,10.1007/s00338-014-1192-8,,,https://www.semanticscholar.org/paper/448c8c09da5605d5f20976247812a3f748dd539e,True,https://link.springer.com/content/pdf/10.1007/s00338-014-1192-8.pdf,65,75,4,Biology,Biology; Biology; Environmental Science,"Many coral species display changing distribution patterns across coral reef depths. While changes in the underwater light field and the ability to associate with different photosynthetic symbionts of the genus Symbiodinium explain some of the variation, the limits to physiological plasticity are unknown for most corals. In the central Red Sea, colonies of the branching coral Pocillopora verrucosa are most abundant in shallow high light environments and become less abundant in water depths below 10 m. To further understand what determines this narrow distribution, we conducted a cross-depths transplant experiment looking at physiological plasticity and acclimation in regard to depth. Colonies from 5, 10, and 20 m were collected, transplanted to all depths, and re-investigated after 30 and 210 d. All coral colonies transplanted downward from shallow to deep water displayed an increase in photosynthetic light-harvesting pigments, which resulted in higher photosynthetic efficiency. Shallow-water specimens transplanted to deeper water showed a significant decrease in total protein content after 30 and 210 d under low light conditions compared to specimens transplanted to shallow and medium depths. Stable isotope data suggest that heterotrophic input of carbon was not increased under low light, and consequently, decreasing protein levels were symptomatic of decreasing photosynthetic rates that could not be compensated for through higher light-harvesting efficiency. Our results provide insights into the physiological plasticity of P. verrucosa in changing light regimes and explain the observed depth distribution pattern. Despite its high abundance in shallow reef waters, P. verrucosa possesses limited heterotrophic acclimation potential, i.e., the ability to support its mainly photoautotrophic diet through heterotrophic feeding. We conclude that P. verrucosa might be a species vulnerable to sudden changes in underwater light fields resulting from processes such as increased turbidity caused by coastal development along the Saudi Arabian Red Sea coast."
SS_MECH_FEEDING_MUCUS_CORAL_01,MECH_FEEDING_MUCUS_CORAL,Semantic Scholar Academic Graph API,2026-08-13,44bfb96746acbd0ff5a7b445617a75cb0e3013f2,5558909,Co-variation between autotrophy and heterotrophy in the Mediterranean coral Cladocora caespitosa,M. Hoogenboom; R. Rodolfo-Metalpa; C. Ferrier‐Pagès,2010,2010-07-15,Journal of Experimental Biology,JournalArticle,10.1242/jeb.040147,,20581269,https://www.semanticscholar.org/paper/44bfb96746acbd0ff5a7b445617a75cb0e3013f2,True,http://jeb.biologists.org/content/213/14/2399.full.pdf,103,77,5,Medicine; Biology,Medicine; Biology; Biology; Environmental Science,
SS_MECH_FEEDING_MUCUS_CORAL_01,MECH_FEEDING_MUCUS_CORAL,Semantic Scholar Academic Graph API,2026-08-13,4534ee47751b36474b0a0bb037cb8797ed5429e1,283756799,First assessment of microplastic accumulation and characteristics in the zoanthid Palythoa caesia across coral reef ecosystems in Thailand,T. Yeemin; C. Chamchoy; W. Klinthong; Sittiporn Pengsakun; Wirat Banleng; Chanansiri Phutthaphibankun; Phatthira Karnpakob; Wichin Suebpala; M. Sutthacheep,2025,2025-12-09,Frontiers in Marine Science,JournalArticle,10.3389/fmars.2025.1670359,,,https://www.semanticscholar.org/paper/4534ee47751b36474b0a0bb037cb8797ed5429e1,True,https://public-pages-files-2025.frontiersin.org/journals/marine-science/articles/10.3389/fmars.2025.1670359/pdf,0,84,0,,Environmental Science,"
 Microplastic (MP) pollution has become a critical concern for coral reef ecosystems, yet its presence and impact on zoanthids remain poorly understood. This study provides the first detailed assessment of microplastic accumulation in the zoanthid
 Palythoa caesia
 , a common benthic organism in coral reef environments. Samples were collected from three distinct reef sites in Thailand: Chan Island in the upper Gulf of Thailand, Kong Sai Daeng Island in the western Gulf, and Ao Jak of Mu Ko Surin, the Andaman Sea. A total of 624 MP particles were extracted from 38 P
 . caesia
 colonies, with MPs detected in every sample. The average abundance was 4.11 ± 1.38 particles·cm
 -
 ² or 2.37 ± 1.13 particles·g
 -
 ¹ wet weight, with Chan Island showing significantly higher concentrations than the other sites. This spatial variability appears to reflect differences in local pollution sources, particularly from tourism and coastal activity. MPs were present in both the surface and inner tissue layers, with 61% found on the surface. This suggests that mucus secretion may play a key role in trapping particles from the surrounding water. Fibers were the most common morphology (>80%), and black and blue particles dominated the color spectrum. FT-IR analysis identified polypropylene (PP) and polyethylene (PE) as the most abundant polymers, while Chan Island exhibited higher proportions of polyethylene terephthalate (PET) and polystyrene (PS), likely linked to single-use plastic waste. The presence of MPs within the inner tissue layers indicates active uptake by the polyps, likely due to their suspension-feeding behavior and the capacity of their coenenchyme to trap sediments. These findings highlight
 P. caesia
 as a promising bioindicator for microplastic contamination in reef ecosystems. Addressing this issue will require localized management strategies, including strengthened waste controls in tourist areas, improved regulation of recreational activities in protected zones, and long-term biomonitoring. Integrating microplastic mitigation into marine spatial planning will be essential for preserving coral reef resilience in the face of growing anthropogenic pressures.
"
SS_MECH_FEEDING_MUCUS_CORAL_01,MECH_FEEDING_MUCUS_CORAL,Semantic Scholar Academic Graph API,2026-08-13,4624dec99b385ab7552d23958f8fb2a8978110be,127693638,"Real-Time Coral Stress Observations Before, During, and After Beach Nourishment Dredging Offshore SE Florida",L. Fisher; K. Banks; D. Gilliam; R. Dodge; David K. Stout; B. Vargas-Ángel; B. Walker,2008,,,,,,,https://www.semanticscholar.org/paper/4624dec99b385ab7552d23958f8fb2a8978110be,False,,7,2,2,Environmental Science,Environmental Science; Environmental Science,
SS_MECH_FEEDING_MUCUS_CORAL_01,MECH_FEEDING_MUCUS_CORAL,Semantic Scholar Academic Graph API,2026-08-13,463574cc20e48dc07ade756a29dcb8f47b357fcd,131167589,Coastal bacterial communities: their potential roles in dimethylsulphide (DMS) production and coral defence,F. Kuek,2014,,,,,,,https://www.semanticscholar.org/paper/463574cc20e48dc07ade756a29dcb8f47b357fcd,False,,1,240,0,Environmental Science,Environmental Science; Environmental Science; Biology,
SS_MECH_FEEDING_MUCUS_CORAL_01,MECH_FEEDING_MUCUS_CORAL,Semantic Scholar Academic Graph API,2026-08-13,4674d180f9a62169aebf9fa22dece6059faae67c,128745934,"Production and off-bank transport of carbonate sediment, Black Rock, southwest Little Bahama Bank",C. M. Hoskin; J. Reed; D. Mook,1986,1986-09-01,,,10.1016/0025-3227(86)90115-5,,,https://www.semanticscholar.org/paper/4674d180f9a62169aebf9fa22dece6059faae67c,False,,41,25,4,Geology,Geology; Environmental Science; Geology,
SS_MECH_FEEDING_MUCUS_CORAL_01,MECH_FEEDING_MUCUS_CORAL,Semantic Scholar Academic Graph API,2026-08-13,468d3e9c43c80af9d33d4c3c57a97174295f25b9,269472132,Influence of sipunculan (peanut worm) activity on orifice formation in scleractinian Heterocyathus for adaptation to soft substrates,Y. Tokuda; Shuya Kawakita; A. Sentoku; Yoichi Ezaki; Naoki Tanaka; Shotaro Nagasawa; Kazumitsu Nakaguchi; Shuhei Yamaguchi; Y. Kondo; Susumu Ohtsuka,2024,2024-04-29,Scientific Reports,JournalArticle,10.1038/s41598-023-49631-y,,38684737,https://www.semanticscholar.org/paper/468d3e9c43c80af9d33d4c3c57a97174295f25b9,True,https://www.nature.com/articles/s41598-023-49631-y.pdf,1,26,0,Medicine,Medicine; Environmental Science; Biology,"Mutualism profoundly affects the morphology and ecological evolution of both hosts and symbionts involved. Heterocyathus is a solitary scleractinian coral that lives on soft substrata, and sipunculan worms live symbiotically in the tube-like cavities (orifice) inside the coral skeletons. This habitat provides protection to the sipunculan worms against predators and—owing to the mobility of the worms—prevents the coral from being buried with sediments. The orifice growth is closely related to the symbiont sipunculan worms; however, this has not been previously elucidated. Here, we clarified the growth process of scleractinian coral orifices and the influence of sipunculan activity on this. The orifices were originally formed by rapid accretion deposits. The coral soft tissue enveloping the growth edge of the orifice repeatedly retreated to the outer side due to direct damage to the soft part and/or excessive stress caused by the rubbing of the sipunculan through locomotion, excretion, and feeding behaviour. This resulted in a toppled-domino microskeletal structure appearance and maintenance of the orifice growth. These outcomes demonstrate the first example of the direct influence of symbionts on the skeletal morphogenesis of scleractinian corals. The mutualism between the two organisms is maintained by the beneficial confrontation in forming orifices."
SS_MECH_FEEDING_MUCUS_CORAL_01,MECH_FEEDING_MUCUS_CORAL,Semantic Scholar Academic Graph API,2026-08-13,478e26cb16a4fb0b8209e1c219f139eaea4df523,272529087,Resolving Symbiodiniaceae Diversity Across Coral Microhabitats and Reef Niches,Wyatt C. Million; C. Voolstra; Gabriela Perna; Giulia Puntin; Katherine Rowe; Maren Ziegler,2024,2024-09-08,bioRxiv,JournalArticle,10.1111/1462-2920.70065,,40038092,https://www.semanticscholar.org/paper/478e26cb16a4fb0b8209e1c219f139eaea4df523,True,https://onlinelibrary.wiley.com/doi/pdfdirect/10.1111/1462-2920.70065,8,86,0,Biology; Medicine,Biology; Medicine; Environmental Science; Biology,"Dinoflagellates of the family Symbiodiniaceae are main symbionts of diverse marine animals. A large diversity of Symbiodiniaceae also occur beyond the bounds of their multicellular hosts, occupying environmental niches on coral reefs. The link between spatial diversity at ecosystem scale to microhabitats of Symbiodiniaceae within the coral holobiont are largely unknown. Using ITS2 amplicon sequencing, we compared Symbiodiniaceae communities across four environments (seawater, near-reef and distant sediments, and turf algae mats) and two coral microhabitats (tissue and mucus) on a coral reef in the Red Sea. Analysis of ITS2 sequences revealed that coral and environmental habitats were both dominated by the genera Symbiodinium, Cladocopium, and Durusdinium, but environmental habitats additionally harbored Fugacium, Gerakladium, and Halluxium. Each environmental habitat harbored a distinct Symbiodiniaceae community, with 14-27 % exclusive ITS2 sequences. Nonetheless, 17 ITS2 sequences were shared among all habitat types and were variants defining nearly half of the ITS2 type profiles used to further resolve Symbiodiniaceae identity of coral-based communities. Tissues and surface mucus layers of 49 coral colonies from 17 genera had largely identical Symbiodiniaceae communities. Together with the large difference between environmental Symbiodiniaceae communities and those in the mucus, our results indicate a clear barrier between host-associated and environmental Symbiodiniaceae communities marked by only few shared complete type profiles under normal conditions. It remains to be determined how Symbiodiniaceae community dynamics between coral microhabitats and environmental reservoirs change during coral bleaching events. Monitoring coral colonies after mucus sampling confirmed its suitability for repeated long-term monitoring of coral-associated Symbiodiniaceae communities."
SS_MECH_FEEDING_MUCUS_CORAL_01,MECH_FEEDING_MUCUS_CORAL,Semantic Scholar Academic Graph API,2026-08-13,47c635b251c9078926bcf03cf400b3aaf16fd8fd,268326432,Reduction of small-prey capture rate and collective predation in the bleached sea anemone Exaiptasiadiaphana.,C. Gregorin; Marica Di Vito; C. Roveta; T. Pulido Mantas; S. Gridelli; Federico Domenichelli; Lucrezia Cilenti; T. Vega Fernández; S. Puce; L. Musco,2024,2024-03-06,Marine Environmental Research,JournalArticle,10.1016/j.marenvres.2024.106435,,38467089,https://www.semanticscholar.org/paper/47c635b251c9078926bcf03cf400b3aaf16fd8fd,True,https://ars.els-cdn.com/content/image/1-s2.0-S0141113624000965-ga1_lrg.jpg,2,76,1,Medicine,Medicine; Environmental Science; Biology,"Cnidarians may dominate benthic communities, as in the case of coral reefs that foster biodiversity and provide important ecosystem services. Polyps may feed by predating mesozooplantkon and large motile prey, but many species further obtain autotrophic nutrients from photosymbiosis. Anthropogenic disturbance, such as the rise of seawater temperature and turbidity, can lead to the loss of symbionts, causing bleaching. Prolonged periods of bleaching can induce mortality events over vast areas. Heterotrophy may allow bleached cnidarians to survive for long periods of time. We tested the reinforcement of heterotrophic feeding of bleached polyps of Exaiptasia diaphana fed with both small zooplantkon and large prey, in order to evaluate if heterotrophy allows this species to compensate the reduction of autotrophy. Conversely to expected, heterotrophy was higher in unbleached polyps (+54% mesozooplankton prey and +11% large prey). The increase of heterotrophic intake may not be always used as a strategy to compensate autotrophic depletion in bleached polyps. Such a resilience strategy might be more species-specific than expected."
SS_MECH_FEEDING_MUCUS_CORAL_01,MECH_FEEDING_MUCUS_CORAL,Semantic Scholar Academic Graph API,2026-08-13,47e5aacaf8a14c28a2e16ade72814c34d3fc63f9,128570048,Occurrence and implications of large Lophelia-reefs offshore Mid Norway,M. Hovland; D. Ottesen; T. Thorsnes; John Foss; P. Bryn,2005,,,Review,10.1016/S0928-8937(05)80053-0,,,https://www.semanticscholar.org/paper/47e5aacaf8a14c28a2e16ade72814c34d3fc63f9,False,,8,11,2,Geology,Geology; Environmental Science,
SS_MECH_FEEDING_MUCUS_CORAL_01,MECH_FEEDING_MUCUS_CORAL,Semantic Scholar Academic Graph API,2026-08-13,47eb75cb68db3b25aeb0b7d3f05a509bd1212729,287070474,ENV04) Ecology of scleractinian corals in the waters of port dickson and their tolerance to sedimentation,L. Lee; I. Mohamed; J. Bujang,2004,,,Review,,,,https://www.semanticscholar.org/paper/47eb75cb68db3b25aeb0b7d3f05a509bd1212729,False,,0,9,0,Geology,Geology; Environmental Science,
SS_MECH_FEEDING_MUCUS_CORAL_01,MECH_FEEDING_MUCUS_CORAL,Semantic Scholar Academic Graph API,2026-08-13,49c672a0d17121537f8e236d35831d0f5123def1,127643548,Environmental and Social Impact of Sustainable Offshore Cage Culture Production in Puerto Rican Waters,D. E. Alston; Alexis Cabarcas; J. Capella; D. Benetti; J. Bonilla; R. Cortés,2005,,,,,,,https://www.semanticscholar.org/paper/49c672a0d17121537f8e236d35831d0f5123def1,False,,19,49,3,Environmental Science,Environmental Science; Environmental Science,
SS_MECH_FEEDING_MUCUS_CORAL_01,MECH_FEEDING_MUCUS_CORAL,Semantic Scholar Academic Graph API,2026-08-13,4ac7319c9551f613a8a6ce6d627964e17f84501a,83892017,Paleozoic shell-Boring Annelids and their Trace Fossils,B. Cameron,1969,1969-08-01,,,10.1093/ICB/9.3.689,,,https://www.semanticscholar.org/paper/4ac7319c9551f613a8a6ce6d627964e17f84501a,True,https://academic.oup.com/icb/article-pdf/9/3/689/598660/9-3-689.pdf,54,21,11,Biology,Biology; Geology,
SS_MECH_FEEDING_MUCUS_CORAL_01,MECH_FEEDING_MUCUS_CORAL,Semantic Scholar Academic Graph API,2026-08-13,4ac9bbf5bf3b3a4d59ad28e3529c3258505978a8,83198073,Mucus Production by Corals Exposed during an Extreme Low Tide,D. Krupp,1984,,,,,,,https://www.semanticscholar.org/paper/4ac9bbf5bf3b3a4d59ad28e3529c3258505978a8,False,,65,21,5,Biology,Biology; Environmental Science,
SS_MECH_FEEDING_MUCUS_CORAL_01,MECH_FEEDING_MUCUS_CORAL,Semantic Scholar Academic Graph API,2026-08-13,4ad1b0556a4a4745ab90eceeb97b6cbe718cc093,84328871,"Effects of sedimentation on the gorgonian Subergorgia suberosa (Pallas, 1766)",L. Tseng; H. Dahms; Nan-Jung Hsu; Jiang‐Shiou Hwang,2011,2011-03-08,,,10.1007/S00227-011-1649-Z,,,https://www.semanticscholar.org/paper/4ad1b0556a4a4745ab90eceeb97b6cbe718cc093,False,,14,45,0,Biology,Biology; Environmental Science,
SS_MECH_FEEDING_MUCUS_CORAL_01,MECH_FEEDING_MUCUS_CORAL,Semantic Scholar Academic Graph API,2026-08-13,4b4214d38fd7bb6fe5459ecd5e94af5125ac0f81,133624773,Reprint of Comparison of climate signals obtained from encrusting and free-living rhodolith coralline algae,Siobhan Williams; J. Halfar; T. Zack; S. Hetzinger; M. Blicher; T. Juul‐Pedersen,2019,2019-11-05,Chemical Geology,,10.1016/J.CHEMGEO.2018.02.030,,,https://www.semanticscholar.org/paper/4b4214d38fd7bb6fe5459ecd5e94af5125ac0f81,False,,4,47,0,Geology,Geology; Environmental Science,"Abstract Coralline algae have been used for sclerochronological studies throughout the last decade. These studies have focused on two different growth morphologies of the photosynthetic coralline algae: massive crusts forming small buildups on hard substrate, and free-living branching algal nodules, known as rhodoliths. The latter are generally found on soft-substrate, where they are frequently overturned by water movement and bottom feeding organisms, leaving one side of the rhodolith partially buried in the sediment at any given time. Here we test whether either of these growth morphologies is more suitable for proxy reconstructions by comparing Mg/Ca ratios – a temperature proxy – in multiple replicates of rhodoliths of Lithothamnion glaciale and in rhodoliths as well as encrusting specimens of Clathromorphum compactum. With both species being widespread throughout the Temperate and Arctic regions, we have chosen two North Atlantic localities at Nuuk Fjord, Greenland (Subarctic), and off the southeastern coast of Newfoundland, Canada (Temperate), for this study. Two to three Mg/Ca ratio transects spanning 18 years of growth were analysed on multiple specimens with encrusting morphologies and along different sides of rhodoliths using laser ablation inductively coupled mass spectrometry and compared to remotely sensed sea surface temperature (SST) data. The length of the common time span used for comparison was limited by growth interruptions in rhodoliths. Furthermore, our comparison is based on the assumption that rhodolith growth increments are annual – an assumption that has recently been challenged by mesocosm studies. Monthly Mg/Ca values from multiple transects within each individual were compared and in samples from Nuuk fjord significant correlations were found in 4 of 4 encrusting C. compactum, 4 of 4 C. compactum rhodoliths, and 2 of 3 L. glaciale rhodoliths. In Newfoundland significant correlations were found in 6 of 6 encrusting C. compactum comparisons (average: r = 0.61, p"
SS_MECH_FEEDING_MUCUS_CORAL_01,MECH_FEEDING_MUCUS_CORAL,Semantic Scholar Academic Graph API,2026-08-13,4b4de957f5a754d70096d368064fd582a8a367ae,134116531,Comparison of climate signals obtained from encrusting and free-living rhodolith coralline algae,Siobhan Williams; J. Halfar; T. Zack; S. Hetzinger; M. Blicher; T. Juul‐Pedersen,2018,2018-01-05,,,10.1016/J.CHEMGEO.2017.11.038,,,https://www.semanticscholar.org/paper/4b4de957f5a754d70096d368064fd582a8a367ae,False,,16,50,1,Geology,Geology; Environmental Science,
SS_MECH_FEEDING_MUCUS_CORAL_01,MECH_FEEDING_MUCUS_CORAL,Semantic Scholar Academic Graph API,2026-08-13,4bb20a4ac6b3f8c62ad07e7a3b921d92feb15545,92330504,Impact of excessive sedimentation caused by anthropogenic activities on benthic suspension feeders in the Sea of Marmara,N. Topçu; E. Turgay; R. E. Yardımcı; B. Topaloğlu; A. Yüksek; T. Steinum; S. Karataş; B. Öztürk,2018,2018-12-18,Journal of the Marine Biological Association of the United Kingdom,,10.1017/S0025315418001066,,,https://www.semanticscholar.org/paper/4bb20a4ac6b3f8c62ad07e7a3b921d92feb15545,False,,15,93,0,Biology,Biology; Environmental Science,"Abstract A massive die-off of benthic suspension feeders (BSF) covered by large amounts of sediments was observed along Prince Islands coasts (north-eastern Sea of Marmara) in August 2015. Alcyonarians, pennatulaceans, bivalves and sponges were severely affected. Many BSF probably died from burial and clogging of their feeding and respiratory apparatus. Of the gorgonian colonies, 66 ± 34% (mean ± SD) were dead, while 15 ± 16% (mean ± SD) displayed recent necrosis on the colony surface. In addition, histopathological and microbial examinations of the affected gorgonians and gold corals (Savalia savaglia) suggest that stress caused by sedimentation made them vulnerable to exploitation by consistently isolated opportunistic microorganisms. We isolated Vibrio splendidus and Vibrio neptunius from diseased gold coral colonies, but the bacterial isolates obtained from gorgonians could only be identified to genus Vibrio level. The presumably artificially introduced fungus Mucor circinelloides was common on both gold coral and gorgonians. This mould and opportunistic bacteria may have colonized BSF by taking advantage of low oxygen levels leading to impaired coral immune responses and thereby exacerbated the BSF mortality. Construction and landfill operations at Yassıada seem to be the greatest contributor to the observed sedimentation, as shown by silicate concentrations in nearby waters. These observations imply that preventive measures are necessary when construction operations take place in the vicinity of sensitive marine habitats."
SS_MECH_FEEDING_MUCUS_CORAL_01,MECH_FEEDING_MUCUS_CORAL,Semantic Scholar Academic Graph API,2026-08-13,4bbf6916b02347ab9d729cd2473b707e520a0037,16670213,Influence of fish grazing and sedimentation on the early post-settlement survival of the tabular coral Acropora cytherea,M. Trapon; M. Pratchett; A. Hoey; A. Baird,2013,2013-07-05,Coral reefs,,10.1007/s00338-013-1059-4,,,https://www.semanticscholar.org/paper/4bbf6916b02347ab9d729cd2473b707e520a0037,False,,64,58,3,Biology,Biology; Environmental Science,
SS_MECH_FEEDING_MUCUS_CORAL_01,MECH_FEEDING_MUCUS_CORAL,Semantic Scholar Academic Graph API,2026-08-13,4c1665e016b324b9da414995b282d04c31e2e133,37070394,High density aggregations of cucumariids (Echinodermata: Holothuroidea) on a Singapore sedimented reef,C. L. Ng; T. Toh; K. Toh; K. Tun; L. Chou,2015,2015-03-01,Marine Biodiversity,Review,10.1007/s12526-014-0228-1,,,https://www.semanticscholar.org/paper/4c1665e016b324b9da414995b282d04c31e2e133,False,,3,4,0,Geography,Geography; Biology; Environmental Science,
SS_MECH_FEEDING_MUCUS_CORAL_01,MECH_FEEDING_MUCUS_CORAL,Semantic Scholar Academic Graph API,2026-08-13,4cc2f9b898452b49ed8f83686279c8f555251cb5,126728860,"Sedimentology, palaeontology and diagenesis of the Much Wenlock limestone formation",K. Ratcliffe,1987,,,,,,,https://www.semanticscholar.org/paper/4cc2f9b898452b49ed8f83686279c8f555251cb5,False,,4,0,0,Geology,Geology; Geology,
SS_MECH_FEEDING_MUCUS_CORAL_01,MECH_FEEDING_MUCUS_CORAL,Semantic Scholar Academic Graph API,2026-08-13,4dade3ea78c0ee77a1e669d373b5f77171bdc1e9,84775395,Bivalve fishing and maerl-bed conservation in France and the UK: retrospect and prospect,J. Hall‐Spencer; J. Grall; P. Moore; R. Atkinson,2003,,,,10.1002/AQC.566,,,https://www.semanticscholar.org/paper/4dade3ea78c0ee77a1e669d373b5f77171bdc1e9,False,,104,37,4,Biology,Biology; Environmental Science,
SS_MECH_FEEDING_MUCUS_CORAL_01,MECH_FEEDING_MUCUS_CORAL,Semantic Scholar Academic Graph API,2026-08-13,4dbda4b6b075e52ca25d9cb5f2aa067fa0b96af1,53052321,Competition and locomotion in a free-living fungiid coral,N. Chadwick,1988,1988-12-01,,,10.1016/0022-0981(88)90041-X,,,https://www.semanticscholar.org/paper/4dbda4b6b075e52ca25d9cb5f2aa067fa0b96af1,False,,65,29,1,Biology,Biology; Environmental Science; Biology,
SS_MECH_FEEDING_MUCUS_CORAL_01,MECH_FEEDING_MUCUS_CORAL,Semantic Scholar Academic Graph API,2026-08-13,4dc473b85a98aec9d1c3026771c15ddc8185aef6,134211885,Fiji: Coastal and Marine Ecosystems,S. Mangubhai; H. Sykes; E. Lovell; G. Brodie; S. Jupiter; C. Morris; Steven F. Lee; E. Loganimoce; B. Rashni; Ronal Lal; Y. Nand; Ingrid Qauqau,2019,,World Seas: an Environmental Evaluation,,10.1016/B978-0-08-100853-9.00044-0,,,https://www.semanticscholar.org/paper/4dc473b85a98aec9d1c3026771c15ddc8185aef6,False,,23,121,0,Geography,Geography; Environmental Science,"Abstract Fiji is one of the most developed of the Pacific Island economies and its people are highly dependent on the country’s rich biodiversity and natural resources for food, agriculture, tourism, culture, coastal protection, shelter, recreational sports, and other vital human needs. The country has undergone rapid changes in growth and development and the coastal ecosystems are increasingly threatened by a number of anthropogenic activities (e.g., overharvesting and overexploitation of land and sea resources, mining, coastal development) and their associated impacts (e.g., sedimentation, eutrophication, and pollution). At the same time, Fiji is vulnerable to natural disasters such as tropical cyclones and the impacts of climate change. These threats are resulting in losses in coastal habitats with a loss of 5% of mangroves from 1991 to 2007, particularly around urban areas. Fiji’s coral reefs, which have demonstrated considerable resilience to coral bleaching, are vulnerable to crown-of-thorns starfish outbreaks, damage from cyclones, and coastal development. Seagrass habitats are critical nursery areas for fish and feeding areas for migratory turtles, but are poorly documented and threatened by coastal development. A Category 5 cyclone in 2016 caused loss and damage across all sectors including infrastructure, agricultural systems, and coastal ecosystems in the order of US$945 million. However, there are significant efforts to protect and restore habitats and fisheries through inshore locally managed marine areas connected to larger, deeper water marine managed areas, as well as an expansion in integrated coastal management efforts. Sustainable use and practical management of coastal resources are urged while there is still a chance of ecosystem repair and restoration."
SS_MECH_FEEDING_MUCUS_CORAL_01,MECH_FEEDING_MUCUS_CORAL,Semantic Scholar Academic Graph API,2026-08-13,4e4e4a41781f09d175fff4c5fcd63064690b91b0,82804360,"Bioaccumulation of heavy metals both in wild and mariculture food chains in Daya Bay, South China",Y. Qiu,2015,2015-09-20,,,10.1016/J.ECSS.2015.05.036,,,https://www.semanticscholar.org/paper/4e4e4a41781f09d175fff4c5fcd63064690b91b0,False,,124,45,8,Biology,Biology; Environmental Science,
SS_MECH_FEEDING_MUCUS_CORAL_01,MECH_FEEDING_MUCUS_CORAL,Semantic Scholar Academic Graph API,2026-08-13,4ebdbe5aec84dd882404346c9e31500b84040ed8,129851812,"Distribution and biogeographic trends of decapod assemblages from Galicia Bank (NE Atlantic) at depths between 700 and 1800 m, with connexions to regional water masses",J. Cartes; V. Papiol; I. Frutos; E. Macpherson; C. González-Pola; A. Punzón; X. Valeiras; A. Serrano,2014,2014-08-01,,,10.1016/J.DSR2.2013.09.034,,,https://www.semanticscholar.org/paper/4ebdbe5aec84dd882404346c9e31500b84040ed8,True,http://www.repositorio.ieo.es/e-ieo/bitstream/10508/9562/2/Valeiras%202014%20DeepSeaRes%20GaliciaBankCrustacean.pdf,42,134,0,Biology,Biology; Environmental Science,"Abstract The Galicia Bank (NE Atlantic, 42°67′N–11°74′W) is an isolated seamount, near NW Spain, a complex geomorphological and sedimentary structure that receives influences from contrasting water masses of both northern and southern origins. Within the project INDEMARES, three cruises were performed on the bank in 2009 (Ecomarg0709), 2010 (BanGal0810) and 2011 (BanGal0811) all in July–August. Decapods and other macrobenthic crustaceans (eucarids and peracarids) were collected with different sampling systems, mainly beam trawls (BT, 10 mm of mesh size at codend) and a GOC73 otter trawl (20 mm mesh size). Sixty-seven species of decapod crustaceans, 6 euphausiids, 19 peracarids and 1 ostracod were collected at depths between 744 and 1808 m. We found two new species, one a member of the Chirostylidae, Uroptychus cartesi Baba & Macpherson, 2012, the other of the Petalophthalmidae (Mysida) Petalophthalmus sp. A, in addition to a number of new biogeographic species records for European or Iberian waters. An analysis of assemblages showed a generalized species renewal with depth, with different assemblages between 744 and ca . 1400 m (the seamount top assemblage, STA) and between ca . 1500 and 1800 m (the deep-slope assemblage over seamount flanks, DSA). These were respectively associated with Mediterranean outflow waters (MOW) and with Labrador Sea Water (LSW). Another significant factor separating different assemblages over the Galician Bank was the co-occurrence of corals (both colonies of hard corals such as Lophelia pertusa and Madrepora oculata and/or gorgonians) in hauls. Munidopsids ( Munidopsis spp.), chirostylids ( Uroptychus spp.), and the homolodromiid Dicranodromia mahieuxii formed a part of this coral-associated assemblage. Dominant species at the STA were the pandalid Plesionika martia (a shrimp of subtropical-southern distribution) and the crabs Bathynectes maravigna and Polybius henslowii , whereas dominant species in the DSA were of northern origin, the lithodid Neolithodes grimaldii and the crangonid Glyphocrangon longiristris , likely associated with LSW. The diversity ( H and J ) of small crustaceans (collected with BT) seemed to be controlled by the phytoplankton blooms (satellite Chl a data) over bank surface 3 months before the samplings, both at the top (Spearman r =0.57, p =0.03) and on the flanks ( r =0.74, p =0.02) of Galicia Bank, while no significant relationships with Chl a were found for the larger decapods collected with GOC73, on average they feed at the higher trophic levels than those collected with BT."
SS_MECH_FEEDING_MUCUS_CORAL_01,MECH_FEEDING_MUCUS_CORAL,Semantic Scholar Academic Graph API,2026-08-13,4ece6fb8149b03666cf8930cfb7f768e85e36130,42939709,"Bioerosion and sediment ingestion by the Caribbean parrotfish Scarus vetula and Sparisoma viride: implications of fish size, feeding mode and habitat use",J. Bruggemann; A. Van Kessel; J. van Rooij; A. Breeman,1996,1996-04-25,Oceanographic Literature Review,JournalArticle,10.3354/MEPS134059,,,https://www.semanticscholar.org/paper/4ece6fb8149b03666cf8930cfb7f768e85e36130,True,https://www.int-res.com/articles/meps/134/m134p059.pdf,204,30,28,Biology,Biology; Environmental Science; Biology,"Erosion rates and sources of sediment ingested were quantified for the 2 most abundant parrotfish species on a leeward fringing reef of Bonaire, Netherlands Antilles: Scarus vetula and Sparisoma viride. Direct estimates of erosion by different size classes were obtained from daily feeding rates and grazing scar frequency, scar volume and substrate density. Foraging preference and distribution of fish on the reef were used to examine patterns of bioerosion at 2 spatial scales: reef zones and individual substrates used for grazing. Sediment mass ingested by fish provided an independent check on erosion rates, and was partitioned according to source. S. vetula, employing a scraping feeding mode, removed less material from grazed substrates than similar sized S. viride, which forages by excavating the substrate. Erosion rates increased strongly with fish size in both species. The (indigestible) carbonate derived from epilithic algae accounted for all sediment ingested by juvenile fish. In adult fish, the proportion of freshly eroded carbonate substrate ingested increased with fish size. The distribution of adults of these large scarids over different reef zones determines the rate of bioerosion on a large spatial scale. The highest bioerosional rates occur on the shallow reef (ca 7 kg m(-2) yr(-1)), and they decrease with depth. Parrotfish foraging preferences, and the effects of food type and skeletal density of substrates on the size of the grazing scars, cause large differences in bioerosional rates on a small spatial scale. The highest rates of bioerosion occur on substrates infested with boring algae and of low skeletal density, while high-density substrates and substrates covered with crustose corallines undergo lower rates. Living coral is rarely eaten by scarids, and largely escapes erosion by grazing."
SS_MECH_FEEDING_MUCUS_CORAL_01,MECH_FEEDING_MUCUS_CORAL,Semantic Scholar Academic Graph API,2026-08-13,4f04a8b17fd92a9654dd7f2b85940d323e9cfe36,28488421,Coral reefs of the eastern Pacific,P. Glynn,1996,1996-06-01,Coral reefs,Review,10.1007/BF01771896,,,https://www.semanticscholar.org/paper/4f04a8b17fd92a9654dd7f2b85940d323e9cfe36,False,,54,0,5,Biology,Biology; Environmental Science; Geology,
SS_MECH_FEEDING_MUCUS_CORAL_01,MECH_FEEDING_MUCUS_CORAL,Semantic Scholar Academic Graph API,2026-08-13,4f0a350d7896b7a5e4c246ac5282bc02b2b1d0cf,129085530,Zoophycos and umbellula (Pennatulacea): Their synthesis and identity,J. Bradley,1973,1973-04-01,,,10.1016/0031-0182(73)90039-4,,,https://www.semanticscholar.org/paper/4f0a350d7896b7a5e4c246ac5282bc02b2b1d0cf,False,,29,20,1,Geology,Geology; Geology,
SS_MECH_FEEDING_MUCUS_CORAL_01,MECH_FEEDING_MUCUS_CORAL,Semantic Scholar Academic Graph API,2026-08-13,4f4ad6f3ccce7c02257d7336cdc9569f23304242,260323387,Scleractinian corals rely on heterotrophy in highly turbid environments,Natalie Travaglione; Richard D. Evans; Molly Moustaka; Michael V. W. Cuttler; D. Thomson; J. Tweedley; S. Wilson,2023,2023-07-29,Coral reefs,JournalArticle,10.1007/s00338-023-02407-2,,,https://www.semanticscholar.org/paper/4f4ad6f3ccce7c02257d7336cdc9569f23304242,False,,23,124,1,,Environmental Science,
SS_MECH_FEEDING_MUCUS_CORAL_01,MECH_FEEDING_MUCUS_CORAL,Semantic Scholar Academic Graph API,2026-08-13,4faff7ef7bcde7fde933151145dcf03e4e6a368f,84608667,Experimental tests of suspension feeding in Atlantic reef corals,J. B. Lewis,1976,1976-06-01,,,10.1007/BF00388437,,,https://www.semanticscholar.org/paper/4faff7ef7bcde7fde933151145dcf03e4e6a368f,False,,57,20,1,Biology,Biology; Environmental Science,
SS_MECH_FEEDING_MUCUS_CORAL_01,MECH_FEEDING_MUCUS_CORAL,Semantic Scholar Academic Graph API,2026-08-13,50021d3c4cad3c2c23ad5b1f65ad4ce75cb01304,85429531,Dispersion and phagokinesis in the echinoid Evechinus chloroticus (Val.),N. Andrew; L. Stocker,1986,1986-09-01,,,10.1016/0022-0981(86)90152-8,,,https://www.semanticscholar.org/paper/50021d3c4cad3c2c23ad5b1f65ad4ce75cb01304,False,,30,29,1,Biology,Biology; Environmental Science; Biology,
SS_MECH_FEEDING_MUCUS_CORAL_01,MECH_FEEDING_MUCUS_CORAL,Semantic Scholar Academic Graph API,2026-08-13,5011344baa4e3861c7221e48b9b1e956ac9fd28c,251952413,Nanoplastic incorporation into an organismal skeleton,Marlena Joppien; H. Westphal; V. Chandra; M. Stuhr; S. Doo,2022,2022-08-30,Scientific Reports,JournalArticle,10.1038/s41598-022-18547-4,,36042226,https://www.semanticscholar.org/paper/5011344baa4e3861c7221e48b9b1e956ac9fd28c,True,https://www.nature.com/articles/s41598-022-18547-4.pdf,13,54,0,Medicine,Medicine; Environmental Science,"Studies on the effects of global marine plastic pollution have largely focused on physiological responses of few organism groups (e.g., corals, fishes). Here, we report the first observation of polymer nanoparticles being incorporated into the calcite skeleton of a large benthic foraminifera (LBF), a significant contributor to global carbonate production. While previous work on LBF has documented selectivity in feeding behaviour and a high degree of specialization regarding skeletal formation, in this study, abundant cases of nanoplastic encrustation into the calcite tests were observed. Nanoplastic incorporation was associated with formation of new chambers, in conjunction with rapid nanoplastic ingestion and subsequent incomplete egestion. Microalgae presence in nanoplastic treatments significantly increased the initial feeding response after 1 day, but regardless of microalgae presence, nanoplastic ingestion was similar after 6 weeks of chronic exposure. While ~ 40% of ingesting LBF expelled all nanoplastics from their cytoplasm, nanoplastics were still attached to the test surface and subsequently encrusted by calcite. These findings highlight the need for further investigation regarding plastic pollution impacts on calcifying organisms, e.g., the function of LBF as potential plastic sinks and alterations in structural integrity of LBF tests that will likely have larger ecosystem-level impacts on sediment production."
SS_MECH_FEEDING_MUCUS_CORAL_01,MECH_FEEDING_MUCUS_CORAL,Semantic Scholar Academic Graph API,2026-08-13,503954d2fe7f78a24603950745dc1fcf21f4f691,80632753,The Ecological Function of Fish Mucus,Maxi J. Eckes,2009,2009-08-01,,,,,,https://www.semanticscholar.org/paper/503954d2fe7f78a24603950745dc1fcf21f4f691,False,,2,0,1,Biology,Biology; Environmental Science; Biology,
SS_MECH_FEEDING_MUCUS_CORAL_01,MECH_FEEDING_MUCUS_CORAL,Semantic Scholar Academic Graph API,2026-08-13,505046b452dec112e9b3eae6cc64881ae973cd05,232055935,"A potential threat to the coral reef environments: Polybrominated diphenyl ethers and phthalate esters in the corals and their ambient environment (Persian Gulf, Iran).",Ali Ranjbar Jafarabadi; M. Dashtbozorg; E. Raudonytė-Svirbutavičienė; A. Riyahi Bakhtiari,2021,2021-02-12,Science of the Total Environment,JournalArticle,10.1016/j.scitotenv.2021.145822,,33631596,https://www.semanticscholar.org/paper/505046b452dec112e9b3eae6cc64881ae973cd05,False,,20,85,0,Medicine,Medicine; Environmental Science,"Pollution of the surrounding habitat poses one of the biggest threats to the coral health and even survival. This study focuses on the occurrence, distribution, bioaccumulation and bioconcentration of polybrominated diphenyl ethers (PBDEs) and phthalate esters (PAEs) in corals, their zooxanthellae and mucus, as well as in their ambient environment in Larak coral reef (Persian Gulf) for the first time. The highest concentrations of the pollutants were recorded in mucus, followed by zooxanthellae, tissue and skeleton. Soft corals with higher lipid content contained more PBDEs and PAEs. Pollutants were both efficiently bioconcentrated from water and bioaccumulated from the ambient sediment, albeit bioconcentration played the most prominent role. Elevated PBDEs and especially PAEs concentrations were detected in the skeletons of the bleached corals if compared to the skeleton samples of the non-bleached individuals."
SS_MECH_FEEDING_MUCUS_CORAL_01,MECH_FEEDING_MUCUS_CORAL,Semantic Scholar Academic Graph API,2026-08-13,505cd7abc85ad1c62da5ffd2a61d42d2d7739d34,29410515,Environmental limits to growth: physiological niche boundaries of corals along turbidity–light gradients,K. Anthony; S. Connolly,2004,2004-08-20,Oecologia,JournalArticle,10.1007/s00442-004-1647-7,,15322896,https://www.semanticscholar.org/paper/505cd7abc85ad1c62da5ffd2a61d42d2d7739d34,False,,138,41,5,Biology; Medicine,Biology; Medicine; Environmental Science,
SS_MECH_FEEDING_MUCUS_CORAL_01,MECH_FEEDING_MUCUS_CORAL,Semantic Scholar Academic Graph API,2026-08-13,50a5012326ce3238d0dd2b9ec20f78756085e6ea,153967500,The science of evidence: the value of global studies on land rush,M. Rulli; P. D’Odorico,2013,2013-09-01,,Review,10.1080/03066150.2013.853044,,,https://www.semanticscholar.org/paper/50a5012326ce3238d0dd2b9ec20f78756085e6ea,False,,22,9,1,Political Science,Political Science; Environmental Science,
SS_MECH_FEEDING_MUCUS_CORAL_01,MECH_FEEDING_MUCUS_CORAL,Semantic Scholar Academic Graph API,2026-08-13,50b4a00acbfc118f82a0d13c7529310460c802a5,108210600,Growth and feeding habits of sea plume (Genus Hicksonella) indifferent environment,R. Gopal,2006,,,,,,,https://www.semanticscholar.org/paper/50b4a00acbfc118f82a0d13c7529310460c802a5,False,,0,0,0,Environmental Science,Environmental Science; Environmental Science,
SS_MECH_FEEDING_MUCUS_CORAL_01,MECH_FEEDING_MUCUS_CORAL,Semantic Scholar Academic Graph API,2026-08-13,51351ef3f2f0a62d8e1cc29d9905ac5a4c9a2403,129316437,Sediment-rejection mechanisms of 42 species of Australian Scleractinian corals,M. Stafford-Smith; R. Ormond,1992,,,,10.1071/MF9920683,,,https://www.semanticscholar.org/paper/51351ef3f2f0a62d8e1cc29d9905ac5a4c9a2403,False,,280,27,8,Geology,Geology; Environmental Science,
SS_MECH_FEEDING_MUCUS_CORAL_01,MECH_FEEDING_MUCUS_CORAL,Semantic Scholar Academic Graph API,2026-08-13,515353ed08b4351562f444881cbfcc72cdd0344b,261659250,WI22 Miscellanea-Trace Fossils and Problematica,,2009,,,,,,,https://www.semanticscholar.org/paper/515353ed08b4351562f444881cbfcc72cdd0344b,False,,0,127,0,,Geology,
SS_MECH_FEEDING_MUCUS_CORAL_01,MECH_FEEDING_MUCUS_CORAL,Semantic Scholar Academic Graph API,2026-08-13,522c3f155929701e4a80e59fe06e49c27ed83295,84743824,The cold‐water coral community as hotspot of carbon cycling on continental margins: A food‐web analysis from Rockall Bank (northeast Atlantic),D. Oevelen; G. Duineveld; M. Lavaleye; F. Mienis; K. Soetaert; C. Heip,2009,2009-11-01,,,10.4319/lo.2009.54.6.1829,,,https://www.semanticscholar.org/paper/522c3f155929701e4a80e59fe06e49c27ed83295,True,http://www.vliz.be/imisdocs/publications/241165.pdf,194,78,7,Biology,Biology; Environmental Science,
SS_MECH_FEEDING_MUCUS_CORAL_01,MECH_FEEDING_MUCUS_CORAL,Semantic Scholar Academic Graph API,2026-08-13,523712c2f01851444f729fa9bd2c074820d88c44,82257144,"Spatial and temporal distribution of feeding of Aspidochirotida (Holothuroidea) on Heron Island, Great Barrier Reef",T. Klinger; C. Johnson,1998,,,,,,,https://www.semanticscholar.org/paper/523712c2f01851444f729fa9bd2c074820d88c44,False,,8,0,1,Biology,Biology; Environmental Science; Biology,
SS_MECH_FEEDING_MUCUS_CORAL_01,MECH_FEEDING_MUCUS_CORAL,Semantic Scholar Academic Graph API,2026-08-13,52b1fafca36a85c59ae8b74b2772644c85874a13,20515964,Nutritional status and metabolism of the coral Stylophora subseriata along a eutrophication gradient in Spermonde Archipelago (Indonesia),Y. Sawall; Y. Sawall; M. Teichberg; J. Seemann; J. Seemann; Magdalena Litaay; J. Jompa; Claudio Richter,2011,2011-05-15,Coral reefs,,10.1007/s00338-011-0764-0,,,https://www.semanticscholar.org/paper/52b1fafca36a85c59ae8b74b2772644c85874a13,True,http://repository.unhas.ac.id/bitstream/123456789/788/1/Sawall%20et%20al-2011-Coral%20Reefs.pdf,92,82,3,Biology,Biology; Environmental Science; Biology,
SS_MECH_FEEDING_MUCUS_CORAL_01,MECH_FEEDING_MUCUS_CORAL,Semantic Scholar Academic Graph API,2026-08-13,537641cba6dca199596e8375678b0c71d7288e0d,251944450,Introduction,A. Verhage; L. Bisschop; Wim Hardyns,2012,2012-06-01,European Journal of Policing Studies,Review,10.5553/ejps/2034760x2014001004001,,,https://www.semanticscholar.org/paper/537641cba6dca199596e8375678b0c71d7288e0d,False,,0,0,0,,Environmental Science,"The ninth volume of the Annual Review of Marine Science brings its readership outstanding and fascinating reviews from leading experts across the numerous subdisciplines of marine science. In each volume, we strive to have a mix of focused disciplinary reviews together with reviews that analyze broader interdisciplinary topics. We endeavor to introduce each volume with an autobiographical piece that presents a personal perspective from a leader in marine science. This year, physical oceanographer Paola MalanotteRizzoli describes the paths and influences that shaped her career. She highlights how one geographical location, Venice, presented scientific challenges that were an enduring inspiration. The journal continues to be an outlet for reviews on the effects of climate change on ocean processes and ecosystems. This volume includes an article on paleoceanographic evidence linking the Atlantic meridional overturning circulation to abrupt climate change over the last glacial cycle, as well as articles that describe the role of climate variability in anchovy and sardine fisheries and the impacts of stressors on coral reef systems. In ocean physics, this volume presents a comprehensive review of kinetic energy associated with western boundary currents. Readers will also find articles on ocean biology that discuss chemical communication among ocean microbes; the physiology, ecology, and biogeochemistry of marine copepods; the feeding ecology of deep-sea fishes; and the feeding biomechanics of baleen whales. Topics focused on a variety of timescales are also presented. A comprehensive review describes the transformation of ocean biogeochemistry through geologic time. Reviews from an Anthropocene perspective analyze modern processes that reduce carbon preservation in ocean sediments; the impacts of plastic contamination on marine ecosystems; and the fate and transport of radionuclides in the ocean and ecosystem following the release of radioactive gases, volatiles, and liquids from the Fukushima Daiichi nuclear power plant in 2011. We again acknowledge and thank the authors for their outstanding contributions as well as the members of the Editorial Committee who help select them. We are committed to bringing you, the readership, reviews that broadly represent the most important topics and the best science and scholarship from across the subdisciplines of marine science. We thank you, the marine science community, for your continued support, and we welcome your feedback."
SS_MECH_FEEDING_MUCUS_CORAL_01,MECH_FEEDING_MUCUS_CORAL,Semantic Scholar Academic Graph API,2026-08-13,537d17074f52ef685fc13c0d7cfc859e3d92d8b0,130343286,"CARBON CYCLING IN NANSHA CORAL REEF ECOSYSTEM,SOUTH CHINA SEA",S. Jin,2003,,,,,,,https://www.semanticscholar.org/paper/537d17074f52ef685fc13c0d7cfc859e3d92d8b0,False,,2,0,0,Environmental Science,Environmental Science; Environmental Science,
SS_MECH_FEEDING_MUCUS_CORAL_01,MECH_FEEDING_MUCUS_CORAL,Semantic Scholar Academic Graph API,2026-08-13,53b52ee21857bc959e60ac33ac6a93dd37741484,129808174,"ABUNDANCE OF THE EXCAVATING SPONGE CLIONA DELITRIX IN RELATION TO SEWAGE DISCHARGE AT SAN ANDRÉS ISLAND, SW CARIBBEAN, COLOMBIA",A. Chaves‐Fonnegra; S. Zea; Martha Gómez,2016,,,,10.25268/BIMC.INVEMAR.2007.36.0.201,,,https://www.semanticscholar.org/paper/53b52ee21857bc959e60ac33ac6a93dd37741484,True,http://boletin.invemar.org.co:8085/ojs/index.php/boletin/article/download/201/197,44,30,6,Environmental Science,Environmental Science; Environmental Science,"It is known that the encrusting and excavating Caribbean sponge Cliona delitrix may increase its abundance near sources of sewage. To ascertain whether its current conspicuousness in leeward reefs of San Andres Island (SW Caribbean, Colombia) is related to organic pollution from local raw sewage discharges, quantitative data on density and cover of this sponge and other benthic components was obtained from belt and line transects at seven stations along the shallow (5-10 m deep) terrace. Coral mucus was sampled to quantify escherichia coli bacteria, as an approximate indicator of sewage plume influence on benthic biota. A negative multiplicative regression between amount of e. coli in coral mucus and distance from the main raw sewage outlet demonstrated the domestic-wastes origin of the bacteria. Whereas significant e. coli counts occurred only up to 1-2 km from sewage sources, overall sewage influence may extend further as moderate C. delitrix abundances occurred throughout the West shallow terrace of San Andres, apparently associated to the overall nutrient enrichment from sewage. C. delitrix abundances were lower in the Southwest, farthest from sewage influence, and generally increased towards sewage sources, but decreased near the main sewage outlet. Close to sewage sources, any positive effect on the sponge brought about by the increase in suspended organic matter is probably outweighed by the negative effect that excessive sedimentation has on the sponge itself, and on the quantity and quality of substratum available for settlement."
SS_MECH_FEEDING_MUCUS_CORAL_01,MECH_FEEDING_MUCUS_CORAL,Semantic Scholar Academic Graph API,2026-08-13,54c9bd6b023d1abe92d0d218e95db18b357c07c4,237661534,Assessing the ecological risk to deep-sea megafaunal assemblages from seafloor massive sulfide mining using a functional traits sensitivity approach,R. E. Boschen-Rose; M. Clark; A. Rowden; J. Gardner,2021,2021-09-01,,Review,10.1016/J.OCECOAMAN.2021.105656,,,https://www.semanticscholar.org/paper/54c9bd6b023d1abe92d0d218e95db18b357c07c4,True,https://doi.org/10.1016/j.ocecoaman.2021.105656,18,70,0,Geology,Geology; Environmental Science,"Abstract The deep sea is subject to multiple anthropogenic disturbances, to which may soon be added mining of hydrothermally-formed seafloor massive sulfides (SMS). As a first step towards a full Ecological Risk Assessment (ERA) for SMS mining, ecological sensitivity to mining activities was assessed based on the functional traits of benthic megafaunal taxa. Faunal distribution and abundance data at two different spatial scales (within seamount and within site) were used from two video surveys conducted at un-fished SMS deposit-hosting seamounts on the Kermadec Volcanic Arc, New Zealand. For each of the 157 taxa identified in the seamount and site surveys, sensitivity was scored for six functional traits: adult size, environmental position, living habit, feeding habit, mobility, and structural fragility. Sensitivity (very low, low, intermediate, high, very high) was scored separately for three mining disturbances: passage of mining vehicles along the seafloor, sediment plumes generated by mining activity, and mineral extraction. The effects of different abundance and diversity weightings on the results were explored and transformations chosen based on ecological rationale. Sensitivity to mining impacts was summed within samples and mapped to show the spatial distribution of sensitivity. Samples (assemblages) consisted of 173 individual 200 m transects for seamount survey data and 153 individual 15 m transects for site survey data. For both spatial scales, the sensitivity of taxa and the sensitivity summed within each sample (assemblage) was greatest to mineral extraction, followed by plume impacts, and least sensitive to vehicle impacts. The location of most very highly sensitive assemblages coincided with the occurrence of hydrothermal vent taxa or previously mapped locations for hydrothermally active habitat. Highly sensitive assemblages occurred at hydrothermally inactive sulfide structures, such as chimneys, and other locations where assemblages were dominated by fragile, sessile, suspension-feeding taxa, such as scleractinian branching corals. The approach taken here illustrates spatial patterns in sensitivity within seamounts and sites and provides an important first step towards a more comprehensive ERA. This type of assessment has the potential to inform decisions on spatial management of SMS mining activities, and the suitable placement of area-based management measures, such as protected areas."
SS_MECH_FEEDING_MUCUS_CORAL_01,MECH_FEEDING_MUCUS_CORAL,Semantic Scholar Academic Graph API,2026-08-13,554df13c1bbdaf217f28d4412f833795abde03b4,16178931,Trophic ecology of two cold-water coral species from the Mediterranean Sea revealed by lipid biomarkers and compound-specific isotope analyses,M. Naumann; I. Tolosa; M. Taviani; R. Grover; C. Ferrier‐Pagès,2015,2015-07-16,Coral reefs,,10.1007/s00338-015-1325-8,,,https://www.semanticscholar.org/paper/554df13c1bbdaf217f28d4412f833795abde03b4,False,,33,54,1,Biology,Biology; Biology; Environmental Science,
SS_MECH_FEEDING_MUCUS_CORAL_01,MECH_FEEDING_MUCUS_CORAL,Semantic Scholar Academic Graph API,2026-08-13,55eefb113d0a98cea1fe1c36191c8b56a0566057,87263487,The ecosystem roles of parrotfishes on tropical reefs,R. M. Bonaldo; A. Hoey; D. Bellwood,2014,2014-09-02,,,10.1201/B17143-3,,,https://www.semanticscholar.org/paper/55eefb113d0a98cea1fe1c36191c8b56a0566057,False,,200,175,21,Biology,Biology; Environmental Science; Biology,
SS_MECH_FEEDING_MUCUS_CORAL_01,MECH_FEEDING_MUCUS_CORAL,Semantic Scholar Academic Graph API,2026-08-13,566f872bb7938d97258fbccb41f3072e747cf4fd,89000385,"Effects of macroalgal expansion triggered by the 2011 earthquake and tsunami on recruitment density of juvenile abalone Haliotis discus hannai at Oshika Peninsula, northeastern Japan",H. Takami; Tomohiko Kawamura; Nam-Il Won; D. Muraoka; J. Hayakawa; Toshihiro Onitsuka,2017,2017-03-01,,,10.1111/FOG.12191,,,https://www.semanticscholar.org/paper/566f872bb7938d97258fbccb41f3072e747cf4fd,False,,13,27,0,Biology,Biology; Environmental Science,
SS_MECH_FEEDING_MUCUS_CORAL_01,MECH_FEEDING_MUCUS_CORAL,Semantic Scholar Academic Graph API,2026-08-13,5675c309df74ef18f25871d226bf2f7168f755b3,55775703,The Effects of Hurricane-Deposited Mud on Coral Communities in Florida,C. Miller; V. Kosmynin,2009,,,Review,,,,https://www.semanticscholar.org/paper/5675c309df74ef18f25871d226bf2f7168f755b3,False,,4,2,1,,Environmental Science,
SS_MECH_FEEDING_MUCUS_CORAL_01,MECH_FEEDING_MUCUS_CORAL,Semantic Scholar Academic Graph API,2026-08-13,56e9028e8d1797c42537e8712e0c8e04aed9b2c2,101908950,Toxic effects of chemicals on microorganisms,R. Barreiro; J. Pratt,1992,1992-06-01,,,10.1002/J.1554-7531.1992.TB00045.X,,,https://www.semanticscholar.org/paper/56e9028e8d1797c42537e8712e0c8e04aed9b2c2,False,,16,99,0,Chemistry,Chemistry; Environmental Science,
SS_MECH_FEEDING_MUCUS_CORAL_01,MECH_FEEDING_MUCUS_CORAL,Semantic Scholar Academic Graph API,2026-08-13,571e4f4a7cc2f00a0556dcd97a4dd87a8a74987f,83290669,Prokaryotic abundance and community structure in mucus of reef- building corals,Katharina Roll,2013,,,,,,,https://www.semanticscholar.org/paper/571e4f4a7cc2f00a0556dcd97a4dd87a8a74987f,False,,0,0,0,Biology,Biology,
SS_MECH_FEEDING_MUCUS_CORAL_01,MECH_FEEDING_MUCUS_CORAL,Semantic Scholar Academic Graph API,2026-08-13,57d1375e922426b26958d6ced508cd585eba4382,16438623,Calcification by Reef-Building Sclerobionts,J. Mallela,2013,2013-03-28,PLoS ONE,JournalArticle,10.1371/journal.pone.0060010,,23555864,https://www.semanticscholar.org/paper/57d1375e922426b26958d6ced508cd585eba4382,True,https://journals.plos.org/plosone/article/file?id=10.1371/journal.pone.0060010&type=printable,40,63,6,Biology; Medicine,Biology; Medicine; Environmental Science,"It is widely accepted that deteriorating water quality associated with increased sediment stress has reduced calcification rates on coral reefs. However, there is limited information regarding the growth and development of reef building organisms, aside from the corals themselves. This study investigated encruster calcification on five fore-reefs in Tobago subjected to a range of sedimentation rates (1.2 to 15.9 mg cm−2 d−1). Experimental substrates were used to assess rates of calcification in sclerobionts (e.g. crustose coralline algae, bryozoans and barnacles) across key reef microhabitats: cryptic (low-light), exposed (open-horizontal) and vertical topographic settings. Sedimentation negatively impacted calcification by photosynthesising crustose coralline algae in exposed microhabitats and encrusting foram cover (%) in exposed and cryptic substrates. Heterotrophs were not affected by sedimentation. Fore-reef, turbid water encruster assemblages calcified at a mean rate of 757 (SD ±317) g m−2 y−1. Different microhabitats were characterised by distinct calcareous encruster assemblages with different rates of calcification. Taxa with rapid lateral growth dominated areal cover but were not responsible for the majority of CaCO3 production. Cryptobiont assemblages were composed of a suite of calcifying taxa which included sciaphilic cheilostome bryozoans and suspension feeding barnacles. These calcified at mean rates of 20.1 (SD ±27) and 4.0 (SD ±3.6) g m−2 y−1 respectively. Encruster cover (%) on exposed and vertical substrates was dominated by crustose coralline algae which calcified at rates of 105.3 (SD ±67.7) g m−2 y−1 and 56.3 (SD ±8.3) g m−2 y−1 respectively. Globally, encrusting organisms contribute significant amounts of carbonate to the reef framework. These results provide experimental evidence that calcification rates, and the importance of different encrusting organisms, vary significantly according to topography and sediment impacts. These findings also highlight the need for caution when modelling reef framework accretion and interpreting results which extrapolate information from limited data."
SS_MECH_FEEDING_MUCUS_CORAL_01,MECH_FEEDING_MUCUS_CORAL,Semantic Scholar Academic Graph API,2026-08-13,5a4de04b37dd53bd957ea51ec38187be2590a5f1,140611322,"Soluble humic substances from in situ precipitated microcrystalline calcium carbonate, internal sediment, and spar cement in a Cretaceous carbonate mud-mound",F. Neuweiler; M. Rutsch; G. Geipel; A. Reimer; K. Heise,2000,2000-09-01,,,10.1130/0091-7613(2000)28<851:SHSFIS>2.0.CO;2,,,https://www.semanticscholar.org/paper/5a4de04b37dd53bd957ea51ec38187be2590a5f1,False,,54,19,1,Geology,Geology; Geology; Environmental Science,
SS_MECH_FEEDING_MUCUS_CORAL_01,MECH_FEEDING_MUCUS_CORAL,Semantic Scholar Academic Graph API,2026-08-13,5a92ea07fb233729afe498d0b3c6f1de5652fa4b,128954894,Mixing of siliciclastic and carbonate sediments in shallow shelf environments,J. Mount,1984,1984-07-01,,,10.1130/0091-7613(1984)12<432:MOSACS>2.0.CO;2,,,https://www.semanticscholar.org/paper/5a92ea07fb233729afe498d0b3c6f1de5652fa4b,False,,340,0,20,Geology,Geology; Geology; Environmental Science,
SS_MECH_FEEDING_MUCUS_CORAL_01,MECH_FEEDING_MUCUS_CORAL,Semantic Scholar Academic Graph API,2026-08-13,5afcae07c316ebb4da6d87a18281f84a2df28651,230942450,COASTAL RESOURCE ENVIRONMENT PROFILE OF CATARMAN NORTHERN SAMAR,M. Ogoc,2018,2018-12-31,International journal of research - granthaalayah,Review,10.29121/granthaalayah.v6.i12.2018.1108,,,https://www.semanticscholar.org/paper/5afcae07c316ebb4da6d87a18281f84a2df28651,True,https://www.granthaalayahpublication.org/journals/index.php/granthaalayah/article/download/IJRG19_A01_2014/982,0,10,0,Geography,Geography; Environmental Science,"The coastline of the municipality of Catarman, Northern Samar stretches about 13.32 kilometers and its municipal waters has an estimated area of 66.304 square kilometers. Generally it has a plain bottom topography, consisting of coarse sand and muddy terrigenous soil that is carried and deposited by the fresh water that gush out from Catarman River, the major tributary of ‘sweet water’ which enriched the substrate with nutrients that eventually give rise to algal and plankton blooms that invite schooling pelagic fishes jacking  up  the commercial value of the municipal water. The soft bottom sediment gently slopes on the average of 3 degrees from the intertidal zone and stretches up to 60 meters deep seaward. 
The municipality has an estimated aggregate coral reef area of 2,558 square meters with only 20% live coral cover that is mostly concentrated at the seaward side of reef edge, and with massive coral as its dominant life-form structure. 
The death of coral reefs (60 percent of the cover) is generally presumed to be an aftermath of heavy siltation that is brought about by the influx of fresh water from Catarman river and other tributaries as evidenced by the brownish color of the silted coral heads. However, sites of coral rubbles (about 10%) believed to be a remnant of the blast fishing in the area had been noticed. Non-biodegradable Solid wastes such as cellophanes and plastics were also observed neck-tied on some coral heads. 
Most of the fishes observed within 1-4 depth range along UEP- Cawayan Fringing reef and Puputihon patch reef are non-commercial reef fish species, such as Palata, Gono, Alibang-bang, lubayan while those fish species that are most preferred by fishermen are in least abundance and can only be observed at greater depth range (Molmol, Baraka, Mayamaya). Commonly, the sizes of the reef fish that were observed ranges from 6- 30 centimeters fork length suggesting that the fish stock in the area is still young. The volume of the fish stock within the reef system of Puputihon and UEP-Cawayan area is estimated to be at 15 kilograms per hectare. The high importance value of the” non-target” reef species connotes that the surrounding reef habitat has still the capability to carry out the necessary ecological processes of reef fish reproduction. 
There are 5 species of seagrasses that thrives in Puputihon islet and UEP-Cawayan fringing reef. Ecologically, these seagrass areas serve as breeding and feeding grounds for some seagrass- specific fishes and mollusks. The Turtle Grass, Thallassia Hemprichii and Cymodocea sp.dominates the seagrass community (constituting about 85 % of the area). The Eel grass (Enhalus acoroides), Spoon Grass (Halophila sp.), Needle Grass (Halodule sp.) are noted to be less occurring. Though, this macrophyte community could well serve the reef system ecologically because of its high diversity, its environmental importance is not much due to its negligible area. Approximately, the seagrass community cover an aggregate of 500 square meter. 
Of the twenty one (21) species of marine algae, ten (10) of which are chlorophytes or green algae, (four)4 phaeophytes, brown algae and Seven (7) Rhodophytes or algae that gives off red color. Only Gelidiella acerosa, a Rhodophyte and Caulerpa spp.a chlorophyte are harvested by the fisherfolks  for commercial purpose. Gelidiella acerosa or gulaman dagat have a density of 98.9 square meters per hectare during the conduct of the survey. 
There are about 37 species of mollusks that are present along the UEP- Cawayan sampling sites, most of which are considered for commerce and domestic food. 
Findings revealed the species composition of mangroves in all sampling stations. There were seven (7) families, nine (9) genera, comprising fifteen (15) species of true mangroves that are found in sampling stations. A total of 654 number of individuals were identified, counted, and measured.  According to number of individual (ni), api-api (Avicennia officinalis) of the family Avicenniaceae registered to be the most abundant among other species and present in all sampling stations followed by bakauan-lalake (Rhizophora apiculata) and bakauan-babae (Rhizophora mucronata) of the family Rhizophoraceae with 73 and 66 number of individuals, respectively.  The least encountered species were tangal (Ceriops tagal) and pototat (Bruguiera sexangula) with 2 and 1 number of individuals, respectively."
SS_MECH_FEEDING_MUCUS_CORAL_01,MECH_FEEDING_MUCUS_CORAL,Semantic Scholar Academic Graph API,2026-08-13,5bbb23720c43505db9bb06ed88cb249adca2de70,231918876,"Chlorinated paraffins (SCCPs and MCCPs) in corals and water-SPM-sediment system in the Persian Gulf, Iran: A potential global threat for coral reefs.",Ali Ranjbar Jafarabadi; M. Dashtbozorg; E. Raudonytė-Svirbutavičienė; A. Riyahi Bakhtiari,2021,2021-01-21,Environmental Pollution,JournalArticle,10.1016/j.envpol.2021.116531,,33581638,https://www.semanticscholar.org/paper/5bbb23720c43505db9bb06ed88cb249adca2de70,False,,16,73,1,Medicine,Medicine; Environmental Science,"Swift degradation of the coral reef ecosystems urges the need to identify the reef decline drivers. Due to their widespread use, bioaccumulative and toxic characteristics, chlorinated organic compounds, such as chlorinated paraffins (CPs), are regarded as specific pollutants of concern. Yet little is known about the occurrence of CPs in the coral reef ecosystems. This study focuses on the short-chain chlorinated paraffins (SCCPs) and medium-chain chlorinated paraffins (MCCPs). Their distribution and congener pattern were investigated in the water-SPM-sediment system and in the corals of the Larak coral reef for the first time. Chlorinated paraffins were detected in all the coral species. Their total loadings ranged from 42.1 to 178 ng g-1 dw in coral tissue, from 6.0 to 144 ng g-1dw in the skeleton, and from 55.0 to 240 ng g-1dw in zooxanthellae. Soft corals were found to accumulate more CPs than Scleractinian corals. Zooxanthellae and mucus accumulated more CPs than tissue and skeleton. In most cases, congener group patterns were dominated by C13 (for SCCPs) and C17 (MCCPs) groups, respectively. The congener patterns of CPs altered to some extent between mucus and the remaining coral compartments. High loadings of CPs were detected in the skeleton of the bleached corals. Moreover, a significant negative correlation between the levels of CPs and the symbiodinium density was observed."
SS_MECH_FEEDING_MUCUS_CORAL_01,MECH_FEEDING_MUCUS_CORAL,Semantic Scholar Academic Graph API,2026-08-13,5bf27512b7adda64396217d5600e05919a6288a2,84706810,Phenotypic plasticity of the coral Porites rus: Acclimatization responses to a turbid environment,J. Padilla-Gamiño; Katharine M. Hanson; M. Stat; R. Gates,2012,2012-12-01,,,10.1016/J.JEMBE.2012.08.006,,,https://www.semanticscholar.org/paper/5bf27512b7adda64396217d5600e05919a6288a2,False,,41,63,3,Biology,Biology; Environmental Science; Biology,
SS_MECH_FEEDING_MUCUS_CORAL_01,MECH_FEEDING_MUCUS_CORAL,Semantic Scholar Academic Graph API,2026-08-13,5bfb1a72df62a5b835ed602c017344f32e0f921a,284961292,Effects of finfish aquaculture waste on the soft coral Gersemia rubiformis and sea anemone Aulactinia stella.,Kathryn Murray; Bárbara de Moura Neves; J. Hamel; Daria Gallardi; A. Mercier,2026,2026-01-21,Marine Pollution Bulletin,JournalArticle,10.1016/j.marpolbul.2026.119264,,41570513,https://www.semanticscholar.org/paper/5bfb1a72df62a5b835ed602c017344f32e0f921a,True,https://doi.org/10.1016/j.marpolbul.2026.119264,0,70,0,Medicine,Medicine; Environmental Science,"Finfish aquaculture production in marine habitats can alter benthic communities through the sedimentation of fish feces and excess feed. The direct impacts of aquaculture wastes on habitat-forming species such as cold-water corals, and other benthic megafauna, are not well understood. Here, the soft coral Gersemia rubiformis and the sea anemone Aulactinia stella were exposed twice daily to low (5 g C m-2 d-1) or high (10 g C m-2 d-1) concentrations of salmon feed/feces, inorganic sediment (0 g C m-2 d-1), or no sedimentation over 28 days. Behaviour was recorded using timelapse videos and direct observations, and biochemical analyses were conducted post-trial. When exposed to wastes, G. rubiformis spent more time in an expanded state, which may assist with sediment and/or bacterial removal. Similarly, individuals of A. stella exposed to wastes spent more time with their tentacles extended and showed increased eversion of their pharynx, potentially as feeding mechanisms. Though no change in lipid composition was detected because of aquaculture waste exposure in either species after 28 days, a shift in the overall fatty acid composition was identified for G. rubiformis. As well, tracer fatty acids associated with salmon waste (18:2ω6 and 18:1ω9) were elevated in the biochemical profiles of both species following the low and high-waste treatments, suggesting selective assimilation of salmon feed. This study showed behavioural and biochemical effects in both G. rubiformis and A. stella over a short period of exposure to aquaculture wastes, raising important questions regarding the effects of long-term exposure to wastes."
SS_MECH_FEEDING_MUCUS_CORAL_01,MECH_FEEDING_MUCUS_CORAL,Semantic Scholar Academic Graph API,2026-08-13,5c05f92f8e7496e88ff115be74a5ef485c802600,28280599,Cross-shelf variation in the role of parrotfishes on the Great Barrier Reef,A. Hoey; D. Bellwood,2008,2008-03-01,Coral reefs,,10.1007/s00338-007-0287-x,,,https://www.semanticscholar.org/paper/5c05f92f8e7496e88ff115be74a5ef485c802600,False,,296,62,28,Biology,Biology; Environmental Science,
SS_MECH_FEEDING_MUCUS_CORAL_01,MECH_FEEDING_MUCUS_CORAL,Semantic Scholar Academic Graph API,2026-08-13,5c16ec335b3111925d3d81d4e8e0f0ca480d53f5,257610612,Polycyclic aromatic hydrocarbons in coral reefs with a focus on Scleractinian corals: A systematic overview.,N. Menezes; I. Cruz; G. D. da Rocha; J. D. de Andrade; Z. M. Leão,2023,2023-03-01,Science of the Total Environment,Review; JournalArticle,10.1016/j.scitotenv.2023.162868,,36934938,https://www.semanticscholar.org/paper/5c16ec335b3111925d3d81d4e8e0f0ca480d53f5,False,,10,0,0,Medicine,Medicine; Environmental Science,"The impact of petroleum exploitation and oil spills in marine ecosystems has increased over time. Among the concerns regarding these events, the impact on coral reefs stand out because this ecosystem has ecological and economic importance and is globally threatened. We performed a systematic review and bibliometric analysis of studies that determine polycyclic aromatic hydrocarbons (PAHs) in coral reefs, attempting to answer how the studies were distributed around the globe, the main environmental matrices and species of coral studied, the main PAHs found and their mean concentrations, and the methodology used. A bibliographic search resulted in 42 studies with worldwide distribution. The bibliometric results presented more explored terms, such as sediments and toxicology, and newly investigated terms, which should encourage a new area of study, such as those related to zooxanthellae and mucus. The main matrices studied in coral reefs are sediments, corals, and water, whereas air and other invertebrates have rarely been studied. Approximately 45 species of corals with several morphotypes have been reported. PAHs recommended by the United States Environmental Protection Agency (US EPA) were analyzed in all studies, while additional compounds were analyzed in only five. The methods used to determine hydrocarbons are predominantly the most traditional; however, for corals, studies have tended to separate tissue, zooxanthellae, skeleton, and mucus. In the future, we recommend investment in improving the capacity to detect non-conventional PAHs, more studies in regions that are rarely explored in developing countries, and the creation of databases to facilitate management planning on marine coasts."
SS_MECH_FEEDING_MUCUS_CORAL_01,MECH_FEEDING_MUCUS_CORAL,Semantic Scholar Academic Graph API,2026-08-13,5c582b4e118f164aa51a65d17b90dbcc6dc5aeb1,126791972,"Animal-Sediment Relations in a Tropical Lagoon: Discovery Bay, Jamaica",R. Aller; R. Dodge,1974,,,,,,,https://www.semanticscholar.org/paper/5c582b4e118f164aa51a65d17b90dbcc6dc5aeb1,False,,239,43,5,Geology,Geology; Environmental Science,
SS_MECH_FEEDING_MUCUS_CORAL_01,MECH_FEEDING_MUCUS_CORAL,Semantic Scholar Academic Graph API,2026-08-13,5c62c554475a96367e6158b78d92374655c09e4c,284339211,Marine Fungi in Coral Reefs: Interactions and Ecological Significance,Samuel Ayeh Osei; S. O. Dandi; E. H. Alhassan; S. Atindana,2025,2025-11-01,Marine Ecology,JournalArticle,10.1111/maec.70070,,,https://www.semanticscholar.org/paper/5c62c554475a96367e6158b78d92374655c09e4c,False,,1,193,0,,Environmental Science; Biology,"Marine fungi have a crucial but little‐studied role in the dynamics of disease, holobiont stability and nutrient cycling in coral reef ecosystems. Despite having more than 1500 identified species, little is known about the ecological roles of marine fungi in comparison to bacteria and algae. Fungal populations live in the surrounding waters, sediments, bones, mucous and coral tissues. Ascomycota, Basidiomycota and Chytridiomycota are among the many phyla that they constitute. These fungi function as mutualists, pathogens, decomposers and bioindicators that influence coral health through food provisioning, antimicrobial activity and stress tolerance. However, when opportunistic species are subjected to environmental stress, they can exacerbate disease. Specifically, warming, acidification, eutrophication, pollution, hypoxia and sedimentation are environmental changes that impact fungal diversity and function. As a result, microbial networks become unstable and more pathogenic. Nutrient turnover and fungus‐mediated decomposition impact reef carbon fluxes and ecosystem structure, causing bioerosion and biodiversity loss. Present research is limited by inadequate functional validation, taxonomic and regional biases and a lack of understanding of multi‐stressor interactions, microbial networks and pathogen spreading pathways. This study highlights the critical roles that marine fungi play in disease dynamics, nutrient cycling and reef resilience by summarising the research on their interactions with coral. It identifies significant knowledge gaps in the context of global change and offers directions for integrative research that uses omics methods, experimental manipulation and predictive modelling to direct reef management and conservation."
SS_MECH_FEEDING_MUCUS_CORAL_01,MECH_FEEDING_MUCUS_CORAL,Semantic Scholar Academic Graph API,2026-08-13,5c8c3bab5c5171a96ac4622d5f5dbf67b9f695b8,135356787,"­Inshore, turbid coral reefs from northwest Borneo exhibiting low diversity, but high cover show evidence of resilience to various environmental stressors",C. Brown; N. Browne; J. McIlwain; J. Zinke,2018,2018-12-10,,,10.7287/PEERJ.PREPRINTS.27422V1,,,https://www.semanticscholar.org/paper/5c8c3bab5c5171a96ac4622d5f5dbf67b9f695b8,True,https://doi.org/10.7287/peerj.preprints.27422v1,2,130,0,Environmental Science,Environmental Science; Environmental Science,"For reefs in SE Asia the synergistic effects of rapid land-development, insufficient environmental policies and a lack of enforcement has led to poor water quality and compromised coral health from increased sediment and pollution. Those inshore turbid coral reefs, subject to significant sediment inputs, may also inherit some resilience to the effects of thermal stress and coral bleaching. We studied the inshore turbid reefs near Miri, in northwest Borneo, through a comprehensive assessment of coral cover, health and function in addition to quantifying sediment-related parameters. Although Miri Reefs had comparatively low coral species diversity, dominated by massive and encrusting forms of Diploastrea, Porites, Montipora, Favites, Dipsastrea and Pachyseris, they were characterised by a healthy cover ranging from 22-39%. We found a strong inshore to offshore gradient in hard coral cover, diversity and community composition as a direct result of spatial differences in sediment but over scales of <10 km. As well as distance to shore, we included other environmental variables like reef depth and sediment accumulation/size that explained 62.5% of variation in benthic composition among sites. None of the reefs showed evidence of coral disease and relatively low prevalence of compromised health signs including bleaching (6.7%), bioerosion (6.6%), pigmentation (2.2%), scars (1.1%) and mucus production (0.5%). There were, however, seasonal differences in bioerosion rates which increased five-fold after the 2017 wet season. Tagged colonies of Diploastrea and Pachyseries showing partial bleaching in 2016, had fully recovered by 90-100% the following year. Differences in measures of coral function like that of symbiont density and chlorophyll a for Montipora, Pachyseris and Acropora were not detected among sites. This study provides further evidence that turbid coral reefs exposed to seasonally elevated sediment loads can exhibit relatively high coral cover and be resilient to disease and elevated sea surface temperatures."
SS_MECH_FEEDING_MUCUS_CORAL_01,MECH_FEEDING_MUCUS_CORAL,Semantic Scholar Academic Graph API,2026-08-13,5cb7ed0c4618de8226c6e5f9bb87ef2061b7af6b,24763514,"Enhanced particle-feeding capacity of corals on turbid reefs (Great Barrier Reef, Australia)",K. Anthony,2000,2000-04-18,Coral reefs,,10.1007/s003380050227,,,https://www.semanticscholar.org/paper/5cb7ed0c4618de8226c6e5f9bb87ef2061b7af6b,False,,251,33,15,Environmental Science,Environmental Science; Environmental Science,
SS_MECH_FEEDING_MUCUS_CORAL_01,MECH_FEEDING_MUCUS_CORAL,Semantic Scholar Academic Graph API,2026-08-13,5e94cd4392eb53b03444d8b5bc55ffe7a5a64469,230112474,Utilization of Shrimp waste as a novel media for marine bacteria isolation,A. Mathivanan; S. Ravikumar; G. Selvakumar; K. Devanandh,2021,2021-01-01,3 Biotech,CaseReport,10.1007/s13205-020-02564-z,,34295603,https://www.semanticscholar.org/paper/5e94cd4392eb53b03444d8b5bc55ffe7a5a64469,True,https://www.ncbi.nlm.nih.gov/pmc/articles/PMC8263814,4,24,1,Medicine,Medicine; Environmental Science; Biology; Chemistry,
SS_MECH_FEEDING_MUCUS_CORAL_01,MECH_FEEDING_MUCUS_CORAL,Semantic Scholar Academic Graph API,2026-08-13,5f3d7661a34836e983a03314c81e9fa9c09d7aed,33953116,Threatened Fishes of the World: Bolbometopon muricatum (Valenciennes 1840) (Scaridae),T. Donaldson; N. Dulvy,2004,2004-08-01,Environmental Biology of Fishes,,10.1023/B:EBFI.0000035509.89614.1e,,,https://www.semanticscholar.org/paper/5f3d7661a34836e983a03314c81e9fa9c09d7aed,False,,39,1,1,Geography,Geography; Biology; Environmental Science,
SS_MECH_FEEDING_MUCUS_CORAL_01,MECH_FEEDING_MUCUS_CORAL,Semantic Scholar Academic Graph API,2026-08-13,5fdd3d0e8590309206c7f6e34bcf65967fe1c087,201636362,"FACIES 38 229-254 PI . 56-57 14 Figs . 16 Tab . ERLANGEN 1998 i Subtropical Coral-reef Associated Sedimentary Facies Characterized by Molluscs ( Northern Bay of Safaga , Red Sea , Egypt )",M. Zuschin; J. Hohenegger,2006,,,,,,,https://www.semanticscholar.org/paper/5fdd3d0e8590309206c7f6e34bcf65967fe1c087,False,,0,103,0,,Geology; Environmental Science,
SS_MECH_FEEDING_MUCUS_CORAL_01,MECH_FEEDING_MUCUS_CORAL,Semantic Scholar Academic Graph API,2026-08-13,60072de40ead1ce75f77181bb8bd36bc5323ae7d,249290830,A 3D perspective on sediment turnover and feeding selectivity in blennies.,Casey L Bowden; Robert P. Streit; D. Bellwood; S. B. Tebbett,2022,2022-06-01,Marine Pollution Bulletin,JournalArticle,10.1016/j.marpolbul.2022.113799,,35665616,https://www.semanticscholar.org/paper/60072de40ead1ce75f77181bb8bd36bc5323ae7d,False,,4,126,0,Medicine,Medicine; Environmental Science; Biology,"Sediments in algal turfs can modify a wide variety of key ecological processes on coral reefs. While some larger reef fishes can remove these turf-bound sediments, the role of small, yet abundant, cryptobenthic fishes is currently unclear. To address this knowledge gap, we explored the extent to which the blenny, Ecsenius stictus, can shape sediment dynamics on coral reefs by quantifying their sediment ingestion and space use. Per unit body mass, E. stictus process sediments at comparable rates to key parrotfish and surgeonfish species. However, in absolute terms, E. stictus has a negligible influence on net sediment dynamics, despite their abundance. Behavioural observations and 3D photogrammetry reveal that E. stictus preferentially feed and rest on elevated surfaces; potentially because of low sediment loads on these surfaces. Overall, E. stictus may be responding to sediment loads rather than manipulating them; it is a passenger rather than a driver in reef processes."
SS_MECH_FEEDING_MUCUS_CORAL_01,MECH_FEEDING_MUCUS_CORAL,Semantic Scholar Academic Graph API,2026-08-13,6013bdf79c0e33fbc5a4dfd6b97491b7f56e5ccd,205361969,Microarray analysis reveals transcriptional plasticity in the reef building coral Acropora millepora,L. Bay; K. Ulstrup; H. Nielsen; H. Jarmer; N. Goffard; B. Willis; David J. Miller; M. V. van Oppen,2009,2009-07-01,Molecular Ecology,JournalArticle,10.1111/j.1365-294X.2009.04257.x,,19538339,https://www.semanticscholar.org/paper/6013bdf79c0e33fbc5a4dfd6b97491b7f56e5ccd,False,,90,92,5,Medicine; Biology,Medicine; Biology; Environmental Science; Biology,
SS_MECH_FEEDING_MUCUS_CORAL_01,MECH_FEEDING_MUCUS_CORAL,Semantic Scholar Academic Graph API,2026-08-13,605a7dd503ab173cdb26047a051e7d585cc963f7,267384444,"Gastric microbiomes of Cassiopea in the Florida Keys are low diversity and Endozoicomonas-, Vibrio- and Mycoplasma-dominated",K. Muffett; J. Labonté; M. Miglietta,2025,2025-02-15,bioRxiv,,10.1101/2024.01.30.577655,,,https://www.semanticscholar.org/paper/605a7dd503ab173cdb26047a051e7d585cc963f7,True,https://www.biorxiv.org/content/biorxiv/early/2024/01/31/2024.01.30.577655.full.pdf,1,0,0,Biology,Biology; Environmental Science; Biology,"Interactions with microbial communities fundamentally shape metazoans’ physiology, development, and health across marine ecosystems. This is especially true in zooxanthellate (symbiotic algae-containing) cnidarians. In photosymbiotic anthozoans (eg. shallow water anemones and corals), the key members of the associated microbiota are increasingly well studied, however there is limited data on photosymbiotic scyphozoans (true jellyfish). Using 16S rRNA barcoding, we sampled the internal and external mucus of the zooxanthellate Upside- Down Jellyfish, Cassiopea xamachana throughout eight sites covering the full length of the Florida Keys. We find that across sites, these medusae to have low-diversity internal microbial communities distinct from the communities of their external surfaces and their environment. These internal communities are dominated by only three taxa: Endozoicomonas cf. atrinae, an uncultured novel Mycoplasma, and Vibrio cf. coralliilyticus. Cassiopea bell mucosal samples conform largely to the communities of surrounding sediment with the addition of Endozoicomonas cf. atrinae. The microbial taxa we identify associated with wild Florida Keys Cassiopea bear a strong resemblance to those found within photosymbiotic anthozoans, increasing the known links in ecological position between these groups."
SS_MECH_FEEDING_MUCUS_CORAL_01,MECH_FEEDING_MUCUS_CORAL,Semantic Scholar Academic Graph API,2026-08-13,60b54bfc34ad7cca4e773c4c805f362f03d4b95e,249841013,Control of seagrass communities and sediment distribution,T. Suchanek,2003,,,,,,,https://www.semanticscholar.org/paper/60b54bfc34ad7cca4e773c4c805f362f03d4b95e,False,,2,50,0,,Environmental Science,
SS_MECH_FEEDING_MUCUS_CORAL_01,MECH_FEEDING_MUCUS_CORAL,Semantic Scholar Academic Graph API,2026-08-13,60de7d5871d15ca0d37a7f1a4575b0292225b566,30141679,Mechanisms of damage to corals exposed to sedimentation,Miriam Weber; D. de Beer; C. Lott; L. Polerecky; K. Kohls; R. Abed; T. Ferdelman; K. Fabricius,2012,2012-05-21,Proceedings of the National Academy of Sciences of the United States of America,JournalArticle,10.1073/pnas.1100715109,,22615403,https://www.semanticscholar.org/paper/60de7d5871d15ca0d37a7f1a4575b0292225b566,True,https://www.pnas.org/content/pnas/109/24/E1558.full.pdf,247,68,12,Biology; Medicine,Biology; Medicine; Environmental Science,
SS_MECH_FEEDING_MUCUS_CORAL_01,MECH_FEEDING_MUCUS_CORAL,Semantic Scholar Academic Graph API,2026-08-13,6226a1827e5409fcd0c4cbe3e7eaf7df93120c40,253745476,The influence of seasonality on benthic primary production in a Red Sea coral reef,N. van Hoytema; V. Bednarz; U. Cardini; M. Naumann; F. Al-Horani; C. Wild,2016,2016-02-16,Marine Biology,,10.1007/s00227-015-2787-5,,,https://www.semanticscholar.org/paper/6226a1827e5409fcd0c4cbe3e7eaf7df93120c40,False,,1,93,0,,Environmental Science,
SS_MECH_FEEDING_MUCUS_CORAL_01,MECH_FEEDING_MUCUS_CORAL,Semantic Scholar Academic Graph API,2026-08-13,62e1b8d7c95dc5bde82c34f638266399656a0296,284283951,Mineral Deposits and Underground Waters of the Caves of the Surkhantau Range (Uzbekistan),E. P. Bazarova; O. I. Kadebskaya; E. A. Tsurikhin; A. M. Kononov,2025,2025-09-01,Geography and Natural Resources,JournalArticle,10.1134/S1875372825700349,,,https://www.semanticscholar.org/paper/62e1b8d7c95dc5bde82c34f638266399656a0296,False,,0,29,0,,Geology; Environmental Science,
SS_MECH_FEEDING_MUCUS_CORAL_01,MECH_FEEDING_MUCUS_CORAL,Semantic Scholar Academic Graph API,2026-08-13,6370ec69cd9d0ba03e53dc0a76a2343aae55173d,140538887,"Physical and biological effects associated with stingray foraging behaviour at Ningaloo Reef, Western Australia",O. O’Shea; M. Thums; M. Meekan; M. Keulen,2012,,,,,,,https://www.semanticscholar.org/paper/6370ec69cd9d0ba03e53dc0a76a2343aae55173d,False,,1,0,0,Geography,Geography; Environmental Science; Biology,
SS_MECH_FEEDING_MUCUS_CORAL_01,MECH_FEEDING_MUCUS_CORAL,Semantic Scholar Academic Graph API,2026-08-13,63cd5e4b37cac6c434c70f279ee9c35c0f4e2166,276698031,The role of coral mucus in the material cycle in reef ecosystems,,2015,,,,,,,https://www.semanticscholar.org/paper/63cd5e4b37cac6c434c70f279ee9c35c0f4e2166,False,,0,0,0,,Environmental Science,
SS_MECH_FEEDING_MUCUS_CORAL_01,MECH_FEEDING_MUCUS_CORAL,Semantic Scholar Academic Graph API,2026-08-13,63dad73832b9845e2225f9ffb80bb14d282deb79,829607,The effect of seasonal temperature extremes on sediment rejection in three scleractinian coral species,A. Ganase; P. Bongaerts; P. Visser; S. Dove,2016,2016-03-01,Coral reefs,,10.1007/s00338-015-1359-y,,,https://www.semanticscholar.org/paper/63dad73832b9845e2225f9ffb80bb14d282deb79,False,,7,23,1,Geology,Geology; Environmental Science,
SS_MECH_FEEDING_MUCUS_CORAL_01,MECH_FEEDING_MUCUS_CORAL,Semantic Scholar Academic Graph API,2026-08-13,63e8822744e2d3661778665cf74d21b8265f3097,201086054,Tite significan ce of emerging diseases in tite tropical coral reef ecosystem,L.; I..,2010,,,,,,,https://www.semanticscholar.org/paper/63e8822744e2d3661778665cf74d21b8265f3097,False,,0,30,0,,Environmental Science; Biology,
SS_MECH_FEEDING_MUCUS_CORAL_01,MECH_FEEDING_MUCUS_CORAL,Semantic Scholar Academic Graph API,2026-08-13,656057cb97f76c9a5b2eb80eff8361bc71596c6c,268028490,Removal of detritivore sea cucumbers from reefs increases coral disease,Cody S. Clements; Zoe A. Pratte; Frank J. Stewart; M. Hay,2024,2024-02-26,Nature Communications,JournalArticle,10.1038/s41467-024-45730-0,,38409274,https://www.semanticscholar.org/paper/656057cb97f76c9a5b2eb80eff8361bc71596c6c,True,https://www.nature.com/articles/s41467-024-45730-0.pdf,35,65,0,Medicine,Medicine; Environmental Science; Biology,"Coral reefs are in global decline with coral diseases playing a significant role. This is especially true for Acroporid corals that represent ~25% of all Pacific coral species and generate much of the topographic complexity supporting reef biodiversity. Coral diseases are commonly sediment-associated and could be exacerbated by overharvest of sea cucumber detritivores that clean reef sediments and may suppress microbial pathogens as they feed. Here we show, via field manipulations in both French Polynesia and Palmyra Atoll, that historically overharvested sea cucumbers strongly suppress disease among corals in contact with benthic sediments. Sea cucumber removal increased tissue mortality of Acropora pulchra by ~370% and colony mortality by ~1500%. Additionally, farmerfish that kill Acropora pulchra bases to culture their algal gardens further suppress disease by separating corals from contact with the disease-causing sediment—functioning as mutualists rather than parasites despite killing coral bases. Historic overharvesting of sea cucumbers increases coral disease and threatens the persistence of tropical reefs. Enhancing sea cucumbers may enhance reef resilience by suppressing disease. Coral diseases are commonly sediment-associated. Here the authors conduct a field experiment in French Polynesia and Palmyra Atoll showing that removal of sea cucumbers that clean reef sediments while feeding increases coral disease."
SS_MECH_FEEDING_MUCUS_CORAL_01,MECH_FEEDING_MUCUS_CORAL,Semantic Scholar Academic Graph API,2026-08-13,65bcf2f959bb2df6fa06c9779540f0f161b3f247,83800850,"Epibiotic communities on sublittoral macroinvertebrates at Signy Island, Antarctica",D. Barnes; A. Clarke,1995,1995-08-01,Journal of the Marine Biological Association of the United Kingdom,,10.1017/S0025315400039102,,,https://www.semanticscholar.org/paper/65bcf2f959bb2df6fa06c9779540f0f161b3f247,False,,56,55,2,Biology,Biology; Environmental Science,
SS_MECH_FEEDING_MUCUS_CORAL_01,MECH_FEEDING_MUCUS_CORAL,Semantic Scholar Academic Graph API,2026-08-13,65d6c2de27cd18325aa6f29839de5a036a25d8c4,54704184,Historical change in a Caribbean reef sponge community and long-term loss of sponge predators,M. Lukowiak; K. Cramer; Daniel Madzia; Michael G. Hynes; R. Norris; A. O’Dea,2018,2018-08-09,Marine Ecology Progress Series,,10.3354/MEPS12694,,,https://www.semanticscholar.org/paper/65d6c2de27cd18325aa6f29839de5a036a25d8c4,True,https://www.int-res.com/articles/meps_oa/m601p127.pdf,18,48,0,Geography,Geography; Environmental Science; Biology,"Sponges are an ecologically important component of modern Caribbean coral reefs. However, little is known about the structure of sponge communities prior to the large-scale degradation of Caribbean reef ecosystems. Here we explore changes in the sponge community over the past millennium by analyzing the composition of sponge spicules from a sediment core collected from a lagoonal reef within the archipelago of Bocas del Toro, Caribbean Panama. The analysis reveals a change in spicule composition that began approximately 400 yr ago. During this time, the share of monaxial spicules, belonging mostly to haplosclerid and axinellid sponges, decreased while the relative number of spherical spicules, found typically in Placospongia, Geodia, and some chondrillids, increased. These results were compared with previously published data on parrotfish, corals, and reef accretion rates obtained from the same core. The increased share of spherical spicules did not correlate with contemporaneous declines in the abundance of parrotfish (de termined from fish teeth) or with trends in the relative abundance of dominant coral species (determined from coral skeletal remains) but was weakly correlated with reef accretion rates (de termined from sediment accumulation rates). Spicule morphogroup diversity and evenness increased over the past ~400 yr, suggesting community changes were not due to reef environments becoming less habitable for reef sponges. Although not tested directly, the increase in spherical spicules may be due to declines in the abundance of sea turtles that preferentially feed on sponges that contain these spicule types."
SS_MECH_FEEDING_MUCUS_CORAL_01,MECH_FEEDING_MUCUS_CORAL,Semantic Scholar Academic Graph API,2026-08-13,65f0e2b5d8a03b2807d5ff4825bc35ff09ac2d12,129308597,"DYNAMICS OF A PALEOECOSYSTEM REEF ASSOCIATED WITH OCEANIC CHANGE IN CARBONATE SEDIMENTARY REGIME AND CARBON CYCLING (OXFORDIAN, SWISS JURA)",M. Bill; L. O’Dogherty; P. Baumgartner,2011,2011-03-30,,,10.2110/palo.2010.p10-063r,,,https://www.semanticscholar.org/paper/65f0e2b5d8a03b2807d5ff4825bc35ff09ac2d12,False,,4,100,0,Geology,Geology; Geology; Environmental Science,
SS_MECH_FEEDING_MUCUS_CORAL_01,MECH_FEEDING_MUCUS_CORAL,Semantic Scholar Academic Graph API,2026-08-13,6702f28243b4774e70df4a4a5c72912b4b17cf87,83768485,Symbiotic relationships between worms and solitary rugose corals in the Late Ordovician,R. J. Elias,1986,1986-04-09,Paleobiology,,10.1017/S0094837300002967,,,https://www.semanticscholar.org/paper/6702f28243b4774e70df4a4a5c72912b4b17cf87,False,,38,31,2,Biology,Biology; Geology,
SS_MECH_FEEDING_MUCUS_CORAL_01,MECH_FEEDING_MUCUS_CORAL,Semantic Scholar Academic Graph API,2026-08-13,67491784822d13f427560dd51dd8d4c9c316d0af,10803477,Christmas tree worms evade smothering by a coral-killing sponge in the Red Sea,B. Hoeksema; H. A. Hove; M. Berumen,2016,2016-03-01,Marine Biodiversity,Review,10.1007/s12526-015-0339-3,,,https://www.semanticscholar.org/paper/67491784822d13f427560dd51dd8d4c9c316d0af,False,,11,4,0,Biology,Biology; Biology; Environmental Science,
SS_MECH_FEEDING_MUCUS_CORAL_01,MECH_FEEDING_MUCUS_CORAL,Semantic Scholar Academic Graph API,2026-08-13,67ca79f2d0afdd1d91d7107692cc7873fb8efabf,24731170,Assessing baseline levels of coral health in a newly established marine protected area in a global scuba diving hotspot.,M. Hein; Joleah B. Lamb; C. Scott; B. Willis,2015,2015-02-01,Marine Environmental Research,JournalArticle,10.1016/j.marenvres.2014.11.008,,25460062,https://www.semanticscholar.org/paper/67ca79f2d0afdd1d91d7107692cc7873fb8efabf,False,,27,97,1,Medicine,Medicine; Environmental Science,
SS_MECH_FEEDING_MUCUS_CORAL_01,MECH_FEEDING_MUCUS_CORAL,Semantic Scholar Academic Graph API,2026-08-13,67d9adf94324acdd728c30de02758b15786be5cb,10916649,Algal blooms on coral reefs with low anthropogenic impact in the Great Barrier Reef,S. C. Burgess,2006,2006-05-23,Coral reefs,Review,10.1007/s00338-006-0108-7,,,https://www.semanticscholar.org/paper/67d9adf94324acdd728c30de02758b15786be5cb,True,https://link.springer.com/content/pdf/10.1007/s00338-006-0108-7.pdf,8,2,0,Environmental Science,Environmental Science; Environmental Science,
SS_MECH_FEEDING_MUCUS_CORAL_01,MECH_FEEDING_MUCUS_CORAL,Semantic Scholar Academic Graph API,2026-08-13,683f48b374ee79ce96027d07994a47d59aa680e7,269821969,Acropora tenuis energy acquisition along a natural turbidity gradient,Adi Zweifler; N. Browne; O. Levy; R. Hovey; M. O'Leary,2024,2024-05-14,Frontiers in Marine Science,JournalArticle,10.3389/fmars.2024.1288296,,,https://www.semanticscholar.org/paper/683f48b374ee79ce96027d07994a47d59aa680e7,True,https://www.frontiersin.org/articles/10.3389/fmars.2024.1288296/pdf?isPublishedV2=False,8,98,0,,Environmental Science,"Predicted future increases in both local and global stressors are expected to lead to elevated turbidity levels and an expansion of the geographical range of turbid coral reefs. Corals typically respond to elevated turbidity by increasing their rates of heterotrophy as means of compensating for low energy levels from reduced light and photosynthesis. We analysed Acropora tenuis energy acquisition along a natural turbidity gradient over two time points in Exmouth Gulf, Western Australia, using in-situ environmental data with coral physiology attributes and stable isotopes to assess trophic strategy. Our hypothesis was that as turbidity levels increased, so too would heterotrophy rates. Both δ13C and δ15N values decreased from the clear-water to the turbid sites, which along with Bayesian analysis revealed that all A. tenuis communities along the turbidity gradient are on a mixotrophic-heterotrophic feeding strategy scale. We propose that the low δ15N levels at the most turbid site may result from a combination of Acropora physiological limitations (e.g., reduced feeding capacity) and highly variable turbidity levels. In contrast, the higher δ15N at the clear-water site likely results from increased nutrient availability from additional sources such as upwelling. Our findings suggest that increased heterotrophy by coral hosts in turbid coral reef areas is not a universal pattern. Importantly, the loss of carbon in the turbid sites is not supplemented by nitrogen intake, which might suggest that Exmouth Gulfs Acropora communities are more vulnerable to future climate stressors and bleaching."
SS_MECH_FEEDING_MUCUS_CORAL_01,MECH_FEEDING_MUCUS_CORAL,Semantic Scholar Academic Graph API,2026-08-13,68468f30bae480d94351889ebf43bfea64558a3b,83672457,Dynamics of parrotfish grazing scars,R. M. Bonaldo; D. Bellwood,2009,2009-01-31,,,10.1007/S00227-009-1129-X,,,https://www.semanticscholar.org/paper/68468f30bae480d94351889ebf43bfea64558a3b,False,,69,33,4,Biology,Biology; Environmental Science; Biology,
SS_MECH_FEEDING_MUCUS_CORAL_01,MECH_FEEDING_MUCUS_CORAL,Semantic Scholar Academic Graph API,2026-08-13,68cc77fe80c100dbd798097935e9090a4605f991,131792289,"Middle Devonian Calceola sandalina (Linnaeus, 1771) (Anthozoa, Rugosa) from Moravia (Czech Republic): aspects of functional morphology, gerontic growth patterns, and epibionts",A. Galle; František Ficner,2004,,,,,,,https://www.semanticscholar.org/paper/68cc77fe80c100dbd798097935e9090a4605f991,False,,13,25,0,Biology,Biology; Geology,
SS_MECH_FEEDING_MUCUS_CORAL_01,MECH_FEEDING_MUCUS_CORAL,Semantic Scholar Academic Graph API,2026-08-13,68f7ae117537c299a0a7d43bf01e83245e115d95,92040247,Paleobiological Traits That Determined Scleractinian Coral Survival and Proliferation During the Late Paleocene and Early Eocene Hyperthermals,A. Weiss; R. Martindale,2019,2019-02-01,Paleoceanography and Paleoclimatology,,10.1029/2018PA003398,,,https://www.semanticscholar.org/paper/68f7ae117537c299a0a7d43bf01e83245e115d95,False,,18,153,0,Environmental Science,Environmental Science; Environmental Science; Biology,"Coral reefs are particularly sensitive to environmental disturbances, such as rapid shifts in temperature or carbonate saturation. Work on modern reefs has suggested that some corals will fare better than others in times of stress and that their life history traits might correlate with species survival. These same traits can be applied to fossil taxa to assess whether life history traits correspond with coral survival through past intervals of stress similar to future climate predictions. This study aims to identify whether ecological selection (based on physiology, behavior, habitat, etc.) plays a role in the long‐term survival of corals during the late Paleocene and early Eocene. The late Paleocene‐early Eocene interval is associated with multiple hyperthermal events that correspond to rises in atmospheric pCO2 and sea surface temperature, ocean acidification, and increases in weathering and turbidity. Coral reefs are rare during the late Paleocene and early Eocene, but despite the lack of reef habitat, corals do not experience an extinction at the generic level and there is little extinction at the species level. In fact, generic and species richness increases throughout the late Paleocene and early Eocene. We show that corals with certain traits (coloniality, carnivorous, or suspension feeding diet, hermaphroditic brooding reproduction, living in clastic settings) are more likely to survive climate change in the early Eocene. These findings have important implications for modern coral ecology and allow us to make more nuanced predictions about which taxa will have higher extinction risk in present‐day climate change."
SS_MECH_FEEDING_MUCUS_CORAL_01,MECH_FEEDING_MUCUS_CORAL,Semantic Scholar Academic Graph API,2026-08-13,698a8c23f5689c21186d7010fe27f19b7597e267,128903890,Rate of Bioerosion by Parrotfish in Barbados Reef Environments,P. Frydl; C. Stearn,1978,1978-12-01,,,10.1306/212F7612-2B24-11D7-8648000102C1865D,,,https://www.semanticscholar.org/paper/698a8c23f5689c21186d7010fe27f19b7597e267,False,,63,0,2,Biology,Biology; Environmental Science,
SS_MECH_FEEDING_MUCUS_CORAL_01,MECH_FEEDING_MUCUS_CORAL,Semantic Scholar Academic Graph API,2026-08-13,69f6a40066353dabaa717c9fa5be0d98a626c64d,85053974,A review of macrosymbiosis in the coral reef ecosystem,L. Zann,1987,1987-02-01,,Review,10.1016/0020-7519(87)90115-9,,,https://www.semanticscholar.org/paper/69f6a40066353dabaa717c9fa5be0d98a626c64d,False,,18,17,0,Biology,Biology; Environmental Science; Biology,
SS_MECH_FEEDING_MUCUS_CORAL_01,MECH_FEEDING_MUCUS_CORAL,Semantic Scholar Academic Graph API,2026-08-13,6aad05b41d49b4c8c4f72afc45d47d786aa93c68,55632506,"Deep-Sea Coral Reefs: Distribution, Ecology & Anthropogenic Impacts",Victoria Oakham,2009,,,Review,,,,https://www.semanticscholar.org/paper/6aad05b41d49b4c8c4f72afc45d47d786aa93c68,False,,0,24,0,,Environmental Science,
SS_MECH_FEEDING_MUCUS_CORAL_01,MECH_FEEDING_MUCUS_CORAL,Semantic Scholar Academic Graph API,2026-08-13,6af0ef13a847fa77834edcf08543faaa6ac8e035,38295395,Trophic ecology of deep-sea Asteroidea (Echinodermata) from eastern Canada,Katie S. P. Gale; J. Hamel; A. Mercier,2013,2013-10-01,,,10.1016/J.DSR.2013.05.016,,,https://www.semanticscholar.org/paper/6af0ef13a847fa77834edcf08543faaa6ac8e035,False,,58,53,3,Biology,Biology; Environmental Science; Biology,
SS_MECH_FEEDING_MUCUS_CORAL_01,MECH_FEEDING_MUCUS_CORAL,Semantic Scholar Academic Graph API,2026-08-13,6af53351b0660a6ceb071652112267ec16adb077,276698032,The role of coral mucus in the material cycle in reef ecosystems,,2015,,,,,,,https://www.semanticscholar.org/paper/6af53351b0660a6ceb071652112267ec16adb077,False,,0,1,0,,Environmental Science,
SS_MECH_FEEDING_MUCUS_CORAL_01,MECH_FEEDING_MUCUS_CORAL,Semantic Scholar Academic Graph API,2026-08-13,6af69015082ce658316b0a4b617ca70121c92694,280938626,"Sessile Benthic Marine Invertebrate Biodiversity at Ningaloo Reef, Muiron Islands, and Exmouth Gulf, Western Australia: A Review and Gap Analysis",Zoe T. Richards; Joanna Buckee; Alex Hoschke; Glen Whisson,2025,2025-08-25,Diversity,JournalArticle; Review,10.3390/d17090597,,,https://www.semanticscholar.org/paper/6af69015082ce658316b0a4b617ca70121c92694,True,https://www.mdpi.com/1424-2818/17/9/597/pdf?version=1756128742,0,0,0,,Environmental Science; Biology,"This paper provides a comprehensive review of sessile benthic invertebrate biodiversity across three interconnected marine areas in Western Australia’s Gascoyne and southern Pilbara regions: Ningaloo Reef (a UNESCO World Heritage site), the nearby Muiron Islands to its north, and Exmouth Gulf to its east. The study aims to identify taxonomic and spatial knowledge gaps and establish a baseline biodiversity record for the broader region. We collated specimen-based records from seven Australian museums and supplemented them with data from the Atlas of Living Australia, iNaturalist, and a Web of Science literature review. In total, we report 827 verified species of sessile benthic invertebrates in shallow waters (less than 30 m depth) across the Gascoyne and southern Pilbara regions from 4578 records. Ningaloo Reef exhibits the highest diversity, hosting 587 species, including 239 scleractinian corals and 124 sponges. Exmouth Gulf is home to a diverse and unique assemblage of at least 295 species, including 165 species of putative turbid water specialists or regionally restricted species which are not found at Ningaloo Reef or the Muiron Islands. Notably, all three sea pen species identified in this review are recorded exclusively from Exmouth Gulf. The Gulf also hosts a distinctive community of filter-feeding invertebrates, including 125 sponges, 27 tunicates, and 18 anemones that are not found in neighboring regions. The Muiron Islands, although under sampled, host 22 species of sponges, 14 octocorals, and 5 tunicates that have not so far been found at Ningaloo Reef or Exmouth Gulf, highlighting the uniqueness of the islands’ marine invertebrate fauna. The southern sector of Ningaloo Reef is under sampled, and there are gaps in the state faunal collections for many groups, including anemones, corallimorphs, zoanthids, cerianthids, and hydrozoans. Further targeted taxonomic research on existing museum collections is crucial, as only 18% of specimen records have been verified, and 41% of the verified records are only identified to morphospecies. This limits our understanding of regional diversity and distribution patterns but provides ample opportunity for further taxonomic study. Expanding monitoring programs to include Exmouth Gulf and the Muiron Islands, along with unique habitats such as the King Reef artificial reef, and conducting additional biodiversity, demographic, and ecosystem health research is essential to assess the cumulative impacts of climate change and other environmental stressors on the unique and culturally significant marine ecosystems of this region."
SS_MECH_FEEDING_MUCUS_CORAL_01,MECH_FEEDING_MUCUS_CORAL,Semantic Scholar Academic Graph API,2026-08-13,6b0ae71f91291d37f57cd54fe110e91d79314b84,84840644,Primary Productivity in a Hawaiian Fishpond and Its Relationship to Selected Environmental Factors,T. Malone,1969,,,,,,,https://www.semanticscholar.org/paper/6b0ae71f91291d37f57cd54fe110e91d79314b84,False,,1,22,0,Environmental Science,Environmental Science; Environmental Science,
SS_MECH_FEEDING_MUCUS_CORAL_01,MECH_FEEDING_MUCUS_CORAL,Semantic Scholar Academic Graph API,2026-08-13,6b2e1145e79f27b1583be33d3d2302a6490fa990,283220804,"Ridge-to-reef linkages in Apra Harbor, Guam describe spatial and temporal variation in water quality and coral reef assemblages.",Myeong‐Ho Yeo; Y. S. Kim; P. Houk; A. Chang; Annabelle Lugwid,2025,2025-11-20,Marine Pollution Bulletin,JournalArticle; Review,10.1016/j.marpolbul.2025.119026,,41270675,https://www.semanticscholar.org/paper/6b2e1145e79f27b1583be33d3d2302a6490fa990,True,https://doi.org/10.1016/j.marpolbul.2025.119026,0,41,0,Medicine,Medicine; Environmental Science,"An integrated ridge-to-reefs (R2R) approach was applied to assess the impacts of land-based pollutants on freshwater to marine ecosystems in Apra Harbor, Guam. Multi-year monitoring at five riverine, six seawater quality monitoring sites, and ecological surveys distinct spatial and temporal patterns in water quality driven by both natural processes and anthropogenic inputs. Elevated dissolved inorganic nitrogen and total suspended solids were from domestic wastewater, stormwater runoff, and soil erosion, especially during wet seasons and extreme events. Multivariate statistical analysis addressed site-specific water quality signatures indicative of eutrophication risk. In the marine environment, inner harbor and nearshore sites exhibited high turbidity and chlorophyll-a levels, suggesting nutrient inputs from rivers, while offshore or submarine groundwater discharge (SGD)-influenced sites showed different patterns shaped by local hydrology. These findings support the ""sweet spot"" hypothesis in coral reef ecology, where intermediate distances from watershed discharge correlate with enhanced coral health, potentially due to phytoplankton-fueled heterotrophic feeding. The study underscores the value of the R2R framework in linking upland watershed conditions to coastal ecosystem resilience and highlights the need for targeted watershed best management practices-such as improved wastewater treatment and erosion control-to mitigate pollution impacts. Continued long-term monitoring and integration of land-sea models are essential for adaptive management, particularly in the context of urbanization and climate change."
SS_MECH_FEEDING_MUCUS_CORAL_01,MECH_FEEDING_MUCUS_CORAL,Semantic Scholar Academic Graph API,2026-08-13,6c3dd9655c1b4e9796e2789f5aa21fb35d5b6f0d,251128642,PALAEONTOLOGICAL ASSOCIATION 44th Annual Meeting University of Edinburgh 17-20 December 1999 and PROGRAMME BLUE POOL BAY ? A CORAL-REEF OF THE LOWER CARBONIFEROUS OF SOUTH WALES,,,,,Review,,,,https://www.semanticscholar.org/paper/6c3dd9655c1b4e9796e2789f5aa21fb35d5b6f0d,False,,0,0,0,,Geology,
SS_MECH_FEEDING_MUCUS_CORAL_01,MECH_FEEDING_MUCUS_CORAL,Semantic Scholar Academic Graph API,2026-08-13,6c50acc42a063c88351e105748ee24aeb80cefb4,224966283,Seagrass meadows provide multiple benefits to adjacent coral reefs through various microhabitat functions,Jianguo Du; Wenjia Hu; I. Nagelkerken; Laddawan Sangsawang; K. Loh; J. L. Ooi; Jianji Liao; Xinqing Zheng; Shuting Qiu; Bin Chen,2020,2020-09-27,,,10.1080/20964129.2020.1812433,,,https://www.semanticscholar.org/paper/6c50acc42a063c88351e105748ee24aeb80cefb4,True,https://spj.science.org/doi/pdf/10.1080/20964129.2020.1812433?download=true,31,31,2,Geography,Geography; Environmental Science,"ABSTRACT Tropical seagrass meadows and coral reefs often function as interconnected marine habitats, but they are often studied and managed as homogenous units. As macrohabitats, seagrass meadows provide important benefits to adjacent reef ecosystems by acting as natural filters of sediments and nutrients, and by providing critical feeding, nursery, and refuge habitats for reef fishes and other fauna. Whilst the macrohabitat functions of seagrass meadows have been often acknowledged, their microhabitats functions have largely been neglected. The purpose of the study is to explore how seagrass meadows provide multiple benefits to adjacent coral reefs through various microhabitat functions. The paper reveals some of the diversity of microhabitats that seagrass meadows contain, such as macroalgal mats, rubble cavities, sand patches with sparse seagrass, anemone gardens, hard substratum, and sponges mixed with seagrass. We highlight the ways in which reef creatures have diversified and specialized in using these different microhabitats, and postulate that seagrass microhabitat diversity enhances the habitat function and faunal diversity of seagrass meadows."
SS_MECH_FEEDING_MUCUS_CORAL_01,MECH_FEEDING_MUCUS_CORAL,Semantic Scholar Academic Graph API,2026-08-13,6c6677dba9ec14cedcd9ab8013606aa7109033d1,257430307,A meta-analysis of the stony coral tissue loss disease microbiome finds key bacteria in unaffected and lesion tissue in diseased colonies,S. Rosales; Lindsay K. Huebner; James S. Evans; A. Apprill; A. Baker; C. Becker; A. Bellantuono; M. Brandt; A. S. Clark; J. del Campo; C. Dennison; Katherine R. Eaton; N. Huntley; Christina A. Kellogg; Mónica Medina; Julie L. Meyer; E. Muller; M. Rodriguez-Lanetty; Jennifer L. Salerno; W. Schill; Erin N. Shilling; J. M. Stewart; J. Voss,2023,2023-03-09,ISME Communications,JournalArticle,10.1038/s43705-023-00220-0,,36894742,https://www.semanticscholar.org/paper/6c6677dba9ec14cedcd9ab8013606aa7109033d1,True,https://www.nature.com/articles/s43705-023-00220-0.pdf,55,84,4,Medicine,Medicine; Environmental Science; Biology,"Stony coral tissue loss disease (SCTLD) has been causing significant whole colony mortality on reefs in Florida and the Caribbean. The cause of SCTLD remains unknown, with the limited concurrence of SCTLD-associated bacteria among studies. We conducted a meta-analysis of 16S ribosomal RNA gene datasets generated by 16 field and laboratory SCTLD studies to find consistent bacteria associated with SCTLD across disease zones (vulnerable, endemic, and epidemic), coral species, coral compartments (mucus, tissue, and skeleton), and colony health states (apparently healthy colony tissue (AH), and unaffected (DU) and lesion (DL) tissue from diseased colonies). We also evaluated bacteria in seawater and sediment, which may be sources of SCTLD transmission. Although AH colonies in endemic and epidemic zones harbor bacteria associated with SCTLD lesions, and aquaria and field samples had distinct microbial compositions, there were still clear differences in the microbial composition among AH, DU, and DL in the combined dataset. Alpha-diversity between AH and DL was not different; however, DU showed increased alpha-diversity compared to AH, indicating that, prior to lesion formation, corals may undergo a disturbance to the microbiome. This disturbance may be driven by Flavobacteriales, which were especially enriched in DU. In DL, Rhodobacterales and Peptostreptococcales–Tissierellales were prominent in structuring microbial interactions. We also predict an enrichment of an alpha-toxin in DL samples which is typically found in Clostridia. We provide a consensus of SCTLD-associated bacteria prior to and during lesion formation and identify how these taxa vary across studies, coral species, coral compartments, seawater, and sediment."
SS_MECH_FEEDING_MUCUS_CORAL_01,MECH_FEEDING_MUCUS_CORAL,Semantic Scholar Academic Graph API,2026-08-13,6d54ff21099a74b3f16ebc86fd57245bb1dfb907,85698338,"Suspended Particulate Loading on the Macrobenthos in a Highly Turbid Fjord: Knight Inlet, British ~olumbia'",G. Farrow; J. Syvitski; V. Tunnicliffe,1983,1983-12-05,,,10.1139/F83-289,,,https://www.semanticscholar.org/paper/6d54ff21099a74b3f16ebc86fd57245bb1dfb907,False,,106,39,4,Geology,Geology; Environmental Science,
SS_MECH_FEEDING_MUCUS_CORAL_01,MECH_FEEDING_MUCUS_CORAL,Semantic Scholar Academic Graph API,2026-08-13,6d910aa94c7ca937eda1f62cfd41122b31c37629,85055038,"Experimentelle Untersuchungen zur Anpassung von Fungiiden (Scleractinia, Fungiidae). an unterschiedliche Sedimentations‐und Bodenverhältnisse.",H. Schuhmacher,1979,,,,10.1002/IROH.19790640206,,,https://www.semanticscholar.org/paper/6d910aa94c7ca937eda1f62cfd41122b31c37629,False,,26,17,0,Biology,Biology; Environmental Science; Biology,
SS_MECH_FEEDING_MUCUS_CORAL_01,MECH_FEEDING_MUCUS_CORAL,Semantic Scholar Academic Graph API,2026-08-13,6dc93e738a7d74f375c28e5eac542016eab4f98a,131474972,First Assessment of the Effects of the 2000 Southern Mozambique Floods on Coral Communities: The Case of Xai-Xai Lagoon,Marcos A. M. Pereira; P. Miguel; B. Gonçalves,2000,,,,,,,https://www.semanticscholar.org/paper/6dc93e738a7d74f375c28e5eac542016eab4f98a,False,,1,9,0,Geography,Geography,
SS_MECH_FEEDING_MUCUS_CORAL_01,MECH_FEEDING_MUCUS_CORAL,Semantic Scholar Academic Graph API,2026-08-13,6e13e7037201990d8fdd39b18584fd075b5c9600,56574827,"Ability of corals to accumulate heavy metals, Northern Red Sea, Egypt",Tarek Abdel-Aziz Ahmed Mohammed; M. Dar,2010,2010-02-01,,,10.1007/S12665-009-0138-X,,,https://www.semanticscholar.org/paper/6e13e7037201990d8fdd39b18584fd075b5c9600,False,,33,30,2,,Environmental Science,
SS_MECH_FEEDING_MUCUS_CORAL_01,MECH_FEEDING_MUCUS_CORAL,Semantic Scholar Academic Graph API,2026-08-13,6e17e6e609c43ad43ec0af03bac0c4aa7f58aed2,53330317,"Contrasting effects of turf algae on corals: massive Porites spp. are unaffected by mixed-species turfs, but killed by the red alga Anotrichium tenue",J. Jompa; L. McCook,2003,2003-08-29,,Review,10.3354/MEPS258079,,,https://www.semanticscholar.org/paper/6e17e6e609c43ad43ec0af03bac0c4aa7f58aed2,True,https://www.int-res.com/articles/meps2003/258/m258p079.pdf,103,37,2,Biology,Biology; Environmental Science; Biology,
SS_MECH_FEEDING_MUCUS_CORAL_01,MECH_FEEDING_MUCUS_CORAL,Semantic Scholar Academic Graph API,2026-08-13,6e2f779cecc836cd9350e5ae6318ffa12157fbe9,129365296,An introduction to coastal ecology,P. Boaden; R. Seed,1985,,,,10.2307/2260408,,,https://www.semanticscholar.org/paper/6e2f779cecc836cd9350e5ae6318ffa12157fbe9,False,,42,0,2,Environmental Science,Environmental Science; Environmental Science; Biology,
SS_MECH_FEEDING_MUCUS_CORAL_01,MECH_FEEDING_MUCUS_CORAL,Semantic Scholar Academic Graph API,2026-08-13,6e4136b22c5b7657e351a5e420c543c9d746529d,85938960,Morphology and feeding ecology of gammarid amphipods in coral reef and seagrass communities,K. Wongkamhaeng,2004,,,,10.58837/chula.the.2004.1144,,,https://www.semanticscholar.org/paper/6e4136b22c5b7657e351a5e420c543c9d746529d,False,,2,0,0,Biology,Biology; Environmental Science; Biology,"Morphology and feeding ecology of gammarid amphipods in coral reef and seagrass communities were compared from amphipods collected from coral reefs in Kang Kao Island, Chonburi Province during April, 2001 and from seagrass bed in Libong Island, Trang Province during December, 2003. It can be concluded that there were four feeding modes in gammarid amphipods in the coral reef and seagrass communities namely filter feeders, filter feeders-predator, grazers and detritus feeders. Gammarid amphipods displayed array of feeding structures, in particular mouthparts mandibles, maxillipeds and two pairs of maxilla, according to different feeding modes. Their associated feeding appendages, antennae and gnathopods also varied accordingly. However the feeding structures in gammarid amphipods which shared the same feeding modes from the two habitats were similar. The feeding behavior and the composition of food items differed according to habitats. Moreover, amphipods from the two habitats also showed different morphological adaptations by those residing in the coral reefs were with thin and slender legs with feather-like setae for swimming. Amphipods in the seagrass beds had stout and short legs with numerous long setae or spines for digging into the sediment. Amphipods of 14 species from 10 families were found in the Kang Kao Island reefs with Ampelisca brevicornis, the benthic filter feeder, as the most dominant species. Benthic microalgae and macroalgae were the major food items for this species. The detritus feeding amphipod, Urothoe simplingnathia, was next in term of abundance. Eriopisa sp. A., grazing amphipod, was also common. Filter feeder-predator amphipods, feeding on phytoplankton, benthic microalgae, zooplankton and benthos, were also found such as Gammaropsis sp. A., Ceradocus sp. A. and Melita appendiculata. Six amphipods in 5 families were found in the seagrass beds in Libong Island. Kamaka sp. A., grazing amphipod, was the dominant species. They feedon benthic micro-and macroalgae. This amphipod species was widely distributed in the sediment and on the seagrass leaves. The filter feeding amphipod, Ampelisca cyclop, was next in term of abundance. Urothoe spinidigitus, the detritus feeding amphipod, was also common. This study revealed that gammarid amphipods in coral reef and seagrass communities play the roles in both the pelagic and benthic food chains."
SS_MECH_FEEDING_MUCUS_CORAL_01,MECH_FEEDING_MUCUS_CORAL,Semantic Scholar Academic Graph API,2026-08-13,6ef0df53037fc32564fc5c04effba6f24445243b,5328470,Environmental impacts of dredging and other sediment disturbances on corals: a review.,P. Erftemeijer; B. Riegl; B. Hoeksema; P. Todd,2012,2012-09-01,Marine Pollution Bulletin,Review; JournalArticle,10.1016/j.marpolbul.2012.05.008,,22682583,https://www.semanticscholar.org/paper/6ef0df53037fc32564fc5c04effba6f24445243b,True,https://www.sciencedirect.com/science/article/pii/S0025326X12001981/pdf,777,345,46,Environmental Science; Medicine,Environmental Science; Medicine; Environmental Science,"A review of published literature on the sensitivity of corals to turbidity and sedimentation is presented, with an emphasis on the effects of dredging. The risks and severity of impact from dredging (and other sediment disturbances) on corals are primarily related to the intensity, duration and frequency of exposure to increased turbidity and sedimentation. The sensitivity of a coral reef to dredging impacts and its ability to recover depend on the antecedent ecological conditions of the reef, its resilience and the ambient conditions normally experienced. Effects of sediment stress have so far been investigated in 89 coral species (~10% of all known reef-building corals). Results of these investigations have provided a generic understanding of tolerance levels, response mechanisms, adaptations and threshold levels of corals to the effects of natural and anthropogenic sediment disturbances. Coral polyps undergo stress from high suspended-sediment concentrations and the subsequent effects on light attenuation which affect their algal symbionts. Minimum light requirements of corals range from <1% to as much as 60% of surface irradiance. Reported tolerance limits of coral reef systems for chronic suspended-sediment concentrations range from <10 mg L(-1) in pristine offshore reef areas to >100 mg L(-1) in marginal nearshore reefs. Some individual coral species can tolerate short-term exposure (days) to suspended-sediment concentrations as high as 1000 mg L(-1) while others show mortality after exposure (weeks) to concentrations as low as 30 mg L(-1). The duration that corals can survive high turbidities ranges from several days (sensitive species) to at least 5-6 weeks (tolerant species). Increased sedimentation can cause smothering and burial of coral polyps, shading, tissue necrosis and population explosions of bacteria in coral mucus. Fine sediments tend to have greater effects on corals than coarse sediments. Turbidity and sedimentation also reduce the recruitment, survival and settlement of coral larvae. Maximum sedimentation rates that can be tolerated by different corals range from <10 mg cm(-2) d(-1) to >400 mg cm(-2) d(-1). The durations that corals can survive high sedimentation rates range from <24 h for sensitive species to a few weeks (>4 weeks of high sedimentation or >14 days complete burial) for very tolerant species. Hypotheses to explain substantial differences in sensitivity between different coral species include the growth form of coral colonies and the size of the coral polyp or calyx. The validity of these hypotheses was tested on the basis of 77 published studies on the effects of turbidity and sedimentation on 89 coral species. The results of this analysis reveal a significant relationship of coral sensitivity to turbidity and sedimentation with growth form, but not with calyx size. Some of the variation in sensitivities reported in the literature may have been caused by differences in the type and particle size of sediments applied in experiments. The ability of many corals (in varying degrees) to actively reject sediment through polyp inflation, mucus production, ciliary and tentacular action (at considerable energetic cost), as well as intraspecific morphological variation and the mobility of free-living mushroom corals, further contribute to the observed differences. Given the wide range of sensitivity levels among coral species and in baseline water quality conditions among reefs, meaningful criteria to limit the extent and turbidity of dredging plumes and their effects on corals will always require site-specific evaluations, taking into account the species assemblage present at the site and the natural variability of local background turbidity and sedimentation."
SS_MECH_FEEDING_MUCUS_CORAL_01,MECH_FEEDING_MUCUS_CORAL,Semantic Scholar Academic Graph API,2026-08-13,70bef325bc02f9bf95af21b6f69a18f3c3f9227c,253808219,Algae sediment dynamics are mediated by herbivorous fishes on a nearshore coral reef,Ryan S. McAndrews; A. Eich; Amanda K Ford; S. Bejarano; Ronal Lal; S. Ferse,2019,2019-03-04,Coral reefs,Review,10.1007/s00338-019-01780-1,,,https://www.semanticscholar.org/paper/70bef325bc02f9bf95af21b6f69a18f3c3f9227c,False,,0,0,0,,Environmental Science; Biology,
SS_MECH_FEEDING_MUCUS_CORAL_01,MECH_FEEDING_MUCUS_CORAL,Semantic Scholar Academic Graph API,2026-08-13,70e5cb0988710da0dcc3c95419115b59254de29f,9288373,Effects of sewage pollution on coral-reef communities,R. Pastorok; G. Bilyard,1985,,,,10.3354/MEPS021175,,,https://www.semanticscholar.org/paper/70e5cb0988710da0dcc3c95419115b59254de29f,True,https://doi.org/10.3354/meps021175,429,78,16,Biology,Biology; Environmental Science,
SS_MECH_FEEDING_MUCUS_CORAL_01,MECH_FEEDING_MUCUS_CORAL,Semantic Scholar Academic Graph API,2026-08-13,70f55882951a7afcd1dc9c32a5a7945a3c01f772,127645198,Coastal people on edge of survival.,D. Hinrichsen,1990,,,,,,,https://www.semanticscholar.org/paper/70f55882951a7afcd1dc9c32a5a7945a3c01f772,False,,1,0,0,Geography,Geography; Environmental Science; Geography; Sociology,
SS_MECH_FEEDING_MUCUS_CORAL_01,MECH_FEEDING_MUCUS_CORAL,Semantic Scholar Academic Graph API,2026-08-13,71b97c1f2c202523f11edf5a108f07e759678089,249235958,"Prevalence of Vibrio coralliilyticus in stony coral Porites sp. in the Gulf of Aqaba, Jordan",N. Al-Karablieh; F. Al-Horani; Sulaiman Alnaimat; M. A. Abu Zarga,2022,2022-05-31,Letters in Applied Microbiology,JournalArticle,10.1111/lam.13753,,35639047,https://www.semanticscholar.org/paper/71b97c1f2c202523f11edf5a108f07e759678089,False,,8,47,0,Medicine,Medicine; Environmental Science,"The purpose of this study was to assess the health of stony coral Porites sp. based on the presence of bacterial pathogens, specifically Vibrio coralliilyticus, in the Gulf of Aqaba, and to assess the impact of anthropogenic activities on Porites sp. Porites sp. specimens were collected from the Marine Science Station (MSS) and a public beach (Yamanyeh) in Jordan. Mucus, water and sediment samples were collected throughout the year. The Vibrio‐like population was higher in diseased samples than in healthy samples and was slightly higher in Yamanyeh than in MSS in all the samples. In samples from both sites, there was a seasonal variation in the Vibrio‐like population, with a decline in population as the temperature reduced. All samples contained virulent isolates clustered with V. coralliilyticus strains. Inoculation of healthy Porites sp. fragments with virulent isolates and V. coralliilyticus strain caused bleaching of the coral after 48 h. Therefore, V. coralliilyticus represents a pathogenic agent which may contribute to bleaching in Porites sp. in the Gulf of Aqaba and may not be affected considerably by anthropogenic activities. This is the first report of a bacterial pathogen of corals in Jordan; future studies should identify other coral pathogens in this region."
SS_MECH_FEEDING_MUCUS_CORAL_01,MECH_FEEDING_MUCUS_CORAL,Semantic Scholar Academic Graph API,2026-08-13,72542f20eca6a08853eaf559d48f5f3e258be913,89303451,The significance of emerging diseases in the tropical coral reef ecosystem,R. Hayes; N. Goreau,2017,2017-06-28,,,10.15517/RBT.V46I5.29377,,,https://www.semanticscholar.org/paper/72542f20eca6a08853eaf559d48f5f3e258be913,False,,28,0,1,Biology,Biology; Environmental Science; Biology,
SS_MECH_FEEDING_MUCUS_CORAL_01,MECH_FEEDING_MUCUS_CORAL,Semantic Scholar Academic Graph API,2026-08-13,72cfb643fe351a75a6830519dbcafe7dcd17d0bb,56454012,Degradation and mineralization of coral mucus in reef environments,C. Wild; M. Rasheed; U. Werner; U. Franke; R. Johnstone; M. Huettel,2004,2004-02-19,,,10.3354/MEPS267159,,,https://www.semanticscholar.org/paper/72cfb643fe351a75a6830519dbcafe7dcd17d0bb,True,https://www.int-res.com/articles/meps2004/267/m267p159.pdf,187,58,11,Chemistry,Chemistry; Environmental Science,
SS_MECH_FEEDING_MUCUS_CORAL_01,MECH_FEEDING_MUCUS_CORAL,Semantic Scholar Academic Graph API,2026-08-13,72d32b3c85e7df7fa86e0c19d8b2b98746fab4bc,240021764,Native urchins as potential agents of biotic resistance to the introduced alga Kappaphycus alvarezii in a tropical lagoon,Sarah Albright; A. J. Sellers; T. Davidson,2021,2021-10-26,Biological Invasions,Review,10.1007/s10530-021-02651-z,,,https://www.semanticscholar.org/paper/72d32b3c85e7df7fa86e0c19d8b2b98746fab4bc,False,,0,30,0,,Environmental Science; Biology,
SS_MECH_FEEDING_MUCUS_CORAL_01,MECH_FEEDING_MUCUS_CORAL,Semantic Scholar Academic Graph API,2026-08-13,72e001efaf8c8eb73ce899ce5f34b607d8bffa8c,92456722,"The sea cucumber holothuria arguinensis, as a new species for aquaculture",J. D. Godino,2018,,,,,,,https://www.semanticscholar.org/paper/72e001efaf8c8eb73ce899ce5f34b607d8bffa8c,False,,1,0,0,Biology,Biology; Environmental Science; Agricultural and Food Sciences; Biology,
SS_MECH_FEEDING_MUCUS_CORAL_01,MECH_FEEDING_MUCUS_CORAL,Semantic Scholar Academic Graph API,2026-08-13,7342311eaec030c54440169c2878f590255a1a43,84020440,"δ13C and δ15N shifts in benthic invertebrates exposed to sewage from McMurdo Station, Antarctica",K. Conlan; G. Rau; R. Kvitek,2006,2006-12-01,,,10.1016/J.MARPOLBUL.2006.06.010,,,https://www.semanticscholar.org/paper/7342311eaec030c54440169c2878f590255a1a43,False,,29,43,1,Biology,Biology; Environmental Science,
SS_MECH_FEEDING_MUCUS_CORAL_01,MECH_FEEDING_MUCUS_CORAL,Semantic Scholar Academic Graph API,2026-08-13,73e8f78b8f6314043b75857de977aa71c1557d8a,84122520,Wrack breakdown on sandy beaches—its impact on interstitial meiofauna,L. Mcgwynne; A. Mclachlan; J. Furstenberg,1988,,,,10.1016/0141-1136(88)90004-9,,,https://www.semanticscholar.org/paper/73e8f78b8f6314043b75857de977aa71c1557d8a,False,,32,40,4,Biology,Biology; Environmental Science,
SS_MECH_FEEDING_MUCUS_CORAL_01,MECH_FEEDING_MUCUS_CORAL,Semantic Scholar Academic Graph API,2026-08-13,74b341efdb733344808c773bc34b5f9c2e7d915f,135321161,Marine Molluscs in Nearshore Habitats of the United Arab Emirates: Decadal Changes and Species of Public Health Significance,R. Grizzle; V. Bricelj; Rashid M. Alshihi; Krystin M. Ward; D. Anderson,2018,2018-02-07,Journal of Coastal Research,Review,10.2112/JCOASTRES-D-17-00119.1,,,https://www.semanticscholar.org/paper/74b341efdb733344808c773bc34b5f9c2e7d915f,True,https://darchive.mblwhoilibrary.org/bitstream/1912/10627/1/Grizzle%20UAE%20Molluscs%20JCR%20text_FINAL_2017%2011%2008_with-tables.pdf,9,62,0,Geography,Geography; Environmental Science,"ABSTRACT Grizzle, R.E.; Bricelj, V.M.; AlShihi, R.M.; Ward, K.M., and Anderson, D.M., 2018. Marine molluscs in nearshore habitats of the United Arab Emirates: Decadal changes and species of public health significance. This paper describes the results of three qualitative surveys of marine molluscs conducted in December 2010 and May 2011 and 2012 in nearshore benthic habitats along the Arabian Gulf and Gulf of Oman coasts of the United Arab Emirates. Findings are compared with historical studies, focusing on extensive surveys from the 1960s and 1970s. Molluscan species of public health significance are identified on the basis of their potential as vectors of algal toxins in light of the recent occurrence of harmful algal blooms (HABs) in the region. Habitats sampled included intertidal sand or gravel beaches, rocks and jetties, sheltered soft-sediment flats and mangroves, and shallow subtidal coral reefs. The present study showed differences in taxonomic composition and decreased species richness of gastropods compared with a previous mollusc survey conducted in the early 1970s, reflecting the probable impacts of extensive, ongoing coastal development activities, although other environmental stressors may play a contributing role. The major habitat change found in the current survey was replacement of natural “rocky” substrates with man-made jetties and breakwaters. Of the 27 live gastropod species collected, seven predatory or scavenging species were identified as potential biotoxin vectors: Thais savignyi, T. tissoti, T. lacera, Murex scolopax, Nassarius persicus, Hexaplex kuesterianus, and Rapana sp. Of the 22 live bivalve species collected, the following 11 suspension feeders were deemed to be potential vectors of HAB toxins on the basis of their body size and feeding mode: three venerid clams (Circenita callipyga and Tivela ponderosa, which are consumed locally, and Amiantis umbonella); the widespread encrusting rock oyster, Saccostrea cuccullata, also consumed locally; two pearl oyster species; Pinctada spp.; the prickly pen shell Pinna muricata; the scallop Chlamys livida; the cockle Acrosterigma lacunosa; and the facultative suspension-feeding tellinids Asaphis violascens and Hiatula rosea."
SS_MECH_FEEDING_MUCUS_CORAL_01,MECH_FEEDING_MUCUS_CORAL,Semantic Scholar Academic Graph API,2026-08-13,74e25f55ba22dac1f87b0b055a342f8d16f84a0d,84428945,Sediment rejection by reef corals: The roles of behavior and morphology in Montastrea cavernosa (Linnaeus),H. Lasker,1980,,,,10.1016/0022-0981(80)90139-2,,,https://www.semanticscholar.org/paper/74e25f55ba22dac1f87b0b055a342f8d16f84a0d,False,,149,9,9,Biology,Biology; Environmental Science,
SS_MECH_FEEDING_MUCUS_CORAL_01,MECH_FEEDING_MUCUS_CORAL,Semantic Scholar Academic Graph API,2026-08-13,75b5de1bd872f2138671ff92969b62118491f4ae,87998672,Characterization and role of major deep-sea pennatulacean corals in the bathyal zone of Eastern Canada,S. Baillon,2014,2014-10-01,,,,,,https://www.semanticscholar.org/paper/75b5de1bd872f2138671ff92969b62118491f4ae,False,,4,194,0,Biology,Biology; Environmental Science,
SS_MECH_FEEDING_MUCUS_CORAL_01,MECH_FEEDING_MUCUS_CORAL,Semantic Scholar Academic Graph API,2026-08-13,75c529c58178abbe9d2c228fcc56887653798b74,221926422,Aspects of the ecology and physiology of a tropical sponge and its macroalgal symbiont,D. A. Trautman,1996,,,,,,,https://www.semanticscholar.org/paper/75c529c58178abbe9d2c228fcc56887653798b74,False,,3,0,0,Biology,Biology; Environmental Science; Biology,
SS_MECH_FEEDING_MUCUS_CORAL_01,MECH_FEEDING_MUCUS_CORAL,Semantic Scholar Academic Graph API,2026-08-13,75d41f48e8dba98bdf4c6b93fd66ef63473a2b8d,237539340,Bacterial community composition in gut content and ambient sediment of two tropical wild sea cucumbers (Holothuria atra and H. leucospilota),Fei Gao; Yue Zhang; Pei-Ling Wu; Mengling Chen; Linwen He; Qiang Xu; Aimin Wang,2021,2021-09-16,Journal of Oceanology and Limnology,,10.1007/s00343-021-1001-5,,,https://www.semanticscholar.org/paper/75d41f48e8dba98bdf4c6b93fd66ef63473a2b8d,False,,24,73,0,,Environmental Science; Biology,
SS_MECH_FEEDING_MUCUS_CORAL_01,MECH_FEEDING_MUCUS_CORAL,Semantic Scholar Academic Graph API,2026-08-13,75e1780b0a77b68099a885b248e56027d5af25ec,274989559,"Which is more priority, substrate type or food quality? A case study on a tropical coral reef sea cucumber Stichopus chloronotus revealed by prokaryotic biomarker",Chunyang Sun; Yanan Wang; Chenghao Jia; Fei Gao; Yun Rong; Boxuan Feng; Kunzhi Yao; Qiang Xu,2024,2024-12-01,BMC Microbiology,JournalArticle,10.1186/s12866-024-03670-1,,39716070,https://www.semanticscholar.org/paper/75e1780b0a77b68099a885b248e56027d5af25ec,False,,6,66,0,Medicine,Medicine; Environmental Science; Biology,"Different species of sea cucumbers in various regions have diverse preferred habitats and feeding habits. However, detailed research on the correlation between food selection and habitat preference of sea cucumbers, as well as their adaptive adjustments to specific habitat types, is still lacking. A field study was carried out to explore the relationship between food selection and habitat preference, as well as the adaptation process, of the tropical sea cucumber Stichopus chloronotus, which has specific food preferences. This was achieved using an in situ mesocosm method with three single habitat types: sandy, broken coral branches, and reef. Changes is the prokaryotic community structure of gut contents, revealed by high-throughput sequencing analysis of the 16S rRNA gene, were used as the biomarker. Tax4Fun assessed the metabolic pathways of samples, and FAPROTAX evaluated the biogeochemical cycling processes. Alpha diversity, PCoA, and UPGMA tree analyses consistently revealed that bacterial community structures in the gut contents of S. chloronotus in reef bottom cages (GRee) are closely related to those of wild S. chloronotus collected in September (GWS) and October (GWO) than those from the sandy bottom (GSan) and broken coral branches bottom (GBra) cages. The relative abundance of Ruegeria is one of the dominant genera in the control groups (GWS and GWO), while Synechococcus CC9902 is among the predominant genera in the treatment groups (GSan, GBra and GRee). Functional prediction outcomes from Tax4Fun and FAPROTAX also indicate that the metabolic pathways in the gut contents of the treatment groups are distinct from those of the control groups. Compared with S. chloronotus in single habitat types, wild S. chloronotus showed stronger feeding selectivity and ingested actively larger proportion of Ruegeria sp. For this picky species, hard-substrate habitats that can keep it away from strong waves seem to be more important to than those with good sedimentary food. Inappropriate habitats without stable substrate for attachment may cause an unusual change in food preference of S. chloronotus. Tax4Fun and FAPROTAX functional annotation also confirmed that the adaptive adjustment of S. chloronotus can be completed within a month."
SS_MECH_FEEDING_MUCUS_CORAL_01,MECH_FEEDING_MUCUS_CORAL,Semantic Scholar Academic Graph API,2026-08-13,75e646c68d778994b97e5c08a4a733166f716d1d,215732661,Fish farm effluents alter reef benthic assemblages and reduce coral settlement.,T. J. R. Quimpo; Charlon A. Ligson; Dana P. Manogan; J. N. Requilme; Ritzelle L. Albelda; C. Conaco; Patrick C. Cabaitan,2020,2020-04-01,Marine Pollution Bulletin,JournalArticle,10.1016/j.marpolbul.2020.111025,,32275570,https://www.semanticscholar.org/paper/75e646c68d778994b97e5c08a4a733166f716d1d,False,,37,72,0,Medicine; Environmental Science,Medicine; Environmental Science; Environmental Science,"Fish farming in coastal areas is a rapidly growing industry. However, unregulated fish farming practices that release massive amounts of unconsumed feed and fecal material into the water column, can result in a nutrient-enriched environment that extends to nearby reef systems. To understand the impact of fish farm effluent on coral settlement, we tested the settlement rate of Pocillopora acuta larvae on artificial substrates conditioned for 12 weeks at three sites with increasing distance (2-10 km) from fish farms in Bolinao, Philippines. Sites far from the fish farms had higher biofilm and crustose coralline algae cover. In contrast, the site closest to the fish farms, where nutrient levels were higher, had greater sediment and turf algae cover. Tiles conditioned at the farther sites promoted higher (6-8%) larval settlement whereas tiles from the nearer site had lower settlement (3%). These findings show that fish farm effluents can indirectly affect coral settlement on adjacent reefs by promoting growth of other biota that may inhibit larval settlement and by reducing the availability of suitable substrate."
SS_MECH_FEEDING_MUCUS_CORAL_01,MECH_FEEDING_MUCUS_CORAL,Semantic Scholar Academic Graph API,2026-08-13,7603f49831346b8d37965cc2254ff8b0e5a97cc6,54595153,The short-term combined effects of temperature and organic matter enrichment on permeable coral reef carbonate sediment metabolism and dissolution,C. Lantz; K. Schulz; Laura Stoltenberg; B. Eyre,2017,2017-12-01,,,10.5194/BG-14-5377-2017,,,https://www.semanticscholar.org/paper/7603f49831346b8d37965cc2254ff8b0e5a97cc6,True,https://www.biogeosciences.net/14/5377/2017/bg-14-5377-2017.pdf,12,69,0,Environmental Science,Environmental Science; Environmental Science,"Abstract. Rates of gross primary production (GPP), respiration (R), and net calcification (Gnet) in coral reef sediments are expected to change in response to global warming (and the consequent increase in sea surface temperature) and coastal eutrophication (and the subsequent increase in the concentration of organic matter, OM, being filtered by permeable coral reef carbonate sediments). To date, no studies have examined the combined effect of seawater warming and OM enrichment on coral reef carbonate sediment metabolism and dissolution. This study used 22 h in situ benthic chamber incubations to examine the combined effect of temperature (T) and OM, in the form of coral mucus and phytodetritus, on GPP, R, and Gnet in the permeable coral reef carbonate sediments of Heron Island lagoon, Australia. Compared to control incubations, both warming (+2.4 °C) and OM increased R and GPP. Under warmed conditions, R (Q10 =  10.7) was enhanced to a greater extent than GPP (Q10 =  7.3), resulting in a shift to net heterotrophy and net dissolution. Under both phytodetritus and coral mucus treatments, GPP was enhanced to a greater extent than R, resulting in a net increase in GPP / R and Gnet. The combined effect of warming and OM enhanced R and GPP, but the net effect on GPP / R and Gnet was not significantly different from control incubations. These findings show that a shift to net heterotrophy and dissolution due to short-term increases in seawater warming may be countered by a net increase GPP / R and Gnet due to short-term increases in nutrient release from OM."
SS_MECH_FEEDING_MUCUS_CORAL_01,MECH_FEEDING_MUCUS_CORAL,Semantic Scholar Academic Graph API,2026-08-13,765335721e167373af94f67b0b21dc8bebf3d930,231204019,SPC Beche-de-mer Information Bulletin #6-April 1994,C. Conand,1999,,,Review,,,,https://www.semanticscholar.org/paper/765335721e167373af94f67b0b21dc8bebf3d930,False,,0,12,0,,Environmental Science; Biology,
SS_MECH_FEEDING_MUCUS_CORAL_01,MECH_FEEDING_MUCUS_CORAL,Semantic Scholar Academic Graph API,2026-08-13,7690feb98640933c9e4d660875b8e680e876425a,130515070,Nutrient excess and the demise of coral reefs and carbonate platforms,P. Hallock; W. Schlager,1986,1986-08-01,,,10.2307/3514476,,,https://www.semanticscholar.org/paper/7690feb98640933c9e4d660875b8e680e876425a,False,,978,22,32,Geology,Geology; Environmental Science; Geology,
SS_MECH_FEEDING_MUCUS_CORAL_01,MECH_FEEDING_MUCUS_CORAL,Semantic Scholar Academic Graph API,2026-08-13,7731945953dae4845b8055ba37f180d980b3629a,198425437,"Drainage evolution in arid extensional settings and its controls on coral reef development: Sinai, Egypt",H. Heggernes,2019,2019-06-26,,,,,,https://www.semanticscholar.org/paper/7731945953dae4845b8055ba37f180d980b3629a,False,,0,53,0,Geology,Geology; Environmental Science; Geology,
SS_MECH_FEEDING_MUCUS_CORAL_01,MECH_FEEDING_MUCUS_CORAL,Semantic Scholar Academic Graph API,2026-08-13,77f271f82a4e7141904d15c50c2976048ea0b06c,241431600,"Freshwater mussel propagation for restorationPattersonM. A., MairR. A., EckertN. L., GatenbyC. M., BradyT., JonesJ. W., SimmonsB. R., DeversJ. L.. Cambridge University Press, 2018. 334 pp. ISBN‐13: 978‐1108445313, ISBN‐10: 1108445314, Online ISBN: 9781108551120. Paperback: $49.99.",P. Albano,2019,2019-07-03,Marine Ecology,Review,10.1111/MAEC.12560,,,https://www.semanticscholar.org/paper/77f271f82a4e7141904d15c50c2976048ea0b06c,False,,0,0,0,Philosophy,Philosophy; Environmental Science,"Freshwater mussels are among the most imperiled invertebrates worldwide. North America is their diversity hot spot, but even there 74% of the known 300 species face conservation challenges: 220 are listed as endangered, threatened, or of special concern, and at least 35 are considered extinct. Dam, highway and bridge construction, pollution and sediment toxicity, wetland drainage and channeliza‐ tion, sedimentation and siltation resulting from poor agricultural and silvicultural practices, interbasin transfer schemes, and habitat loss through dredging and other land‐use activities are the main causes of such a disconcerting decline. Threats such as pollution, sedimen‐ tation, and habitat loss are similar to those that marine invertebrates are increasingly facing, making this an eye‐opening read for marine ecologists as well. In such a context, propagation and stocking of freshwater mus‐ sels can be an effective tool to support declining populations. The idea is not new, with the first attempts to supplement declining populations dating back to more than a century ago to counteract overharvesting for the pearl button industry. In the 1960s, the in‐ terest rebounded for conservation objectives, after the widespread reports of dramatic population declines. Today, conservation actions are even more urgent. Freshwater mussels have a complex life his‐ tory with long generation times and a parasitic larval stage. Natural recolonization of restored habitats can thus take decades, and prop‐ agation programs are often necessary to prevent extinction. Any such kind of action requires a careful assessment of its im‐ pacts, and I am thus particularly pleased to read a long list of ques‐ tions to consider before starting a freshwater mussel propagation program right in the first chapter. For example, is it truly the best restoration strategy? Have genetic concerns been addressed? And what about ecological consequences? Have local to federal regula‐ tions and permit requirements been identified? A thorough reason‐ ing before acting is mandatory in this field. The practical aspects of this book underline the mismatch between thoughtlessly triggered species declines and the major efforts required to slow or reverse them—lessons that are valuable for marine ecologists in general and all those interested in conservation efforts. The second chapter contains an amazing review of mussel bi‐ ology, including some basic information on their systematics and a thorough review of larval biology. Indeed, the parasitic lifestyle of the larvae of most species requires identifying, acquiring, and also caring for the fish host in captivity; the third chapter is completely dedicated to this fundamental step. The following chapters focus in‐ creasingly on the practicalities of propagation such as brood stock collection, transportation and captive care, larval metamorpho‐ sis and juvenile mussel collection, juvenile mussel culture, release and monitoring, and even propagation facility building. Appendices follow with form templates, contact details of running propagation facilities, and further details on algal culture for mussel feeding. Twenty pages of references end this amazing work. It would be nice to start seeing such comprehensive treatments also for some marine species. The first attempts to reintroduce giant clams in the wild, for example, provided encouraging results. We may not be far from realistic plans to reintroduce these flagship species in depleted coral reefs on a large scale. The book has several figures. Most in black and white unfortunately, but some of them are printed a second time in a color insert. In a time of biodiversity collapse, when even the United Nations have certified that a million species may go extinct in a few decades, the realistic perspective of restoring threatened populations gives some hope for a less dramatic future. Paolo G. Albano"
SS_MECH_FEEDING_MUCUS_CORAL_01,MECH_FEEDING_MUCUS_CORAL,Semantic Scholar Academic Graph API,2026-08-13,7816b338e4de23e5fd3935b280e98aebebc93c0c,91719098,Seasonal dynamics of amphipod assemblages in intertidal coralline algal mats on two Brazilian shores,M. Bueno; A. Flores; F. Leite,2019,2019-01-01,Bulletin of marine science,,10.5343/BMS.2018.0028,,,https://www.semanticscholar.org/paper/7816b338e4de23e5fd3935b280e98aebebc93c0c,False,,8,0,0,Biology,Biology; Environmental Science,"Coralline algae form important rocky intertidal habitats, but their function may be radically changing worldwide as increased land deforestation may ultimately lead to higher sedimentation rates over algal mats, and more frequent extreme weather conditions may increase physical disturbances. One way of addressing how environmental change may affect the ecosystem function of coralline algal mats is to examine the temporal dynamics of invertebrate assemblages associated with this habitat, and how they correlate to key environmental factors. Here, we investigated the dynamics of amphipod assemblages inhabiting coralline algal mats at two sites in southeastern Brazil from September 2010 to August 2013. Twenty-two different species were recorded, encompassing two life-styles (free-living and tube-dwelling), and four feeding habits (detritivorous, omnivorous, herbivorous, and carnivorous). Consistently across sites and over the years, species diversity peaked in autumn, together with the passing of cold fronts and increased wave height. Physical disturbance through wave action caused algal mat thinning and reduced overall amphipod abundance, suggesting habitat limitation, but also decreased species dominance, allowing other species to build up populations over autumn and winter. The omnivore generalist Apohyale media (Dana, 1853) tended to dominate in spring and summer, when the environment was more stable, and the organic matter retained in sediments was higher. When environmental conditions changed during autumn and winter, a second omnivore, Hyale niger (Haswell, 1879), took over, especially in years 1 and 3. During year 2, the virtual absence of H. niger allowed the detritivore Lysianassa temimino Senna and Souza-Filho, 2010 to thrive, which was likely facilitated by the retention of assorted sediments."
SS_MECH_FEEDING_MUCUS_CORAL_01,MECH_FEEDING_MUCUS_CORAL,Semantic Scholar Academic Graph API,2026-08-13,78677349d9111f4bcf4dcbe2c9a883fc1fce0c8a,4852260,Spatial Patterns in Water Quality Changes during Dredging in Tropical Environments,R. Fisher; C. Stark; P. Ridd; Ross Jones,2015,2015-12-02,PLoS ONE,JournalArticle,10.1371/journal.pone.0143309,,26630575,https://www.semanticscholar.org/paper/78677349d9111f4bcf4dcbe2c9a883fc1fce0c8a,True,https://doi.org/10.1371/journal.pone.0143309,71,70,3,Medicine; Biology,Medicine; Biology; Environmental Science,"Dredging poses a potential risk to tropical ecosystems, especially in turbidity-sensitive environments such as coral reefs, filter feeding communities and seagrasses. There is little detailed observational time-series data on the spatial effects of dredging on turbidity and light and defining likely footprints is a fundamental task for impact prediction, the EIA process, and for designing monitoring projects when dredging is underway. It is also important for public perception of risks associated with dredging. Using an extensive collection of in situ water quality data (73 sites) from three recent large scale capital dredging programs in Australia, and which included extensive pre-dredging baseline data, we describe relationships with distance from dredging for a range of water quality metrics. Using a criterion to define a zone of potential impact of where the water quality value exceeds the 80th percentile of the baseline value for turbidity-based metrics or the 20th percentile for the light based metrics, effects were observed predominantly up to three km from dredging, but in one instance up to nearly 20 km. This upper (~20 km) limit was unusual and caused by a local oceanographic feature of consistent unidirectional flow during the project. Water quality loggers were located along the principal axis of this flow (from 200 m to 30 km) and provided the opportunity to develop a matrix of exposure based on running means calculated across multiple time periods (from hours to one month) and distance from the dredging, and summarized across a broad range of percentile values. This information can be used to more formally develop water quality thresholds for benthic organisms, such as corals, filter-feeders (e.g. sponges) and seagrasses in future laboratory- and field-based studies using environmentally realistic and relevant exposure scenarios, that may be used to further refine distance based analyses of impact, potentially further reducing the size of the dredging footprint."
SS_MECH_FEEDING_MUCUS_CORAL_01,MECH_FEEDING_MUCUS_CORAL,Semantic Scholar Academic Graph API,2026-08-13,7888c2caf99fe0ff4a5897aa8a39f8daabbf6d36,264003615,The Ecology of fishes on coral reefs,Peter F. Sale,1980,,,,,,,https://www.semanticscholar.org/paper/7888c2caf99fe0ff4a5897aa8a39f8daabbf6d36,False,,414,0,10,Biology,Biology; Environmental Science; Biology,
SS_MECH_FEEDING_MUCUS_CORAL_01,MECH_FEEDING_MUCUS_CORAL,Semantic Scholar Academic Graph API,2026-08-13,78b42d00f42c0bdda05808d2a6ec32b52b12b45c,67783938,"Restoration of Benthic Macro-endofauna after Reforestation of Rhizophora mucronata Mangroves in Gazi Bay, Kenya",A. Mutua; M. Ntiba; A. Muthumbi; D. Ngondi; A. Vanreusel,2012,,,,,,,https://www.semanticscholar.org/paper/78b42d00f42c0bdda05808d2a6ec32b52b12b45c,False,,3,35,0,,Environmental Science,
SS_MECH_FEEDING_MUCUS_CORAL_01,MECH_FEEDING_MUCUS_CORAL,Semantic Scholar Academic Graph API,2026-08-13,79326c7c4c32b4531c6aa2272c3caca2a325abc3,134253999,Rain-derived particles and CDOM distribution along the east coast of New Caledonia,C. Dupouy; Guillaume Wattelez; J. Lefèvre; F. Juillot; R. Andréoli; D. Lille; H. Murakami; R. Röttgers; R. Frouin,2018,2018-09-24,Asia-Pacific Remote Sensing,,10.1117/12.2501807,,,https://www.semanticscholar.org/paper/79326c7c4c32b4531c6aa2272c3caca2a325abc3,True,https://www.spiedigitallibrary.org/conference-proceedings-of-spie/10778/107780K/Rain-derived-particles-and-CDOM-distribution-along-the-east-coast/10.1117/12.2501807.pdf,3,21,0,Engineering; Environmental Science,Engineering; Environmental Science; Environmental Science; Geology,"Shortly after strong rains or tropical storms, chlorophyll-a concentration (Chla), turbidity, and colored dissolved organic matter (CDOM) in the lagoon of New Caledonia may be tripled. This effect is visible as far as 50 km offshore. The Eastern Coast of New Caledonia is more impacted than the Western Coast because of its geomorphological structure. Higher frequency and intensity of the rains, and the dominance of highly erosive lateritic formations resulted from deep weathering of ultramafic rocks. At the deeper parts of the lagoon (> 20 m), increases of Chla, turbidity, and CDOM absorption can be detected by satellite imagery with their plumes extending off shore as a result of wind-driven circulation in the lagoon. Such increases agree with the oceanographic measurements of Chla, absorption, backscattering, turbidity and CDOM during extensive cruises. Satellite and in situ measurements allow tracing of particulates and dissolved matter in lagoon waters and up to the coral barrier reefs. The largest particles settle at a short distance from the coast influencing the sediments not far from the river outflows. Fine particles (< 10 μm), colloids and/or CDOM are exported to reefs where they can be beneficial through protection from high UV illumination (colloids) and feeding of the corals (CDOM). Phytoplankton and associated detritus, when not dominated by toxic filamentous cyanobacteria, can also feed coral reefs. Finally, the export of fine particles associated with colloids and/or CDOM can also contribute to the distribution of trace metals to the barrier reefs of the East Coast and offshore. The question whether this input of trace metals has an overall positive or negative effect on the coral reefs is still under debate."
SS_MECH_FEEDING_MUCUS_CORAL_01,MECH_FEEDING_MUCUS_CORAL,Semantic Scholar Academic Graph API,2026-08-13,7962ffbc0bdb95bbd3be9695eb3acd2fa052aaa7,102533322,"Dynamics of terrestrial materials in coastal areas: evaluation using multiple stable isotope signatures of H 2 O, DIC and POM",,2016,2016-03-10,,,,,,https://www.semanticscholar.org/paper/7962ffbc0bdb95bbd3be9695eb3acd2fa052aaa7,False,,0,0,0,Chemistry,Chemistry; Environmental Science,
SS_MECH_FEEDING_MUCUS_CORAL_01,MECH_FEEDING_MUCUS_CORAL,Semantic Scholar Academic Graph API,2026-08-13,7a135895defca0f57802451f091058ff540a002f,129092721,"The distribution of estuarine and oceanic water masses on the southern shore of O'ahu, Hawai'i: Ecological and coastal management implications, and novel methodology",P. E. Parnell,2001,2001-09-01,,,10.4319/lo.2001.46.6.1468,,,https://www.semanticscholar.org/paper/7a135895defca0f57802451f091058ff540a002f,True,https://onlinelibrary.wiley.com/doi/pdfdirect/10.4319/lo.2001.46.6.1468,11,37,0,Geology,Geology; Environmental Science,
SS_MECH_FEEDING_MUCUS_CORAL_01,MECH_FEEDING_MUCUS_CORAL,Semantic Scholar Academic Graph API,2026-08-13,7a1bc5703fcaef0cdabcb6ee1ba8eeb0b9e53870,83036291,Allozyme variation as a tool for beche-de-mer fisheries management: A study on Holothuria scabra (sandfish),S. Uthicke; J. Benzie,1999,1999-09-01,,,,,,https://www.semanticscholar.org/paper/7a1bc5703fcaef0cdabcb6ee1ba8eeb0b9e53870,False,,14,17,1,Biology,Biology; Environmental Science; Biology,
SS_MECH_FEEDING_MUCUS_CORAL_01,MECH_FEEDING_MUCUS_CORAL,Semantic Scholar Academic Graph API,2026-08-13,7a365123c09ab455d7722b74c6fcdeea1c7db4c4,86282147,"Microbial community analysis of Acropora palamata mucus swabs, water and sediment samples from Hawksnest Bay, St. John, U.S. Virgin Islands",Lisa A. May; Athena R. Avadanei; C. Rogers; Jeff Miller; C. Woodley,2010,2010-10-01,,Review,,,,https://www.semanticscholar.org/paper/7a365123c09ab455d7722b74c6fcdeea1c7db4c4,False,,2,10,0,Biology,Biology; Environmental Science; Biology,
SS_MECH_FEEDING_MUCUS_CORAL_01,MECH_FEEDING_MUCUS_CORAL,Semantic Scholar Academic Graph API,2026-08-13,7a56102f04de1c25c272bf6e63355e398f147388,276865801,"Metagenomic Characterization of Microbiome Taxa Associated with Coral Reef Communities in North Area of Tabuk Region, Saudia Arabia",Madeha O. I. Ghobashy; Amenah S. Al-otaibi; Basmah M. Alharbi; Dikhnah Alshehri; Hanaa Ghabban; Doha A. Albalawi; A. M. Alenzi; Marfat Alatawy; Fuad A. Alatawi; Abelazeem M Algammal; Rashid Mir; Y. M. Mahrous,2025,2025-03-01,Life,JournalArticle,10.3390/life15030423,,40141768,https://www.semanticscholar.org/paper/7a56102f04de1c25c272bf6e63355e398f147388,True,https://www.mdpi.com/2075-1729/15/3/423/pdf?version=1741344434,4,90,0,Medicine,Medicine; Environmental Science; Biology,"The coral microbiome is highly related to the overall health and the survival and proliferation of coral reefs. The Red Sea’s unique physiochemical characteristics, such a significant north–south temperature and salinity gradient, make it a very intriguing research system. However, the Red Sea is rather isolated, with a very diversified ecosystem rich in coral communities, and the makeup of the coral-associated microbiome remains little understood. Therefore, comprehending the makeup and dispersion of the endogenous microbiome associated with coral is crucial for understanding how the coral microbiome coexists and interacts, as well as its contribution to temperature tolerance and resistance against possible pathogens. Here, we investigate metagenomic sequencing targeting 16S rRNA using DNAs from the sediment samples to identify the coral microbiome and to understand the dynamics of microbial taxa and genes in the surface mucous layer (SML) microbiome of the coral communities in three distinct areas close to and far from coral communities in the Red Sea. These findings highlight the genomic array of the microbiome in three areas around and beneath the coral communities and revealed distinct bacterial communities in each group, where Pseudoalteromonas agarivorans (30%), Vibrio owensii (11%), and Pseudoalteromonas sp. Xi13 (10%) were the most predominant species in samples closer to coral (a coral-associated microbiome), with the domination of Pseudoalteromonas_agarivorans and Vibrio_owensii in Alshreah samples distant from coral, while Pseudoalteromonas_sp._Xi13 was more abundant in closer samples. Moreover, Proteobacteria such as Pseudoalteromonas, Pseudomonas and Cyanobacteria were the most prevalent phyla of the coral microbiome. Further, Saweehal showed the highest diversity far from corals (52.8%) and in Alshreah (7.35%) compared to Marwan (1.75%). The microbial community was less diversified in the samples from Alshreah Far (5.99%) and Marwan Far (1.75%), which had comparatively lower values for all indices. Also, Vibrio species were the most prevalent microorganisms in the coral mucus, and the prevalence of these bacteria is significantly higher than those found in the surrounding saltwater. These findings reveal that there is a notable difference in microbial diversity across the various settings and locales, revealing that geographic variables and coral closeness affect the diversity of microbial communities. There were significant differences in microbial community composition regarding the proximity to coral. In addition, there were strong positive correlations between genera Pseudoalteromonas and Vibrio in close-to-coral environments, suggesting that these bacteria may play a synergistic role in Immunizing coral, raising its tolerance towards environmental stress and overall coral health."
SS_MECH_FEEDING_MUCUS_CORAL_01,MECH_FEEDING_MUCUS_CORAL,Semantic Scholar Academic Graph API,2026-08-13,7a99a897a8aaf6cf0e12a14336fd3a1a46c0f235,128660738,Fish Bulletin 146. Man-Made Reef Ecology,C. Turner; E. Ebert; R. Given,1969,1969-09-01,,,,,,https://www.semanticscholar.org/paper/7a99a897a8aaf6cf0e12a14336fd3a1a46c0f235,False,,7,66,1,Geography,Geography; Environmental Science,
SS_MECH_FEEDING_MUCUS_CORAL_01,MECH_FEEDING_MUCUS_CORAL,Semantic Scholar Academic Graph API,2026-08-13,7aa98cf8905b436ed22ac3f3f878fc2638691dc1,132786562,Reefs and mounds,J. Roberts; A. Wheeler; A. Freiwald; S. Cairns,2009,2009-04-01,,,10.1017/CBO9780511581588.005,,,https://www.semanticscholar.org/paper/7aa98cf8905b436ed22ac3f3f878fc2638691dc1,False,,0,0,0,Geology,Geology; Geology; Environmental Science,
SS_MECH_FEEDING_MUCUS_CORAL_01,MECH_FEEDING_MUCUS_CORAL,Semantic Scholar Academic Graph API,2026-08-13,7ae7cb679177938b2b6f0a9bb101a79cc6d6b40a,135458277,"Factors influencing heavy metal concentrations in the bottom sediments of the Al-Kharrar Lagoon and Salman Bay, eastern Red Sea coast, Saudi Arabia",M. Hariri; R. H. Abu-Zied,2018,2018-08-30,Arabian Journal of Geosciences,,10.1007/s12517-018-3838-2,,,https://www.semanticscholar.org/paper/7ae7cb679177938b2b6f0a9bb101a79cc6d6b40a,False,,23,63,0,Environmental Science,Environmental Science; Environmental Science,
SS_MECH_FEEDING_MUCUS_CORAL_01,MECH_FEEDING_MUCUS_CORAL,Semantic Scholar Academic Graph API,2026-08-13,7b29e6a11a48d16010118775a0e74360a77f6e09,229643755,"Mineral sediments of the Kholodnyy grotto cave(Bzyb Gorge, Abkhazia) and d13C carbon and d18O oxygenisotope composition of karstogenic carbonates",O. Chervyatsova; S. Potapov; L. V. Leonova; J. L. Baker; R. Dbar; G. Ras,2020,,,,10.19110/geov.2020.10.2,,,https://www.semanticscholar.org/paper/7b29e6a11a48d16010118775a0e74360a77f6e09,True,https://doi.org/10.19110/geov.2020.10.2,0,0,0,Geology,Geology; Geology; Environmental Science,"The article is devoted to the results of the study of the mineral and isotopic composition of speleothems of the of the Kholodnyy Grotto cavein the Bzyb gorge of Abkhazia. The cavity was mapped and various types of secondary mineral deposits were recorded. The following mineral formations (speleothems) have been established in the cave: Mondmilch, corallites, guhrs, carbonate breccias, biogenic phosphates. Attention is drawn to the abundance of allogeneic mineral inclusions in drip calcite associated with the weathering products of igneous rocks (zircon, potassium feldspar, ilmenite, rutile, monazite, apatite). The source of these minerals is presumably the weathering crust of the Middle Jurassic volcanics. The oxygen isotope composition of all studied carbonates reflects the participation of meteoric waters. Moreover, the isotopic composition of carbon is subject to significant variations associated with kinetic fractionation (CO2 degassing). Based on the results of petrographic and isotopic studies, an attempt was made to typify speleothems according to the nature of their feeding and the characteristics of crystallization. Also, the cave revealed phosphate mineralization in the form of dark brown thin-layered crusts of hydroxylapatite, formed in place of old guano deposits."
SS_MECH_FEEDING_MUCUS_CORAL_01,MECH_FEEDING_MUCUS_CORAL,Semantic Scholar Academic Graph API,2026-08-13,7b830d22d86d96db8068f980a7bb3b411efee8b4,276373000,The Structuring Role of Rhodolith Beds on Meiobenthic Communities in the Mediterranean Sea,Adele Cocozza di Montanara; F. Semprucci; F. Rendina; Giovanni Fulvio Russo; R. Sandulli,2025,2025-02-01,Aquatic conservation,JournalArticle,10.1002/aqc.70060,,,https://www.semanticscholar.org/paper/7b830d22d86d96db8068f980a7bb3b411efee8b4,True,https://doi.org/10.1002/aqc.70060,6,49,0,,Environmental Science,"Rhodolith beds are globally distributed structurally complex habitats formed by the aggregation of unattached forms of non‐geniculate coralline red algae. They provide key ecosystem functions and services, supporting feeding, settlement and nursery provision for several species. Despite their importance, the associated faunal biodiversity is poorly known, particularly with regard to meiofauna. The Mediterranean is particularly lacking in data; here, meiofaunal samples were collected in three sites from the Tyrrhenian Sea (Italy) aiming to characterize for the first time the meiofaunal communities associated with mesophotic rhodolith beds, exploring whether the microhabitat structure of rhodoliths influences variations in meiofaunal composition compared to the underlying sediment microhabitat. A total of 17 taxa was recorded. A high level of dissimilarity was found between the two different microhabitat types (i.e., rhodoliths and sediments), suggesting that meiofauna is more influenced by ‘micro’ than ‘macro’ spatial scale from both a qualitative and quantitative point of view. Rhodoliths showed a distinct meiofauna represented by copepods and many representative taxa of temporary meiofauna (macrofaunal juveniles), supporting the nursery role of rhodoliths. Conversely, sediments were mainly composed of sediment‐dwelling organisms (nematodes and platyhelminthes). The presence of such a multifaceted meiobenthic community, especially in more structurally complex rhodoliths, might favour the resilience of the system and recovery processes after environmental perturbations. These findings underline the key role of rhodoliths as habitat formers and biodiversity/stability enhancers in coastal ecosystems."
SS_MECH_FEEDING_MUCUS_CORAL_01,MECH_FEEDING_MUCUS_CORAL,Semantic Scholar Academic Graph API,2026-08-13,7b8b9dba9f2bb15e858e76856668432dff9e35a8,84754715,Factors influencing the distribution of epibenthic megafauna across the Peruvian oxygen minimum zone,T. Mosch; S. Sommer; M. Dengler; A. Noffke; L. Bohlen; O. Pfannkuche; V. Liebetrau; K. Wallmann,2012,2012-10-01,,,10.1016/J.DSR.2012.04.014,,,https://www.semanticscholar.org/paper/7b8b9dba9f2bb15e858e76856668432dff9e35a8,False,,66,82,6,Biology,Biology; Environmental Science,
SS_MECH_FEEDING_MUCUS_CORAL_01,MECH_FEEDING_MUCUS_CORAL,Semantic Scholar Academic Graph API,2026-08-13,7b8cb14cf6ec888794bcde83c26dfea217a2ce61,133620405,Influences of Pacific Island human communities on benthic coral reef functioning and resilience,Amanda K Ford,2017,,,,,,,https://www.semanticscholar.org/paper/7b8cb14cf6ec888794bcde83c26dfea217a2ce61,False,,1,204,0,Environmental Science,Environmental Science; Environmental Science,
SS_MECH_FEEDING_MUCUS_CORAL_01,MECH_FEEDING_MUCUS_CORAL,Semantic Scholar Academic Graph API,2026-08-13,7c6991e33a90b3b0c870482e90d863f7fc205fcd,87641354,Stable carbon isotope study on trophic relationships of Zhubi reef ecosystem in Nansha Islands,G. Wei-dong,2002,,,,,,,https://www.semanticscholar.org/paper/7c6991e33a90b3b0c870482e90d863f7fc205fcd,False,,4,0,1,Biology,Biology; Environmental Science,
SS_MECH_FEEDING_MUCUS_CORAL_01,MECH_FEEDING_MUCUS_CORAL,Semantic Scholar Academic Graph API,2026-08-13,7c98cfaddaa893fdccc2167c983cd68adad8d251,276032881,Accumulation of microplastics in various organs of fiddler crabs and sea cucumbers across the coastal habitats in Singapore.,Jenny Fong; Ashwini Kumar; Zhen Yu Choy; Yi Hong Tan; Jasmine Anya Putri Gowidjaja; M. L. Neo,2025,2025-01-01,Environmental Pollution,JournalArticle,10.1016/j.envpol.2025.125773,,39892458,https://www.semanticscholar.org/paper/7c98cfaddaa893fdccc2167c983cd68adad8d251,True,https://doi.org/10.1016/j.envpol.2025.125773,16,87,1,Medicine,Medicine; Environmental Science; Biology,"Microplastics (or MPs) are an emergent threat to marine organisms. This study assessed MP contamination in the major organs of four species from Singapore's coastal habitats: Orange Fiddler Crab (Gelasimus vocans) and Porcelain Fiddler Crab (Austruca annulipes) from mangroves, Garlic Bread Sea Cucumber (Holothuria scabra) from seagrass beds and Synaptid Sea Cucumber (Synaptula recta) from coral reefs. MPs were prevalent in all species and their organs. Mean MP concentrations in fiddler crabs were 6.63 ± 0.97 MP individual-1 in G. vocans and 12.18 ± 3.38 MP individual-1 in A. annulipes, where their female crabs had significantly more MPs than males. This study also confirmed the translocation of MPs to the crabs' hepatopancreas, which had the highest MP concentrations compared to gills and digestive tracts. These observations suggest that the fiddler crabs' sexual dimorphism could influence feeding efficiency and behaviour. In contrast, the sea cucumbers had lower MP concentrations in their organs, where the average MP concentrations were 10.00 ± 2.32 MP individual-1 in H. scabra and 6.33 ± 0.69 MP individual-1 in S. recta. For H. scabra only, their respiratory trees showed the highest MP levels compared to their digestive tracts. Across the species, MPs were predominantly <1,000μm in size, in fibre shape and polyethylene (PE). These findings provide critical baseline data on MP contamination across different organs in marine organisms, serving as proxies for sediment pollution levels."
SS_MECH_FEEDING_MUCUS_CORAL_01,MECH_FEEDING_MUCUS_CORAL,Semantic Scholar Academic Graph API,2026-08-13,7d0249ad09ab89cbcd475368c8311b3970f551ef,130709677,"Guild structure and tiering in a high-density Silurian community, Milwaukee County, Wisconsin",R. Watkins,1991,1991-10-01,,,10.2307/3514985,,,https://www.semanticscholar.org/paper/7d0249ad09ab89cbcd475368c8311b3970f551ef,False,,31,24,1,Geology,Geology; Geology,
SS_MECH_FEEDING_MUCUS_CORAL_01,MECH_FEEDING_MUCUS_CORAL,Semantic Scholar Academic Graph API,2026-08-13,7d6c3d1bf3359d92d0df9e8bcdfef284b13a6635,129934314,Jurassic sedimentation in the Cleveland Basin: a review,J. Powell,2010,2010-05-01,,Review,10.1144/PYGS.58.1.278,,,https://www.semanticscholar.org/paper/7d6c3d1bf3359d92d0df9e8bcdfef284b13a6635,True,http://nora.nerc.ac.uk/id/eprint/10597/1/YGS_Presidential_Address_Draft_Jan_10_PR_comments_includededited3__4_.pdf,105,211,18,Geology,Geology; Geology,"SUMMARY This review combines two Presidential Addresses (2005, 2006) and aims to provides an up-to-date overview of the stratigraphy and sedimentation of the Jurassic sequence of the Cleveland Basin (Yorkshire), including poorly known data from the western outcrop. These fascinating rocks have been the focus of geological research since the 18th Century and have had a profound influence on the development of the geological sciences. Throughout the 20th Century, the excellent coastal exposures have acted as a magnet for palaeontologists, stratigraphers, sedimentologists and geochemists, as a natural geological laboratory, and in recent decades, the coastal exposures received increased scientific interest as a result of their analogy with hydrocarbon source and reservoir rocks in the North Sea. Designation of the international Global Stratotype Section and Point (GSSP) for the Sinemurian–Pliensbachian stage boundary in Robin Hood9s Bay, the establishment of the Dinosaur Coast, and development of the Rotunda Museum in Scarborough have all given the regional geology additional importance. The Lias Group (Hettangian–Toarcian age; 199.6–175.6 Ma), exposed in the well known coastal sections, is illustrated by the fully cored Felixkirk Borehole, located at the western margin of the outcrop, and is one of the best examples of shallow marine sedimentation in an epeiric shelf-sea setting. It comprises two large-scale, upward coarsening cycles, namely the Redcar Mudstone to Staithes Sandstone cycle, followed by the Cleveland Ironstone to Blea Wyke Sandstone cycle. Within this broad pattern, smaller scale transgressive–regressive cycles are described from stratigraphically expanded and reduced successions. Detailed ammonite biostratigraphy provides a finely calibrated temporal framework to study the variations in sedimentation, which include storm-generated limestones and sandstones (‘tempestites’) interbedded with mudstone deposited during fair-weather periods. Hemipelagic mud, occasionally organic-rich, reflects deeper-water anoxic events that may indicate a response to global climate change. In cores, the tempestite beds (Hettangian–Sinemurian) are characterized by sharp bases that, at outcrop, are often masked by downward penetrating burrows. Cyclicity on a centimetre scale in the overlying Pliensbachian ‘Banded Shales’ may be the result of orbitally induced, climatic cycles. Gradational upward coarsening to the Staithes Sandstone Formation marks a transition to sand-rich tempestite deposits, characterized by low angle and swaley cross-lamination, interbedded with sand-starved units (striped siltstones). The sands were probably deposited from sediment-laden, storm-surge and ebb currents in inner- and mid-shelf settings; the sandy substrate was, at some levels, extensively bioturbated by deposit feeding organisms that produced a spectacular range of trace fossil assemblages characteristic of shoreface, inner-, mid-, and outer-shelf settings. Intrabasinal tectonics was a controlling factor during deposition of both the Staithes Sandstone and the overlying Cleveland Ironstone (Late Pliensbachian). The influx of sand is attributed to hinterland uplift and increased sediment flux. More marked intraformational uplift during deposition of the Cleveland Ironstone is manifested in a much attenuated succession in the west of the basin (Felixkirk); southwards, towards the Market Weighton High, the Pecten/Main Seam of the ironstone oversteps unconformably onto progressively older beds to rest on the lower part of the Redcar Mudstone Formation. Ironstone, in the form of berthierine ooids and sideritic mud, was deposited during 5–6 cycles (in coastal exposures) of high sea-level stands that cut off siliciclastic influx from the low-gradient hinterland; regressive, upward-shoaling intervals are marked by interbedded, bioturbated siltstone and fine-grained sandstone. The Toarcian succession (Whitby Mudstone and Blea Wyke Sandstone formations) continues the second upward coarsening cycle in response to increased subsidence, rising sea-level, and an influx of siliciclastic sand. Oxygenated, open marine mud was deposited during the initial deepening phase, followed by bituminous mud, attributed to ocean-water stratification and the establishment of anoxic bottom conditions; in the west of the basin an upward shoaling sequence suggests that water depths were not as great. Recent research on the geochemistry and stable isotope signatures across this early Toarcian interval indicates a widespread, global anoxic event, possibly attributed to the release of methane hydrate on the ocean floor. The Alum Shale Member represents increasingly oxygenated bottom conditions and an upward coarsening motif with passage to the Blea Wyke Sandstone Formation, which is preserved only in the Peak Trough, an actively subsiding graben. Basin uplift accompanied by gentle folding in late Toarcian to Aalenian times removed much of the late Toarcian succession so that the Middle Jurassic Dogger Formation (Aalenian), a complex, condensed, shallow water unit rests unconformably on beds as low as the Alum Shale over much of the basin. Deep boreholes and revision mapping by the British Geological Survey (BGS) in the west of the outcrop have allowed a fuller, basin-wide synthesis of the palaeoenvironments and the influence of intra-Jurassic tectonics during Mid- to Late Jurassic times. During Mid-Jurassic times the low-lying, paralic coastal plain, typified by braided and meandering fluvial systems and lacustrine deposits was invaded by marine incursions from the south and east. Each transgressive event was different in its geographical penetration across the coastal plain, resulting in varied lithofacies and palaeoenvironments including ooidal ironstone and lime mud (Eller Beck Formation), peloid and ooid carbonate shoals (Lebberston Member), and tidal sand bars, pelloidal limestones and nearshore marine muds (Scarborough Formation). Trace fossils, including dinosaur footprints, and macro-plant fossils tell us much about the palaeoenvironments on the coastal plain, during this time interval (175.6–164.7 Ma) that was characterized by a warm, seasonal climate. The basin wide transgression and marked global sea-level rise represented by the Cornbrash Formation, marks deposition in a shallow marine environment during the Callovian, followed by sand (Osgodby Formation) and deeper water muds (Oxford Clay Formation) that spread northwards from the East Midlands over the Market Weighton High during the Oxfordian. Subsequent shallowing of the basin resulted in the establishment of a carbonate/siliciclastic platform typified by ooidal shoals, coral patch reefs and sponge spicule-rich marine sands (Corallian Group). Their complex sedimentation pattern was influenced by local infra-Oxfordian tectonics related to the Howardian–Flamborough Fault Belt. Although the Ampthill Clay and Kimmeridge Clay formations, the latter representing the most important regional hydrocarbon source rock, are not well-exposed, recent boreholes in the Cleveland Basin have allowed a much better understanding of the hemi-pelagic marine environment (both oxic and anoxic) during this phase of sedimentation which marks a global sea-level rise. Although well-studied by world standards, the Jurassic sediments of the Cleveland Basin continue to throw up surprises and advances in our understanding of the Earth as a dynamic system over a period of c . 30 million years. These studies have directly and indirectly influenced our understanding of the Earth as a system, and have played an important role in educating non-specialists, undergraduates and professional geologists over many decades."
SS_MECH_FEEDING_MUCUS_CORAL_01,MECH_FEEDING_MUCUS_CORAL,Semantic Scholar Academic Graph API,2026-08-13,7d740ee90113b856335a4ace2a120ad7a99eac4b,5971697,Exposure of clownfish larvae to suspended sediment levels found on the Great Barrier Reef: Impacts on gill structure and microbiome,S. Hess; A. Wenger; T. Ainsworth; J. Rummer,2015,2015-06-22,Scientific Reports,JournalArticle,10.1038/srep10561,,26094624,https://www.semanticscholar.org/paper/7d740ee90113b856335a4ace2a120ad7a99eac4b,True,https://www.nature.com/articles/srep10561.pdf,116,48,6,Biology; Medicine,Biology; Medicine; Environmental Science; Biology,"Worldwide, increasing coastal development has played a major role in shaping coral reef species assemblages, but the mechanisms underpinning distribution patterns remain poorly understood. Recent research demonstrated delayed development in larval fishes exposed to suspended sediment, highlighting the need to further understand the interaction between suspended sediment as a stressor and energetically costly activities such as growth and development that are essential to support biological fitness. We examined the gill morphology and the gill microbiome in clownfish larvae (Amphiprion percula) exposed to suspended sediment concentrations (using Australian bentonite) commonly found on the inshore Great Barrier Reef. The gills of larvae exposed to 45 mg L−1 of suspended sediment had excessive mucous discharge and growth of protective cell layers, resulting in a 56% thicker gill epithelium compared to fish from the control group. Further, we found a shift from ‘healthy’ to pathogenic bacterial communities on the gills, which could increase the disease susceptibility of larvae. The impact of suspended sediments on larval gills may represent an underlying mechanism behind the distribution patterns of fish assemblages. Our findings underscore the necessity for future coastal development to consider adverse effects of suspended sediments on fish recruitment and consequently fish populations and ecosystem health."
SS_MECH_FEEDING_MUCUS_CORAL_01,MECH_FEEDING_MUCUS_CORAL,Semantic Scholar Academic Graph API,2026-08-13,7e5645abe539e54161a53d6a11641fc4c0a41efa,37032671,"Health status of corals surrounding Kish Island, Persian Gulf.",Mahsa Alidoost Salimi; P. G. Mostafavi; S. M. Fatemi; G. Aeby,2017,2017-03-30,Diseases of Aquatic Organisms,JournalArticle; Review,10.3354/dao03105,,28357987,https://www.semanticscholar.org/paper/7e5645abe539e54161a53d6a11641fc4c0a41efa,False,,16,42,1,Biology; Medicine,Biology; Medicine; Environmental Science,
SS_MECH_FEEDING_MUCUS_CORAL_01,MECH_FEEDING_MUCUS_CORAL,Semantic Scholar Academic Graph API,2026-08-13,7e5b5f67a689d5efec34c05d93a1ea31b421be7b,129162386,The western edge of the Mediterranean Pelagian Platform: A Messinian mixed siliciclastic-carbonate ramp in northern Tunisia,P. Moissette; J. Cornée; Beya Mannai-Tayech; Mohsen Rabhi; J. André; E. Koskeridou; H. Méon,2010,,,,10.1016/J.PALAEO.2009.10.028,,,https://www.semanticscholar.org/paper/7e5b5f67a689d5efec34c05d93a1ea31b421be7b,False,,34,93,7,Geology,Geology; Geology; Environmental Science,
SS_MECH_FEEDING_MUCUS_CORAL_01,MECH_FEEDING_MUCUS_CORAL,Semantic Scholar Academic Graph API,2026-08-13,7eb2b2f0437ef53141e0dd8d87957e2844b36ffe,219090897,Effects of the cleaner fish Labroides dimidiatus on grazing fishes and coral reef benthos,A. Grutter; S. Bejarano; K. L. Cheney; A. Goldizen; T. Sinclair‐Taylor; Peter A. Waldie,2020,2020-06-11,Marine Ecology Progress Series,,10.3354/meps13331,,,https://www.semanticscholar.org/paper/7eb2b2f0437ef53141e0dd8d87957e2844b36ffe,False,,6,0,0,Biology,Biology; Environmental Science; Biology,"Territorial and roving grazing fishes farm, and feed on, algae, sediment, or detritus, thus exerting different influences on benthic community structure, and are common clients of cleaner fish. Whether cleaners affect grazing-fish diversity and abundance, and indirectly the benthos, was tested using reefs maintained free of the bluestreak cleaner wrasse Labroides dimidiatus for 8.5 yr (removals) compared with controls. We quantified fish abundance per grazing functional group, foraging rates of roving grazers, cleaning rates of roving grazers by L. dimidiatus, reef benthos composition, and fouling material on settlement tiles. Abundances of ‘intensive’ and ‘extensive’ territorial farmers, non-farmers, parrotfishes and Acanthurus spp. were lower on removal than control reefs, but this was not the case for ‘indeterminate’ farmers and Ctenochaetus striatus. Foraging rates of Acanthurus spp. and C. striatus were unaffected by cleaner presence or cleaning duration. This suggests some robustness of the grazers’ foraging behaviour to loss of cleaners. Acanthurus spp. foraged predominantly on sediment and detritus, whereas C. striatus and parrotfishes grazed over algal turfs. Nevertheless, benthic community structure and amount of organic and inorganic material that accumulated over 3.5 mo on tiles were not affected by cleaner presence. Thus, despite greater abundances of many roving grazers, and consequently higher grazing rates being linked to the presence of cleaners, the benthos was not detectably affected by cleaners. This reveals that the positive effect of cleaners on fish abundance is not associated with a subsequent change in the benthos as predicted. Rather, it suggests a resilience of benthic community structure to cleaner-fish loss, possibly related to multiple antagonistic effects of different grazer functional groups. However, losing cleaners remains a problem for reefs, as the lack of cleaning has adverse consequences for fish physiology and populations."
SS_MECH_FEEDING_MUCUS_CORAL_01,MECH_FEEDING_MUCUS_CORAL,Semantic Scholar Academic Graph API,2026-08-13,7ecd86747ee0930bd2d5304ca4cad70e617d4ced,140148907,"The Petrology of a Composite Vertical Section of Cincinnatian Series Limestones (Upper Ordovician) of Southwestern Ohio, Southeastern Indiana, and Northern Kentucky",W. D. Martin,1975,1975-12-01,,,10.1306/212F6E83-2B24-11D7-8648000102C1865D,,,https://www.semanticscholar.org/paper/7ecd86747ee0930bd2d5304ca4cad70e617d4ced,False,,9,0,0,Geology,Geology; Geology,
SS_MECH_FEEDING_MUCUS_CORAL_01,MECH_FEEDING_MUCUS_CORAL,Semantic Scholar Academic Graph API,2026-08-13,7eeca9c2463e07040e3092ac2af684c4c928af7c,86011261,Coral mucus release and following particle trapping contribute to rapid nutrient recycling in a Northern Red Sea fringing reef,Florian Mayer; C. Wild,2010,2010-10-14,,,10.1071/MF09250,,,https://www.semanticscholar.org/paper/7eeca9c2463e07040e3092ac2af684c4c928af7c,False,,29,34,0,Biology,Biology; Environmental Science,
SS_MECH_FEEDING_MUCUS_CORAL_01,MECH_FEEDING_MUCUS_CORAL,Semantic Scholar Academic Graph API,2026-08-13,7f2d65919acf0e18f2a41f98580920e42083836a,276978371,"Signs of Disease Versus Mechanical Damage in the Acropora palmata Reef Formation, Isla Aguja—Colombian Caribbean",Rocío García-Urueña; Marco Garzón-Machado; Juan C. Zárate-Arévalo,2025,2025-03-01,Aquatic conservation,JournalArticle; Review,10.1002/aqc.70105,,,https://www.semanticscholar.org/paper/7f2d65919acf0e18f2a41f98580920e42083836a,False,,1,45,0,,Environmental Science,"Coral diseases have contributed to the decline of coral populations in the Colombian Caribbean. One of the main causes is the infection of pathogenic bacteria, which are transported through marine currents and deposited in the sediment, making it a potential vector and reservoir. In the Torín sector of Isla Aguja, there is an important reef formation of Acropora palmata influenced by river discharges with possible impacts on their condition. To evaluate whether signs of the disease were reducing the population, in 2019, the formation was delimited, and monthly surveys were performed in 65 tagged colonies to calculate the incidence and prevalence of white pox in the population. Samples of water, sediment, healthy mucus and disease mucus were collected to isolate bacterial members and characterize them through amplifications of the V1–V3 hypervariable region of the 16S gene. Because of pandemic restrictions, monitoring was restarted in September 2020 and ended in December 2021, recording only the appearance of signs of disease. Nineteen bacterial strains were isolated. Enterobacter cloacae was found in water and disease mucus, Klebsiella variicola was found in healthy mucus and disease mucus, Klebsiella pneumoniae was found in water and healthy mucus, and Staphylococcus aureus was common in sediment and healthy mucus. Escherichia coli was found only in water. Signs of disease were frequent, with low prevalence but a rapid and evident natural recovery of the colonies, thus not constituting, yet, a threat to the reef formation of A. palmata. In contrast, the gillnets registered on four occasions between 2019 and 2021 caused the breakage of large colonies that impacted the population. It is urgent to establish management strategies for this local formation or strengthen surveillance activities that ensure good fishing practices to protect and prevent impacts on these species."
SS_MECH_FEEDING_MUCUS_CORAL_01,MECH_FEEDING_MUCUS_CORAL,Semantic Scholar Academic Graph API,2026-08-13,7f6230cad88ec95eaae4003f4f9e0e622c221f58,219541148,Proceedings,Chen Zhang; Jeffrey P. Kaleta,1971,1971-05-01,Journal of the Geological Society,,10.1144/gsjgs.127.3.0289,,,https://www.semanticscholar.org/paper/7f6230cad88ec95eaae4003f4f9e0e622c221f58,False,,0,0,0,,Environmental Science; Geology,
SS_MECH_FEEDING_MUCUS_CORAL_01,MECH_FEEDING_MUCUS_CORAL,Semantic Scholar Academic Graph API,2026-08-13,7f656c7f444a6e344725f8fe4b0f09ad56369cd3,109328785,"Application of satellite data for monitoring degradation of tidal wetlands of the Gulf of Kachchh, Western India",S. Nayak; Amjali Pamdeya; Monika Gupta; C. R. Trivedi; K. Prasad; S. Kadri,1989,,,,10.1016/0094-5765(89)90066-0,,,https://www.semanticscholar.org/paper/7f656c7f444a6e344725f8fe4b0f09ad56369cd3,False,,27,0,3,Environmental Science,Environmental Science; Environmental Science,
SS_MECH_FEEDING_MUCUS_CORAL_01,MECH_FEEDING_MUCUS_CORAL,Semantic Scholar Academic Graph API,2026-08-13,7f9aeddb8489768c5f50db3f5b59a45913cde76d,253816687,Trophic ecology of two cold-water coral species from the Mediterranean Sea revealed by lipid biomarkers and compound-specific isotope analyses,M. Naumann; I. Tolosa; M. Taviani; R. Grover; C. Ferrier‐Pagès,2015,2015-07-16,Coral reefs,,10.1007/s00338-015-1325-8,,,https://www.semanticscholar.org/paper/7f9aeddb8489768c5f50db3f5b59a45913cde76d,False,,0,0,0,,Environmental Science; Biology,
SS_MECH_FEEDING_MUCUS_CORAL_01,MECH_FEEDING_MUCUS_CORAL,Semantic Scholar Academic Graph API,2026-08-13,7fb884a44543c2138c104d6ef55c23d7ffee9d88,235326014,Dissolved Nitrogen Acquisition in the Symbioses of Soft and Hard Corals With Symbiodiniaceae: A Key to Understanding Their Different Nutritional Strategies?,Chloé A. Pupier; R. Grover; M. Fine; C. Rottier; J. van de Water; C. Ferrier‐Pagès,2021,2021-06-04,Frontiers in Microbiology,JournalArticle,10.3389/fmicb.2021.657759,,34149646,https://www.semanticscholar.org/paper/7fb884a44543c2138c104d6ef55c23d7ffee9d88,True,https://www.frontiersin.org/articles/10.3389/fmicb.2021.657759/pdf,21,88,0,Medicine,Medicine; Environmental Science; Biology,"Nitrogen is one of the limiting nutrients for coral growth and primary productivity. Therefore, the capacity of different associations between corals and their algal symbionts (Symbiodiniaceae) to efficiently exploit the available nitrogen sources will influence their distribution and abundance. Recent studies have advanced our understanding of nitrogen assimilation in reef-building scleractinian (hard) coral-Symbiodiniaceae symbioses. However, the nutrient metabolism of other coral taxa, such as Alcyoniina (soft corals), remains underexplored. Using stable isotope labeling, we investigated the assimilation of dissolved nitrogen (i.e., ammonium, nitrate, and free amino acids) by multiple species of soft and hard corals sampled in the Gulf of Aqaba in shallow (8–10 m) and mesophotic (40–50 m) reefs. Our results show that dissolved nitrogen assimilation rates per tissue biomass were up to 10-fold higher in hard than in soft coral symbioses for all sources of nitrogen. Although such differences in assimilation rates could be linked to the Symbiodiniaceae density, Symbiodiniaceae species, or the C:N ratio of the host and algal symbiont fractions, none of these parameters were different between the two coral taxa. Instead, the lower assimilation rates in soft coral symbioses might be explained by their different nutritional strategy: whereas soft corals may obtain most of their nitrogen via the capture of planktonic prey by the coral host (heterotrophic feeding), hard corals may rely more on dissolved nitrogen assimilation by their algal symbionts to fulfill their needs. This study highlights different nutritional strategies in soft and hard coral symbioses. A higher reliance on heterotrophy may help soft corals to grow in reefs with higher turbidity, which have a high concentration of particles in suspension in seawater. Further, soft corals may benefit from lower dissolved nitrogen assimilation rates in areas with low water quality."
SS_MECH_FEEDING_MUCUS_CORAL_01,MECH_FEEDING_MUCUS_CORAL,Semantic Scholar Academic Graph API,2026-08-13,802a448735466f6390e222d40e0759f5840e857c,283242557,"A systematic review of microplastics in coral reef ecosystems: Abundance, distribution, toxicity, and future research directions.",Nikol Slynkova; F. Leusch; K. Pitt; Mia O Hoogenboom; Shima Ziajahromi,2025,2025-11-22,Marine Pollution Bulletin,Review; JournalArticle,10.1016/j.marpolbul.2025.119010,,41275743,https://www.semanticscholar.org/paper/802a448735466f6390e222d40e0759f5840e857c,True,https://doi.org/10.1016/j.marpolbul.2025.119010,4,113,0,Medicine,Medicine; Environmental Science; Biology,"Coral reefs, among the most biodiverse ecosystems providing critical ecological services, are increasingly exposed to microplastics (MPs), an emerging contaminant of concern found throughout freshwater and marine environments. Despite the growing number of studies, the lack of harmonized methodologies and reporting units for MP abundance in coral ecosystems hinder meaningful comparison across studies. This inconsistency poses challenges for ecotoxicology, where coral toxicity studies rely on accurate and comparable environmental data. Here, we adopted a systematic quantitative literature review approach to analyze 125 publications including 69 studies on the abundance of MPs in coral reefs environment and 56 studies on the toxicity of MPs on corals. Various MP forms, polymer types, colors and sizes have been reported. Reported MP concentrations in coral reef environments varied among sampled locations, spanning over six orders of magnitude in water (0.046 to 389,280 MPs/m3), up to five orders of magnitude in sediment (3.35 to 431.67 MPs/kg), and over two orders in coral tissue (0.03 to 14.18 MPs/g). To date, knowledge of the impact of environmentally relevant MPs on coral health remains limited. However, studies suggest these effects can be both species-specific and depend on polymer type and MP shape. Reported impacts include reduced growth and calcification, altered photosynthetic efficiency, increased mucus production, and in some cases coral bleaching and tissue necrosis. Furthermore, this review highlights the lack of appropriate quality assurance and quality control (QA/QC) protocols and discusses recommendations for future studies to enhance the data quality and relevance."
SS_MECH_FEEDING_MUCUS_CORAL_01,MECH_FEEDING_MUCUS_CORAL,Semantic Scholar Academic Graph API,2026-08-13,805b212f019dec282db4ca567638c6ae36482c21,2859861,Effects of sediment on the energy budgets of four scleractinian (Bourne 1900) and five alcyonacean (Lamouroux 1816) corals,B. Riegl; G. Branch,1995,1995-03-31,,,10.1016/0022-0981(94)00164-9,,,https://www.semanticscholar.org/paper/805b212f019dec282db4ca567638c6ae36482c21,False,,275,30,13,Biology,Biology; Environmental Science,
SS_MECH_FEEDING_MUCUS_CORAL_01,MECH_FEEDING_MUCUS_CORAL,Semantic Scholar Academic Graph API,2026-08-13,80e4f6e86f43919ec614bc9ac1c2a370c86faecd,87367690,"The relationships between ciliate composition,abundance,and environmental factors in Sanya Bay coral reef waters",H. Jianrong,2010,,,,,,,https://www.semanticscholar.org/paper/80e4f6e86f43919ec614bc9ac1c2a370c86faecd,False,,11,0,1,Biology,Biology; Environmental Science,
SS_MECH_FEEDING_MUCUS_CORAL_01,MECH_FEEDING_MUCUS_CORAL,Semantic Scholar Academic Graph API,2026-08-13,8135247561b32f2e68263d23302a1da001377c03,86986977,Recent development in the research of carbon cycle in coral reef ecosystem,Yang Hong,2009,,,,,,,https://www.semanticscholar.org/paper/8135247561b32f2e68263d23302a1da001377c03,False,,14,0,2,Environmental Science,Environmental Science; Environmental Science,
SS_MECH_FEEDING_MUCUS_CORAL_01,MECH_FEEDING_MUCUS_CORAL,Semantic Scholar Academic Graph API,2026-08-13,81424a4bb25f02b975852214ba6cad445c31540d,84956024,"Rhodolith beds (Corallinales, Rhodophyta) and their physical and biological environment at 80°31′N in Nordkappbukta (Nordaustlandet, Svalbard Archipelago, Norway)",Sebastian Teichert; W. Woelkerling; A. Rüggeberg; M. Wisshak; D. Piepenburg; M. Meyerhöfer; A. Form; J. Büdenbender; A. Freiwald,2012,2012-07-01,,,10.2216/11-76.1,,,https://www.semanticscholar.org/paper/81424a4bb25f02b975852214ba6cad445c31540d,False,,71,86,6,Biology,Biology; Environmental Science; Biology,
SS_MECH_FEEDING_MUCUS_CORAL_01,MECH_FEEDING_MUCUS_CORAL,Semantic Scholar Academic Graph API,2026-08-13,818ea2f49df2a8285d4d801cbdd39ecf09e4178c,84936977,"A field experiment on the microhabitat preference of algal-symbiont-bearing larger foraminifera in a reef-crest algal turf zone, Ishigaki Island, Okinawa, Japan",K. Fujita,2008,,,,10.3755/GALAXEA.10.15,,,https://www.semanticscholar.org/paper/818ea2f49df2a8285d4d801cbdd39ecf09e4178c,True,https://www.jstage.jst.go.jp/article/galaxea/10/1/10_1_15/_pdf,8,24,0,Biology,Biology; Environmental Science,"Larger benthic foraminifera with algal endosymbionts are prolific carbon producers in coral reef environments. Algal turf zones on reef crests host extremely high densities of larger foraminifera, which are abundant not only in algal turfs but also on reef rubble, both of which provide complex three-dimensional habitats. However, the microhabitat preference of larger foraminifera on these substrata has not been studied experimentally. To examine the effect of vertical position and surface configuration on foraminiferan distribution, I conducted a field colonization experiment in a reef-crest algal turf zone off Ishigaki Island, Okinawa, Japan, using three surface types (smooth surfaces, surfaces with small holes, and surfaces covered with artificial turf) of artificial substrata (bricks), on which the upper section was separable from the lower. After 10 weeks, colonization results indicated that vertical position, rather than surface type, influenced the small-scale distribution of Peneroplis, which was more abundant on the upper than on the lower sections of the experimental substrata. In contrast, surface type rather than vertical position influenced the distribution of Amphistegina lobifera and some reef-flat species of the Calcarinidae (Baculogypsina, Calcarina, and Neorotalia), which were more abundant on artificial turf substrata. The abundance of A. lobifera and reef-flat calcarinid species on artificial turf substrata was comparable to that in natural habitats (algal turfs and reef rubble). The preference of Peneroplis, which are omnivorous and free-living, for upper surfaces is likely due to positive phototaxic behavior and the availability of food and nutrients associated with sediment accumulation. On the other hand, the abundance of suspension-feeding, crawling Amphistegina and some calcarinid species in the dense, entangled three-dimensional substratum probably stems from the presence of numerous attachment sites and refuges from strong water motion and high light intensity."
SS_MECH_FEEDING_MUCUS_CORAL_01,MECH_FEEDING_MUCUS_CORAL,Semantic Scholar Academic Graph API,2026-08-13,819ea9f41cdcd276069d1973f374eb7ac8b0733c,257572865,Growth responses of mixotrophic giant clams on nearshore turbid coral reefs,Kimberley Mills; E. John; D. Muir; Nadiezhda Santodomingo; K. Johnson; Muhammad Ali Syed Hussein; S. Sosdian,2023,2023-03-15,Coral reefs,,10.1007/s00338-023-02366-8,,,https://www.semanticscholar.org/paper/819ea9f41cdcd276069d1973f374eb7ac8b0733c,True,https://link.springer.com/content/pdf/10.1007/s00338-023-02366-8.pdf,13,83,1,,Environmental Science; Biology,"Increasing evidence suggests that nearshore turbid coral reefs may mitigate bleaching of reef building calcifiers and play a critical role in the future of marine biodiversity in coastal areas. However, biomineralization processes on turbid reefs are relatively understudied compared to clear water counterparts and most published work focuses on corals. Here, we investigate how the mixotrophic giant clam Tridacna squamosa , a bivalve with ecological, cultural and economic significance, grows across a mosaic of less turbid to turbid reefs in the Coral Triangle. We construct growth chronologies from live and dead collected shells by measuring daily growth increments with petrography and scanning electron microscopy (SEM) to gain insight into growth rate on daily, seasonal and annual scales. We find annual growth is not significantly different across a turbidity gradient when scaled to ontogeny, while seasonal growth highly varies. K _ d (490) (a measurement positively correlated with turbidity) and chlorophyll- a are likely important factors driving seasonal growth on a turbid reef near a river, compared to sea surface temperature (SST), cloud cover and rainfall on a less turbid reef. On a daily scale, we investigate increment microstructure and spectral characteristics of chronologies, finding a relationship between tidal range and daily increments. Overall, our results indicate that light-enhanced calcification is likely most important in the less turbid reef, compared to heterotrophic feeding in the turbid reef. The trophic plasticity of T. squamosa may allow for its sustained growth in marginal conditions, supporting evidence that these habitats serve as important conservation hotspots for diverse reef building taxa."
SS_MECH_FEEDING_MUCUS_CORAL_01,MECH_FEEDING_MUCUS_CORAL,Semantic Scholar Academic Graph API,2026-08-13,82595fedeefe71644212c2e8745105c192968f37,253812902,Limits to physiological plasticity of the coral Pocillopora verrucosa from the central Red Sea,M. Ziegler; Cornelia M. Roder; C. Büchel; C. Voolstra,2014,2014-07-26,Coral reefs,,10.1007/s00338-014-1192-8,,,https://www.semanticscholar.org/paper/82595fedeefe71644212c2e8745105c192968f37,True,https://link.springer.com/content/pdf/10.1007/s00338-014-1192-8.pdf,0,0,0,,Environmental Science; Biology,"Many coral species display changing distribution patterns across coral reef depths. While changes in the underwater light field and the ability to associate with different photosynthetic symbionts of the genus Symbiodinium explain some of the variation, the limits to physiological plasticity are unknown for most corals. In the central Red Sea, colonies of the branching coral Pocillopora verrucosa are most abundant in shallow high light environments and become less abundant in water depths below 10 m. To further understand what determines this narrow distribution, we conducted a cross-depths transplant experiment looking at physiological plasticity and acclimation in regard to depth. Colonies from 5, 10, and 20 m were collected, transplanted to all depths, and re-investigated after 30 and 210 d. All coral colonies transplanted downward from shallow to deep water displayed an increase in photosynthetic light-harvesting pigments, which resulted in higher photosynthetic efficiency. Shallow-water specimens transplanted to deeper water showed a significant decrease in total protein content after 30 and 210 d under low light conditions compared to specimens transplanted to shallow and medium depths. Stable isotope data suggest that heterotrophic input of carbon was not increased under low light, and consequently, decreasing protein levels were symptomatic of decreasing photosynthetic rates that could not be compensated for through higher light-harvesting efficiency. Our results provide insights into the physiological plasticity of P. verrucosa in changing light regimes and explain the observed depth distribution pattern. Despite its high abundance in shallow reef waters, P. verrucosa possesses limited heterotrophic acclimation potential, i.e., the ability to support its mainly photoautotrophic diet through heterotrophic feeding. We conclude that P. verrucosa might be a species vulnerable to sudden changes in underwater light fields resulting from processes such as increased turbidity caused by coastal development along the Saudi Arabian Red Sea coast."
SS_MECH_FEEDING_MUCUS_CORAL_01,MECH_FEEDING_MUCUS_CORAL,Semantic Scholar Academic Graph API,2026-08-13,82e5f6b0733172cd059ed059b66f78ea31b51da4,201193800,Spatio-temporal variation in rate of carbonate deposition by encrusting organisms in different reef microhabitats from Eastern Pacific coral reefs,J. Alvarado-Rodríguez; H. Nava; J. Carballo,2019,2019-08-05,Journal of the Marine Biological Association of the United Kingdom,,10.1017/S0025315419000638,,,https://www.semanticscholar.org/paper/82e5f6b0733172cd059ed059b66f78ea31b51da4,False,,10,63,0,Biology,Biology; Environmental Science,"Abstract Reef encrusting calcifiers (non-scleractinian species) constitute assemblages that participate in the carbon cycle at coral reefs. Despite their apparent secondary role in building the reef framework, they contribute to the reef consolidation binding sediments and inducing larval recruitment from other epilithic invertebrates. The contribution of encrusting calcifiers on reef accretion was examined by the assessment of their rate of carbonate deposition on four different simulated reef microhabitats using calcification accretion units (CAUs) during 12 months at Playa Las Gatas and Islote Zacatoso, two coral communities from the coast of the Mexican Pacific. Encrusting calcifiers from Playa Las Gatas, the most impacted site, showed a rate of carbonate deposition (mean ± SD) four times higher than at Islote Zacatoso (10.02 ± 3.22 g CaCO3 m−2 d−1 vs 2.48 ± 1.01 g CaCO3 m−2 d−1). Overall, the rate of carbonate deposition on surfaces protected from sedimentation and light was up to 1.8 times higher than on exposed ones (11.40 ± 4.35 g CaCO3 m−2 d−1 vs 6.18 ± 3.13 g CaCO3 m−2 d−1). Carbonate deposition by calcareous algae was higher on the well-lit exposed surfaces while filter-feeding invertebrates showed the major contribution on the shaded cryptic surfaces. Although rate of carbonate deposition by encrusting calcifiers seems to be lower than hermatypic corals, it seems to be relevant on coral reefs affected by anthropogenic impacts where coral calcification is low. Under global demise of coral reefs by environmental degradation and climate change, encrusting calcifiers may become relevant for the process of carbonate deposition."
SS_MECH_FEEDING_MUCUS_CORAL_01,MECH_FEEDING_MUCUS_CORAL,Semantic Scholar Academic Graph API,2026-08-13,82e72e3879613cce2de3a30f3c08bc6daf8b3c33,83815755,Effects of the 2000 southern Mozambique floods on a marginal coral community: the case at Xai-Xai,M.A.M. Pereira; P. B. Gonçalves,2004,2004-01-01,,,10.2989/16085910409503800,,,https://www.semanticscholar.org/paper/82e72e3879613cce2de3a30f3c08bc6daf8b3c33,False,,8,36,0,Biology,Biology; Environmental Science,
SS_MECH_FEEDING_MUCUS_CORAL_01,MECH_FEEDING_MUCUS_CORAL,Semantic Scholar Academic Graph API,2026-08-13,8320b7548d19cf90498ff9c32ead5c3c66d84f0d,83096538,Ecology of deep-sea Asteroidea from Atlantic Canada,Katie S. P. Gale,2013,,,,,,,https://www.semanticscholar.org/paper/8320b7548d19cf90498ff9c32ead5c3c66d84f0d,False,,1,89,0,Biology,Biology; Environmental Science; Biology,
SS_MECH_FEEDING_MUCUS_CORAL_01,MECH_FEEDING_MUCUS_CORAL,Semantic Scholar Academic Graph API,2026-08-13,83594dbfc58fb3b8a598da140b74a966500d12b7,272354139,"Palaeoecological Significance of Trace Fossils of Chorar Island, Eastern Kachchh Basin, Western India",J. L. Darngawn; S. J. Patel; J. Joseph; A. D. Shitole,2018,2018-12-01,Journal of the Palaeontological Society of India,JournalArticle,10.1177/0971102320180204,,,https://www.semanticscholar.org/paper/83594dbfc58fb3b8a598da140b74a966500d12b7,True,https://journals.sagepub.com/doi/pdf/10.1177/0971102320180204?download=true,5,76,0,,Geology,"The Middle Jurassic (Bajocian-Callovian) of Chorar Island in eastern Kachchh comprises of ~109 m thick sequence of mixed siliciclastic-carbonate sediments, limestone, ferruginous sandstone and shales; divided into Khadir and Gadhada formations. The sequence is further analysed and nine lithofacies namely, micritic sandstone, allochemic sandstone, sandy allochemic limestone, sandy micrite, cross-bedded white sandstone, ferruginous sandstone, shales, coralline limestone and mudstone are identified. The whole sequence is bioturbated in varying intensity and comprises of 19 identifiable ichnospecies ( Arenicolites carbonarius, Asterosoma isp ., Curvolithus isp., Didymaulichnus lyelli, Diplocraterion cf parallelum, Gyrochorte comosa, Halopoa imbricata, Hillichnus lobosensis, Lockeia silliquaria, Megagrapton irregulare, Palaeophycus tubularis, Planolites beverleyensis, Protovirgularia rugosa, Rhizocorallium commune var irregulare, Skolithos linearis, S. verticalis, Skolithos isp ., Thalassinoides horizontalis and T. paradoxicus. ) of 16 ichnogenera which are further analysed for ichnodisparity. The sequence is characterised by ethologically less diverse groups, mainly of dwelling and feeding structures. Presence of Hillichnus lobosensis in sandy allochemic limestone facies shows different feeding strategies adopted by tellinacean bivalves indicating a complex organism–sediment interaction. The characteristic set of environmentally related group of trace fossil reveals five ichnoassemblages ( Gyrochorte , Hillichnus , Rhizocorallium, Skolithos and Thalassinoides ) which represent Skolithos and Cruziana Ichnofacies. The sedimentological and ichnological analysis of the Middle Jurassic sequence of Chorar Island reveals that the sediments were deposited in middle shoreface to offshore zone in a fluctuating sea-level."
SS_MECH_FEEDING_MUCUS_CORAL_01,MECH_FEEDING_MUCUS_CORAL,Semantic Scholar Academic Graph API,2026-08-13,840676d5eb5ec6467de75a2890fd1c4b68a1ac28,129081568,New ΔR Values for the Southwest Pacific Ocean,F. Petchey; Matthew Phelan; J. Peter White,2004,,Radiocarbon: An International Journal of Cosmogenic Isotope Research,,10.1017/S0033822200036079,,,https://www.semanticscholar.org/paper/840676d5eb5ec6467de75a2890fd1c4b68a1ac28,True,https://www.cambridge.org/core/services/aop-cambridge-core/content/view/D732014683D9B790DBC49CF85E5E24D7/S0033822200036079a.pdf/div-class-title-new-r-values-for-the-southwest-pacific-ocean-div.pdf,42,48,4,Geology,Geology; Environmental Science; Geology,
SS_MECH_FEEDING_MUCUS_CORAL_01,MECH_FEEDING_MUCUS_CORAL,Semantic Scholar Academic Graph API,2026-08-13,8415738b10d86d9abd89cb8b9078034c6234c4a8,4199826,Sediment pollution impacts sensory ability and performance of settling coral-reef fish,J. O’Connor; J. O’Connor; D. Lecchini; H. Beck; Gwenaël Cadiou; G. Lecellier; D. Booth; Y. Nakamura,2015,2015-06-18,Oecologia,JournalArticle,10.1007/s00442-015-3367-6,,26080759,https://www.semanticscholar.org/paper/8415738b10d86d9abd89cb8b9078034c6234c4a8,False,,39,65,0,Biology; Medicine,Biology; Medicine; Environmental Science,
SS_MECH_FEEDING_MUCUS_CORAL_01,MECH_FEEDING_MUCUS_CORAL,Semantic Scholar Academic Graph API,2026-08-13,841fe2b2f196ac62aada5756d17891bb7dbd86de,7153698,Inter- and intra-habitat bacterial diversity associated with cold-water corals,Sandra Schöttner; F. Hoffmann; C. Wild; H. Rapp; A. Boetius; A. Ramette,2009,2009-03-12,The ISME Journal,JournalArticle; Study,10.1038/ismej.2009.15,,19279671,https://www.semanticscholar.org/paper/841fe2b2f196ac62aada5756d17891bb7dbd86de,True,https://www.nature.com/articles/ismej200915.pdf,58,21,1,Biology; Medicine,Biology; Medicine; Biology; Environmental Science,
SS_MECH_FEEDING_MUCUS_CORAL_01,MECH_FEEDING_MUCUS_CORAL,Semantic Scholar Academic Graph API,2026-08-13,84fee59b59d32916b5226e73b9782474962f4ae1,230642568,Mapping cold-water coral biomass: an approach to derive ecosystem functions,L. Clippele; L. Rovelli; B. Ramiro-Sánchez; G. Kazanidis; J. Vad; S. Turner; R. Glud; R. Glud; J. Roberts,2020,2020-12-04,Coral reefs,,10.1007/s00338-020-02030-5,,,https://www.semanticscholar.org/paper/84fee59b59d32916b5226e73b9782474962f4ae1,True,https://link.springer.com/content/pdf/10.1007/s00338-020-02030-5.pdf,34,96,0,Environmental Science,Environmental Science; Environmental Science,"This study presents a novel approach resulting in the first cold-water coral reef biomass maps, used to assess associated ecosystem functions, such as carbon (C) stock and turnover. We focussed on two dominant ecosystem engineers at the Mingulay Reef Complex, the coral Lophelia pertusa (rubble, live and dead framework) and the sponge Spongosorites coralliophaga . Firstly, from combining biological (high-definition video, collected specimens), environmental (extracted from multibeam bathymetry) and ecosystem function (oxygen consumption rate values) data, we calculated biomass, C stock and turnover which can feed into assessments of C budgets. Secondly, using those values, we employed random forest modelling to predictively map whole-reef live coral and sponge biomass. The whole-reef mean biomass of S. coralliophaga was estimated to be 304 T (range 168–440 T biomass), containing 10 T C (range 5–18 T C) stock. The mean skeletal mass of the coral colonies (live and dead framework) was estimated to be 3874 T (range 507–9352 T skeletal mass), containing a mean of 209 T of biomass (range 26–515 T biomass) and a mean of 465 T C (range 60–1122 T C) stock. These estimates were used to calculate the C turnover rates, using respiration data available in the literature. These calculations revealed that the epi- and microbial fauna associated with coral rubble were the largest contributor towards C turnover in the area with a mean of 163 T C year −1 (range 149–176 T C year −1 ). The live and dead framework of L. pertusa were estimated to overturn a mean of 32 T C year −1 (range 4–93 T C year −1 ) and 44 T C year −1 (range 6–139 T C year −1 ), respectively. Our calculations showed that the Mingulay Reef overturned three to seven (with a mean of four) times more C than a soft-sediment area at a similar depth. As proof of concept, the supply of C needed from surface water primary productivity to the reef was inferred. Since 65–124 T C year −1 is supplied by natural deposition and our study suggested that a mean of 241 T C year −1 (range 160–400 T C year −1 ), was turned over by the reef, a mean of 117–176 T C year −1 (range 36–335 T C year −1 ) of the reef would therefore be supplied by tidal downwelling and/or deep-water advection. Our results indicate that monitoring and/or managing surface primary productivity would be a key consideration for any efforts towards the conservation of cold-water coral reef ecosystems."
SS_MECH_FEEDING_MUCUS_CORAL_01,MECH_FEEDING_MUCUS_CORAL,Semantic Scholar Academic Graph API,2026-08-13,8580a6a26bdadca3f20f47f11d191ce18772e964,85729494,"Spawning and Larval Development of the Four-Sided Sea Cucumber, Isostichopus badionotus (Selenka 1867), under Controlled Conditions",Magali Zacarias-Soto; M. A. Olvera-Novoa; Saúl Pensamiento‐Villarauz; Itzel A. Sánchez-Tapia,2013,2013-10-01,,,10.1111/JWAS.12061,,,https://www.semanticscholar.org/paper/8580a6a26bdadca3f20f47f11d191ce18772e964,False,,42,18,1,Biology,Biology; Agricultural and Food Sciences; Environmental Science,
SS_MECH_FEEDING_MUCUS_CORAL_01,MECH_FEEDING_MUCUS_CORAL,Semantic Scholar Academic Graph API,2026-08-13,8588de8b0d8d5121b4353135737acf9d08c14964,452206,A perforated gastrovascular cavity in the symbiotic deep-water coralLeptoseris fragilis: A new strategy to optimize heterotrophic nutrition,D. Schlichter,1991,1991-12-01,Helgoländer Meeresuntersuchungen,,10.1007/BF02367177,,,https://www.semanticscholar.org/paper/8588de8b0d8d5121b4353135737acf9d08c14964,False,,30,30,1,Biology,Biology; Biology; Environmental Science,
SS_MECH_FEEDING_MUCUS_CORAL_01,MECH_FEEDING_MUCUS_CORAL,Semantic Scholar Academic Graph API,2026-08-13,858eaf439d2a3d45a0a5ac90eb54d7e89008740d,245972414,High herbivory despite high sediment loads on a fringing coral reef,Albert Pessarrodona; S. B. Tebbett; N. E. Bosch; D. Bellwood; T. Wernberg,2022,2022-01-14,Coral reefs,,10.1007/s00338-021-02211-w,,,https://www.semanticscholar.org/paper/858eaf439d2a3d45a0a5ac90eb54d7e89008740d,True,https://hdl.handle.net/11250/3016208,15,92,0,,Environmental Science; Biology,"Algal turfs are expected to increasingly dominate the benthos of coral reefs in the Anthropocene, becoming important sources of reef productivity. The sediments trapped within algal turfs are known to determine turf condition and influence a range of key ecological processes, particularly the feeding behavior of fishes. Yet, our understanding of the interactions between turfs, sediments and fishes is largely derived from offshore reef systems, where turfs typically contain relatively low sediment loads. Here, we expand on this knowledge by characterizing the properties of turfs and their interactions with fishes on a large, mainland fringing reef system, Ningaloo Reef. Algal turfs varied in algal biomass, height and percent of organic content in the sediment between sites, while the total inorganic and organic sediment loads were comparable. Despite being located in an arid climate with low riverine sediment inputs, turfs in Ningaloo contained an average of 3.5 kg m−2 of inorganic sediment, one of the highest loads reported in the literature. Yet, turf feeding rates by fishes in our study were comparable to locations where inorganic sediment loads are substantially lower. Feeding was dominated by herbivorous fishes (> 80% of the bites on average), with surgeonfishes being the dominant herbivore feeders (72% of the herbivore bites). In particular, the sediment sucker Acanthurus grammoptilus and the cropper Acanthurus triostegus—which crops off algal filaments protruding above the sediment layer—were the dominant and most commonly observed feeders. Our results suggest that cropping and sediment-sucking surgeonfishes are able to feed on turfs with high sediment loads, an ability that may prove advantageous in sediment-laden turf-dominated-reefs of the future."
SS_MECH_FEEDING_MUCUS_CORAL_01,MECH_FEEDING_MUCUS_CORAL,Semantic Scholar Academic Graph API,2026-08-13,85f8e43f0c26ba644eaf639469f60ce206234640,129164965,"Subtropical coral-reef associated sedimentary facies characterized by molluscs (Northern Bay of Safaga, Red Sea, Egypt)",M. Zuschin; J. Hohenegger,1998,1998-12-01,,,10.1007/BF02537367,,,https://www.semanticscholar.org/paper/85f8e43f0c26ba644eaf639469f60ce206234640,False,,64,88,1,Geology,Geology; Environmental Science; Geology,
SS_MECH_FEEDING_MUCUS_CORAL_01,MECH_FEEDING_MUCUS_CORAL,Semantic Scholar Academic Graph API,2026-08-13,87ae87f5785087c2d1a43f350fc8e46c5fd45471,128872586,Community Ecology of the Middle Ordovician Black River Group of New York State,K. Walker,1972,1972-08-01,,,10.1130/0016-7606(1972)83[2499:CEOTMO]2.0.CO;2,,,https://www.semanticscholar.org/paper/87ae87f5785087c2d1a43f350fc8e46c5fd45471,False,,49,0,3,Geology,Geology; Geology; Environmental Science,
SS_MECH_FEEDING_MUCUS_CORAL_01,MECH_FEEDING_MUCUS_CORAL,Semantic Scholar Academic Graph API,2026-08-13,87e496ccc8c1f7e3d0061363644975067f9b3640,84711026,Patterns of Oil-Sediment rejection in corals,R. Bak; J. Elgershuizen,1976,1976-08-01,,,10.1007/BF00389121,,,https://www.semanticscholar.org/paper/87e496ccc8c1f7e3d0061363644975067f9b3640,False,,164,28,5,Biology,Biology; Environmental Science,
SS_MECH_FEEDING_MUCUS_CORAL_01,MECH_FEEDING_MUCUS_CORAL,Semantic Scholar Academic Graph API,2026-08-13,881c685e46123a9be1d60757d1869272655c429e,86542845,"DMS and DMSP in mucus ropes, coral mucus, surface films and sediment pore waters from coral reefs in the Great Barrier Reef",A. Broadbent; G. Jones,2004,2004-12-24,,,10.1071/MF04114,,,https://www.semanticscholar.org/paper/881c685e46123a9be1d60757d1869272655c429e,False,,131,35,15,Biology,Biology; Environmental Science,
SS_MECH_FEEDING_MUCUS_CORAL_01,MECH_FEEDING_MUCUS_CORAL,Semantic Scholar Academic Graph API,2026-08-13,883406d7b944241d97587d3fcaeffaada5e2d759,31483946,Mushroom corals overcome live burial through pulsed inflation,P. Bongaerts; B. Hoeksema; K. Hay; O. Hoegh‐Guldberg,2012,2012-01-10,Coral reefs,,10.1007/s00338-011-0862-z,,,https://www.semanticscholar.org/paper/883406d7b944241d97587d3fcaeffaada5e2d759,True,https://link.springer.com/content/pdf/10.1007/s00338-011-0862-z.pdf,59,4,3,Biology,Biology; Environmental Science; Biology,
SS_MECH_FEEDING_MUCUS_CORAL_01,MECH_FEEDING_MUCUS_CORAL,Semantic Scholar Academic Graph API,2026-08-13,88c2706f5398c7fb8415edbe134edc32292bac86,189206879,"Pohnpei, Federated States of Micronesia",S. Rowley; T. Roberts; R. R. Coleman; Heather L. Spalding; E. Joseph; Mae K. L. Dorricott,2019,,Coral Reefs of the World,,10.1007/978-3-319-92735-0_17,,,https://www.semanticscholar.org/paper/88c2706f5398c7fb8415edbe134edc32292bac86,False,,15,71,0,Environmental Science,Environmental Science; Environmental Science,
SS_MECH_FEEDING_MUCUS_CORAL_01,MECH_FEEDING_MUCUS_CORAL,Semantic Scholar Academic Graph API,2026-08-13,88e1f76b4e0d51ec737f20586b3793eb793191e4,218793184,Late Quaternary sporadic development of Desmophyllum dianthus deep-coral populations in the southern Labrador Sea with specific attention to their 14C- and 230Th-dating,J. Maccali; C. Hillaire‐Marcel; L. Ménabréaz; B. Ghaleb; Aurélien Blénet; E. Edinger; J. Hélie; M. Preda,2020,2020-08-01,Marine Chemistry,,10.1016/j.marchem.2020.103807,,,https://www.semanticscholar.org/paper/88e1f76b4e0d51ec737f20586b3793eb793191e4,True,https://archimer.ifremer.fr/doc/00623/73496/,6,124,0,Geology,Geology; Environmental Science; Geology,"Abstract About 70 fossil and live-collected specimens of Desmophyllum dianthus were collected from steep rocky surfaces and time-averaged assemblages at their base (“coral graveyards”) in the southern Labrador Sea at depths ranging from ~1700 m (Orphan Knoll) to ~2200 m (Flemish Cap). Aside from stable isotope and mineralogical analysis, U-series and 14C age determinations were performed on the samples. Fossil corals from the coral graveyards display two principal age clusters corresponding respectively to the Holocene and Marine Isotope Stage (MIS) 5c intervals. Three samples lay outside these clusters, at ~13.5 ka (Bolling-Allerod), ~ 64 ka (MIS 3) and at ~181 ka (MIS 7a). The clusters are thought to record intervals with both i) high food availability, either through pelagic primary production in the overlying water column or more effectively in relation with particulate and dissolved organic carbon transport via an active Western Boundary Undercurrent (WBUC), and ii) high carbonate micrite advection by this current from more open North Atlantic coccolithophorid production areas, maintaining an aragonite saturation horizon (now at 2300 m) slightly deeper than the coral habitat (~ 2200 m). Attempts at estimating ventilation ages from 230Th vs 14C age offsets in Holocene samples failed. This is due to uncertainties about the initial 14C-apparent age of coral skeletons and to their high initial excesses in 230Th. This initial excess relates mostly to the scavenging of 230Th produced by the dissolved marine U by the coral-feeding organic matter carried along the WBUC trajectory. In addition, discrete diagenetic U-fluxes can be documented in fossil samples. They are well illustrated in specimens from MIS 5c age, which depict variable excesses in 234U vs 238U, but similar 230Th/238U activity ratios, pointing to a recent but fractionating redistribution of uranium in the samples. These are also documented by the development of Fe Mn coatings of specimens exposed at the sea floor, due to the winnowing of embedding slope sediments, with the mid- to late Holocene intensified WBUC. Such diagenetic processes are to be notably taken into consideration for the dating of pre-Holocene samples. Thus, both the initial isotopic properties of corals from this WBUC-influenced, mid-continental slope, and subsequent diagenetic effects impact their calculated ages, and blur estimates of “ventilation ages” based on their 14C vs 230Th-ages offsets."
SS_MECH_FEEDING_MUCUS_CORAL_01,MECH_FEEDING_MUCUS_CORAL,Semantic Scholar Academic Graph API,2026-08-13,88fd9bb4f3629f8fe255f2a25bd32a36f9e7aac2,239054384,High survival following bleaching highlights the resilience of a highly disturbed region of the Great Barrier Reef,C. Page; C. Giuliano; L. Bay; C. Randall,2021,2021-10-19,bioRxiv,,10.1101/2021.10.18.464880,,,https://www.semanticscholar.org/paper/88fd9bb4f3629f8fe255f2a25bd32a36f9e7aac2,True,https://doi.org/10.1101/2021.10.18.464880,3,121,0,Biology,Biology; Environmental Science,"Natural bleaching events provide an opportunity to examine how local scale environmental variation influences bleaching severity and recovery. During the 2020 marine heatwave, we documented widespread and severe coral bleaching (75 – 98% of coral cover) throughout the Keppel Islands in the Southern inshore Great Barrier Reef. Acropora, Pocillopora and Porites were the most severely affected genera, while Montipora was comparatively less susceptible. Site-specific heat-exposure metrics were not correlated with Acropora bleaching severity, but recovery was faster at sites that experienced lower heat exposure. Despite severe bleaching and exposure to accumulated heat that often results in coral mortality (degree heating weeks ∼ 4 – 8), cover remained stable. Approximately 94% of fate-tracked Acropora millepora colonies survived, perhaps owing to reduced irradiance stress from high turbidity, heterotrophic feeding, and large tidal flows that can increase mass transfer. Severe bleaching followed by rapid recovery, and the continuing dominance of Acropora populations in the Keppel Islands is indicative of high resilience. These coral communities have survived an 0.8 °C increase in average temperatures over the last 150 years. However, recovery following the 2020 bleaching was driven by the easing of thermal stress, which may challenge their recovery potential under further warming. Open Research Statement Data are not yet provided but are being compiled. Upon acceptance data will be archived on GitHub."
SS_MECH_FEEDING_MUCUS_CORAL_01,MECH_FEEDING_MUCUS_CORAL,Semantic Scholar Academic Graph API,2026-08-13,895c06ad529b74ce1b9a32c01f6631dcd51a958a,127724032,Seagrass status and trends in the northern Gulf of Mexico: 1940-2002,L. Handley; D. Altsman; R. Demay; Charlotte Harbor; Florida Bay; Florida.,2007,,,Review,10.3133/SIR20065287,,,https://www.semanticscholar.org/paper/895c06ad529b74ce1b9a32c01f6631dcd51a958a,True,https://pubs.usgs.gov/sir/2006/5287/sir20065287.pdf,121,8,18,Environmental Science,Environmental Science; Environmental Science,
SS_MECH_FEEDING_MUCUS_CORAL_01,MECH_FEEDING_MUCUS_CORAL,Semantic Scholar Academic Graph API,2026-08-13,89648502aa85372571f269cd044aed22182a42c8,258118155,Micro-photoautotroph predation as a driver for trophic niche specialization in 12 syntopic Indo-Pacific parrotfish species,Georgina M. Nicholson; K. Clements,2023,2023-04-12,Biological Journal of the Linnean Society,JournalArticle,10.1093/biolinnean/blad005,,,https://www.semanticscholar.org/paper/89648502aa85372571f269cd044aed22182a42c8,True,https://academic.oup.com/biolinnean/advance-article-pdf/doi/10.1093/biolinnean/blad005/49859284/blad005.pdf,14,186,2,,Environmental Science; Biology,"
 Parrotfish are key agents of bioerosion and sediment production in coral reef ecosystems; however, their dietary targets and therefore potential sources of variation in carbonate cycling lack resolution. Here we address this knowledge shortfall in our current understanding of parrotfish diets by testing the concept that protein-rich micro-photoautotrophs are the target prey for many Scarinine parrotfishes. We focus at fine spatial scales on the feeding substrata of 12 syntopic Indo-Pacific parrotfish species at mid-shelf sites around Lizard Island, Great Barrier Reef, Australia. We followed individual parrotfish on snorkel until biting was observed, and then extracted a reef core around each bite. The surface of each bite core was scraped to ~1 mm for quantitative microscopic analysis (up to 630 × magnification) and for 16S and 18S rRNA metabarcoding. The most dominant photoautotrophic group in terms of surface cover was filamentous cyanobacteria, followed by crustose coralline algae. Epiphytic, epilithic, endophytic and endolithic filamentous cyanobacteria were consistent bite core biota. Although the density of filamentous cyanobacteria on bite cores was largely consistent among the 12 parrotfish species, the quantitative microscopic data and rRNA metabarcoding revealed distinct differences between parrotfish species in the taxonomic composition of core biota. Our data provide further evidence that these syntopic parrotfish species partition feeding resources."
SS_MECH_FEEDING_MUCUS_CORAL_01,MECH_FEEDING_MUCUS_CORAL,Semantic Scholar Academic Graph API,2026-08-13,89f2984fdd4147fc2719da8ad5ba8ec9cd2015cc,128504735,Quelques résultats géologiques de la campagne de la “Calypso” en mer Rouge (1951–1952),W. Nesteroff,1955,1955-07-01,,,10.1016/0146-6313(55)90005-8,,,https://www.semanticscholar.org/paper/89f2984fdd4147fc2719da8ad5ba8ec9cd2015cc,False,,8,8,0,Geology,Geology; Geology,
SS_MECH_FEEDING_MUCUS_CORAL_01,MECH_FEEDING_MUCUS_CORAL,Semantic Scholar Academic Graph API,2026-08-13,8a64ee9c94f56ecc251456a51dd5c6e7d627f19b,54573095,The potential roles of bacterial communities in coral defence: A case study at Talang-talang reef,F. Kuek; Lihui Lim; L. Ngu; A. Mujahid; P. Lim; C. Leaw; Moritz Müller,2015,2015-07-09,Ocean Science Journal,,10.1007/s12601-015-0024-2,,,https://www.semanticscholar.org/paper/8a64ee9c94f56ecc251456a51dd5c6e7d627f19b,False,,15,68,0,Biology,Biology; Environmental Science; Biology,
SS_MECH_FEEDING_MUCUS_CORAL_01,MECH_FEEDING_MUCUS_CORAL,Semantic Scholar Academic Graph API,2026-08-13,8a7f9c7307fe44d6d6ea1264f77d2845557f58cf,59269175,"Community metabolism and nutrient cycling at Gray's Reef, a hard bottom habitat in the Georgia Bight",C. Hopkinson; R. Fallon; B. Jansson; Joseph P. Schubauer,1991,,,,10.3354/MEPS073105,,,https://www.semanticscholar.org/paper/8a7f9c7307fe44d6d6ea1264f77d2845557f58cf,True,https://doi.org/10.3354/meps073105,44,33,5,Biology,Biology; Environmental Science,
SS_MECH_FEEDING_MUCUS_CORAL_01,MECH_FEEDING_MUCUS_CORAL,Semantic Scholar Academic Graph API,2026-08-13,8b847f425584f250dd0ff269cbac01a545b016a0,90578904,"Unrecognized loss of seagrass communities based on molluscan death assemblages: historic baseline shift in tropical Gulf of Aqaba, Red Sea",E. Gilad; S. Kidwell; Y. Benayahu; Y. Edelman‐Furstenberg,2018,2018-02-23,,,10.3354/MEPS12492,,,https://www.semanticscholar.org/paper/8b847f425584f250dd0ff269cbac01a545b016a0,False,,15,49,1,Geography,Geography; Environmental Science,
SS_MECH_FEEDING_MUCUS_CORAL_01,MECH_FEEDING_MUCUS_CORAL,Semantic Scholar Academic Graph API,2026-08-13,8bdfa08668810e76b3b82c52ee570e44a44a2673,80809536,"The 'water-trap' spiny oyster, Spondylus varius G. B. Sowerby I, 1827 (Mollusca: Bivalvia: Spondylidae) from Australia",J. Healy; K. Lamprell; J. L. Keys,2001,,,,,,,https://www.semanticscholar.org/paper/8bdfa08668810e76b3b82c52ee570e44a44a2673,False,,3,0,0,Biology,Biology; Environmental Science; Biology,
SS_MECH_FEEDING_MUCUS_CORAL_01,MECH_FEEDING_MUCUS_CORAL,Semantic Scholar Academic Graph API,2026-08-13,8c466647fa60fc98299fccd65dde116627159e73,261691035,UvA-DARE (Digital Academic First insights into the impacts of benthic cyanobacterial mats on fish herbivory functions on a nearshore coral reef,Amanda K. Ford; P. Visser; M. Herk; Evelien Jongepier; Victor Bonito,2021,,,Review,,,,https://www.semanticscholar.org/paper/8c466647fa60fc98299fccd65dde116627159e73,False,,0,85,0,,Environmental Science; Biology,
SS_MECH_FEEDING_MUCUS_CORAL_01,MECH_FEEDING_MUCUS_CORAL,Semantic Scholar Academic Graph API,2026-08-13,8c63534a7bede69ee7d84e90e462fb927cf31be3,18660052,Direct Visualization of Mucus Production by the Cold-Water Coral Lophelia pertusa with Digital Holographic Microscopy,E. Zetsche; T. Baussant; F. Meysman; D. van Oevelen,2016,2016-02-03,PLoS ONE,JournalArticle,10.1371/journal.pone.0146766,,26840074,https://www.semanticscholar.org/paper/8c63534a7bede69ee7d84e90e462fb927cf31be3,True,https://journals.plos.org/plosone/article/file?id=10.1371/journal.pone.0146766&type=printable,33,50,2,Biology; Medicine,Biology; Medicine; Biology; Environmental Science,"Lophelia pertusa is the dominant reef-building organism of cold-water coral reefs, and is known to produce significant amounts of mucus, which could involve an important metabolic cost. Mucus is involved in particle removal and feeding processes, yet the triggers and dynamics of mucus production are currently still poorly described because the existing tools to study these processes are not appropriate. Using a novel microscopic technique—digital holographic microscopy (DHM)–we studied the mucus release of L. pertusa under various experimental conditions. DHM technology permits μm-scale observations and allows the visualization of transparent mucoid substances in real time without staining. Fragments of L. pertusa were first maintained in flow-through chambers without stressors and imaged with DHM, then exposed to various stressors (suspended particles, particulate food and air exposure) and re-imaged. Under non-stressed conditions no release of mucus was observed, whilst mucus strings and sheaths were produced in response to suspended particles (activated charcoal and drill cuttings sediment) i.e. in a stressed condition. Mucus strings and so-called ‘string balls’ were also observed in response to exposure to particulate food (brine shrimp Artemia salina). Upon air-exposure, mucus production was clearly visible once the fragments were returned to the flow chamber. Distinct optical properties such as optical path length difference (OPD) were measured with DHM in response to the various stimuli suggesting that different mucus types are produced by L. pertusa. Mucus produced to reject particles is similar in refractive index to the surrounding seawater, suggesting that the energy content of this mucus is low. In contrast, mucus produced in response to either food particle addition or air exposure had a higher refractive index, suggesting a higher metabolic investment in the production of these mucoid substances. This paper shows for the first time the potential of DHM technology for the detection, characterization and quantification of mucus production through OPD measurements in L. pertusa."
SS_MECH_FEEDING_MUCUS_CORAL_01,MECH_FEEDING_MUCUS_CORAL,Semantic Scholar Academic Graph API,2026-08-13,8c72b3b7d47d47f5dd07962a418143021c2d2702,23046097,"Coral associations of the Pleistocene Ironshore Formation, Grand Cayman",I. Hunter; B. Jones,1996,1996-11-01,Coral reefs,,10.1007/BF01787459,,,https://www.semanticscholar.org/paper/8c72b3b7d47d47f5dd07962a418143021c2d2702,False,,29,82,0,Geology,Geology; Geology; Environmental Science,
SS_MECH_FEEDING_MUCUS_CORAL_01,MECH_FEEDING_MUCUS_CORAL,Semantic Scholar Academic Graph API,2026-08-13,8c807c312ac0ce4466acf52c8717bf54275b525b,22462842,Fine sediments suppress detritivory on coral reefs.,S. B. Tebbett; C. Goatley; D. Bellwood,2017,2017-01-30,Marine Pollution Bulletin,JournalArticle,10.1016/j.marpolbul.2016.11.016,,27865519,https://www.semanticscholar.org/paper/8c807c312ac0ce4466acf52c8717bf54275b525b,True,https://researchonline.jcu.edu.au/50715/6/JCU_50715%20aam.pdf,48,58,0,Geology; Medicine,Geology; Medicine; Environmental Science,
SS_MECH_FEEDING_MUCUS_CORAL_01,MECH_FEEDING_MUCUS_CORAL,Semantic Scholar Academic Graph API,2026-08-13,8ca7c325e2128bc086a48301f2c24182d8edf4d7,253767204,Acute effects of back-to-back hurricanes on the underwater light regime of a coral reef,P. Edmunds; G. Tsounis; R. Boulon; L. Bramanti,2019,2019-01-11,Marine Biology,,10.1007/s00227-018-3459-z,,,https://www.semanticscholar.org/paper/8ca7c325e2128bc086a48301f2c24182d8edf4d7,False,,0,45,0,,Environmental Science,
SS_MECH_FEEDING_MUCUS_CORAL_01,MECH_FEEDING_MUCUS_CORAL,Semantic Scholar Academic Graph API,2026-08-13,8d0e06ab4104e686dffdf920ee1803d8df30fae4,269700897,"Metagenomic characterization of archaeal and bacterial communities associated with coral, sediment, and seawater in a coral reef ecosystem of Phu Quoc island, Vietnam.",N. T. Phuong; Thao; Vu Ngoc; Pham Van Tra; Bui Van Ngoc,2023,2023-12-30,Vietnam Journal of Biotechnology,JournalArticle,10.15625/1811-4989/20283,,,https://www.semanticscholar.org/paper/8d0e06ab4104e686dffdf920ee1803d8df30fae4,True,https://vjs.ac.vn/index.php/vjbt/article/download/20283/2543255475,1,13,0,,Environmental Science; Biology,"Recent advancements in metagenomics, particularly in the studies of conservative 16S rRNA sequences, have significantly accelerated our understanding of the relationship between corals and their associated microbial communities. While bacteria are known to be closely linked with corals, there is limited understanding of the connections between archaea and corals. Unlike previous 16S rRNA studies conducted in similar tropical coral reef ecosystems, we analyzed both the archaeal and bacterial communities associated with Acropora sp. and Lobophyllia sp. corals, as well as the surrounding sediment and water columns in Phu Quoc Island, Kien Giang Province, Vietnam. The data collected were sequenced using the 16S rRNA sequencing method and further analyzed using bioinformatics tools in the R programming language, employing DADA2 and phyloseq pipelines. We examined the compositions and diversity of bacteria and archaea in coral, sediment, and water column samples to establish potential connections between these two domains. The results revealed that archaea constituted a small percentage of all samples, averaging 3.18% in coral mucus and reaching an average of 7.49% in sediment samples. Among the most abundant archaeal taxa were Crenarchaeota and Nanoarchaeota, alongside bacterial taxa Gammabacteria, Cyanobacteria, and Desulfobacteria, which are associated with important metabolic processes within coral hosts. Alpha and beta diversity analyses confirmed the highest archaeal diversity in sediment samples and the distinct existence of microbial communities in each biotope. These findings complement our knowledge of archaea’s presence and potential roles in the coral-associated microbiome."
SS_MECH_FEEDING_MUCUS_CORAL_01,MECH_FEEDING_MUCUS_CORAL,Semantic Scholar Academic Graph API,2026-08-13,8da5f0e2918d08c1ea3dd808ea1b3ab706ec5e2f,133073506,"Dinosaur footprints from the Thaiat ridge and their palaeoenvironmental background, Jaisalmer Basin, Rajastan, India",G. Pieńkowski; P. Brański; D. Pandey; Ján Schlögl; M. Alberti; F. Fürsich,2015,,,,10.5604/17313708,,,https://www.semanticscholar.org/paper/8da5f0e2918d08c1ea3dd808ea1b3ab706ec5e2f,True,http://doi.org/10.5604/17313708,21,21,1,Geology,Geology; Geology,"Two dinosaur footprints: Eubrontes cf. giganteus and Grallator tenuis, both attributed to theropods, have been found in the Lower Jurassic Thaiat Member of the Lathi Formation at the Thaiat ridge, near Jaisalmer in western Rajasthan, India. The footprints were left in sediments of a tidal origin, located in profile a few meters above a marked transgressive/flooding surface. They show different states of preservation – the smaller Grallator tenuis represents a well-preserved concave epirelief footprint on the upper surface of a sandstone containing nerineid gastropod shells, while the bigger Eubrontes cf. giganteus footprint shows a rare state of preservation as a positive epirelief on the top of a calcareous sandstone bed, where recent erosion exposed the footprint cast by removing the mud above and around the footprint. The Thaiat ridge section has been amended in its lower part, to indicate the marked transgressive surface. Geochemical analyses and calculated weathering indices (such as CIA) show that the hinterland climate was seasonal to semi-arid during deposition of that part of the succession. 1 Polish Geological Institute – National Research Institute, 00-975 Warszawa, Rakowiecka 4, Poland; e-mail: grzegorz.pienkowski@pgi.gov.pl; pawel.branski@pgi.gov.pl. 2 Department of Geology, University of Rajasthan, Jaipur, 302004, India; e-mail: dhirendrap@hotmail.com. 3 Department of Geology and Paleontology, Faculty of Natural Sciences, Comenius University, Mlynská dolina – G, SK-842 15 Bratislava, Slovakia; e-mail: schlogl@nic.fns.uniba.sk. 4 Institut für Geowissenschaften, Christian-Albrechts-Universität zu Kiel, Ludewig-Meyn-Straße 10, 24118 Kiel, Germany; e-mail: alberti@gpi.uni-kiel.de. 5 GeoZentrum Nordbayern, FG Paläoumwelt, Friedrich-Alexander-Universität Erlangen-Nürnberg, Loewenichstrasse 28, 91054 Erlangen, Germany; e-mail: franz.fuersich@fau.de. than and Gujarat, respectively, in western India (Fig. 1A) and contain exposures of rocks of the Jurassic period, which originated in connection with the early opening stages of the Indian Ocean and represent continental, marginal-marine, and shallow to offshore marine environments which formed at the southern margin of the Tethys Ocean. Hitherto in Rajasthan, dinosaur bones were identified by Mathur et al. (1985) from sediments exposed at the base of the Baba BharINTRODUCTION The Jurassic rocks in India are very diverse: they range from continental siliciclastic rocks overlying thick coal deposits in the central and eastern parts of the Indian subcontinent (Gondwana Supergroup) to siliciclastic and carbonate facies of the lower shelf in the north (Himalaya). The Jaisalmer and Kachchh basins are located in the states of Rajas18 Grzegorz Pieńkowski et al. Fig. 1. A sketch map showing locations of the Kachchh and Jaisalmer basins on the outline map of India (A), Jurassic outcrops in the Jaisalmer Basin (B), and location of Thaiat ridge (C) from where dinosaur foot prints have been recorded (modified after Pandey et al., 2014) 19 Dinosaur footprints from the Thaiat ridge and their palaeoenvironmental background, Jaisalmer Basin, Rajastan, India ti Temple Scarp section, 2 km from the center of Jaisalmer city (Pandey et al., 2014). During the post-Congress field excursion of the 9th International Congress on the Jurassic System, the first dinosaur footprints were found in the Jaisalmer Basin by Jan Schlögl and Grzegorz Pieńkowski. The footprints were observed on the Thaiat ridge (precisely, the Thaiat Scarp section) near Thaiat village, 16 km east of Jaisalmer city, on the southern side of the Jaisalmer–Jodhpur highway (co-ordinates: N26°55'50.1"", E71°03'54.2""; Fig. 1B, C). This find adds new evidence for the presence of dinosaurs in Rajasthan, western India. GeOlOGICAl AND PAlAeOeNvIRONmeNTAl seTTING The rocks exposed along the Thaiat ridge show a clear bi-partite development: the lowermost part of the succession is composed of siliciclastic sediments with a low CaO and MgO content (Fig. 2; beds nos 1, 2, 3 and 5), while upwards (beds 6–16) the profile is more calcareous, containing a more diversified fauna, pointing to a fully-marine environment (nerineid gastropods, heterodont and bakevelliid bivalves, oysters, Trigonia, Eomodion, rhynchonellid brachiopods, crinoids, and the invertebrate trace fossils Teichichnus, Gy­ rochorte, Rhizocorallium, Thalassinoides, and Skolithos; Pandey et al., 2006, 2012, 2014). Interestingly, drift wood and vertebrate bones (including fragments of pterosaur bones) have been found in the upper part of the section (Pandey et al., 2014). Collectively, the whole succession has been assigned to the Thaiat Member of the Lathi Formation, and its age has been estimated to be Early Jurassic to Bajocian (Pandey et al., 2012), based on the occurrence of the characteristic Bajocian coral Isastraea bernardiana (d’Orbigny) in the lower part of the overlying Jaisalmer Formation (Pandey et al., 2006). At the base of the section (Fig. 2; beds nos 1 and 2), a mudstone-claystone succession with lens-shaped (“channelized”) sandstone layers is visible. Sample CM-1 was taken from the mudstone. At the top of the lens-shaped sandstone intercalations, numerous rootlets are observed. Immediately above the top of the sandstone with plant roots and neighbouring mudstones/claystones (Fig. 3) a conspicuous bounding surface runs through the whole outcrop. Above this surface, a c. 10–15-cm-thick mudstone alternating with silty-very fine sandy streaks (wavy-bedded heterolith) occurs (bed no. 3). This heterolith contains Rhizocorallium isp. and other feeding structures (sample CM-2 was taken from this bed). The wavy-bedded heterolith bed passes upwards into a flaser-bedded one (with a stronger sandstone component) with convolute bedding in places (bed no. 3, upper part). Here, both feeding and dwelling structures (Arenicolites isp.) occur. The heteroliths are topped by bioturbated sandstones, showing hummocky cross-stratification (Fig. 2; bed no. 4). Above the sandstone, siltstone intercalated with very fine-grained sandstone, in parts slightly calcareous, occurs (Figs 2, 3; composed bed no. 5). The tops of the sandstone beds are covered with linguloid and ladder ripples; in places desiccation cracks can be observed. Additionally, scattered nerineid gastropods and bivalves (Indocorbula sp.) can be found on bedding planes. Sample CM-3 was taken from bed no. 5. Dinosaur footprints were found within this interval. The three rock samples taken from the lower part of the profile (CM-1, CM-2, CM-3; see Figs 2, 3) were analysed for their chemical composition (Tables 1, 2). Table 2 shows the so-called “simple indices” (Al/K, Al/ Na, etc.) and the “composed indices”, such as the CIA (Chemical Index of Alteration, after Nesbitt, Young, 1982) and the CIA* (after Goldberg, Humayoun, 2010), the index of chemical weathering (CIW), the index of plagioclase alteration (PIA), and the index of compositional variability (ICV). The newly characterized (Garzanti et al., 2014) CIX index does not regard CaO and is particularly useful in a case Table 1 main chemical composition of the three rock samples collected at the Thaiat ridge Sample SiO2 TiO2 Al2O3 Fe2O3 MnO MgO CaO Na2O K2O P2O5 (SO3) (Cl) LOI Σ % % % % % % % % % % % % % % CM-1 61,89 0,896 17,50 5,09 0,023 1,10 0,12 1,10 3,52 0,053 0,01 0,021 8,51 99,86 CM-2 59,03 0,993 20,78 4,79 0,012 1,09 0,28 0,66 3,09 0,043 <0,01 0,019 9,10 99,89 CM-3 84,06 0,654 6,35 2,82 0,014 0,63 0,05 0,45 1,32 0,026 <0,01 0,021 3,53 99,93 20 Grzegorz Pieńkowski et al. Fig. 2. litho-log of the Thaiat ridge section showing geochemical samples location (Cm-1, Cm-2, Cm-3) and horizons from where dinosaur footprints have been recorded (profile after Pandey et al., 2014, modified in the lower part) 21 Dinosaur footprints from the Thaiat ridge and their palaeoenvironmental background, Jaisalmer Basin, Rajastan, India of calcareous sediments, which is not the case in the samples studied. The formulas for calculating the indices are as follows: • CIA = [Al2O3/(Al2O3 + CaO* + Na2O + K2O)] • 100 (Nesbitt, Young, 1982); • CIA* = Al2O3/(CaO* + Na2O + K2O) (Goldberg, Humayun, 2010); • CIW = [Al2O3/(Al2O3 + CaO* + Na2O)] • 100 (Harnois, 1988); • PIA = {(Al2O3 – K2O)/[(Al2O3 – K2O) + CaO* + Na2O]} • 100 (Fedo et al., 1995); • CIX = [Al2O3/(Al2O3 + Na2O + K2O)] • 100 (Garzanti et al., 2014); • ICV = (Fe2O3 + K2O + Na2O + CaO + MgO + MnO + + TiO2)/Al2O3 (Cox et al., 1995). The Al2O3/TiO2 index may indicate primary composition of magmatic source rocks (mafic vs felsic – Hayashi et al., 1997). Before calculations, percent values were converted into mole values (except for Al2O3/TiO2 and ICV). Fig. 3. Field photograph of the Thaiat ridge section showing lens-shaped (channelled) sandstone layers in the lowermost part of the section (interpreted as fluvial deposits), transgressive/flooding surface and nearshore/foreshore sediments above. Dinosaur footprints come from the foreshore/tidal sediments located some 300 m to the se (arrowed). location of geochemical samples is marked Table 2 Geochemical indices of the three rock samples collected at the Thaiat ridge Sample Al/K Al/Na K/Na K/Ca Al2O3/ TiO2 CIA CIA* CIW PIA CIX ICV CM-1 4.59 9.69 2.11 17.81 19.5 75.00 3.00 89.66 87.14 75.69 0.68 CM-2 6.21 19.23 3.09 6.56 20.9 80.81 4.21 92.89 91.64 82.44 0.53 CM-3 4.45 8.53 1.92 15.56 9.7 73.73 2.81 88.37 85.49 74.52 0.94 CIA, CIA* – chemical indices of alteration; CIW – index of chemical weathering; PIA – index of plagioclase alteration; ICV – index of compositional variability. 22 Grzegorz Pieńkowski et al. INTeRPReTATION OF The GeOChemICAl ResUlTs (PAlAeOClImATe) Samples CM-1 and CM-2 are mudstones/claystones. Sample CM-3 represents a clayey siltstone to very fine-grained sandstone (high content of SiO2 and high ICV). Sample CM-2 suggests a relatively elevated degree of chemical weathering (CIA >80, CIW and PIA = 91–93). Relatively high Al/Na and K/Na ratios, as well as elevated C"
SS_MECH_FEEDING_MUCUS_CORAL_01,MECH_FEEDING_MUCUS_CORAL,Semantic Scholar Academic Graph API,2026-08-13,8e1a05d76f92fc38d085a26e896d419b33e9c2fc,203153863,Распределение таксонов макрозообентоса - потенциальных индикаторов уязвимых морских экосистем в западной части Берингова моря. 1. Анадырский район,Надточий Виктор Александрович; Колпаков Николай Викторович; Корнейчук Илья Анатольевич,2017,,,Review,,,,https://www.semanticscholar.org/paper/8e1a05d76f92fc38d085a26e896d419b33e9c2fc,False,,0,0,0,Environmental Science,Environmental Science; Environmental Science,
SS_MECH_FEEDING_MUCUS_CORAL_01,MECH_FEEDING_MUCUS_CORAL,Semantic Scholar Academic Graph API,2026-08-13,8e88a65a2aeb7874e37429dd7fd0f698e37a26a3,84731215,"Interactions between benthic molluscs in a Sulawesi mangal, Indonesia: the cerithiid mud-creeper Cerithium coralium and potamidid mud-whelks, Terebralia spp.",R. Barnes,2003,2003-04-09,Journal of the Marine Biological Association of the United Kingdom,,10.1017/S0025315403007380h,,,https://www.semanticscholar.org/paper/8e88a65a2aeb7874e37429dd7fd0f698e37a26a3,False,,14,34,2,Biology,Biology; Environmental Science,
SS_MECH_FEEDING_MUCUS_CORAL_01,MECH_FEEDING_MUCUS_CORAL,Semantic Scholar Academic Graph API,2026-08-13,8ee71dd21b22eeb0c20c868942b8900e306b5a79,83935544,The rate of mucus production by corals and its assimilation by the coral reef copepod Acartia negligens1,S. Richman; Y. Loya; Lawrence B. Sloboclkin,1975,1975-11-01,,,10.4319/LO.1975.20.6.0918,,,https://www.semanticscholar.org/paper/8ee71dd21b22eeb0c20c868942b8900e306b5a79,True,https://onlinelibrary.wiley.com/doi/pdfdirect/10.4319/lo.1975.20.6.0918,105,7,6,Chemistry,Chemistry; Environmental Science; Biology,
SS_MECH_FEEDING_MUCUS_CORAL_01,MECH_FEEDING_MUCUS_CORAL,Semantic Scholar Academic Graph API,2026-08-13,8eec216b6aebf48bf453a71cef88aba7d17c72e6,201695519,ucous sheet production in Porites : an effective bioindicator of ediment related pressures,ia Bessell-Brownea; R. Fishera; Alan Duckwortha; R. Jonesa,2017,,,,,,,https://www.semanticscholar.org/paper/8eec216b6aebf48bf453a71cef88aba7d17c72e6,False,,0,44,0,,Environmental Science; Biology,
SS_MECH_FEEDING_MUCUS_CORAL_01,MECH_FEEDING_MUCUS_CORAL,Semantic Scholar Academic Graph API,2026-08-13,8f242fec8c8f66c4bfa231d9a9748ac39801dd5b,53330255,Mucus trap in coral reefs: formation and temporal evolution of particle aggregates caused by coral mucus,M. Huettel; C. Wild; Sabine Gonelli,2006,2006-01-24,,,10.3354/MEPS307069,,,https://www.semanticscholar.org/paper/8f242fec8c8f66c4bfa231d9a9748ac39801dd5b,True,https://www.int-res.com/articles/meps2006/307/m307p069.pdf,86,68,2,Chemistry,Chemistry; Environmental Science,
SS_MECH_FEEDING_MUCUS_CORAL_01,MECH_FEEDING_MUCUS_CORAL,Semantic Scholar Academic Graph API,2026-08-13,8ff3d837467ea365cb50c4db8b88e5054fda5fa7,28675433,Mutualism between the antipatharian Antipathes fiordensis and the ophiuroid Astrobrachion constrictum in New Zealand fjords,K. R. Grange,1991,1991-06-01,Hydrobiologia,,10.1007/BF00026478,,,https://www.semanticscholar.org/paper/8ff3d837467ea365cb50c4db8b88e5054fda5fa7,False,,37,12,2,Biology,Biology; Biology; Environmental Science,
SS_MECH_FEEDING_MUCUS_CORAL_01,MECH_FEEDING_MUCUS_CORAL,Semantic Scholar Academic Graph API,2026-08-13,90a93c70d4c62e630f36915126340abd547af72a,84034087,Biogeochemical consequences of organic matter release by reef-building scleractinian corals,M. Naumann,2010,2010-01-27,,Review,,,,https://www.semanticscholar.org/paper/90a93c70d4c62e630f36915126340abd547af72a,False,,0,254,0,Biology,Biology; Environmental Science; Geology,
SS_MECH_FEEDING_MUCUS_CORAL_01,MECH_FEEDING_MUCUS_CORAL,Semantic Scholar Academic Graph API,2026-08-13,90ac99952f25ae8f4dc9079ae564b230447346ab,82742265,"Planktivorous fish link coral reef and oceanic food webs : causes and consequences of landscape-scale patterns in fish behavior, diet and growth",Katharine M. Hanson,2011,2011-12-01,,,,,,https://www.semanticscholar.org/paper/90ac99952f25ae8f4dc9079ae564b230447346ab,False,,2,0,1,Biology,Biology; Environmental Science; Biology,
SS_MECH_FEEDING_MUCUS_CORAL_01,MECH_FEEDING_MUCUS_CORAL,Semantic Scholar Academic Graph API,2026-08-13,91529682994a10d004a999acb9301c23df7a2d95,129053304,"Late Cretaceous (Maastrichtian) echinoid-mollusc-coral assemblages and palaeoenvironments from a Tethyan carbonate platform succession, northern Oman mountains",A. Smith; N. Morris; A. Gale; B. Rosen,1995,1995-12-01,,,10.1016/0031-0182(95)00066-6,,,https://www.semanticscholar.org/paper/91529682994a10d004a999acb9301c23df7a2d95,False,,24,10,1,Geology,Geology; Geology,
SS_MECH_FEEDING_MUCUS_CORAL_01,MECH_FEEDING_MUCUS_CORAL,Semantic Scholar Academic Graph API,2026-08-13,92bad8959a65e717b99af76f12171a4974c19947,92007269,Genomic Analysis of Acropora cervicornis Mucus and Sediments in the Florida Keys Tavernier Nursery,Rachel Zimmerman,2018,,,Review,,,,https://www.semanticscholar.org/paper/92bad8959a65e717b99af76f12171a4974c19947,False,,0,49,0,Biology,Biology; Environmental Science; Biology,
SS_MECH_FEEDING_MUCUS_CORAL_01,MECH_FEEDING_MUCUS_CORAL,Semantic Scholar Academic Graph API,2026-08-13,92c7ea973f8399a47995f3090588df385ced36b7,237757959,Deep-sea coral Lophelia pertusa laboratory maintenance and exposure to barite using water recirculation systems,I. V. Rocha; E. C. Reis; P. R. Silva; G. H. Cavalcanti; R. Coutinho; M. Reynier,2021,2021-06-30,Journal of Toxicology and Environmental Health Sciences,,10.5897/jtehs2021.0486,,,https://www.semanticscholar.org/paper/92c7ea973f8399a47995f3090588df385ced36b7,True,https://doi.org/10.5897/jtehs2021.0486,3,56,0,Environmental Science,Environmental Science; Environmental Science,"Drilling activities usually discharge large quantities of fluids and drill cuttings, which are composed of fine particles, such as barite, that can physically affect Lophelia pertusa. An experiment to assess the effects of barite smothering on L. pertusa was conducted with a water recirculation system. The corals were collected in Santos Basin, Brazil. The experiment was conducted in 23 L cone-shaped aquaria, adapted with an individual water recirculation system. Each exposure to suspended barite particles (50 and 100 mg•L-1) plus a control group was maintained in triplicate. Three nubbins were accommodated in the aquaria and acclimated for 7 days. The experimental design simulated two cycles of discharge, followed by a recovery cycle of 7 days each, totaling 35 days. Nine polyps per treatment were monitored twice per day regarding their behavior levels. Time-lapse photographs were also taken during the recovery periods. Total polyp survival in the control was 100%, while those in the 50 and 100 mg•L-1 groups were 94.2 and 93.6%, respectively, with no significant difference between treatments. Polyp activity was different between treatments, with both exposed aquaria displaying higher activity than control. This was probably related to the natural cleaning behavior of L. pertusa. 
 
 Key words: Barite smothering, sedimentation, impacts of oil and gas industry, Santos Basin, Southeastern Brazil, South Atlantic."
SS_MECH_FEEDING_MUCUS_CORAL_01,MECH_FEEDING_MUCUS_CORAL,Semantic Scholar Academic Graph API,2026-08-13,937aab67f87c44962cb63384369da8d3c3867f4d,84251776,Population Dynamics of Edible Sea Urchins Associated with Variability of Seaweed Beds in Northern Japan,Y. Agatsuma,2014,2014-06-30,,Review,10.5047/ABSM.2014.00702.0047,,,https://www.semanticscholar.org/paper/937aab67f87c44962cb63384369da8d3c3867f4d,True,https://doi.org/10.5047/absm.2014.00702.0047,10,210,0,Biology,Biology; Environmental Science,". Agatsuma Y, Matsuyama K, Nakata A, Kawai T, Nishikawa N. Marine algal succession on coralline flats after removal of sea urchins in Suttsu Bay on the Japan Sea coast of Hokkaido, Japan. Nippon Suisan Gakkaishi 1997; 63: 672– 680 (in Japanese with English abstract). Agatsuma Y, Nakao S, Motoya S, Tajima K, Miyamoto T. Relationship between year-to-year fluctuations in recruitment of juvenile sea urchins Strongylocentrotus nudus and seawater temperature in southwestern Hokkaido. Fish. Sci. 1998; 64: 1–5. Agatsuma Y, Nakata A, Matsuyama, K. Seasonal foraging activity of the sea urchin Strongylocentrotus nudus on coralline flats in Oshoro Bay in southwestern Hokkaido, Japan. Fish. Sci. 2000; 66: 198–203. Agatsuma Y, Yamada Y, Taniguchi K. Dietary effect of the Y. Agatsuma / Aqua-BioSci. Monogr. 7: 47–78, 2014 71 doi:10.5047/absm.2014.00702.0047 © 2014 TERRAPUB, Tokyo. All rights reserved. boiled stipe of brown alga Undaria pinnatifida on the growth and gonadal enhancement of the sea urchin Strongylocentrotus nudus. Fish. Sci. 2002; 68: 1274–1281. Agatsuma Y, Sakai Y, Andrew NL. Enhancement of Japan’s sea urchin fisheries. In: Lawrence JM, Guzmán O (eds). Sea Urchins: Fisheries and Ecology. DEStech Publication, Lancaster. 2004; 18–36. Agatsuma Y, Nakabayashi N, Miura N, Taniguchi K. Growth and gonad production of the sea urchin Hemicentrotus pulcherrimus in the fucoid bed and algal turf in northern Japan. Mar. Ecol. 2005a; 26: 100–109. Agatsuma Y, Sato M, Taniguchi K. Factors causing browncolored gonads of the sea urchin Strongylocentrotus nudus in northern Honshu, Japan. Aquaculture 2005b; 249: 449– 458. Agatsuma Y, Seki T, Kurata K, Taniguchi K. Instantaneous effect of dibromomethane on metamorphosis of larvae of the sea urchins Strongylocentrotus nudus and Strongylocentrotus intermedius. Aquaculture 2006a; 251: 549–557. Agatsuma Y, Yamada H, Taniguchi K. Distribution of the sea urchin Hemicentrotus pulcherrimus along a shallow bathymetric gradient in Onagawa Bay in northern Honshu, Japan. J. Shellfish Res. 2006b; 25: 1027–1036. Agatsuma Y, Endo Y, Taniguchi K. Inhibitory effect of 2,4dibromophenol and 2,4,6-tribromophenol on larval survival and metamorphosis of the sea urchin Strongylocentrotus nudus. Fish. Sci. 2008; 74: 837–841. Agatsuma Y, Hazama H, Arakawa H. Limited recovery of the kelp Eisenia bicyclis after population reduction of the sea urchin Hemicentrotus pulcherrimus and Anthocidaris crassispina on Kii Peninsula, southwestern Japan. J. Shellfish Res. 2009; 28: 939–946. Agatsuma Y, Sakai Y, Tajima K. Recent advances in seaurchin aquaculture in Japan. Bull. Aquacul. Assoc. Canada 2010; 108(1): 4–9. Agasuma Y, Toda N, Ogasawara M, Kinoshita J, Watanabe M, Matsui T, Inomata E. Growth and gonad development of the sea urchin Hemicentrotus pulcherrimus in an Eisenia kelp bed in the Oshika Peninsula, northern Japan. Zoosymposia 2012; 7: 225–230. Agatsuma Y, Watanabe M, Kinoshita J, Inomata E. Variability of carbon and nitrogen composition in body compartments of Strongylocentrotus nudus and Hemicentrotus pulcherrimus (Echinoidea, Echinodermata) associated with food availability. Cah. Biol. Mar. 2013; 54; 677–683. Akaike S, Kikuchi K, Monma H, Nozawa Y. Effects of adding nitrogen and phosphorus fertilizer on the growth of sporophytes of Laminaria ochotensis, Phaeophyta in the field. Aquculture Sci. 1998; 46: 57–65 (in Japanese with English abstract). Akaike S, Yoshida H, Matsuda T, Yagi H, Tomiyama M. Yearto-year variation of areas of macroalgal and crustose coralline algal communities interpreted from aerial photographs and SCUBA along the western coast of Shakotan Peninsula, Hokkaido. Sci. Rep. Hokkaido Fish. Exp. Stn. 1999; 56: 125–135 (in Japanese with English abstract). Akiyama T, Unuma T, Yamamoto T. Optimum protein level in a purified diet for young red sea urchin Pseudocentrotus depressus. Fish. Sci. 2001; 67: 361–363. Andrew NL, Choat JH. Habitat related differences in the survivorship and growth of juvenile sea urchins. Mar. Ecol. Prog. Ser. 1985; 27: 155–161. Andrew NL, MacDiarmid AB. Interrelationships between sea urchins and spiny lobsters in northeastern New Zealand. Mar. Ecol. Prog. Ser. 1991; 70: 211–222. Andrew NL, Underwood AJ. Density-dependent foraging in the sea urchin Centrostephanus rodgersii on shallow subtidal reefs in New South Wales, Australia. Mar. Ecol. Prog. Ser. 1993; 99: 89–98. Andrew NL, Agatsuma Y, Ballesteros E, Bazhin AG, Creaser EP, Barnes DKA, Botsford LW, Bradbury A, Campbell A, Dixon JD, Einarsson S, Gerring P, Hebert K, Hunter M, Hur SB, Johnson CR, Juinio-Meñez MA, Kalvass P, Miller RJ, Moreno CA, JPalleiro JS, Rivas D, Robinson SML, Schroeter SC, Steneck RS, Vadas RI, Woodby DA, Xiaoqi Z. Status and management of world sea urchin fisheries. Oceanogr. Mar. Biol. Annu. Rev. 2002; 40: 343–425. Arakawa H. Lethal effects on survival of zoospore and gametophyte of Eisenia bicyclis exerted by suspended particle and deposited sediment. Fish. Sci. 2005; 71: 133– 140. Arakawa H, Agatsuma Y. Influence of turbid seawater and seabed sediment on “Isoyake.” In: Taniguchi K, Agatsuma Y, Saga N (eds). Science and Restoration Technology of Marine Deforestation “Isoyake.” Kouseisha-kouseikaku, Tokyo. 2008; 81–92 (in Japanese). Arakawa H, Arai Y, Seto M, Morinaga T. Influences on survival of brown algal zoospore exerted by drifting particles. Fish. Sci. 2002; 68: 1893–1894. Ayling AM. The role of biological disturbance in temperate subtidal encrusting communities. Ecology 1981; 62: 830– 847. Balch T, Scheibling RE. Temporal and spatial variability in settlement and recruitment of echinoderms in kelp beds and barrens in Nova Scotia. Mar. Ecol. Prog. Ser. 2000; 205: 139–154. Balch T, Scheibling RE. Larval supply, settlement and recruitment in echinoderms. In: Lawrence JM, Jangoux M (eds). Echinoderm Studies Vol. 6. A.A. Balkema, Rotterdam. 2001; 1–83. Barker MF, Keogh JA, Lawrence JM, Lawrence AL. Feeding rate, absorption efficiencies, growth, and enhancement of gonad production in the New Zealand sea urchin Evechinus chloroticus Valenciennnes (Echinoidea: Echinometridae) fed prepared and natural diets. J. Shellfish Res. 1998; 17: 1583–1590. Bell JD, Rothlisberg PC, Munro JL, Loneragan NR, Nash WJ, Ward RD, Andrew NL. Restocking and Stock Enhancement of Marine Invertebrate Fisheries. Adv. Mar. Biol. 49, Academic Press, San Diego. 2005; 392 pp. Bernstein BB, Jung NC. Selective pressures and coevolution in a kelp canopy community in southern California. Ecol. Monogr. 1979; 49: 335–355. Biermann CH, Kessing BD, Palumbi SR. Phylogeny and development of marine model species: strongylocentrotid sea urchins. Evol. Dev. 2003; 5: 360–371. Bilcher ME, Rysgaard S, Sejr MK. Growth and production of the sea urchin in a high-Arctic fjord, and growth along a climatic gradient (64 to 77°N). Mar. Ecol. Prog. Ser. 2007; 341: 89–102. Brewin PE, Lamare MD, Keogh JA, Mladenov PV. Reproductive variability over a four-year period in the sea urchin Evechinus chloroticus (Echinoidea: Echinodermata) 72 Y. Agatsuma / Aqua-BioSci. Monogr. 7: 47–78, 2014 doi:10.5047/absm.2014.00702.0047 © 2014 TERRAPUB, Tokyo. All rights reserved. from differing habitats in New Zealand. Mar. Biol. 2000; 137: 543–557. Burkepile DE, Hay ME. Herbivore vs. nutrient control of marine primary producers: context-dependent effects. Ecology 2006; 87: 3128–3139. Butman CA. Larval settlement of soft-sediment invertebrates: the spatial scales of pattern explained by active habitat selection and the emerging role of hydrodynamical processes. Oceanogr. Mar. Biol. Annu. Rev. 1987; 25: 113–165. Byrne M. Annual reproductive cycles of the commercial sea urchin Paracentrotus lividus from an exposed intertidal and a sheltered subtidal habitat on the west coast of Ireland. Mar. Biol. 1990; 104: 275–289. Byrne M, Andrew NL, Worthington DG, Brett PA. Reproduction in the diadematoid sea urchin Centrostephanus rodgersii in contrasting habitats along the coast of New South Wales, Australia. Mar. Biol. 1998; 132: 305–318. Cameron RA, Schroeter SC. Sea urchin recruitment: effect of substrate selection on juvenile distribution. Mar. Ecol. Prog. Ser. 1980; 2: 243–247. Chapman ARO, Johnson CR. Disturbance and organization of macroalgal assemblages in the Northwest Atlantic. Hydrobiologia 1990; 192: 77–121. Chung HY, Ma WCJ, Ang PO, Kim JS, Chen F. Seasonal variations of bromophenols in brown algae (Padina arborescens, Sargassum siliquastrum, and Lobophora variegata) collected in Hong Kong. J. Agric. Food Chem. 2003; 51: 2619–2624. Cook EJ, Kelly MS. Effect of variation in the protein value of the red macroalga Palmaria palmata on the feeding, growth and gonad composition of the sea urchins Psammechinus miliaris and Paracentrotus lividus (Echinodermata). Aquaculture 2007; 270: 207–217. Coston-Clements L, Settle LR, Hoss DE, Cross FA. Utilization of the Sargassum habitat by marine invertebrates and vertebrates, a review. NOAA Technical Memorandum NMFSSEFSC-296, 1991; 32 pp. Daggett TL, Pearce CM, Tingley M, Robinson SMC, Chopin T. Effect of prepared and macroalgal diets and seed stock source on somatic growth of juvenile green sea urchins (Strongylocentrotus droebachiensis). Aquaculture 2005; 244: 263–281. Dawson EY, Neushul M, Wildman RD. New records of sublittoral marine plants from Pacific Baja California. Pac. Nat. 1960a; 1: 1–30. Dawson EY, Neushul M, Wildman RD. Seaweeds associated with kelp beds along southern California and northwestern Mexico. Pac. Nat. 1960b; 1: 1–81. Dayton PK. Experimental studies on algal-canopy interactions in a sea otter dominated kelp community at Amchitka Island, Alaska. Fish. Bull. (Wash. D.C.) 1975; 73: 230–"
SS_MECH_FEEDING_MUCUS_CORAL_01,MECH_FEEDING_MUCUS_CORAL,Semantic Scholar Academic Graph API,2026-08-13,93e968aebb07ff9c698f3da599c8f0cb122e46e9,203883481,Can Porites spp. corals be used as a bio-indicator for sediment stress on coral reefs?,W. Precht,2019,2019-11-01,Ecological Indicators,,10.1016/j.ecolind.2019.105538,,,https://www.semanticscholar.org/paper/93e968aebb07ff9c698f3da599c8f0cb122e46e9,False,,3,87,0,Environmental Science,Environmental Science; Environmental Science,"Abstract Bessell-Browne et al. (2017) published a paper where they proposed using mounding Porites spp. corals from Western Australia as a bio-indicator of sediment stress on coral reefs. They based their interpretations on results obtained during the monitoring of a capital dredging program coupled with laboratory sediment dousing experiments. They stated that because these Porites species generate mucous sheets in response to sediment loading, they could be used as an early warning indicator of sediment stress adjacent to sensitive coral resources. While their results are compelling, there are several confounding issues that arise questioning the wide-scale application and use of Porites spp. corals as bio-indicators. Using examples of Porites species from both the Indo-Pacific and Caribbean, I detail a number of contrary results that reveal that mucous sheet development is most likely attributed to mucus production and subsequent mucus sloughing that are cued to an endogenous lunar cycle (approximately 28 days in duration) and not necessarily as a direct strategy to protect the coral tissue from harm due to sediment stress. While the mucous sheet becomes fouled with sediment during the cycle, the amount of sediment observed may not be a response to the level of sediment stress, but where in the 28-day cycle the mucous sheet is observed. Thus, depending on when you observe the colony (early, middle or late in the 28-day cycle) the level of purported sediment impact would be highly variable. This variability leads to an unacceptably high rate of both Type-I and Type-II statistical errors. Because of the cyclical, endogenous nature of mucus production in many Porites spp., extreme caution should be employed before using these species to infer the level of sediment impact associated with dredging projects or their use as a predictive tool of sediment stress on coral reefs."
SS_MECH_FEEDING_MUCUS_CORAL_01,MECH_FEEDING_MUCUS_CORAL,Semantic Scholar Academic Graph API,2026-08-13,941c08748b137c6208d2650a2cb1b03c649cfeb8,86436537,"Cyclical mucous sheet formation on poritid corals in the San Blas Islands, Panama",M. Coffroth,1991,1991-02-01,,,10.1007/BF01320229,,,https://www.semanticscholar.org/paper/941c08748b137c6208d2650a2cb1b03c649cfeb8,False,,32,14,4,Biology,Biology; Environmental Science,
SS_MECH_FEEDING_MUCUS_CORAL_01,MECH_FEEDING_MUCUS_CORAL,Semantic Scholar Academic Graph API,2026-08-13,943fd4b5569c20f5665e2be93f332eb1e8dd37db,55487939,Discharged drilling waste from oil and gas platforms and its effects on benthic communities,J. Ellis; G. Fraser; J. Russell,2012,2012-06-07,,Review,10.3354/MEPS09622,,,https://www.semanticscholar.org/paper/943fd4b5569c20f5665e2be93f332eb1e8dd37db,True,https://www.int-res.com/articles/meps2012/456/m456p285.pdf,57,45,2,Environmental Science,Environmental Science; Environmental Science,
SS_MECH_FEEDING_MUCUS_CORAL_01,MECH_FEEDING_MUCUS_CORAL,Semantic Scholar Academic Graph API,2026-08-13,954ec3ea3e26cee32d5df10bf2196457e3c3f6be,23514810,The influence of fish predation on the abundance cycles of an algal turf invertebrate fauna,J. Choat; P. Kingett,2004,,Oecologia,JournalArticle,10.1007/BF00541114,,28310998,https://www.semanticscholar.org/paper/954ec3ea3e26cee32d5df10bf2196457e3c3f6be,False,,50,23,3,Biology; Medicine,Biology; Medicine; Biology; Environmental Science,
SS_MECH_FEEDING_MUCUS_CORAL_01,MECH_FEEDING_MUCUS_CORAL,Semantic Scholar Academic Graph API,2026-08-13,95963d20525097ae2f0dbfb4ab3888ab2bd40fca,254547923,"The effects of storms, heavy rain, and sedimentation on the shallow coral reefs of St. John, US Virgin Islands",P. Edmunds; S. Gray,2014,2014-04-16,Hydrobiologia,,10.1007/s10750-014-1876-7,,,https://www.semanticscholar.org/paper/95963d20525097ae2f0dbfb4ab3888ab2bd40fca,False,,1,0,0,,Environmental Science,
SS_MECH_FEEDING_MUCUS_CORAL_01,MECH_FEEDING_MUCUS_CORAL,Semantic Scholar Academic Graph API,2026-08-13,96e4f4cc06d6fda95fb31e5608bc9ee9941071be,4470876,"Nematode‐associated microbial taxa do not correlate with host phylogeny, geographic region or feeding morphology in marine sediment habitats",Taruna A Schuelke; T. J. Pereira; S. M. Hardy; Holly M. Bik,2018,2018-04-01,Molecular Ecology,JournalArticle,10.1111/mec.14539,,29600535,https://www.semanticscholar.org/paper/96e4f4cc06d6fda95fb31e5608bc9ee9941071be,False,,48,128,1,Biology; Medicine,Biology; Medicine; Biology; Environmental Science,
SS_MECH_FEEDING_MUCUS_CORAL_01,MECH_FEEDING_MUCUS_CORAL,Semantic Scholar Academic Graph API,2026-08-13,978b1edc83bb2d084e02adeaf311ff9e62096606,140169639,"Pacific coral reefs of panamá: Structure, distribution and predators",P. Glynn; R. Stewart; J. Mccosker,1972,1972-06-01,,,10.1007/BF01896330,,,https://www.semanticscholar.org/paper/978b1edc83bb2d084e02adeaf311ff9e62096606,False,,176,30,10,Geology,Geology,
SS_MECH_FEEDING_MUCUS_CORAL_01,MECH_FEEDING_MUCUS_CORAL,Semantic Scholar Academic Graph API,2026-08-13,98147f4f960f51cce9cf4f2a6a1b078f09181a92,280368458,"Sediment exposure decreases diversity in the surface mucus layer microbiome of Porites lobata at Honoliʻi, Hawaiʻi",Joseph W. P. Nakoa; John H. R. Burns; Makoa Pascoe; Manuela Cortes; Sofia B. Ferreira; K. Pascoe; Haunani H. Kane; C. Kapono,2025,2025-07-28,Frontiers in Microbiology,JournalArticle,10.3389/fmicb.2025.1626064,,40792269,https://www.semanticscholar.org/paper/98147f4f960f51cce9cf4f2a6a1b078f09181a92,True,https://www.frontiersin.org/journals/microbiology/articles/10.3389/fmicb.2025.1626064/pdf,0,79,0,Medicine,Medicine; Environmental Science,"Introduction Coral reefs are diverse marine ecosystems that provide essential ecological services, yet they are becoming increasingly degraded by anthropogenic stressors. Sediment deposition from land-based runoff can smother corals, reduce light availability, and alter the chemical and microbial composition of the water column. Prolonged sediment exposure disrupts coral-associated microbial communities, particularly within the surface mucus layer (SML), a physical barrier that mediates host–microbe interactions. Methods We investigated shifts in the SML microbiome of Porites lobata corals in response to an acute sedimentation event at Honoliʻi, Hawaiʻi. Microbial community structure was characterized using 16S rRNA gene sequencing, at three time points, before, during, and after the sedimentation event, to identify changes in microbial composition and diversity. Results Sedimentation caused a significant decline in microbial diversity and shifted community composition, with the most pronounced changes observed post-sedimentation. Indicator species analyses identified 206 bacterial taxa associated with specific sedimentation periods, including enrichment of Flavobacteriaceae during sedimentation and dominance of Endozoicimonaceae after sedimentation. Discussion These findings demonstrate that sedimentation induces both immediate and delayed shifts in the SML microbiome, with potential implications for coral resilience. This study advances our understanding of how sedimentation affects coral-associated microbiomes and emphasizes the need to investigate the functional roles of microbial taxa involved in community transitions and recovery to inform conservation strategies."
SS_MECH_FEEDING_MUCUS_CORAL_01,MECH_FEEDING_MUCUS_CORAL,Semantic Scholar Academic Graph API,2026-08-13,98d52872283cd9134836d85354f45f2fc5ee4c76,164213168,BIOTURBATION AND EFFICIENCY OF SEDIMENT INGESTION OF THE BLACK SEA CUCUMBER HOLOTHURIA ATRA BASED ON SEDIMENT SIZE,A. Alcaraz,2018,,,,,,,https://www.semanticscholar.org/paper/98d52872283cd9134836d85354f45f2fc5ee4c76,False,,1,7,0,,Environmental Science; Biology,
SS_MECH_FEEDING_MUCUS_CORAL_01,MECH_FEEDING_MUCUS_CORAL,Semantic Scholar Academic Graph API,2026-08-13,98f8ad9059e911135e157649665d16408da3ba28,27891316,The Effects of Algal Turf Sediments and Organic Loads on Feeding by Coral Reef Surgeonfishes,S. B. Tebbett; C. Goatley; D. Bellwood,2017,2017-01-03,PLoS ONE,JournalArticle,10.1371/journal.pone.0169479,,28046102,https://www.semanticscholar.org/paper/98f8ad9059e911135e157649665d16408da3ba28,True,https://journals.plos.org/plosone/article/file?id=10.1371/journal.pone.0169479&type=printable,64,76,4,Medicine; Environmental Science,Medicine; Environmental Science; Environmental Science; Biology,"Herbivorous and detritivorous fishes interact closely with the epilithic algal matrix (EAM) on coral reefs. While sediment and organic detrital loads within the EAM might influence this interaction, the responses of functionally distinct fishes to changing sediment and organic loads have not been investigated. Aquarium based feeding trials were performed to assess how different sediment and organic loads affected feeding by the highly abundant surgeonfishes, Ctenochaetus striatus, a detritivore, and Acanthurus nigrofuscus, a herbivore. C. striatus were highly sensitive to even small increases in sediment loads (of just 75 g m-2), displaying a significant decline in feeding rates as sediment loads increased. Although C. striatus is a specialised detritivore, changing organic loads had no effect and suggests that selection of feeding surfaces is primarily mediated by total sediment loads rather than organic loads. By contrast, A. nigrofuscus displayed no changes to its feeding behaviour regardless of sediment or organic load. These findings highlight the complex, species-specific way that sediments may mediate key ecological processes on coral reefs."
SS_MECH_FEEDING_MUCUS_CORAL_01,MECH_FEEDING_MUCUS_CORAL,Semantic Scholar Academic Graph API,2026-08-13,995679b56100da3a8f9fdefbbbd2aa1c092d29f5,42785031,"Trophic relationships in a deep Mediterranean cold-water coral bank (Santa Maria di Leuca, Ionian Sea)",A. Carlier; E. Guilloux; K. Olu; J. Sarrazin; F. Mastrototaro; M. Taviani; J. Clavier,2009,2009-12-17,,,10.3354/MEPS08361,,,https://www.semanticscholar.org/paper/995679b56100da3a8f9fdefbbbd2aa1c092d29f5,True,https://www.int-res.com/articles/theme/m397p125.pdf,135,69,11,Biology,Biology; Environmental Science,
SS_MECH_FEEDING_MUCUS_CORAL_01,MECH_FEEDING_MUCUS_CORAL,Semantic Scholar Academic Graph API,2026-08-13,995eddf2c3855fcc9dfeb98589ae35bdfcfb6c25,127128561,Effects of Eutrophication,M. Dorgham,2014,,,,10.1007/978-94-007-7814-6_3,,,https://www.semanticscholar.org/paper/995eddf2c3855fcc9dfeb98589ae35bdfcfb6c25,False,,94,182,2,Environmental Science,Environmental Science; Environmental Science,
SS_MECH_FEEDING_MUCUS_CORAL_01,MECH_FEEDING_MUCUS_CORAL,Semantic Scholar Academic Graph API,2026-08-13,998c52ba6c91548e732a78616b1ae6a17662661a,85383361,The use of 13C and 15N isotope labeling techniques to assess heterotrophy of corals,J. Seemann,2013,2013-04-01,,,10.1016/J.JEMBE.2013.01.004,,,https://www.semanticscholar.org/paper/998c52ba6c91548e732a78616b1ae6a17662661a,False,,47,45,1,Biology,Biology; Environmental Science,
SS_MECH_FEEDING_MUCUS_CORAL_01,MECH_FEEDING_MUCUS_CORAL,Semantic Scholar Academic Graph API,2026-08-13,9a33607d7c8862b37c08007fbfb32264efe057a2,3310522,Additive negative effects of anthropogenic sedimentation and warming on the survival of coral recruits,Francesca Fourney; J. Figueiredo,2017,2017-09-28,Scientific Reports,JournalArticle,10.1038/s41598-017-12607-w,,28959051,https://www.semanticscholar.org/paper/9a33607d7c8862b37c08007fbfb32264efe057a2,True,https://www.nature.com/articles/s41598-017-12607-w.pdf,53,59,2,Environmental Science; Medicine,Environmental Science; Medicine; Environmental Science,"Corals worldwide are facing population declines due to global climate change and local anthropogenic impacts. Global climate change effects are hard to tackle but recent studies show that some coral species can better handle climate change stress when provided with additional energy resources. The local stressor that most undermines energy acquisition is sedimentation because it impedes coral heterotrophic feeding and their ability to photosynthesize. To investigate if reducing local sedimentation will enable corals to better endure ocean warming, we quantitatively assessed the combined effects of increased temperature and sedimentation (concentration and turbidity) on the survival of coral recruits of the species, Porites astreoides. We used sediment from a reef and a boat basin to mimic natural sediment (coarse) and anthropogenic (fine) sediment (common in dredging), respectively. Natural sediment did not negatively impact coral survival, but anthropogenic sediment did. We found that the capacity of coral recruits to survive under warmer temperatures is less compromised when anthropogenic sedimentation is maintained at the lowest level (30 mg.cm−2). Our study suggests that a reduction of US-EPA allowable turbidity from 29 Nephelometric Turbidity Units (NTU) above background to less than 7 NTU near coral reefs would facilitate coral recruit survival under current and higher temperatures."
SS_MECH_FEEDING_MUCUS_CORAL_01,MECH_FEEDING_MUCUS_CORAL,Semantic Scholar Academic Graph API,2026-08-13,9a4943be615da19cb29d3922b41e6cdcd1c17e6b,83703845,"The ecological impact of the sea urchin Paracentrotus lividus (Lamarck) in Lough Ine, Ireland",J. Kitching; Vivien M. Thain,1983,1983-01-26,,,10.1098/RSTB.1983.0019,,,https://www.semanticscholar.org/paper/9a4943be615da19cb29d3922b41e6cdcd1c17e6b,False,,75,27,3,Biology,Biology; Environmental Science,
SS_MECH_FEEDING_MUCUS_CORAL_01,MECH_FEEDING_MUCUS_CORAL,Semantic Scholar Academic Graph API,2026-08-13,9a4dcce28e0b039eda750bdd92c2c02e859f6176,54901477,"Tourism , Reef Condition and Visitor Satisfaction in Watamu Marine National Park , Kenya",B. Cowburn; R. Sluka; Joy N Smith; M. Mohamed,2014,,,,,,,https://www.semanticscholar.org/paper/9a4dcce28e0b039eda750bdd92c2c02e859f6176,False,,5,19,0,,Environmental Science,
SS_MECH_FEEDING_MUCUS_CORAL_01,MECH_FEEDING_MUCUS_CORAL,Semantic Scholar Academic Graph API,2026-08-13,9af585c68aa3a9c3a2e0c90f53b0123a14d0daa6,90910560,Peranan Padang Lamun Selatan Bali Sebagai Pendukung Kelimpahan Ikan di Perairan Bali,Elok Faiqoh; D. Wiyanto; I. W. G. Astrawan,2017,2017-02-01,,,10.24843/JMAS.2017.V3.I01.10-18,,,https://www.semanticscholar.org/paper/9af585c68aa3a9c3a2e0c90f53b0123a14d0daa6,True,https://ojs.unud.ac.id/index.php/jmas/article/download/27969/17582,4,0,0,Geography,Geography; Environmental Science,"Seagrass ecosystem is providing feeding ground, nursery ground, spawning ground , habitat and shelter area. The threat of physical destruction such as the reclamation, pollution, sedimentation and tourism activities decreasing the diversity and the abundance of fishery commodities. The purpose of this study was to describe the condition of seagrass, determine the composition and abundance of seagrass fish in the three Southern coast of Bali and assess the association of fish-sea grass. Samples were taken from three coastal areas, Samuh, Shindu and Serangan coastal area. The results are in Samuhthere are 6 types of seagrass, in Shindu there are 7 types and in Serangan there are three types, whichdominates with Cymodocea rotundata and Syringodium isoetifolium. From the three coastal areas,we found 21 families of fish, where the family Pomacentridaehas the highest species abundance in Samuh, Apogon sp in Serangan and Terapon sp. found in Shindu. We can see the interaction between the seagrass ecosystems of coral reefs in the waters of South Bali and ecological role of seagrass from the family and species of fish."
SS_MECH_FEEDING_MUCUS_CORAL_01,MECH_FEEDING_MUCUS_CORAL,Semantic Scholar Academic Graph API,2026-08-13,9b41f4fbf5dbf539b634193e5b51bbfa042146d6,245384268,Towards Bringing a Change: Creating an Ecocentric Awareness Through Texts of Popular Culture,Raghunandanan Roshni; D. Anthony,2020,,,,,,,https://www.semanticscholar.org/paper/9b41f4fbf5dbf539b634193e5b51bbfa042146d6,False,,0,14,0,,Environmental Science; Philosophy,
SS_MECH_FEEDING_MUCUS_CORAL_01,MECH_FEEDING_MUCUS_CORAL,Semantic Scholar Academic Graph API,2026-08-13,9b4b0baa8ded5ee15dc5a970dae42ab5a0df0c5d,83631852,Benthic bioluminescence in the bathyal North East Atlantic: luminescent responses of Vargula norvegica (Ostracoda: Myodocopida) to predation by the deep-water eel (Synaphobranchus kaupii),A. Heger; N. King; B. Wigham; A. Jamieson; P. Bagley; L. Allan; O. Pfannkuche; I. Priede,2007,2007-01-05,,,10.1007/S00227-006-0587-7,,,https://www.semanticscholar.org/paper/9b4b0baa8ded5ee15dc5a970dae42ab5a0df0c5d,False,,27,15,0,Biology,Biology; Environmental Science; Biology,
SS_MECH_FEEDING_MUCUS_CORAL_01,MECH_FEEDING_MUCUS_CORAL,Semantic Scholar Academic Graph API,2026-08-13,9be610da54705f513c5adaab75fef584fe5b011b,88822400,Patterns of coral reef development on Tarawaatoll (Kiribati),G. Paulay; A. Kerr,2001,,,,,,,https://www.semanticscholar.org/paper/9be610da54705f513c5adaab75fef584fe5b011b,False,,14,0,1,Geography,Geography; Environmental Science; Biology,
SS_MECH_FEEDING_MUCUS_CORAL_01,MECH_FEEDING_MUCUS_CORAL,Semantic Scholar Academic Graph API,2026-08-13,9caa081b6faafd56f136255303f3929d5b2aec5c,88339122,A survey of comparative toxicity in the food chain of ciguatera.,T. Yasumoto; R. Bagnis; Sylvie Thevenin; Monique Garcon,1977,,,Review,10.2331/SUISAN.43.1015,,,https://www.semanticscholar.org/paper/9caa081b6faafd56f136255303f3929d5b2aec5c,True,https://www.jstage.jst.go.jp/article/suisan1932/43/8/43_8_1015/_pdf,63,0,3,Biology,Biology; Environmental Science; Medicine,
SS_MECH_FEEDING_MUCUS_CORAL_01,MECH_FEEDING_MUCUS_CORAL,Semantic Scholar Academic Graph API,2026-08-13,9cd408a6000ac1083b6b9db628e3f4595bd3fbd3,36668801,Tidal activity pattern and feeding behaviour of the ophiuroid Ophiocoma scolopendrina on a Kenyan reef flat,Tara Oak; R. Scheibling,2006,2006-03-15,Coral reefs,,10.1007/s00338-006-0089-6,,,https://www.semanticscholar.org/paper/9cd408a6000ac1083b6b9db628e3f4595bd3fbd3,False,,22,16,0,Biology,Biology; Biology; Environmental Science,
SS_MECH_FEEDING_MUCUS_CORAL_01,MECH_FEEDING_MUCUS_CORAL,Semantic Scholar Academic Graph API,2026-08-13,9d9e23619ce288b55474cc2fb2c304578540224a,2622638,Productivity and seasonal changes in selected reef areas in the Gulf of Aqaba (Red Sea),H. Mergner; A. Svoboda,1977,1977-08-01,Helgoländer Wissenschaftliche Meeresuntersuchungen,,10.1007/BF02207849,,,https://www.semanticscholar.org/paper/9d9e23619ce288b55474cc2fb2c304578540224a,True,https://hmr.biomedcentral.com/counter/pdf/10.1007/BF02207849,33,12,8,Biology,Biology; Environmental Science,
SS_MECH_FEEDING_MUCUS_CORAL_01,MECH_FEEDING_MUCUS_CORAL,Semantic Scholar Academic Graph API,2026-08-13,9e3f480a163f7642e9905c7113020211f1bf041c,90077614,Mucous sheet production in Porites: an effective bioindicator of sediment related pressures,P. Bessell-Browne; R. Fisher; A. Duckworth; Ross Jones,2017,2017-06-01,,,10.1016/J.ECOLIND.2017.02.023,,,https://www.semanticscholar.org/paper/9e3f480a163f7642e9905c7113020211f1bf041c,True,https://www.sciencedirect.com/science/article/pii/S1470160X17300869/pdf,47,38,2,Biology,Biology; Environmental Science,"Abstract Some coral species of the genus Porites can produce thick mucous sheets that partially or completely envelope the colony’s surface. This phenomenon has been reported many times, but the cause and ecological significance remains unclear. In this study, sheet production was examined in response to elevated suspended sediment concentrations associated with a large-scale, extended dredging project on a coral reef. Approximately 400 corals at 16 locations situated from 0.2–33 km from the excavation area were examined at fortnightly intervals over the 1.5 year dredging campaign. Mucous sheets were observed on 447 occasions (from 10,600 observations), with average mucous prevalence ranging from 0–10%. Overall 74 ± 5% of the colonies 20 km away), mean mucous sheet prevalence was very low (0.2% ± 0.1), no colonies produced more than 1 sheet, and only 1 colony was observed with high mucous coverage. In a laboratory-based experiment, explants of Porites spp. exposed to fine silt also produced mucous sheets (105 sheets recorded in 1100 observations), with nearly 30% of the fragments exposed to repeated sediment deposition events of 10 and 20 mg cm−2 d−1 producing 2 new sheets over the 28 day exposure period. These multiple lines of evidence suggest a close association between mucous sheet formation and sediment load, and that sheet formation and sloughing are an additional mechanism used by massive Porites spp. to clear their surfaces when sediment loads become too high. These results suggest that mucous sheet formation is an effective bioindicator of sediment exposure."
SS_MECH_FEEDING_MUCUS_CORAL_01,MECH_FEEDING_MUCUS_CORAL,Semantic Scholar Academic Graph API,2026-08-13,9f9cefdaa874c3e48b40564febb60f9e6e9d57d6,128831521,"The macroalgal carbonate factory at a cool-to-warm temperate marine transition, Southern Australia",N. James; Catherine M. Reid; Y. Bone; A. Levings; I. Malcolm,2013,2013-06-01,,,10.1016/J.SEDGEO.2013.03.007,,,https://www.semanticscholar.org/paper/9f9cefdaa874c3e48b40564febb60f9e6e9d57d6,False,,23,29,0,Geology,Geology; Environmental Science; Geology,
SS_MECH_FEEDING_MUCUS_CORAL_01,MECH_FEEDING_MUCUS_CORAL,Semantic Scholar Academic Graph API,2026-08-13,9fd3843d1613e413f9b54173e861640aa7a8bd78,133912414,Environmental controls of rapidly diversifying echinoderms during the Early Paleozoic,T. Guensburg; J. Sprinkle,1992,,,,10.1017/S2475262200006742,,,https://www.semanticscholar.org/paper/9fd3843d1613e413f9b54173e861640aa7a8bd78,True,https://doi.org/10.1017/s2475262200006742,1,0,0,Geology,Geology; Environmental Science,
SS_MECH_FEEDING_MUCUS_CORAL_01,MECH_FEEDING_MUCUS_CORAL,Semantic Scholar Academic Graph API,2026-08-13,9fedcae22511b7bc7c1e2e7ae4a77f5130f28215,278343200,"High levels of microplastics and microrubber pollution in a remote, protected Mediterranean Cladocora caespitosa coral bed.",Lars Reuning; L. Hildebrandt; D. Kersting; D. Pröfrock,2025,2025-05-05,Marine Pollution Bulletin,JournalArticle,10.1016/j.marpolbul.2025.118070,,40328134,https://www.semanticscholar.org/paper/9fedcae22511b7bc7c1e2e7ae4a77f5130f28215,True,https://doi.org/10.1016/j.marpolbul.2025.118070,13,116,0,Medicine,Medicine; Environmental Science,"Coral reefs are increasingly threatened by anthropogenic stressors, including plastic pollution. This study investigates the abundance and possible ecological impact of microplastics (MPs) and microrubber pollution in sediments from a Cladocora caespitosa coral bed in the north-western Mediterranean. Despite being located in a remote marine protected area with no local plastic pollution sources, our results indicate exceptionally high MP concentrations (mean: 1514 particles/kg dry weight), attributed to long-distance transport of plastics by the Northern Current. Laser Directs Infrared (LDIR) Chemical Imaging and ATR-FTIR spectroscopy were used to characterize the MPs in terms of size, shape and polymer types. Most MPs are fragments (96 %), while fibers contribute only 4 %. The most abundant polymers were polyethylene (PE, 28 %), polyethylene terephthalate (PET, 25 %), and polystyrene (PS, 19 %), with significant contributions from polyurethane (PU) and microrubber. Particle size analysis showed that 92 % of MPs were smaller than 250 μm, with a median particle size varying by polymer type. Notably, polymers with heteroatoms in their main chain, such as PET and polyurethane, exhibited significantly smaller median sizes compared to polyolefins, possibly suggesting different degradation pathways. The high MP concentrations measured in sediments within coral colonies suggests that MPs could have adverse effects on heterotrophic feeding in C. caespitosa, a critical energy source during stress events. This study underscores the urgent need for targeted research on MP effects on the resilience of C. caespitosa and for increased global and regional efforts to curb plastic pollution mitigation in order to conserve coral populations in the Mediterranean."
SS_MECH_FEEDING_MUCUS_CORAL_01,MECH_FEEDING_MUCUS_CORAL,Semantic Scholar Academic Graph API,2026-08-13,a02a6ceeaf665e5013300cfa47b2f7b8d05b44ae,3630174,When environmental factors become stressors: interactive effects of vermetid gastropods and sedimentation on corals,Julie Zill; Michael A. Gil; C. Osenberg,2017,2017-03-01,Biology Letters,JournalArticle,10.1098/rsbl.2016.0957,,28330976,https://www.semanticscholar.org/paper/a02a6ceeaf665e5013300cfa47b2f7b8d05b44ae,True,https://royalsocietypublishing.org/doi/pdf/10.1098/rsbl.2016.0957,7,25,0,Medicine; Biology,Medicine; Biology; Environmental Science,
SS_MECH_FEEDING_MUCUS_CORAL_01,MECH_FEEDING_MUCUS_CORAL,Semantic Scholar Academic Graph API,2026-08-13,a034050291f05a8c30b222894b14b382e62e67cc,90918589,Adaptive mechanisms and physiological effects of suspended and settled sediment on barrel sponges,E. McGrath; David J. Smith; J. Jompa; J. Bell,2017,2017-11-01,,,10.1016/J.JEMBE.2017.07.013,,,https://www.semanticscholar.org/paper/a034050291f05a8c30b222894b14b382e62e67cc,False,,18,83,0,Biology,Biology; Environmental Science; Biology,
SS_MECH_FEEDING_MUCUS_CORAL_01,MECH_FEEDING_MUCUS_CORAL,Semantic Scholar Academic Graph API,2026-08-13,a095936e0a895148409cbd44856dc64b98ae67f8,86859846,Benthos of the Gorda Ridge axial valley (NE Pacific Ocean): Taxonomic composition and trends in distribution,A. Carey; D. Stein; P. Rona,1990,,,Review,10.1016/0079-6611(90)90018-W,,,https://www.semanticscholar.org/paper/a095936e0a895148409cbd44856dc64b98ae67f8,False,,8,14,0,Geology,Geology; Environmental Science; Geology,
SS_MECH_FEEDING_MUCUS_CORAL_01,MECH_FEEDING_MUCUS_CORAL,Semantic Scholar Academic Graph API,2026-08-13,a0aceb77a5ba19a0b5e36f0d6e173488c5a5657a,278495167,The Plymouth Student Scientist The Plymouth Student Scientist,Victoria Oakham; R. Thompson,,,,,,,,https://www.semanticscholar.org/paper/a0aceb77a5ba19a0b5e36f0d6e173488c5a5657a,False,,0,1,0,,Environmental Science,
SS_MECH_FEEDING_MUCUS_CORAL_01,MECH_FEEDING_MUCUS_CORAL,Semantic Scholar Academic Graph API,2026-08-13,a0c922cd7dc70cdec0a1ef84c8f64a483d2df47f,140724383,"Microhabitat complexity—an example from Middle Devonian bryozoan-rich sediments in the Blankenheim Syncline (northern Eifel, Rheinisches Schiefergebirge)",A. Ernst; P. Königshof; P. Taylor; J. Bohatý,2011,2011-11-03,,,10.1007/S12549-011-0060-6,,,https://www.semanticscholar.org/paper/a0c922cd7dc70cdec0a1ef84c8f64a483d2df47f,False,,11,57,0,Geology,Geology; Geology,
SS_MECH_FEEDING_MUCUS_CORAL_01,MECH_FEEDING_MUCUS_CORAL,Semantic Scholar Academic Graph API,2026-08-13,a12a0ba710b71a4ca29704e111b4d0bbad4b4a50,85669069,Short-term growth measurements of corals using an accurate buoyant weighing technique,P. Davies,1989,1989-05-01,,,10.1007/BF00428135,,,https://www.semanticscholar.org/paper/a12a0ba710b71a4ca29704e111b4d0bbad4b4a50,False,,433,11,76,Biology,Biology; Environmental Science,
SS_MECH_FEEDING_MUCUS_CORAL_01,MECH_FEEDING_MUCUS_CORAL,Semantic Scholar Academic Graph API,2026-08-13,a14eb01ef05b1cfb2acc4ae29c9449b3623a99b1,252716861,A meta-analysis of the stony coral tissue loss disease microbiome finds key bacteria in lesions and unaffected tissue of diseased colonies,S. Rosales; Lindsay K. Huebner; James S. Evans; A. Apprill; A. Baker; A. Bellantuono; M. Brandt; A. S. Clark; J. del Campo; C. Dennison; N. Huntley; Christina A. Kellogg; M. Medina; Julie L. Meyer; E. Muller; M. Rodriguez-Lanetty; Jennifer L. Salerno; W. Schill; Erin N. Shilling; J. M. Stewart; J. Voss,2022,2022-10-01,bioRxiv,,10.1101/2022.09.30.510359,,,https://www.semanticscholar.org/paper/a14eb01ef05b1cfb2acc4ae29c9449b3623a99b1,True,https://www.biorxiv.org/content/biorxiv/early/2022/10/01/2022.09.30.510359.full.pdf,2,82,0,Biology,Biology; Environmental Science; Biology,"Stony coral tissue loss disease (SCTLD) has been causing significant whole colony mortality on reefs in Florida and the Caribbean. The cause of SCTLD remains unknown, with limited concurrence of SCTLD-associated bacteria among studies. We conducted a meta-analysis of SSU 16S ribosomal RNA gene datasets generated by 16 field and laboratory SCTLD studies to find consistent bacteria associated with SCTLD across disease zones (vulnerable, endemic, and epidemic), coral species, coral compartments (mucus, tissue, and skeleton), and disease states (apparently healthy colony tissue [AH], and unaffected [DU] and lesion [DL] tissue from diseased colonies). We also evaluated bacteria in seawater and sediment, which may be sources of SCTLD transmission. Although AH colonies in endemic and epidemic zones harbor bacteria associated with SCTLD lesions, and aquaria and field samples had distinct microbial compositions, there were still clear differences in the microbial composition among AH, DU, and DL in the combined dataset. Alpha diversity between AH and DL was not different; however, DU showed increased alpha diversity compared to AH, indicating that, prior to lesion formation, corals may undergo a disturbance to the microbiome. This disturbance may be driven by Flavobacteriales, which were especially enriched in DU. While Rhodobacterales and Peptostreptococcales-Tissierellales were prominent in structuring microbial interactions in DL. Peptostreptococcales-Tissierellales specifically may contribute to lesion progression through an alpha-toxin. We provide a consensus of SCTLD-associated bacteria both prior to and during lesion progression and identify how these taxa vary across studies, coral species, coral compartments, seawater, and sediment."
SS_MECH_FEEDING_MUCUS_CORAL_01,MECH_FEEDING_MUCUS_CORAL,Semantic Scholar Academic Graph API,2026-08-13,a1d40fbb9567b731d346fc1dc5469e99911c0cfe,84675166,Coral mortality associated with dino-flagellate blooms in the eastern Pacific (Costa Rica and Panama),H. Guzman; J. Cortés; P. Glynn; R. Richmond,1990,,,Review,10.3354/MEPS060299,,,https://www.semanticscholar.org/paper/a1d40fbb9567b731d346fc1dc5469e99911c0cfe,True,https://doi.org/10.3354/meps060299,115,15,6,Geography,Geography; Environmental Science,
SS_MECH_FEEDING_MUCUS_CORAL_01,MECH_FEEDING_MUCUS_CORAL,Semantic Scholar Academic Graph API,2026-08-13,a1d45c657de28581e4b2c75a5275adbf61f2f94c,90777273,Crustacea on coral reefs: habitat associations and trophic relationships,M. Kramer,2015,2015-11-01,,,,,,https://www.semanticscholar.org/paper/a1d45c657de28581e4b2c75a5275adbf61f2f94c,False,,0,226,0,Biology,Biology; Environmental Science; Biology,
SS_MECH_FEEDING_MUCUS_CORAL_01,MECH_FEEDING_MUCUS_CORAL,Semantic Scholar Academic Graph API,2026-08-13,a243c54ca2990145d63ad2f4d69240f56c784c29,220386804,"Retention efficiencies of the coral reef sponges Aplysina lacunosa, Callyspongia vaginalis and Niphates digitalis determined by Coulter counter and plate culture analysis",A. Duckworth; W. Brück; K. Janda; T. Pitts; P. McCarthy,2006,2006-08-01,,,10.1080/17451000600781775,,,https://www.semanticscholar.org/paper/a243c54ca2990145d63ad2f4d69240f56c784c29,False,,28,22,1,Biology,Biology; Environmental Science,
SS_MECH_FEEDING_MUCUS_CORAL_01,MECH_FEEDING_MUCUS_CORAL,Semantic Scholar Academic Graph API,2026-08-13,a2f96e9ef12eaa821a34888d2056f502a5ec373b,220773112,Microplastic and heavy metal distributions in an Indian coral reef ecosystem.,J. Patterson; K. I. Jeyasanta; N. Sathish; J. Edward; Andy M. Booth,2020,2020-07-09,Science of the Total Environment,JournalArticle,10.1016/j.scitotenv.2020.140706,,32711304,https://www.semanticscholar.org/paper/a2f96e9ef12eaa821a34888d2056f502a5ec373b,False,,141,67,6,Medicine; Environmental Science,Medicine; Environmental Science; Environmental Science,"The current study focuses on the occurrence and characteristics of microplastics (MPs) and spatial distribution and pollution status of heavy metals in the water and sediments of the coral reef ecosystems associated with the Tuticorin and Vembar groups of islands in the Gulf of Mannar, southeast India. Mean abundance of MPs varies from 60 ± 54 to 126.6 ± 97 items/L in water and from 50 ± 29 to 103.8 ± 87 items/kg in sediment. Water and sediment samples from the Tuticorin islands contain higher MP concentrations than the Vembar islands. The highest MP were observed in the mainland samples, while MP distributions in the shoreward direction i.e. towards the islands closely reflect those of the mainland (p < 0.05). Polyethylene is the most common polymer, with fibers (1-3 mm) being the most abundant form in water and fragments (3-5 mm) being the most abundant in sediment. Pollution indices such as enrichment and contamination factors indicate moderate contamination of sediments by Zn, Hg, Cd, Pb and Ni. Heavy metal associated with MPs are greater than those in sediments, and this indicates that MP may be a source of metal pollution or that metals from the sediment preferentially partition to MPs. SEM analysis highlights the presence of cracks, protrusions and depositions on the surface of many MPs, indicating partial degradation. EDAX frequently showed the presence of Zn, Cd, Pb, Ni and Fe associated with MP surfaces. This study offers an insight into the level of MPs and associated elements that filter feeding corals in the region are exposed to current."
SS_MECH_FEEDING_MUCUS_CORAL_01,MECH_FEEDING_MUCUS_CORAL,Semantic Scholar Academic Graph API,2026-08-13,a306a13c454ae44659f2bed2fe0831d285417fc9,210609513,Status of seagrass beds in Ternate and surrounding areas,S. Rahmawati; A. Irawan,2019,2019-10-28,IOP Conference Series: Earth and Environment,Conference,10.1088/1755-1315/339/1/012011,,,https://www.semanticscholar.org/paper/a306a13c454ae44659f2bed2fe0831d285417fc9,True,https://iopscience.iop.org/article/10.1088/1755-1315/339/1/012011/pdf,0,25,0,Geography; Physics,Geography; Physics; Environmental Science,"Seagrass bed is one of important ecosystems usually located adjacent to coral reefs and serves several important ecological roles such as feeding and nursery ground for several marine biotas. Physically, seagrass bed protects the reef from inland sedimentation. The status of seagrass beds, therefore, becomes an important thing in protecting the coral reef ecosystem. The study was conducted on July 2018 with the objective to analyze the current status of seagrass bed at Coral Reef Rehabilitation and Management Program (COREMAP) site in Ternate Island. Ten stations were chosen for this study and linear transect method was used to analyze species composition and canopy coverage. The result showed that there are 8 species found in this area with 5-7 species commonly found at each station. Among 8 species found, Thalassia hemprichii being the most common species inhabiting all of the sites. Average canopy coverage in seven stations was below 59.9% which considered as less healthy, whilst at other three locations was below 29.9% which considered as poor status. Overall, the status of seagrass beds in this area is less healthy with moderate canopy cover. This status has remained the same since 2015 to the present time."
SS_MECH_FEEDING_MUCUS_CORAL_01,MECH_FEEDING_MUCUS_CORAL,Semantic Scholar Academic Graph API,2026-08-13,a396a8d2bf89c6b4109d340c31310020605d8acd,83170840,Effects of Sedimentation on Scleractinian and Actinian Species in Artificial Reefs at the Casa Caiada Beach (Brazil),L. Pereira,2003,,,,,,,https://www.semanticscholar.org/paper/a396a8d2bf89c6b4109d340c31310020605d8acd,False,,4,16,0,Biology,Biology; Environmental Science,
SS_MECH_FEEDING_MUCUS_CORAL_01,MECH_FEEDING_MUCUS_CORAL,Semantic Scholar Academic Graph API,2026-08-13,a3a13f6230dd0072deaa703a331139fff01e813b,87971859,Effects of eutrophication on reef-building corals,T. Tomascik; F. Sander,1987,1987-02-01,,,10.1007/bf00392900,,,https://www.semanticscholar.org/paper/a3a13f6230dd0072deaa703a331139fff01e813b,False,,245,64,8,Biology,Biology; Environmental Science,
SS_MECH_FEEDING_MUCUS_CORAL_01,MECH_FEEDING_MUCUS_CORAL,Semantic Scholar Academic Graph API,2026-08-13,a3b0045bc283a18b5d1f6b497179be243a50dc05,22049385,Global diversity and distribution of close relatives of apicomplexan parasites,V. Mathur; J. del Campo; M. Kolísko; P. Keeling,2018,2018-06-01,Environmental Microbiology,JournalArticle; Review,10.1111/1462-2920.14134,,29687563,https://www.semanticscholar.org/paper/a3b0045bc283a18b5d1f6b497179be243a50dc05,False,,31,88,0,Medicine; Biology,Medicine; Biology; Biology; Environmental Science,"Apicomplexans are a group of obligate intracellular parasites, but their retention of a relict non-photosynthetic plastid reveals that they evolved from free-living photosynthetic ancestors. The closest relatives of apicomplexans include photosynthetic chromerid algae (e.g., Chromera and Vitrella), non-photosynthetic colpodellid predators (e.g., Colpodella) and several environmental clades collectively called Apicomplexan-Related Lineages (ARLs). Here we investigate the global distribution and inferred ecology of the ARLs by expansively searching for apicomplexan-related plastid small ribosomal subunit (SSU) genes in large-scale high-throughput bacterial amplicon surveys. Searching more than 220 million sequences from 224 geographical sites worldwide revealed 94 324 ARL plastid SSU sequences. Meta-analyses confirm that all ARLs are coral reef associated and not to marine environments generally, but only a subset is actually associated with coral itself. Most unexpectedly, Chromera was found exclusively in coral biogenous sediments, and not within coral tissue, indicating that it is not a coral symbiont, as typically thought. In contrast, ARL-V is the most diverse, geographically widespread and abundant of all ARL clades and is strictly associated with coral tissue and mucus. ARL-V was found in 19 coral species in reefs, including azooxanthellate corals at depths greater than 500 m. We suggest this is indicative of a parasitic or commensal relationship, and not of photosynthetic symbiosis, further underscoring the importance of isolating ARL-V and determining its relationship with the coral host."
SS_MECH_FEEDING_MUCUS_CORAL_01,MECH_FEEDING_MUCUS_CORAL,Semantic Scholar Academic Graph API,2026-08-13,a3ef6c42dc7f40b92b8f77317c915c67cf7e1dad,35754172,Quantitative surveys of the population at Explorer ' s Cove ( see methods in Slattery & McCllntock 1995 and site dcrcriptions in Dayton,J. McClintock,2006,,,Review,,,,https://www.semanticscholar.org/paper/a3ef6c42dc7f40b92b8f77317c915c67cf7e1dad,False,,0,27,0,,Environmental Science,
SS_MECH_FEEDING_MUCUS_CORAL_01,MECH_FEEDING_MUCUS_CORAL,Semantic Scholar Academic Graph API,2026-08-13,a43d88c61636f5a01c1104ec68d49da642b94574,85024508,"Ecology, functional morphology, behaviour, and feeding in coral- and sponge-boring species of Upogebia (Crustacea: Decapoda: Thalassinidea)",P. Scott; H. Reiswig; B. Marcotte,1988,1988-02-01,,,10.1139/Z88-069,,,https://www.semanticscholar.org/paper/a43d88c61636f5a01c1104ec68d49da642b94574,False,,43,12,2,Biology,Biology; Environmental Science; Biology,
SS_MECH_FEEDING_MUCUS_CORAL_01,MECH_FEEDING_MUCUS_CORAL,Semantic Scholar Academic Graph API,2026-08-13,a46019954ae6224df79b39a9c119e285a82f13c3,87628458,The Importance of Benthic Habitats for Coastal Fisheries,J. Kritzer; M. Delucia; E. Greene; C. Shumway; Marek F. Topolski; J. Thomas-Blate; Louis A. Chiarella; Kay B. Davy; Kent Smith,2016,2016-04-01,,,10.1093/BIOSCI/BIW014,,,https://www.semanticscholar.org/paper/a46019954ae6224df79b39a9c119e285a82f13c3,False,,91,67,2,Biology,Biology; Environmental Science,
SS_MECH_FEEDING_MUCUS_CORAL_01,MECH_FEEDING_MUCUS_CORAL,Semantic Scholar Academic Graph API,2026-08-13,a4709caf92e760f6d6b5e4a3d9b54a933df0004a,10872777,"Coral reef mesopredators switch prey, shortening food chains, in response to habitat degradation",T. Hempson; Nicholas A. J. Graham; M. MacNeil; D. Williamson; G. P. Jones; G. Almany,2017,2017-03-18,Ecology and Evolution,JournalArticle,10.1002/ece3.2805,,28428853,https://www.semanticscholar.org/paper/a4709caf92e760f6d6b5e4a3d9b54a933df0004a,True,https://onlinelibrary.wiley.com/doi/pdfdirect/10.1002/ece3.2805,83,83,2,Biology; Medicine,Biology; Medicine; Biology; Environmental Science,"Abstract Diet specificity is likely to be the key predictor of a predator's vulnerability to changing habitat and prey conditions. Understanding the degree to which predatory coral reef fishes adjust or maintain prey choice, in response to declines in coral cover and changes in prey availability, is critical for predicting how they may respond to reef habitat degradation. Here, we use stable isotope analyses to characterize the trophic structure of predator–prey interactions on coral reefs of the Keppel Island Group on the southern Great Barrier Reef, Australia. These reefs, previously typified by exceptionally high coral cover, have recently lost much of their coral cover due to coral bleaching and frequent inundation by sediment‐laden, freshwater flood plumes associated with increased rainfall patterns. Long‐term monitoring of these reefs demonstrates that, as coral cover declined, there has been a decrease in prey biomass, and a shift in dominant prey species from pelagic plankton‐feeding damselfishes to territorial benthic algal‐feeding damselfishes, resulting in differences in the principal carbon pathways in the food web. Using isotopes, we tested whether this changing prey availability could be detected in the diet of a mesopredator (coral grouper, Plectropomus maculatus). The δ13C signature in grouper tissue in the Keppel Islands shifted from a more pelagic to a more benthic signal, demonstrating a change in carbon sources aligning with the change in prey availability due to habitat degradation. Grouper with a more benthic carbon signature were also feeding at a lower trophic level, indicating a shortening in food chains. Further, we found a decline in the coral grouper population accompanying a decrease in total available prey biomass. Thus, while the ability to adapt diets could ameliorate the short‐term impacts of habitat degradation on mesopredators, long‐term effects may negatively impact mesopredator populations and alter the trophic structure of coral reef food webs."
SS_MECH_FEEDING_MUCUS_CORAL_01,MECH_FEEDING_MUCUS_CORAL,Semantic Scholar Academic Graph API,2026-08-13,a4d37f3e8e971e71b0e23533f83098e253e38d5c,19309387,Sediment-induced turbidity impairs foraging performance and prey choice of planktivorous coral reef fishes.,J. L. Johansen; G. Jones,2013,2013-09-01,Ecological Applications,JournalArticle,10.1890/12-0704.1,,24147419,https://www.semanticscholar.org/paper/a4d37f3e8e971e71b0e23533f83098e253e38d5c,False,,70,79,4,Biology; Medicine,Biology; Medicine; Biology; Environmental Science,
SS_MECH_FEEDING_MUCUS_CORAL_01,MECH_FEEDING_MUCUS_CORAL,Semantic Scholar Academic Graph API,2026-08-13,a4ffffb6bbc0420f89f36b2b22fa8590cdbee0ef,134611404,"Benthic foraminifera in a deep-sea high-energy environment: the Moira Mounds (Porcupine Seabight, SW of Ireland)",R. Fentimen; A. Rüggeberg; A. Lim; A. E. Kateb; A. Foubert; A. Wheeler; S. Spezzaferri,2018,2018-08-21,Swiss Journal of Geosciences,,10.1007/s00015-018-0317-4,,,https://www.semanticscholar.org/paper/a4ffffb6bbc0420f89f36b2b22fa8590cdbee0ef,False,,9,82,0,Geology,Geology; Environmental Science; Geology,
SS_MECH_FEEDING_MUCUS_CORAL_01,MECH_FEEDING_MUCUS_CORAL,Semantic Scholar Academic Graph API,2026-08-13,a5072d883de135eee55e312232cc3ce6ba9c154d,91683298,"Palicoides whitei (Miers, 1884) (Decapoda, Brachyura, Palicidae) recorded from Kenya",G. Innocenti; M. Vannini; P. Castro,2019,2019-01-16,Crustaceana,Review,10.1163/15685403-00003875,,,https://www.semanticscholar.org/paper/a5072d883de135eee55e312232cc3ce6ba9c154d,False,,0,14,0,Biology,Biology; Biology; Environmental Science,"Brachyuran crabs belonging to the family Palicidae Bouvier, 1898, frequently occur in a wide variety of marine environments (Castro, 2000; Davie et al., 2015). However, the feeding habits, locomotion, reproduction, and larval development of palicids remain practically unknown. The evolution and biological significance of their uniquely reduced, dorsally-placed last pair of pereopods (P5) remained an open question (Castro, 2000), but they have been more recently recorded carrying fragments of sediment or seaweeds with their P5, a behaviour known as carrying behaviour (Guinot et al., 2013), a type of camouflage (Guinot & Wicksten, 2015). This behaviour is probably universal for palicids (Castro & Naruse, 2014). Most species are inhabitants of soft sediments in relatively deep water, whereas some are found in shallow water often associated with coarse sediments near coral reefs or with rocky bottoms. All seem to ingest sediment particles. The taxonomy and biogeography of the 46 known species of Indo-West Pacific palicids have been reviewed by Castro (2000, 2010), Promdam & Nabhitabhata (2012) and Castro & Naruse (2014)."
SS_MECH_FEEDING_MUCUS_CORAL_01,MECH_FEEDING_MUCUS_CORAL,Semantic Scholar Academic Graph API,2026-08-13,a5d3cdf50beec381be97bf5246d6c3ad7ae3173f,129242240,Unit pockmarks associated with Lophelia coral reefs off mid-Norway: more evidence of control by ‘fertilizing’ bottom currents,M. Hovland; S. Jensen; Tore Indreiten,2012,2012-05-13,Geo-Marine Letters,,10.1007/s00367-012-0284-0,,,https://www.semanticscholar.org/paper/a5d3cdf50beec381be97bf5246d6c3ad7ae3173f,False,,33,50,0,Geology,Geology; Environmental Science,
SS_MECH_FEEDING_MUCUS_CORAL_01,MECH_FEEDING_MUCUS_CORAL,Semantic Scholar Academic Graph API,2026-08-13,a7850d317da66ca0a328ab74855b0725bf2f991f,85144385,"New distributional record of the corallimorpharian, Amplexidiscus fenestrafer Dunn & Hamner, 1980, in the western Indian Ocean",M. Schleyer,2013,,,Review,10.3755/GALAXEA.15.37,,,https://www.semanticscholar.org/paper/a7850d317da66ca0a328ab74855b0725bf2f991f,True,https://www.jstage.jst.go.jp/article/galaxea/15/2/15_37/_pdf,0,2,0,Geography,Geography; Environmental Science,"Published records on the distribution of Amplexidiscus fenestrafer Dunn & Hamner, 1980, the largest of the Coral li­ morpharia, indicate that it has been recorded in shallow coral lagoons in eastern Indonesia, Palau and Guam, and on the Great Barrier Reef (Dunn & Hamner 1980). It was noted that it fre quents vertical reef faces in clusters, believed to be cloned from single individuals, in calm, often turbid water. Clusters of this corallimorpharian were found under similar conditions on reefs at Longoni (12°43,417′S; 45°08,921′E) and Mbouzi Island (12°48.7392′S; 45°14.5428′E) off Mayotte at 7-8 m during soft coral surveys undertaken in June and July 2011. These observations constitute new distributional records for this relatively rare anthozoan. Individuals at both sites were inflated in the vasiform shape (Fig. 1) described by Hamner and Dunn (1980) as a feeding posture in which prey is captured before being ingested. This posture was consistently maintained throughout a dive at Longoni (>30 min), suggesting that it may play a role additional to feeding."
SS_MECH_FEEDING_MUCUS_CORAL_01,MECH_FEEDING_MUCUS_CORAL,Semantic Scholar Academic Graph API,2026-08-13,a7d2bfd6d75cc3afadc690df6adc28d966566a6c,254476983,"Influence of predation risk on the sheltering behaviour of the coral-dwelling damselfish, Pomacentrus moluccensis",Robin P. M. Gauff; S. Bejarano; H. Madduppa; B. Subhan; Elyne Dugeny; Yuda A. Perdana; S. Ferse,2018,2018-01-24,Environmental Biology of Fishes,,10.1007/s10641-018-0725-3,,,https://www.semanticscholar.org/paper/a7d2bfd6d75cc3afadc690df6adc28d966566a6c,True,https://link.springer.com/content/pdf/10.1007/s10641-018-0725-3.pdf,3,0,0,,Environmental Science; Biology,"Predation is a key ecosystem function, especially in high diversity systems such as coral reefs. Not only is predation one of the strongest top-down controls of prey population density, but it also is a strong driver of prey behaviour and function through non-lethal effects. We ask whether predation risk influences sheltering behaviour of damselfish living in mutualism with branching corals. Host corals gain multiple advantages from the mutualistic relationship which are determined by the strength of damselfish sheltering. Distance travelled by the Lemon Damselfish Pomacentrus moluccensis away from their host colony was measured here as a proxy for sheltering strength and was expected to be shortest under highest predation risk. Predation risk, defined as a function of predator abundance and activity, turbidity and habitat complexity, was quantified at four reef slope sites in Kepulauan Seribu, Indonesia. Damselfish sheltering strength was measured using stationary unmanned video cameras. Small damselfish (< 2 cm) increased their sheltering strength under high turbidity. Predator feeding activity, but not abundance, influenced damselfish sheltering strength. Contrary to our expectations, sheltering behaviour of adult damselfish decreased under high predator activity. While these observations are in line with risk-averse behaviour by juvenile P. moluccensis, they may indicate the presence of sentinel behaviour in the adults of this species. Habitat complexity seemed to be less important as a driver of damselfish behaviour. These counterintuitive results may indicate complex social behaviour and age-specific strategies for predator avoidance."
SS_MECH_FEEDING_MUCUS_CORAL_01,MECH_FEEDING_MUCUS_CORAL,Semantic Scholar Academic Graph API,2026-08-13,a8a003187bc3dd1a89f13d2e4ff6c32b2622ddfe,55335176,Natural vs. Anthropogenic Sedimentation: Does Reducing a Local Stressor Increase Coral Resilience to Climate Change?,Francesca Fourney,2015,,,,,,,https://www.semanticscholar.org/paper/a8a003187bc3dd1a89f13d2e4ff6c32b2622ddfe,False,,0,79,0,Environmental Science,Environmental Science; Environmental Science,
SS_MECH_FEEDING_MUCUS_CORAL_01,MECH_FEEDING_MUCUS_CORAL,Semantic Scholar Academic Graph API,2026-08-13,a8c3b0d12a3a1ab14e80f3b69afd708f98f9eed0,253812829,The effect of seasonal temperature extremes on sediment rejection in three scleractinian coral species,A. Ganase; P. Bongaerts; P. M. Visser; S. Dove,2015,2015-10-06,Coral reefs,,10.1007/s00338-015-1359-y,,,https://www.semanticscholar.org/paper/a8c3b0d12a3a1ab14e80f3b69afd708f98f9eed0,False,,1,0,0,,Environmental Science,
SS_MECH_FEEDING_MUCUS_CORAL_01,MECH_FEEDING_MUCUS_CORAL,Semantic Scholar Academic Graph API,2026-08-13,a98e37403e02970c5c3b982de22be13d1754b3a6,219553966,Resolving resource partitioning in parrotfishes (Scarini) using microhistology of feeding substrata,Georgina M. Nicholson; K. Clements,2020,2020-06-09,Coral reefs,,10.1007/s00338-020-01964-0,,,https://www.semanticscholar.org/paper/a98e37403e02970c5c3b982de22be13d1754b3a6,False,,69,117,4,Biology,Biology; Environmental Science; Biology,
SS_MECH_FEEDING_MUCUS_CORAL_01,MECH_FEEDING_MUCUS_CORAL,Semantic Scholar Academic Graph API,2026-08-13,a9c40e5395595a42cf63629d33eed2644e176f22,90681735,Increasing benthic dominance of the phototrophic sponge Lamellodysidea herbacea on a sedimented reef within the Coral Triangle,A. Biggerstaff; J. Jompa; J. Bell,2017,2017-11-02,,,10.1007/S00227-017-3253-3,,,https://www.semanticscholar.org/paper/a9c40e5395595a42cf63629d33eed2644e176f22,False,,21,66,0,Biology,Biology; Environmental Science,
SS_MECH_FEEDING_MUCUS_CORAL_01,MECH_FEEDING_MUCUS_CORAL,Semantic Scholar Academic Graph API,2026-08-13,aa34d507605be2910f97d222adfaed18bac560f3,55367302,Feeding adaptations of the pearl oysters Pinctada margaritifera and P-maxima to variations in natural particulates,H. Yukihira; D. Klumpp; J. Lucas,1999,1999-06-11,,,10.3354/MEPS182161,,,https://www.semanticscholar.org/paper/aa34d507605be2910f97d222adfaed18bac560f3,True,https://www.int-res.com/articles/meps/182/m182p161.pdf,50,48,2,Biology,Biology; Environmental Science; Biology,
SS_MECH_FEEDING_MUCUS_CORAL_01,MECH_FEEDING_MUCUS_CORAL,Semantic Scholar Academic Graph API,2026-08-13,aa8ca4cddbe373f2859235f6c8a3bc89ca48e0b2,82819135,Techniques in aquatic toxicology,G. Ostrander,1996,,,,,,,https://www.semanticscholar.org/paper/aa8ca4cddbe373f2859235f6c8a3bc89ca48e0b2,False,,275,0,3,Biology,Biology; Environmental Science; Biology,
SS_MECH_FEEDING_MUCUS_CORAL_01,MECH_FEEDING_MUCUS_CORAL,Semantic Scholar Academic Graph API,2026-08-13,aa9ba20409f4559b74e00e7bfcbc4930e0999908,82681376,Coastal and estuarine resources of Bangladesh: management and conservation issues.,A. Kamal; M. A. K. Khan,2009,,,,,,,https://www.semanticscholar.org/paper/aa9ba20409f4559b74e00e7bfcbc4930e0999908,False,,63,69,2,Biology,Biology; Environmental Science,
SS_MECH_FEEDING_MUCUS_CORAL_01,MECH_FEEDING_MUCUS_CORAL,Semantic Scholar Academic Graph API,2026-08-13,aadcf05ac5fa5c4be8be97dfd333530af78a6bcd,261691030,UvA-DARE (Digital Academic First insights into the impacts of benthic cyanobacterial mats on fish herbivory functions on a nearshore coral reef,Amanda K. Ford; P. Visser; M. Herk; Evelien Jongepier; Victor Bonito,2021,,,Review,,,,https://www.semanticscholar.org/paper/aadcf05ac5fa5c4be8be97dfd333530af78a6bcd,False,,0,85,0,,Environmental Science; Biology,
SS_MECH_FEEDING_MUCUS_CORAL_01,MECH_FEEDING_MUCUS_CORAL,Semantic Scholar Academic Graph API,2026-08-13,ab35416525cfda5d603c1ad3a036f446931ce50d,227230095,Coupled Epidemio-Hydrodynamic Modeling to Understand the Spread of a Deadly Coral Disease in Florida,T. Dobbelaere; E. Muller; L. Gramer; D. Holstein; E. Hanert,2020,2020-12-01,Frontiers in Marine Science,,10.3389/fmars.2020.591881,,,https://www.semanticscholar.org/paper/ab35416525cfda5d603c1ad3a036f446931ce50d,True,https://www.frontiersin.org/articles/10.3389/fmars.2020.591881/pdf,64,62,5,Biology,Biology; Environmental Science,"For the last six years, the Florida Reef Tract (FRT) has been experiencing an outbreak of the Stony Coral Tissue Loss Disease (SCTLD). First reported off the coast of Miami-Dade County in 2014, the SCTLD has since spread throughout the entire FRT with the exception of the Dry Tortugas. However, the causative agent for this outbreak is currently unknown. Here we show how a high-resolution bio-physical model coupled with a modified patch Susceptible-Infectious-Removed epidemic model can characterize the potential causative agent(s) of the disease and its vector. In the present study, the agent is assumed to be transported within composite material (e.g., coral mucus, dying tissues, and/or resuspended sediments) driven by currents and potentially persisting in the water column for extended periods of time. In this framework, our simulations suggest that the SCTLD is likely to be propagated within neutrally buoyant material driven by mean barotropic currents. Calibration of our model parameters with field data shows that corals are diseased within a mean transmission time of 6.45 days, with a basic reproduction number slightly above 1. Furthermore, the propagation speed of the disease through the FRT is shown to occur for a well-defined range of values of a disease threshold, defined as the fraction of diseased corals that causes an exponential growth of the disease in the reef site. Our results present a new connectivity-based approach to understand the spread of the SCTLD through the FRT. Such a method can provide a valuable complement to field observations and lab experiments to support the management of the epidemic as well as the identification of its causative agent."
SS_MECH_FEEDING_MUCUS_CORAL_01,MECH_FEEDING_MUCUS_CORAL,Semantic Scholar Academic Graph API,2026-08-13,ac8ad3aaaf78e45aed011f0c3e5d210f7cae61c1,131184521,"Reconstruction of the formation history of the Darwin Mounds, N Rockall Trough: How the dynamics of a sandy contourite affected cold-water coral growth",L. Victorero; D. Blamart; E. Pons‐Branchu; M. Mavrogordato; V. Huvenne,2016,2016-08-01,,,10.1016/J.MARGEO.2015.12.001,,,https://www.semanticscholar.org/paper/ac8ad3aaaf78e45aed011f0c3e5d210f7cae61c1,True,https://www.sciencedirect.com/science/article/pii/S0025322715300724/pdf,29,58,1,Geology,Geology; Environmental Science; Geology,"Abstract Cold-water coral mounds, formed through a feed-back process of cold-water coral growth and sediment baffling, have been studied all along the NE Atlantic continental margin. However, major questions remain concerning their formation history, especially their initiation and early development in relation to the surrounding sediment dynamics. For the first time, two small mounds located in a sandy contourite have been cored from the top to mound base: here, the formation history of the Darwin Mounds, located in the Northern Rockall Trough was investigated and reconstructed from two piston cores using a multidisciplinary approach. This consisted of CT-scanning for quantifying coral density changes with depth, grain-size analysis to obtain the hydrodynamic trends and radiocarbon and U-series dating to place the results into a wider paleoceanographic context. The results show that the Darwin Mounds formed during the early Holocene (~ 10 ka BP) through sediment baffling, mainly by Lophelia pertusa. The initiation of both mounds shows a similar pattern of increased current velocities resulting in coarser sediment deposition and a relatively high coral density with a peak of 23 vol%. The mound growth was rapid between ~ 10–9.7 ka BP (up to 277 cm ka− 1 in one of the mounds), with further vibrant growth periods around ~ 8.8 ka BP, 6.5 ka BP and 3.4 ka BP. The demise of the mounds ca. ~ 3 ka BP was likely caused by an intensification in bottom current velocities causing a hostile environment for coral growth in the contourite setting. In a wider context, the development of the Darwin Mounds appears to have responded to the relative strength and position of the Subpolar Gyre, which affected food supply to the corals, sedimentation rates, current speeds and other water mass properties in the area."
SS_MECH_FEEDING_MUCUS_CORAL_01,MECH_FEEDING_MUCUS_CORAL,Semantic Scholar Academic Graph API,2026-08-13,aceefe9d8df4167e33d7bebf9603f92d16bf5322,84116609,The ecology and feeding biology of the sponge Rhopaloeides odorabile,R. Bannister,2008,2008-07-01,,,,,,https://www.semanticscholar.org/paper/aceefe9d8df4167e33d7bebf9603f92d16bf5322,False,,5,191,3,Biology,Biology; Environmental Science; Biology,
SS_MECH_FEEDING_MUCUS_CORAL_01,MECH_FEEDING_MUCUS_CORAL,Semantic Scholar Academic Graph API,2026-08-13,ad2535132a905a591cf303575b3edd4f47d9cfca,253222635,Growth-rate inﬂuences on coral geochemical proxies tested by a long-term culture experiment,Takashi Nakamura; D. Araoka; Akihiro Iwase; Takashi Okai; Akira; Iguchi; K. Sakai,2012,,,,,,,https://www.semanticscholar.org/paper/ad2535132a905a591cf303575b3edd4f47d9cfca,False,,0,0,0,,Environmental Science,
SS_MECH_FEEDING_MUCUS_CORAL_01,MECH_FEEDING_MUCUS_CORAL,Semantic Scholar Academic Graph API,2026-08-13,ad957e61d63b884a83b3d292da3cc461ce1130ab,247055891,"Identification of tolerance levels on the cold-water coral Desmophyllum pertusum (Lophelia pertusa) from realistic exposure conditions to suspended bentonite, barite and drill cutting particles",T. Baussant; M. Arnberg; E. Lyng; Sreerekha S. Ramanand; S. Bamber; M. Berry; Ingrid Myrnes Hansen; D. van Oevelen; P. van Breugel,2022,2022-02-22,PLoS ONE,JournalArticle,10.1371/journal.pone.0263061,,35192627,https://www.semanticscholar.org/paper/ad957e61d63b884a83b3d292da3cc461ce1130ab,True,https://journals.plos.org/plosone/article/file?id=10.1371/journal.pone.0263061&type=printable,8,68,0,Medicine,Medicine; Environmental Science,"Cold-water coral (CWC) reefs are numerous and widespread along the Norwegian continental shelf where oil and gas industry operate. Uncertainties exist regarding their impacts from operational discharges to drilling. Effect thresholds obtained from near-realistic exposure of suspended particle concentrations for use in coral risk modeling are particularly needed. Here, nubbins of Desmophyllum pertusum (Lophelia pertusa) were exposed shortly (5 days, 4h repeated pulses) to suspended particles (bentonite BE; barite BA, and drill cuttings DC) in the range of ~ 4 to ~ 60 mg.l-1 (actual concentration). Physiological responses (respiration rate, growth rate, mucus-related particulate organic carbon OC and particulate organic nitrogen ON) and polyp mortality were then measured 2 and 6 weeks post-exposure to assess long-term effects. Respiration and growth rates were not significantly different in any of the treatments tested compared to control. OC production was not affected in any treatment, but a significant increase of OC:ON in mucus produced by BE-exposed (23 and 48 mg.l-1) corals was revealed 2 weeks after exposure. Polyp mortality increased significantly at the two highest DC doses (19 and 49 mg.l-1) 2 and 6 weeks post-exposure but no significant difference was observed in any of the other treatments compared to the control. These findings are adding new knowledge on coral resilience to short realistic exposure of suspended drill particles and indicate overall a risk for long-term effects at a threshold of ~20 mg.l-1."
SS_MECH_FEEDING_MUCUS_CORAL_01,MECH_FEEDING_MUCUS_CORAL,Semantic Scholar Academic Graph API,2026-08-13,adab0c4ba7aac645903cd5f9f3672661c4765036,128417820,Benthic palaeoecology of Danian deep-shelf bryozoan mounds in the Danish Basin,M. Bjerager; F. Surlyk,2007,2007-06-25,,,10.1016/J.PALAEO.2007.03.008,,,https://www.semanticscholar.org/paper/adab0c4ba7aac645903cd5f9f3672661c4765036,False,,33,55,1,Geology,Geology; Geology; Environmental Science,
SS_MECH_FEEDING_MUCUS_CORAL_01,MECH_FEEDING_MUCUS_CORAL,Semantic Scholar Academic Graph API,2026-08-13,aeda2178e7ab883045cfdbec78fb7074a55ffdb7,3525805,"Occurrence and distribution of Polycyclic aromatic hydrocarbons (PAHs) in seawater, sediments and corals from Hainan Island, China.",Nan Xiang; Chunxia Jiang; Tinghan Yang; Ping Li; Haihua Wang; Yanli Xie; Sennan Li; Hailong Zhou; X. Diao,2018,2018-05-15,Ecotoxicology and Environmental Safety,JournalArticle,10.1016/j.ecoenv.2018.01.006,,29355773,https://www.semanticscholar.org/paper/aeda2178e7ab883045cfdbec78fb7074a55ffdb7,True,https://www.sciencedirect.com/science/article/am/pii/S0147651318300034,86,38,3,Environmental Science; Medicine,Environmental Science; Medicine; Environmental Science,
SS_MECH_FEEDING_MUCUS_CORAL_01,MECH_FEEDING_MUCUS_CORAL,Semantic Scholar Academic Graph API,2026-08-13,af334d09fbc362ad7f12b5091c3789c8697dcadb,54853335,Influence of coral mucus on nutrient fluxes in carbonate sands,C. Wild; Holger Woyt; M. Huettel,2005,2005-02-18,,,10.3354/MEPS287087,,,https://www.semanticscholar.org/paper/af334d09fbc362ad7f12b5091c3789c8697dcadb,True,https://www.int-res.com/articles/meps2005/287/m287p087.pdf,165,46,14,Biology,Biology; Environmental Science,
SS_MECH_FEEDING_MUCUS_CORAL_01,MECH_FEEDING_MUCUS_CORAL,Semantic Scholar Academic Graph API,2026-08-13,af836e7bb6cb9dbaa7176143c82895946aef1739,83585345,"The Ecology, Biometry and Biomass of the Seagrass Halophila stipulacea Along the Jordanian Coast of the Gulf of Aqaba",N. Hulings,1979,,,,10.1515/botm.1979.22.7.425,,,https://www.semanticscholar.org/paper/af836e7bb6cb9dbaa7176143c82895946aef1739,False,,40,13,4,Environmental Science,Environmental Science; Environmental Science; Biology,
SS_MECH_FEEDING_MUCUS_CORAL_01,MECH_FEEDING_MUCUS_CORAL,Semantic Scholar Academic Graph API,2026-08-13,af8e90db0e8c4d2e2bdbf97b1a9eb58185c85c97,80914539,TEKNOLOGI PEMBENMAN TERIPANG PUTIH(Holothuria scahra),Retno Hartati; Widlianingsih Widlianingsih; Delianis Pringgenies,2002,,,,,,,https://www.semanticscholar.org/paper/af8e90db0e8c4d2e2bdbf97b1a9eb58185c85c97,False,,0,0,0,Biology,Biology,
SS_MECH_FEEDING_MUCUS_CORAL_01,MECH_FEEDING_MUCUS_CORAL,Semantic Scholar Academic Graph API,2026-08-13,b037867add7040560b9a4900611eb15a3c5a7e44,83773642,"Burrow structure, burrowing and feeding behaviour of Corallianassa longiventris and Pestarella tyrrhena (Crustacea, Thalassinidea, Callianassidae)",P. Dworschak; H. Koller; D. Abed-Navandi,2006,2006-04-01,,,10.1007/S00227-005-0161-8,,,https://www.semanticscholar.org/paper/b037867add7040560b9a4900611eb15a3c5a7e44,False,,53,30,2,Biology,Biology; Environmental Science; Biology,
SS_MECH_FEEDING_MUCUS_CORAL_01,MECH_FEEDING_MUCUS_CORAL,Semantic Scholar Academic Graph API,2026-08-13,b053309337ba167aab780f079cfffc7f68ec16b2,251127583,"Land Ocean Connectivity Through Inland Water Ecosystem: A Coremap-CTI Project in The Coastal Area of Kendari Bay, Southeast Sulawesi",A. B. Santoso; Apip; H. Wibowo; S. Aisyah,2022,2022-07-01,IOP Conference Series: Earth and Environment,Conference,10.1088/1755-1315/1062/1/012020,,,https://www.semanticscholar.org/paper/b053309337ba167aab780f079cfffc7f68ec16b2,True,https://iopscience.iop.org/article/10.1088/1755-1315/1062/1/012020/pdf,0,21,0,Physics,Physics; Environmental Science,"Coastal zone is highly valued ecosystem exposed to multiple and often cumulative natural and anthropogenic stressors such as catchment loads of nutrients and sediment, as well as climate warming. High loads of nutrients and sediment from the hinterland are dispersed into this zone leading to an increase microalgae community in which it may reduce light availability for corals and seagrasses. In this paper, we present the progress of our study in the coastal area of Kendari, Southeast Sulawesi, under the COREMAP-CTI Research Programme. Through such programme we are 1) investigating the flux of materials from the river basin to the marine environment, 2) characterising the key process that governing those fluxes, 3) developing models that capable of in predicting material fluxes under current and future environment (e.g., land-use and climate change). To do so, we integrate data and information derived from field observations and satellite imagery analysis to feed the developed rainfall-sediment-runoff and coastal ecological-hydrodynamic model. Not only focusing on the science of physical-biogeochemical processes of land-ocean interaction, the outcome of this research project is also aimed to support the development of adaptation strategy in combating climate change and anthropogenic pressure in the near future of coastal ecosystem."
SS_MECH_FEEDING_MUCUS_CORAL_01,MECH_FEEDING_MUCUS_CORAL,Semantic Scholar Academic Graph API,2026-08-13,b05a87ae8671141ab4a4306bfd0270e2b25c19e4,89511902,Too turbid for nemo: suspended sediment impacts gills and favours pathogenic bacteria in clownfish larvae,S. Hess; A. Wenger; T. Ainsworth; J. Rummer,2015,2015-08-17,,,,,,https://www.semanticscholar.org/paper/b05a87ae8671141ab4a4306bfd0270e2b25c19e4,False,,0,0,0,Biology,Biology; Environmental Science; Biology,
SS_MECH_FEEDING_MUCUS_CORAL_01,MECH_FEEDING_MUCUS_CORAL,Semantic Scholar Academic Graph API,2026-08-13,b06b0c2f506a4fea5dec50ea7e5995003923b958,13345749,"The dynamics of benthic microbial communities at Davies Reef, central Great Barrier Reef",L. Hansen; D. Alongi; D. J. Moriarty; P. Pollard,1987,1987-10-01,Coral reefs,,10.1007/BF00301375,,,https://www.semanticscholar.org/paper/b06b0c2f506a4fea5dec50ea7e5995003923b958,False,,31,42,5,Biology,Biology; Environmental Science,
SS_MECH_FEEDING_MUCUS_CORAL_01,MECH_FEEDING_MUCUS_CORAL,Semantic Scholar Academic Graph API,2026-08-13,b07016174e728c11a51ff4b03de287d14efc0c5c,253739293,Increasing benthic dominance of the phototrophic sponge Lamellodysidea herbacea on a sedimented reef within the Coral Triangle,A. Biggerstaff; J. Jompa; J. Bell,2017,2017-11-02,Marine Biology,,10.1007/s00227-017-3253-3,,,https://www.semanticscholar.org/paper/b07016174e728c11a51ff4b03de287d14efc0c5c,False,,0,67,0,,Environmental Science,
SS_MECH_FEEDING_MUCUS_CORAL_01,MECH_FEEDING_MUCUS_CORAL,Semantic Scholar Academic Graph API,2026-08-13,b0de2f9de7b069aba5fa5f56e885582dc59da1be,106667117,Feasibility Study Of Crust Mining In The Republic Of The Marshall Islands,Y. Masuda; M. J. Cruickshank; J.A. Abernathy; R. Winston,1991,,OCEANS 91 Proceedings,Review,10.1109/OCEANS.1991.606510,,,https://www.semanticscholar.org/paper/b0de2f9de7b069aba5fa5f56e885582dc59da1be,False,,0,0,0,Engineering,Engineering; Environmental Science; Engineering,
SS_MECH_FEEDING_MUCUS_CORAL_01,MECH_FEEDING_MUCUS_CORAL,Semantic Scholar Academic Graph API,2026-08-13,b0f828116c7cdc351bc9dab07f33b7454029fa3a,83355741,CLOSING A GAP - DISCOVERY OF A RARE ECHINOTHURIOID (ECHINODERMATA: ECHINOIDEA) IN THE MIOCENE OF STYRIA,A. Kroh,2004,,,,,,,https://www.semanticscholar.org/paper/b0f828116c7cdc351bc9dab07f33b7454029fa3a,False,,0,8,0,Biology,Biology; Geology,
SS_MECH_FEEDING_MUCUS_CORAL_01,MECH_FEEDING_MUCUS_CORAL,Semantic Scholar Academic Graph API,2026-08-13,b175a2733752816b23c8313b3b7a69e94c2dc938,88017602,Bacterias diazotróficas y desnitrificantes asociadas a raíces del mangle negro: caracterización de las comunidades a nivel molecular y su producción de moléculas señal tipo acilo homoserina lactonas,Flores Mireles; Ana Lídia,2005,,,,,,,https://www.semanticscholar.org/paper/b175a2733752816b23c8313b3b7a69e94c2dc938,False,,0,0,0,Biology,Biology; Environmental Science; Biology,
SS_MECH_FEEDING_MUCUS_CORAL_01,MECH_FEEDING_MUCUS_CORAL,Semantic Scholar Academic Graph API,2026-08-13,b1dbbd12a4cc7964614c35cdd77dde6beddecdaf,54862981,Benthic metabolism and degradation of natural particulate organic matter in carbonate and silicate reef sands of the northern Red Sea,C. Wild; M. Rasheed; C. Jantzen; P. Cook; U. Struck; M. Huettel; A. Boetius,2005,2005-08-15,,,10.3354/MEPS298069,,,https://www.semanticscholar.org/paper/b1dbbd12a4cc7964614c35cdd77dde6beddecdaf,True,https://www.int-res.com/articles/meps2005/298/m298p069.pdf,98,34,5,Environmental Science,Environmental Science; Environmental Science,
SS_MECH_FEEDING_MUCUS_CORAL_01,MECH_FEEDING_MUCUS_CORAL,Semantic Scholar Academic Graph API,2026-08-13,b21d8f4a3fcb40214d69b9ff9fb438fdfa7b2c0a,214778056,Mucous sheet production in Porites spp. and links to sediment,P. Bessell-Browne; R. Fisher; A. Duckworth; Ross Jones; Wamsi Dredging,,,,,,,,https://www.semanticscholar.org/paper/b21d8f4a3fcb40214d69b9ff9fb438fdfa7b2c0a,False,,0,48,0,,Environmental Science,
SS_MECH_FEEDING_MUCUS_CORAL_01,MECH_FEEDING_MUCUS_CORAL,Semantic Scholar Academic Graph API,2026-08-13,b27eccd52fa4da99cbec40933524814c1805ae2b,84365301,Intra- and inter-specific competition for food in infaunal coral reef gastropods,G. Skilleter; A. Underwood,1993,1993-11-18,,,10.1016/0022-0981(93)90206-4,,,https://www.semanticscholar.org/paper/b27eccd52fa4da99cbec40933524814c1805ae2b,False,,17,49,0,Biology,Biology; Environmental Science; Biology,
SS_MECH_FEEDING_MUCUS_CORAL_01,MECH_FEEDING_MUCUS_CORAL,Semantic Scholar Academic Graph API,2026-08-13,b2faf38507dfaa32db80b12a97b28973e9614106,129696112,Factors controlling holocene reef growth: An interdisciplinary approach,W. Dullo; M. Gektidis; S. Golubić; G. A. Heiss; H. Kampmann; W. Kiene; Dieter K. Kroll; Martin Kuhrau; Gudrun Radtke; J. Reijmer; Götz B. Reinicke; D. Schlichter; H. Schuhmacher; K. Vogel,1995,1995-12-01,,,10.1007/BF02536867,,,https://www.semanticscholar.org/paper/b2faf38507dfaa32db80b12a97b28973e9614106,False,,57,72,2,Biology,Biology; Environmental Science; Geology; Biology,
SS_MECH_FEEDING_MUCUS_CORAL_01,MECH_FEEDING_MUCUS_CORAL,Semantic Scholar Academic Graph API,2026-08-13,b3159e2413cc2ec6c1940bfc9c5ff413c3596597,54758159,Temporal and spatial patterns in waterborne bacterial communities of an island reef system,M. Sweet; A. Cróquer; J. Bythell,2010,2010-08-30,,,10.3354/AME01433,,,https://www.semanticscholar.org/paper/b3159e2413cc2ec6c1940bfc9c5ff413c3596597,True,https://www.int-res.com/articles/ame2010/61/a061p001.pdf,29,45,0,Biology,Biology; Environmental Science,
SS_MECH_FEEDING_MUCUS_CORAL_01,MECH_FEEDING_MUCUS_CORAL,Semantic Scholar Academic Graph API,2026-08-13,b35144f05b1c70b1f7d4fcde129644e50aa79e7f,234021208,Putting sea cucumbers on the map: projected holothurian bioturbation rates on a coral reef scale,J. Williamson; S. Duce; K. Joyce; Vincent Raoult,2021,2021-02-02,Coral reefs,,10.1007/s00338-021-02057-2,,,https://www.semanticscholar.org/paper/b35144f05b1c70b1f7d4fcde129644e50aa79e7f,True,https://researchonline.jcu.edu.au/69819/2/JCU_68919_Williamson_et_al_2021_accepted.pdf,38,72,0,Environmental Science,Environmental Science; Environmental Science,
SS_MECH_FEEDING_MUCUS_CORAL_01,MECH_FEEDING_MUCUS_CORAL,Semantic Scholar Academic Graph API,2026-08-13,b39d4d530a62ff76d918d63c93dc3216489e61a7,129442345,The effect of sediments on Australian scleractinian corals,M. Stafford-Smith,1990,,,,,,,https://www.semanticscholar.org/paper/b39d4d530a62ff76d918d63c93dc3216489e61a7,False,,3,171,0,Geology,Geology; Environmental Science,
SS_MECH_FEEDING_MUCUS_CORAL_01,MECH_FEEDING_MUCUS_CORAL,Semantic Scholar Academic Graph API,2026-08-13,b3bb918a6e0fe1eaa58929d5a5d700ccd8b42286,134171386,Multi-colony coral skeletal Ba/Ca from Singapore’s turbid urban reefs: Relationship with contemporaneous in-situ seawater parameters,Jani T. I. Tanzil; N. Goodkin; T. M. Sin; Meng Chen; Gareth N. Fabbro; Edward A. Boyle; A. Lee; K. B. Toh,2019,2019-04-01,Geochimica et Cosmochimica Acta,,10.1016/J.GCA.2019.01.034,,,https://www.semanticscholar.org/paper/b3bb918a6e0fe1eaa58929d5a5d700ccd8b42286,True,https://scholarbank.nus.edu.sg/handle/10635/168921,33,92,2,Environmental Science,Environmental Science; Environmental Science,"Abstract The ratio of barium to calcium in coral skeletons (Ba/Cacoral) is broadly used as a proxy for tracking terrestrial/river runoff. There are, however, inconsistencies in Ba/Cacoral records that have prompted caution in its reliability as an environmental proxy. Direct comparisons between in-situ seawater measurements and coral Ba/Ca are therefore needed to ensure accurate proxy calibration and interpretation. The current study represents the first to test Ba/Cacoral against years-long monthly-resolution contemporaneous measurements of several in-situ seawater parameters i.e. dissolved seawater barium (BaSW), temperature, salinity, suspended sediments, sedimentation rate and photosynthetically active radiation. We analysed the Ba/Cacoral of six Porites lutea corals sampled from two turbid reefs in Singapore, and explored relationships with in-situ seawater parameters over the period 2008–2015. Our study found poor agreement in Ba/Cacoral from replicate corals sampled from the same reef, and only one of the six colonies analysed showed significant but weak Ba/Cacoral–BaSW and Ba/Cacoral–Ba/CaSW relationships. There was also no clear relationship between Ba/Cacoral and skeletal luminescence G/B (a coral proxy strongly linked with salinity and river runoff). This implies that (1) the incorporation of terrestrially derived humic-like substances into the coral is independent of Ba, and (2) it is likely factors other than freshwater discharge/flood events are driving the poor reproducibility of Ba/Cacoral and disconnect with BaSW at our study sites. We found a positive relationship between Ba/Cacoral and organic suspended solids for 4 of the 6 colonies analysed that suggests biological mechanisms such as feeding could be driving skeletal Ba incorporation. A negative relationship between Ba/Cacoral and total sedimentation rate was also found, suggesting that within reef sediment fluxes may be influencing spatio-temporal variability of the Ba-supply. Ba incorporation into coral skeleton, especially in dynamic, turbid settings such as those found in Singapore, is likely more complex than previously thought. Our results highlight the possibility of high heterogeneity in coral responses to environmental conditions, and the need for careful selection of colonies and a site-specific, replicated approach when attempting to apply Ba/Cacoral as a trace element proxy."
SS_MECH_FEEDING_MUCUS_CORAL_01,MECH_FEEDING_MUCUS_CORAL,Semantic Scholar Academic Graph API,2026-08-13,b3bcfd7ce7bc82537376e699249a35831f9667c1,82841598,"Effect of sea weed, sea grass and powdered algae in rearing the hatchery produced juveniles of Holothuria (metriatyla) scabra, jaeger",P. Asha; M. Rajagopalan; K. Diwakar,2004,,,,,,,https://www.semanticscholar.org/paper/b3bcfd7ce7bc82537376e699249a35831f9667c1,False,,7,0,0,Biology,Biology; Agricultural and Food Sciences,
SS_MECH_FEEDING_MUCUS_CORAL_01,MECH_FEEDING_MUCUS_CORAL,Semantic Scholar Academic Graph API,2026-08-13,b3e4504091cfccd4ae8a48696805c5827026ef27,233371289,Ecotoxico Linking of Phthalates and Flame-Retardant Combustion Byproducts with Coral Solar Bleaching.,Ali Ranjbar Jafarabadi; S. Mashjoor; A. Riyahi Bakhtiari; T. Cappello,2021,2021-04-22,Environmental Science and Technology,JournalArticle,10.1021/acs.est.0c08730,,33886295,https://www.semanticscholar.org/paper/b3e4504091cfccd4ae8a48696805c5827026ef27,False,,26,83,0,Medicine,Medicine; Environmental Science,"Persian Gulf coral reefs are unique biota communities in the global sunbelts in being able to survive in multiple stressful fields during summertime (>36 °C). Despite the high-growth emerging health-hazard microplastic additive type of contaminants, its biological interactions with coral-algal symbiosis and/or its synergistic effects linked to solar-bleaching events remain unknown. This study investigated the bioaccumulation patterns of polybrominated diphenyl ether (PBDE) and phthalate ester (PAE) pollutants in six genera of living/bleached corals in Larak Island, Persian Gulf, and their ambient abiotic matrixes. Results showed that the levels of ∑18PBDEs and ∑13PAEs in abiotic matrixes followed the order of SPMs > surface sediments > seawater, and the cnidarian POP-uptake patterns (soft corals > hard corals) were as follows: coral mucus (138.49 ± 59.98 and 71.57 ± 47.39 ng g-1 dw) > zooxanthellae (82.05 ± 28.27 and 20.14 ± 12.65 ng g-1 dw) ≥ coral tissue (66.26 ± 21.42 and 34.97 ± 26.10 ng g-1 dw) > bleached corals (45.19 ± 8.73 and 13.83 ± 7.05 ng g-1 dw) > coral skeleton (35.66 ± 9.58 and 6.47 ± 6.47 ng g-1 dw, respectively). Overall, findings suggest that mucus checking is a key/facile diagnostic approach for fast detection of POP bioaccumulation (PB) in tropical corals. Although studied corals exhibited no consensus concerning hazardous levels of PB (log BSAF < 3.7), our bleaching evidence showed soft corals as the ultimate ""summer winners"" due to their flexibility/recovering ability."
SS_MECH_FEEDING_MUCUS_CORAL_01,MECH_FEEDING_MUCUS_CORAL,Semantic Scholar Academic Graph API,2026-08-13,b41ea6a63c58ea5a0317be944d99d5464f2a01da,88902684,Effects of turbidity on the photosynthesis and respiration of two south Florida reef coral species,G. Telesnicki; W. Goldberg,1995,,,,,,,https://www.semanticscholar.org/paper/b41ea6a63c58ea5a0317be944d99d5464f2a01da,False,,115,0,6,Biology; Environmental Science,Biology; Environmental Science; Environmental Science,
SS_MECH_FEEDING_MUCUS_CORAL_01,MECH_FEEDING_MUCUS_CORAL,Semantic Scholar Academic Graph API,2026-08-13,b4d3546fe081b83e8623db8bf1213421f6cc34e5,84987314,Ultraviolet photosensitivity and feeding in larval and juvenile coral reef fishes,S. Job; D. Bellwood,2007,2007-04-01,,,10.1007/S00227-006-0482-2,,,https://www.semanticscholar.org/paper/b4d3546fe081b83e8623db8bf1213421f6cc34e5,False,,28,46,0,Biology,Biology; Environmental Science; Biology,
SS_MECH_FEEDING_MUCUS_CORAL_01,MECH_FEEDING_MUCUS_CORAL,Semantic Scholar Academic Graph API,2026-08-13,b5072a2cc667ecdf92b83f005f377b393f76e9ca,85590375,"Geomorphological, trophic and human influences on the bamboo coral Isidella elongata assemblages in the deep Mediterranean: To what extent does Isidella form habitat for fish and invertebrates?",J. Cartes; C. Loiacono; V. Mamouridis; C. López-Pérez; P. Rodríguez,2013,2013-06-01,,,10.1016/J.DSR.2013.01.006,,,https://www.semanticscholar.org/paper/b5072a2cc667ecdf92b83f005f377b393f76e9ca,False,,62,55,5,Biology,Biology; Environmental Science,
SS_MECH_FEEDING_MUCUS_CORAL_01,MECH_FEEDING_MUCUS_CORAL,Semantic Scholar Academic Graph API,2026-08-13,b53926504811ddf9e3fd69b4f980e34f8774edcf,39378313,Particle capture in aquatic systems,H. Espinosa-Gayosso,2014,,,,,,,https://www.semanticscholar.org/paper/b53926504811ddf9e3fd69b4f980e34f8774edcf,False,,0,69,0,,Environmental Science,
SS_MECH_FEEDING_MUCUS_CORAL_01,MECH_FEEDING_MUCUS_CORAL,Semantic Scholar Academic Graph API,2026-08-13,b582634b626357ffac414a6ff41ab92c56d6e233,25692299,Assessing the herbivore role of the sea-urchin Echinometra viridis: Keys to determine the structure of communities in disturbed coral reefs.,C. Sangil; H. Guzman,2016,2016-09-01,Marine Environmental Research,JournalArticle,10.1016/j.marenvres.2016.08.008,,27591516,https://www.semanticscholar.org/paper/b582634b626357ffac414a6ff41ab92c56d6e233,True,https://www.sciencedirect.com/science/article/am/pii/S0141113616301416,37,62,2,Biology; Medicine,Biology; Medicine; Biology; Environmental Science,
SS_MECH_FEEDING_MUCUS_CORAL_01,MECH_FEEDING_MUCUS_CORAL,Semantic Scholar Academic Graph API,2026-08-13,b5eb4fc7f589953af526ad4d12fa4c7e16351f41,89842031,Coral reef mesopredator trophodynamics in response to reef condition,T. Hempson,2017,2017-04-01,,,10.4225/28/5ACBFC72A2F27,,,https://www.semanticscholar.org/paper/b5eb4fc7f589953af526ad4d12fa4c7e16351f41,False,,0,0,0,Biology,Biology; Environmental Science; Biology,
SS_MECH_FEEDING_MUCUS_CORAL_01,MECH_FEEDING_MUCUS_CORAL,Semantic Scholar Academic Graph API,2026-08-13,b67db26a6ac6128fe5c9e24eea05bb712460a605,236459572,Diazotroph-Derived Nitrogen Assimilation Strategies Differ by Scleractinian Coral Species,V. Meunier; S. Bonnet; M. Benavides; Andréas Ravache; O. Grosso; C. Lambert; F. Houlbrèque,2021,2021-07-28,Frontiers in Marine Science,,10.3389/fmars.2021.692248,,,https://www.semanticscholar.org/paper/b67db26a6ac6128fe5c9e24eea05bb712460a605,True,https://www.frontiersin.org/articles/10.3389/fmars.2021.692248/pdf,9,96,2,,Environmental Science; Biology,"Reef-building corals generally thrive in nutrient-poor tropical waters, where among other elements, nitrogen (N) availability often limits primary productivity. In addition to their close association with endosymbiotic dinoflagellates of the family Symbiodiniaceae, enabling an effective use and retention of dissolved inorganic nitrogen (DIN), scleractinian corals have developed strategies to acquire new N: (1) They can ingest N-rich sediment particles and preys (from picoplankton to macro-zooplankton) via heterotrophy, including diazotrophs [plankton fixing dinitrogen (N2) and releasing part of this nitrogen—Diazotroph-Derived N (DDN)—in seawater], a pathway called “heterotrophic nutrition on diazotrophs”; (2) Symbiotic diazotrophs located in the coral holobiont have the molecular machinery to fix N2, a pathway called “symbiotic N2 fixation”. Here we used the 15N2 isotopic labeling in a series of incubations to investigate the relative contribution of each of these DDN transfer pathways in three worldwide distributed coral species: Acropora muricata, Galaxea fascicularis, and Pocillopora damicornis. We show that N provision via “symbiotic N2 fixation” is negligible compared to that obtained via “heterotrophic nutrition on diazotrophs,” with DDN assimilation rates about a thousand times lower for P. damicornis and G. fascicularis, or assimilation rates via “symbiotic N2 fixation” almost nil for A. muricata. Through heterotrophic feeding on planktonic diazotrophs, only G. fascicularis and P. damicornis can successfully obtain N and fulfill a large part of their N requirements (DDN asimilation rates: 0.111 ± 0.056 and 0.517 ± 0.070 μg N cm–2 h–1 in their Symbiodiniaceae, respectively). Whereas this contribution is again negligible for A. muricata. They also largely consume the picoplankton that likely benefit from this DDN (Prochlorococcus and Synechococcus cells; respectively, 2.56 ± 1.57 104 and 2.70 ± 1.66 104 cell h–1 cm–2 for G. fascicularis; 3.02 ± 0.19 105 and 1.14 ± 0.79 104 cell h–1 cm–2 for P. damicornis). The present study confirms the different dependencies of the three tested species regarding heterotrophy, with P. damicornis and G. fascicularis appearing highly efficient at capturing plankton, while A. muricata, considered as mainly autotroph, does not rely on these food resources to meet its N and energy needs."
SS_MECH_FEEDING_MUCUS_CORAL_01,MECH_FEEDING_MUCUS_CORAL,Semantic Scholar Academic Graph API,2026-08-13,b701dfec54b2d6876e3f33edda19cad92796f826,82340246,"Biodiversity in Enclosed Seas and Artificial Marine Habitats: Proceedings of the 39th European Marine Biology Symposium, held in Genoa, Italy, 21-24 July 2004",G. Relini; J. Ryland,2007,,,Review,10.1007/978-1-4020-6156-1,,,https://www.semanticscholar.org/paper/b701dfec54b2d6876e3f33edda19cad92796f826,False,,8,0,1,Biology; Geography,Biology; Geography; Environmental Science; Biology,
SS_MECH_FEEDING_MUCUS_CORAL_01,MECH_FEEDING_MUCUS_CORAL,Semantic Scholar Academic Graph API,2026-08-13,b791e8b12da2141a59f479dc5262e8c9900adf4d,274051135,Cross-habitat patterns of sediment transport and release by surgeonfishes,S. B. Tebbett; D. Bellwood; James Gahan; Isabelle Ng; Alexandre C. Siqueira,2024,2024-11-13,Coral reefs,JournalArticle,10.1007/s00338-024-02586-6,,,https://www.semanticscholar.org/paper/b791e8b12da2141a59f479dc5262e8c9900adf4d,True,https://ro.ecu.edu.au/ecuworks2022-2026/5134,0,84,0,,Environmental Science,"Building a comprehensive understanding of geo-ecological functions is viewed as a critical step in the quantification of carbonate and sediment budgets on coral reefs. Although parrotfishes are known to play key roles in such functions, the roles of surgeonfishes are less well understood. This is despite surgeonfishes being some of the largest and most abundant, nominally herbivorous fishes on reefs, with the potential to play a major role in sediment dynamics. Here, we quantified the role of four focal surgeonfish species across two functional groups (sediment suckers and brushers) in cross-habitat sediment dynamics by combining data on behavioural observations, fish abundance, gut content analysis, and published gut throughput rates. On average, these surgeonfish species together were estimated to rework and/or transport 71.4 ± 12.7 kg 100 m−2 year−1 of sediment. A single 30–35 cm surgeonfish was estimated to rework ~ 36 kg individual−1 year−1, a value equivalent to that of large parrotfishes. However, the two functional groups of surgeonfishes contributed to sediment dynamics in fundamentally different ways. The brusher, Ctenochaetus striatus, was primarily involved in on-reef sediment reworking. In contrast, the three sediment suckers were primarily involved in off-reef sediment reworking and in driving a potential net flux of sediment onto the reef. These results highlight the importance of off-reef shallow sand habitats as key feeding grounds for some surgeonfishes, as well as the role of these surgeonfishes in connecting off-reef habitats to reefs via biological sediment fluxes."
SS_MECH_FEEDING_MUCUS_CORAL_01,MECH_FEEDING_MUCUS_CORAL,Semantic Scholar Academic Graph API,2026-08-13,b81f8aafd5d90cc59bc046c7f30cecdb1c50342e,86757458,Bristle worms attack: benthic jellyfish are not trophic dead ends,Elizabeth W. Stoner; C. Layman,2015,2015-05-01,,,10.1890/1540-9295-13.4.226,,,https://www.semanticscholar.org/paper/b81f8aafd5d90cc59bc046c7f30cecdb1c50342e,False,,17,12,0,Biology,Biology; Environmental Science; Biology,
SS_MECH_FEEDING_MUCUS_CORAL_01,MECH_FEEDING_MUCUS_CORAL,Semantic Scholar Academic Graph API,2026-08-13,b85513c736eb5b3ec1d9bc4ee622874d888ee134,91606812,"Effects of thermal stress on amount, composition, and antibacterial properties of coral mucus",Rachel M. Wright; Marie E. Strader; Heather M. Genuise; M. Matz,2018,2018-07-13,bioRxiv,JournalArticle,10.7717/peerj.6849,,31106065,https://www.semanticscholar.org/paper/b85513c736eb5b3ec1d9bc4ee622874d888ee134,True,https://peerj.com/articles/6849.pdf,31,65,0,Chemistry; Biology; Medicine,Chemistry; Biology; Medicine; Environmental Science; Biology,"The surface mucus layer of reef-building corals supports several essential functions including feeding, sediment clearing, and protection from pathogenic invaders. For the reef ecosystem, coral mucus provides energy to support heterotrophic benthic communities. Mucus production represents a substantial metabolic investment on behalf of the coral: as much as half of the fixed carbon supplied by the corals’ algal symbionts is incorporated into expelled mucus. In this study, we examined if bleaching (disruption of the coral–algal symbiosis) has the potential to indirectly disturb reef ecosystem function by impacting the nutritional composition of coral mucus. In a controlled laboratory thermal stress challenge, visibly paled corals produced mucus with higher protein and lipid content and increased antibacterial activity relative to healthy corals. These results are likely explained by the expelled symbionts in the mucus of bleached individuals. This study illuminates how the immediate effects of coral bleaching could impact the reef-ecosystem indirectly through modulation of available nutrients within the ecosystem."
SS_MECH_FEEDING_MUCUS_CORAL_01,MECH_FEEDING_MUCUS_CORAL,Semantic Scholar Academic Graph API,2026-08-13,b92fad409318e1f13987ea390799feead6df3093,231921223,Functional metagenomics reveals differential chitin degradation and utilization features across free-living and host-associated marine microbiomes,I. Raimundo; R. Silva; L. Meunier; S. Valente; A. Lago‐Lestón; T. Keller-Costa; R. Costa,2021,2021-02-14,Microbiome,JournalArticle,10.1186/s40168-020-00970-2,,33583433,https://www.semanticscholar.org/paper/b92fad409318e1f13987ea390799feead6df3093,True,https://microbiomejournal.biomedcentral.com/track/pdf/10.1186/s40168-020-00970-2,64,67,1,Medicine,Medicine; Environmental Science; Biology,"Background Chitin ranks as the most abundant polysaccharide in the oceans yet knowledge of shifts in structure and diversity of chitin-degrading communities across marine niches is scarce. Here, we integrate cultivation-dependent and -independent approaches to shed light on the chitin processing potential within the microbiomes of marine sponges, octocorals, sediments, and seawater. Results We found that cultivatable host-associated bacteria in the genera Aquimarina , Enterovibrio , Microbulbifer , Pseudoalteromonas , Shewanella , and Vibrio were able to degrade colloidal chitin in vitro. Congruent with enzymatic activity bioassays, genome-wide inspection of cultivated symbionts revealed that Vibrio and Aquimarina species, particularly, possess several endo- and exo-chitinase-encoding genes underlying their ability to cleave the large chitin polymer into oligomers and dimers. Conversely, Alphaproteobacteria species were found to specialize in the utilization of the chitin monomer N-acetylglucosamine more often. Phylogenetic assessments uncovered a high degree of within-genome diversification of multiple, full-length endo-chitinase genes for Aquimarina and Vibrio strains, suggestive of a versatile chitin catabolism aptitude. We then analyzed the abundance distributions of chitin metabolism-related genes across 30 Illumina-sequenced microbial metagenomes and found that the endosymbiotic consortium of Spongia officinalis is enriched in polysaccharide deacetylases, suggesting the ability of the marine sponge microbiome to convert chitin into its deacetylated—and biotechnologically versatile—form chitosan. Instead, the abundance of endo-chitinase and chitin-binding protein-encoding genes in healthy octocorals leveled up with those from the surrounding environment but was found to be depleted in necrotic octocoral tissue. Using cultivation-independent, taxonomic assignments of endo-chitinase encoding genes, we unveiled previously unsuspected richness and divergent structures of chitinolytic communities across host-associated and free-living biotopes, revealing putative roles for uncultivated Gammaproteobacteria and Chloroflexi symbionts in chitin processing within sessile marine invertebrates. Conclusions Our findings suggest that differential chitin degradation pathways, utilization, and turnover dictate the processing of chitin across marine micro-niches and support the hypothesis that inter-species cross-feeding could facilitate the co-existence of chitin utilizers within marine invertebrate microbiomes. We further identified chitin metabolism functions which may serve as indicators of microbiome integrity/dysbiosis in corals and reveal putative novel chitinolytic enzymes in the genus Aquimarina that may find applications in the blue biotechnology sector. Video abstract"
SS_MECH_FEEDING_MUCUS_CORAL_01,MECH_FEEDING_MUCUS_CORAL,Semantic Scholar Academic Graph API,2026-08-13,b93b061e8a5567632d94668be11bee1959d10bfd,53975387,Basinal and prodeltaic communities of the early Carboniferous Borden Formation in Northern Kentucky and Southern Indiana (U.S.A.),T. Kammer,1985,,,,10.1016/0031-0182(85)90006-9,,,https://www.semanticscholar.org/paper/b93b061e8a5567632d94668be11bee1959d10bfd,False,,27,69,4,Geology,Geology; Geology,
SS_MECH_FEEDING_MUCUS_CORAL_01,MECH_FEEDING_MUCUS_CORAL,Semantic Scholar Academic Graph API,2026-08-13,b9a7788097c4cfa037fc65c533aeeb59971f6cbc,13500929,"Mingulay reef complex: an interdisciplinary study of cold-water coral habitat, hydrography and biodiversity",J. Roberts; A. Davies; L. Henry; L. Dodds; G. Duineveld; M. Lavaleye; Cornelia Maier; R. Soest; M. Bergman; V. Hühnerbach; V. Huvenne; D. Sinclair; T. Watmough; D. Long; S. Green; H. Haren,2009,2009-12-17,,Review,10.3354/MEPS08112,,,https://www.semanticscholar.org/paper/b9a7788097c4cfa037fc65c533aeeb59971f6cbc,True,https://www.int-res.com/articles/theme/m397p139.pdf,104,50,10,Biology,Biology; Environmental Science; Biology,"The Mingulay reef complex in the Sea of the Hebrides west of Scotland was first mapped in 2003 with a further survey in 2006 revealing previously unknown live coral reef areas at 120 to 190 m depth. Habitat mapping confirmed that distinctive mounded bathymetry was formed by reefs of Lophe- lia pertusa with surficial coral debris dating to almost 4000 yr. Benthic lander and mooring deployments revealed 2 dominant food supply mechanisms to the reefs: a regular rapid downwelling of surface water delivering pulses of warm fluorescent water, and periodic advection of high turbidity bottom waters. Closed chamber respirometry studies suggest that L. pertusa responds to seawater warming, such as that seen during the rapid downwelling events, with increases in metabolic rate. Lipid biomarker analy- sis implies that corals at Mingulay feed predominantly on herbivorous calanoid copepods. Integrating geophysical and hydrographical survey data allowed us to quantify the roles of these environmental factors in controlling biodiversity of attached epifaunal species across the reefs. Longitudinal structur- ing of these communities is striking: species richness (α) and turnover (β) change significantly west to east, with variation in community composition largely explained by bathymetric variables that are spa- tially structured on the reef complex. Vibro-cores through the reef mounds show abundant coral debris with significant hiatuses. High resolution side-scan sonar revealed trawl marks in areas south of the coral reefs where vessel monitoring system data showed the highest density of local fishing activity. The interdisciplinary approach in this study allowed us to record the food supply and hydrographic environ- ment experienced by L. pertusa and determine how it may be ecophysiologically adapted to these con- ditions. Improved basic understanding of cold-water coral biology and biodiversity alongside efforts to map and date these long-lived habitats are vital to development of future conservation policies."
SS_MECH_FEEDING_MUCUS_CORAL_01,MECH_FEEDING_MUCUS_CORAL,Semantic Scholar Academic Graph API,2026-08-13,ba004abd5d70dc9826e709c9f69548d6d86b95c1,55241976,A comparison of living and dead molluscs on coral reef associated hard substrata in the northern Red Sea — implications for the fossil record,M. Zuschin; J. Hohenegger; F. Steininger,2000,2000-06-01,,,10.1016/S0031-0182(00)00045-6,,,https://www.semanticscholar.org/paper/ba004abd5d70dc9826e709c9f69548d6d86b95c1,False,,79,101,4,Biology,Biology; Environmental Science,
SS_MECH_FEEDING_MUCUS_CORAL_01,MECH_FEEDING_MUCUS_CORAL,Semantic Scholar Academic Graph API,2026-08-13,ba16a06e17aeed75bf2c186dc3e4bf90060154c5,253811913,Mapping cold-water coral biomass: an approach to derive ecosystem functions,L. D. De Clippele; L. Rovelli; B. Ramiro-Sánchez; G. Kazanidis; J. Vad; S. Turner; R. Glud; J. M. Roberts,2020,2020-12-04,Coral reefs,,10.1007/s00338-020-02030-5,,,https://www.semanticscholar.org/paper/ba16a06e17aeed75bf2c186dc3e4bf90060154c5,True,https://link.springer.com/content/pdf/10.1007/s00338-020-02030-5.pdf,0,92,0,,Environmental Science,"This study presents a novel approach resulting in the first cold-water coral reef biomass maps, used to assess associated ecosystem functions, such as carbon (C) stock and turnover. We focussed on two dominant ecosystem engineers at the Mingulay Reef Complex, the coral Lophelia pertusa (rubble, live and dead framework) and the sponge Spongosorites coralliophaga. Firstly, from combining biological (high-definition video, collected specimens), environmental (extracted from multibeam bathymetry) and ecosystem function (oxygen consumption rate values) data, we calculated biomass, C stock and turnover which can feed into assessments of C budgets. Secondly, using those values, we employed random forest modelling to predictively map whole-reef live coral and sponge biomass. The whole-reef mean biomass of S. coralliophaga was estimated to be 304 T (range 168–440 T biomass), containing 10 T C (range 5–18 T C) stock. The mean skeletal mass of the coral colonies (live and dead framework) was estimated to be 3874 T (range 507–9352 T skeletal mass), containing a mean of 209 T of biomass (range 26–515 T biomass) and a mean of 465 T C (range 60–1122 T C) stock. These estimates were used to calculate the C turnover rates, using respiration data available in the literature. These calculations revealed that the epi- and microbial fauna associated with coral rubble were the largest contributor towards C turnover in the area with a mean of 163 T C year−1 (range 149–176 T C year−1). The live and dead framework of L. pertusa were estimated to overturn a mean of 32 T C year−1 (range 4–93 T C year−1) and 44 T C year−1 (range 6–139 T C year−1), respectively. Our calculations showed that the Mingulay Reef overturned three to seven (with a mean of four) times more C than a soft-sediment area at a similar depth. As proof of concept, the supply of C needed from surface water primary productivity to the reef was inferred. Since 65–124 T C year−1 is supplied by natural deposition and our study suggested that a mean of 241 T C year−1 (range 160–400 T C year−1), was turned over by the reef, a mean of 117–176 T C year−1 (range 36–335 T C year−1) of the reef would therefore be supplied by tidal downwelling and/or deep-water advection. Our results indicate that monitoring and/or managing surface primary productivity would be a key consideration for any efforts towards the conservation of cold-water coral reef ecosystems."
SS_MECH_FEEDING_MUCUS_CORAL_01,MECH_FEEDING_MUCUS_CORAL,Semantic Scholar Academic Graph API,2026-08-13,babd65bde4f53d07305c77020307c0b6bf062b8c,52043226,Comparative analysis of foraging behavior and bite mechanics reveals complex functional diversity among Caribbean parrotfishes,T. Adam; A. Duran; Corinne Fuchs; Madelyn V. Roycroft; M. C. Rojas; B. Ruttenberg; D. Burkepile,2018,2018-06-11,Marine Ecology Progress Series,,10.3354/MEPS12600,,,https://www.semanticscholar.org/paper/babd65bde4f53d07305c77020307c0b6bf062b8c,False,,74,55,6,Biology,Biology; Environmental Science; Biology,": Parrotfishes are a diverse group of herbivores that can influence benthic community dynamics and ecosystem function on coral reefs. Different species and size classes of parrotfishes vary in their feeding ecology and can impact reef ecosystems in distinct ways. We documented differences in the feeding ecology of 9 species of parrotfishes in the Florida Keys National Marine Sanctuary (FKNMS). Many of the key differences can be summarized by assigning species to functional groups (e.g. scrapers, excavators, croppers, macroalgae browsers), which are differentially responsible for carrying out specific ecological processes. For example, we found that Spari-soma viride , Scarus coelestinus , Sc. guacamaia , Sc. taeniopterus , and Sc. vetula feed on short turfs with few sediments, while Sp. aurofrenatum , Sp. chrysopterum , and Sp. rubripinne feed on longer sediment-laden turfs in addition to macroalgae. Further, parrotfishes use distinct bite types that indicate contrasting impacts on the benthos. Species that feed on short turfs scrape and excavate epilithic and endolithic algae, while species that feed on longer turfs and macroalgae tend to tear or crop algae from the reef. These distinct feeding behaviors result in different rates of algae removal, carbonate erosion, and sediment production. Recognizing that different species of par-rotfishes interact with the benthos in fundamentally different ways will enable scientists and managers to better predict how changes in the structure of parrotfish assemblages may affect benthic communities and ecosystem processes."
SS_MECH_FEEDING_MUCUS_CORAL_01,MECH_FEEDING_MUCUS_CORAL,Semantic Scholar Academic Graph API,2026-08-13,bae1d4b4ca1e3877a465c3a4d9700abe37b21966,129243450,"Control of seagrass communities and sediment distribution by Callianassa (Crustacea, Thalassinidea) bioturbation",T. Suchanek,1983,1983-05-01,,,10.1357/002224083788520216,,,https://www.semanticscholar.org/paper/bae1d4b4ca1e3877a465c3a4d9700abe37b21966,False,,268,41,16,Geology,Geology; Environmental Science,
SS_MECH_FEEDING_MUCUS_CORAL_01,MECH_FEEDING_MUCUS_CORAL,Semantic Scholar Academic Graph API,2026-08-13,bae29860d3d72bf96d5b04b6ca3b91348f42477f,236293040,"Polycyclic aromatic hydrocarbons (PAHs) in the non-bleached and bleached corals and their ambient environment: The role of suspended particulate matter, mucus, and positive matrix factorization model for identifying contributions to the carcinogenicity of PAH sources",A. Jafarabadi; E. Raudonytė-Svirbutavičienė; A. Bakhtiari; A. Kareiva,2021,2021-09-15,,,10.1016/J.SCITOTENV.2021.147688,,,https://www.semanticscholar.org/paper/bae29860d3d72bf96d5b04b6ca3b91348f42477f,False,,9,93,0,Chemistry,Chemistry; Environmental Science; Chemistry,
SS_MECH_FEEDING_MUCUS_CORAL_01,MECH_FEEDING_MUCUS_CORAL,Semantic Scholar Academic Graph API,2026-08-13,bb530eee5943f62d2e4e53d1287b2c0a0bf56eab,129731384,"Sedimentology, biostratigraphy and event stratigraphy of the Early Aptian Oceanic Anoxic Event (OAE1A) in the Apulia Carbonate Platform Margin – Ionian Basin System (Gargano Promontory, southern Italy)",R. Graziano,2013,2013-02-01,,,10.1016/J.CRETRES.2012.05.014,,,https://www.semanticscholar.org/paper/bb530eee5943f62d2e4e53d1287b2c0a0bf56eab,False,,53,152,2,Geology,Geology; Geology,
SS_MECH_FEEDING_MUCUS_CORAL_01,MECH_FEEDING_MUCUS_CORAL,Semantic Scholar Academic Graph API,2026-08-13,bb541742d9f901836cb0d0768b77be69bfb872de,134827571,"Marine biodiversity in India with special reference to conservation, status and issues",pSainudeen Sahibp,2018,2018-05-29,,,10.4172/2473-3350-C1-004,,,https://www.semanticscholar.org/paper/bb541742d9f901836cb0d0768b77be69bfb872de,False,,1,0,1,Geography,Geography; Environmental Science; Biology,
SS_MECH_FEEDING_MUCUS_CORAL_01,MECH_FEEDING_MUCUS_CORAL,Semantic Scholar Academic Graph API,2026-08-13,bbb123264785b0caeb3c3598e287f4337cede82b,10521735,"Physico-chemical and microbial characteristics of the coral reef environment of the Gulf of Mannar marine biosphere reserve, India.",E. Kannapiran; L. Kannan; A. Purushothaman; T. Thangarajdou,2008,2008-03-01,Journal of environmental biology,JournalArticle,,,18831378,https://www.semanticscholar.org/paper/bbb123264785b0caeb3c3598e287f4337cede82b,False,,11,49,0,Biology; Medicine,Biology; Medicine; Environmental Science,
SS_MECH_FEEDING_MUCUS_CORAL_01,MECH_FEEDING_MUCUS_CORAL,Semantic Scholar Academic Graph API,2026-08-13,bbd134e6ea6d3707db1a13279f8c9660e0ae2ec0,261708367,Sun coral larval release following mechanical removal: a 2-year study on the southeast Brazilian coast,Damián Mizrahi; A. Gomes; M. C. D. da Silva; Rubens M. Lopes,2023,2023-09-14,Marine Biology,JournalArticle,10.1007/s00227-023-04296-z,,,https://www.semanticscholar.org/paper/bbd134e6ea6d3707db1a13279f8c9660e0ae2ec0,False,,7,45,1,,Environmental Science,
SS_MECH_FEEDING_MUCUS_CORAL_01,MECH_FEEDING_MUCUS_CORAL,Semantic Scholar Academic Graph API,2026-08-13,bbdc9f7f6d202524e881d1e746df6ada83b5a01b,53632011,"Juveniles of the Atlantic coral, Favia fragum (Esper, 1797) do not invest energy to maintain calcification under ocean acidification",E. Drenkard; A. Cohen; D. McCorkle; S. D. de Putron; V. Starczak; D. Repeta,2018,2018-10-01,Journal of Experimental Marine Biology and Ecology,,10.1016/J.JEMBE.2018.07.007,,,https://www.semanticscholar.org/paper/bbdc9f7f6d202524e881d1e746df6ada83b5a01b,False,,9,77,0,Biology,Biology; Environmental Science; Biology,"Abstract Ocean acidification (OA) threatens coral reef ecosystems by slowing calcification and enhancing dissolution of calcifying organisms and sediments. Nevertheless, multiple factors have been shown to modulate OA's impact on calcification, including the nutritional status of the coral host. In three separate experiments, we exposed juveniles of the Atlantic golf ball coral, Favia fragum, to elevated CO2 and varied nutritional (light or feeding) conditions. Juveniles reared from planulae larvae were significantly larger and produced more CaCO3 when fed, regardless of CO2 level. However, corals subjected to elevated CO2 produced less CaCO3 per mm2 regardless of feeding condition. Additionally, unfed corals reared under elevated light levels exhibited lower chlorophyll a and higher total lipid content, but light had no significant effect on coral calcification. Conversely, elevated CO2 had a significant, negative affect on calcification, regardless of light condition but no detectable effect on physiological tissue parameters. Our results indicate that the sensitivity of juvenile F. fragum calcification to OA was neither modulated by light nor by feeding, despite physiological indications of enhanced nutritional status. This suggests that corals do not necessarily divert energy to maintain calcification under high CO2, even when they have the energetic resources to do so."
SS_MECH_FEEDING_MUCUS_CORAL_01,MECH_FEEDING_MUCUS_CORAL,Semantic Scholar Academic Graph API,2026-08-13,bc3245bbe42b3e663afa954bfc8935f556b0592c,273237452,Microbiome flexibility enhances the resilience of the potentially invasive coral Tubastraea aurea to abrupt environmental changes: Insights from a shallow water hydrothermal vent transplantation study.,Gowri Krishna Girija; L. Tseng; Priyanka Muthu; Yu-Ling Chen; Ying-Ning Ho; Jiang-Shiou Hwang,2024,2024-10-01,Science of the Total Environment,JournalArticle,10.1016/j.scitotenv.2024.176792,,39389143,https://www.semanticscholar.org/paper/bc3245bbe42b3e663afa954bfc8935f556b0592c,False,,8,0,0,Medicine,Medicine; Environmental Science; Biology,"To comprehend the effects of potentially invasive coral Tubastraea aurea on marine ecosystems, it is crucial to understand their adaptive strategies to survive environmental changes and perturbations. Therefore, a cross-transplantation study was conducted to assess the microbiome's role in the resilience of T. aurea to sudden environmental changes.Hydrographic analyses revealed distinct ecological conditions at two sites: a hydrothermal vent (HV) site, characterized by harsh environmental conditions serving as a natural laboratory for future oceanic changes, and a regular coastal site Fulong (FU). Both sites showed significant differences in pH, temperature, and dissolved oxygen. Using Oxford Nanopore Technologies, we examined bacterial dynamics in coral tissue, mucus and ambient sediment samples following cross-transplantation experiments. We observed a rapid shift in dominant bacterial groups post-transplantation with transplanted corals acquiring microbiomes similar to native corals from their respective sites within 16 days. The bacteria Endozoicomonas euniceicola and Ruegeria profundi were dominant in both native and transplanted corals, suggesting their critical role in coral resilience. Furthermore, the enrichment of certain bacterial taxa post-transplantation suggests that opportunistic species also contribute to host acclimatization. Functional profiling data indicated that there was site-specific adaptation because corals had acquired beneficial bacterial assemblages to assist them cope with environmental stressors. More specifically, there was a switch towards sulfur and nitrogen metabolism in corals that moved to high sulfidic environments, while corals transplanted into normal coastal environments showed enriched photoautotrophic processes due to their symbionts. Our study underscored the highly flexible microbiome of T. aurea and its pivotal role in facilitating host resilience to environmental perturbations, particularly in the context of its potential invasiveness. Hence, these findings contribute to the understanding of coral-microbiome dynamics and emphasize the necessity of considering microbially-mediated resilience in managing potentially invasive coral species in marine ecosystems around the world, especially as ocean conditions continue to change."
SS_MECH_FEEDING_MUCUS_CORAL_01,MECH_FEEDING_MUCUS_CORAL,Semantic Scholar Academic Graph API,2026-08-13,bc7afc8d3c94b410ba893e2270308d5d99cad1fb,275629852,Sediment-rejection mechanisms of 42 species of Australian scleractinian corals,,1993,1993-05-01,Oceanographic Literature Review,JournalArticle,10.1016/0967-0653(93)92805-t,,,https://www.semanticscholar.org/paper/bc7afc8d3c94b410ba893e2270308d5d99cad1fb,False,,0,0,0,,Environmental Science; Biology,
SS_MECH_FEEDING_MUCUS_CORAL_01,MECH_FEEDING_MUCUS_CORAL,Semantic Scholar Academic Graph API,2026-08-13,bd9872f55902097700c1c77be5bc1b7ba11dd901,12210846,Coral morphology and sedimentation.,A. Duckworth; Natalie Giofre; Ross Jones,2017,2017-12-15,Marine Pollution Bulletin,JournalArticle,10.1016/j.marpolbul.2017.08.036,,28863974,https://www.semanticscholar.org/paper/bd9872f55902097700c1c77be5bc1b7ba11dd901,True,https://www.sciencedirect.com/science/article/pii/S0025326X17307063/pdf,77,49,0,Geology; Medicine,Geology; Medicine; Environmental Science,"The sediment rejection ability of 8 coral species of 5 families and 3 morphologies were assessed in a series of short term exposure tests over a sedimentation range of 0.5-40mgcm-2d-1 and one longer term exposure test of 235mgcm-2. Sediment accumulation rates on live corals and dead (enamel-covered) skeletons varied between morphologies, with branching species often more adept at self-cleaning. Flow rates (0-17cms-1) significantly affected sediment-shedding ability as did differences in particle sizes, with coarse silt rejected faster than fine silt, but only at very high (235mgcm-2) deposition rates. Siliciclastic sediment was rejected faster than carbonate sediments and smothering for many days by mms of low organic content carbonate sediment resulted in bleaching, but no mortality. The findings are discussed with respect to turbidity generated in natural and dredging-related resuspension events and in the context for impact prediction for dredging projects."
SS_MECH_FEEDING_MUCUS_CORAL_01,MECH_FEEDING_MUCUS_CORAL,Semantic Scholar Academic Graph API,2026-08-13,bdbe5cee5ce0eec01a065ec445f2abfbe24864e3,90687215,Bacterial habitat differentiation in cold- and warm-water coral reef ecosystems,Sandra Schöttner,2011,2011-12-09,,Review,,,,https://www.semanticscholar.org/paper/bdbe5cee5ce0eec01a065ec445f2abfbe24864e3,False,,0,0,0,Biology,Biology; Environmental Science; Biology,
SS_MECH_FEEDING_MUCUS_CORAL_01,MECH_FEEDING_MUCUS_CORAL,Semantic Scholar Academic Graph API,2026-08-13,bdd04cb5229153aeac35b1ede142af66c3d92ec7,224916305,"Seagrass-related carbonate ramp development at the front of a fan delta (Burdigalian, New Caledonia): Insights into mixed carbonate-siliciclastic environments",E. Tournadour; F. Fournier; S. Etienne; J. Collot; P. Maurizot; M. Patriat; B. Sevin; H. Morgans; B. Martin-Garin; J. Braga,2020,2020-11-01,,,10.1016/j.marpetgeo.2020.104581,,,https://www.semanticscholar.org/paper/bdd04cb5229153aeac35b1ede142af66c3d92ec7,True,https://archimer.ifremer.fr/doc/00641/75269/75484.pdf,13,114,0,Geology,Geology; Environmental Science; Geology,"Abstract Past shallow-water carbonate environments of the main island of New Caledonia (NC) have been subject to high terrigenous influx derived from the erosion of ultramafic obducted nappes and are therefore a relevant case study for characterizing neritic carbonate production in mixed carbonate-siliciclastic systems under a tropical climate. More particularly, we focused on Burdigalian carbonate sedimentary records cropping out on the western coast of NC, in the Nepoui area. Based on a comprehensive sedimentological study of cores and outcrops, we established a new depositional model of an alluvial fan to carbonate ramp transition. Shallow-water (euphotic) carbonate production was dominated by seagrass-related biota and corals derived from small-sized bioconstructions. Extensional tectonics and associated normal faulting, driven by post-obduction isostatic rebound, favored carbonate ramp aggradation and preservation. The carbonate ramp was incised by conglomerate-filled terminal distributary channels, which indicate that terrigenous inputs remained significant during marine transgression and did not inhibit the development of seagrass and scleractinian carbonate factories. Phytal substrates induced by seagrass and/or macro-algae seafloor colonization strongly controlled the nature of carbonate production and promoted the accumulation of foraminiferal-coralline algal sediments. Seagrass development at the front of the fan delta is interpreted to have controlled the preservation of a diverse and significant carbonate production by reducing water turbidity and by limiting the risk of suffocation for filter-feeding biota in such a high terrigenous influx setting."
SS_MECH_FEEDING_MUCUS_CORAL_01,MECH_FEEDING_MUCUS_CORAL,Semantic Scholar Academic Graph API,2026-08-13,bde4841351d99bd32408c14db84b4ec1d12bafd0,127616371,Distributional Ecology of Benthic Megaepifauna and Fishes in Gorda Ridge Axial Valley,A. Carey; G. Taghon; D. Stein; P. Rona,1990,,,,10.1007/978-1-4612-3258-2_16,,,https://www.semanticscholar.org/paper/bde4841351d99bd32408c14db84b4ec1d12bafd0,False,,6,19,0,Geology,Geology; Environmental Science; Biology,
SS_MECH_FEEDING_MUCUS_CORAL_01,MECH_FEEDING_MUCUS_CORAL,Semantic Scholar Academic Graph API,2026-08-13,bdfa684e775bad79389e12af5aa2a41aea3b3b66,128536733,"Biosedimentology of the Early Jurassic post‐extinction carbonate depositional system, central High Atlas rift basin, Morocco",M. Wilmsen; F. Neuweiler,2007,2007-12-07,,,10.1111/j.1365-3091.2007.00921.x,,,https://www.semanticscholar.org/paper/bdfa684e775bad79389e12af5aa2a41aea3b3b66,True,https://onlinelibrary.wiley.com/doi/pdfdirect/10.1111/j.1365-3091.2007.00921.x,105,100,10,Geology,Geology; Geology,
SS_MECH_FEEDING_MUCUS_CORAL_01,MECH_FEEDING_MUCUS_CORAL,Semantic Scholar Academic Graph API,2026-08-13,be64fbc7cc349e8b647aaf135417192a048d3ad9,133475617,Ecological Roles of Exploited Sea Cucumbers,S. Purcell; C. Conand; S. Uthicke; M. Byrne,2016,2016-11-25,,Review,10.1201/9781315368597-12,,,https://www.semanticscholar.org/paper/be64fbc7cc349e8b647aaf135417192a048d3ad9,False,,300,113,19,Environmental Science,Environmental Science; Environmental Science; Biology,
SS_MECH_FEEDING_MUCUS_CORAL_01,MECH_FEEDING_MUCUS_CORAL,Semantic Scholar Academic Graph API,2026-08-13,bf59a0389a8fa231306a95a9d310064ec5cd6e14,55393542,"Benthic suspension feeders, key players in Antarctic marine ecosystems?",C. Orejas; J. Ros; N. Teixidó; P. Filipe,2000,,,,10.2436/CS.V0I0.256,,,https://www.semanticscholar.org/paper/bf59a0389a8fa231306a95a9d310064ec5cd6e14,False,,62,112,2,Biology,Biology; Environmental Science,
SS_MECH_FEEDING_MUCUS_CORAL_01,MECH_FEEDING_MUCUS_CORAL,Semantic Scholar Academic Graph API,2026-08-13,bfb323d3fd32b387b08677179399eac91e64492f,49058383,MOLECULAR APPROACHES TO MICROBIAL BIOMASS ESTIMATION IN THE SEA 2,M.; C.,2010,,,,,,,https://www.semanticscholar.org/paper/bfb323d3fd32b387b08677179399eac91e64492f,False,,1,145,0,,Environmental Science; Biology,
SS_MECH_FEEDING_MUCUS_CORAL_01,MECH_FEEDING_MUCUS_CORAL,Semantic Scholar Academic Graph API,2026-08-13,c0021f80388d683b79eb85bb8cc51cd838e05fe9,260598910,Penyuluhan dan Pelatihan Rehabilitasi Mangrove di Pantai Divur Desa Labetawi Kota,Y. Anwar; A. S. Serang; Erwin Tanjaya; M.M Makailaipessy; Erna Almohdar; W. G. Hukubun; Maimuna Renhoran; Fatmawati Marasabessy; Edward J. Renrusun,2023,2023-08-01,Jurnal Kreativitas Pengabdian kepada Masyarakat,JournalArticle,10.33024/jkpm.v6i8.10405,,,https://www.semanticscholar.org/paper/c0021f80388d683b79eb85bb8cc51cd838e05fe9,True,https://ejurnalmalahayati.ac.id/index.php/kreativitas/article/download/10405/Download%20Artikel,0,0,0,,,"ABSTRAK Ekosistem mangrove memiliki fungsi ekologis yang sangat bermanfaat bagi organisme-organisme di lingkungan pesisir termasuk manusia. Dengan sistem perakaran dan kanopi yang rapat serta kokoh, vegetasi mangrove juga berfungsi sebagai pelindung daratan dari aksi gelombang, tsunami, angin topan, dan perembesan air laut. Selain itu, mangrove juga berfungsi sebagai penyedia unsur hara, ekosistemnya merupakan tempat pemijahan (spawning grounds), tempat pengasuhan (nursery grounds) dan tempat mencari makan (feeding grounds) berbagai jenis ikan, udang, dan biota laut lainnya. Permasalahan yang dihadapi masyarakat Desa Labetawi adalah kurangnya informasi dan pengetahuan tentang arti pentingnya ekosistem mangrove bagi sumberdaya perikanan dan kelautan. Penyebab utama kerusakan hutan mangrove di  adalah karena tindakan manusia, berupa alih fungsi lahan menjadi tempat pemukiman masyarakat dan penebangan liar. Hutan mangrove ini dapat melindungi terumbu karang, padang lamun dari gempuran sendimentasi daratan, mengurangi erosi di daerah pesisir dan melindungi pantai dari dampak gelombang, angin dan ombak. Pelaksanaan kegiatan pengabdian masyarakat yang berfokus dalam rehabilitasi mangrove ini diharapkan mampu memberikan kontribusi dalam melestarikan lingkungan di Desa Lebetawi Kota Tual serta memupuk kesadaran masyarakat akan pentingnya menjaga ekosistem mangrove. Kata Kunci: Mangrove, Pesisir  ABSTRACT Mangrove ecosystems have ecological functions that are very beneficial for organisms in the coastal environment, including humans. With a dense and sturdy root system and canopy, mangrove vegetation also functions as a land protector from wave action, tsunamis, hurricanes and seawater seepage. In addition, mangroves also function as nutrient providers, their ecosystems are spawning grounds, nursery grounds and feeding grounds for various types of fish, shrimp and other marine biota. The problem faced by the people of Labetawi Village is the lack of information and knowledge about the importance of mangrove ecosystems for fisheries and marine resources. The main cause of damage to mangrove forests in Indonesia is due to human actions, in the form of land conversion into community settlements and illegal logging. These mangrove forests can protect coral reefs, seagrass beds from the onslaught of land sedimentation, reduce erosion in coastal areas and protect beaches from the effects of waves, wind and waves. The implementation of community service activities that focus on mangrove rehabilitation is expected to be able to contribute to environmental restoration in Lebetawi Village, Tual City and increase public awareness of the importance of protecting mangrove ecosystems. Keywords: Mangroves, Coastal"
SS_MECH_FEEDING_MUCUS_CORAL_01,MECH_FEEDING_MUCUS_CORAL,Semantic Scholar Academic Graph API,2026-08-13,c05c1f3c568b4b0ce0db89aad9b49f07fdf6f8bd,268290395,"Deep-Sea Coral Reefs: Distribution, Ecology and Anthropogenic Impacts",Victoria Oakham; R. Thompson,,,,,,,,https://www.semanticscholar.org/paper/c05c1f3c568b4b0ce0db89aad9b49f07fdf6f8bd,False,,1,1,0,,Environmental Science; Biology,
SS_MECH_FEEDING_MUCUS_CORAL_01,MECH_FEEDING_MUCUS_CORAL,Semantic Scholar Academic Graph API,2026-08-13,c069cc4854dd58f0ba21208f337a85e4a5fde8a2,128834725,"Middle Triassic biostromes from the Liard Formation, British Columbia, Canada: oldest examples from the Mesozoic of NW Pangea",J. Zonneveld,2001,2001-12-15,,,10.1016/S0037-0738(01)00154-3,,,https://www.semanticscholar.org/paper/c069cc4854dd58f0ba21208f337a85e4a5fde8a2,False,,37,56,0,Geology,Geology; Geology,
SS_MECH_FEEDING_MUCUS_CORAL_01,MECH_FEEDING_MUCUS_CORAL,Semantic Scholar Academic Graph API,2026-08-13,c0afc5979dea4dd4ff1f67f6f06dc497ee3babec,283695514,"Marine Resources and Utilization in Buug, Dumanquillas Bay, Philippines",,2020,2020-09-01,International Journal of Biosciences,JournalArticle,10.12692/ijb/17.3.124-133,,,https://www.semanticscholar.org/paper/c0afc5979dea4dd4ff1f67f6f06dc497ee3babec,True,https://innspub.net/wp-content/uploads/2022/03/IJB-V17-No3-p124-133.pdf,1,11,0,,Environmental Science,"A pioneering study was done in Buug, Dumanguillas Bay to identify marine species and its utilization. Lack of information about the bay’s marine species resources and its utilization serve as a basis for the conduct of this study for sustainable coastal management. The identification of marine species and its utilization in Dumanguillas Bay is reported here. The fish landing method was employed to get the fish species from the fishermen to catch in the bay. Documents archival and direct observation were done to collect species of other marine resources. Key informant interviews (KII) and focus group discussions were used to get information on the utilization of marine resources. Finfish are of 40 species representing 29 families, 39 fish species were muddy/substrate thriving fish. Fish were directly sold to middlemen for income, used for feed on priced fish, and some were dried. Mangrove consists of eight species, seagrass consists of five species, whereas coral consists of four species and seaweeds consist of 10 species. Seagrass beds and coral reefs were already destroyed due to siltation and sedimentation although there are small patches present. Mangroves were protected but a very small area remained. Ecosystem Approach to Fisheries Management (EAFM) should be the anchor on the management of coastal and marine resources in the bay."
SS_MECH_FEEDING_MUCUS_CORAL_01,MECH_FEEDING_MUCUS_CORAL,Semantic Scholar Academic Graph API,2026-08-13,c14f1962c5fe92e63923571e0773921c8399b3b1,288831172,"Corals as Chemical Archives: PAH Concentration, Transformation, and Ecosystem Risk Across the Tropical Belt",H. Umasangaji; Y. Ramili; Nurul Asyiqin; L. Maslukah,2026,2026-04-02,BULETIN OSEANOGRAFI MARINA,JournalArticle,10.14710/buloma.v15i2.82834,,,https://www.semanticscholar.org/paper/c14f1962c5fe92e63923571e0773921c8399b3b1,True,https://ejournal.undip.ac.id/index.php/buloma/article/download/82834/30612,0,65,0,,Environmental Science; Chemistry,"Polycyclic aromatic hydrocarbons (PAHs) are now widespread and consequential contaminants in tropical and subtropical coral reef ecosystems. Studies from the Arabian Sea, South China Sea, Brazilian Atlantic, Persian Gulf, Gulf of Suez, and remote oceanic archipelagos show that PAHs permeate seawater, suspended particulates, sediments, island soils, coral tissues, mucus, Symbiodiniaceae, benthic invertebrates, and reef fishes. Although many concentrations fall within regulatory categories labeled low to moderate, experimental and field data reveal physiological impairment, bioaccumulation, trophic transfer, and metabolic stress at levels below existing environmental thresholds. Multi-matrix comparisons demonstrate large heterogeneity, with particulates and biological tissues showing orders-of-magnitude enrichment over dissolved fractions. Extreme particulate loads reported from Lakshadweep lagoons (6469.86 ng g⁻¹) and high concentrations in Persian Gulf coral tissues (1127 ng g⁻¹) and zooxanthellae (1421 ng g⁻¹) indicate that corals and symbionts act as biochemical concentrators. Atmospheric deposition, including gas-phase PAHs up to 113.1 ng m⁻³ in offshore South China Sea reefs, highlights long-range transport independent of local industry. Experimental research also shows sensitivity in early life stages and symbioses, including coral-larval impairment at ~34 µgTAHL⁻¹ and fossil-carbon assimilation by Symbiodiniaceae under crude-oil exposure. Briefly, PAHs represent chronic ecosystem-level stressors with major implications for coral-reef resilience under accelerating climate pressure. "
SS_MECH_FEEDING_MUCUS_CORAL_01,MECH_FEEDING_MUCUS_CORAL,Semantic Scholar Academic Graph API,2026-08-13,c189d60625be5e9b9c42a48cf52482cd9abf8148,53547960,"Predictions of Turbidity Due to Enhanced Sediment Resuspension Resulting from Sea-Level Rise on a Fringing Coral Reef: Evidence from Molokai, Hawaii",A. Ogston; M. Field,2010,2010-11-09,,,10.2112/JCOASTRES-D-09-00064.1,,,https://www.semanticscholar.org/paper/c189d60625be5e9b9c42a48cf52482cd9abf8148,False,,45,42,5,Geology,Geology; Environmental Science; Geology,
SS_MECH_FEEDING_MUCUS_CORAL_01,MECH_FEEDING_MUCUS_CORAL,Semantic Scholar Academic Graph API,2026-08-13,c1db0a1df0b7910299bf0fc2d5ae02483918dd11,214689528,Phycological perspective on evolution of life and earth environment,Haruyo Yamaguchi; I. Inouye,2011,,,Review,,,,https://www.semanticscholar.org/paper/c1db0a1df0b7910299bf0fc2d5ae02483918dd11,False,,0,9,0,,Environmental Science; Biology,
SS_MECH_FEEDING_MUCUS_CORAL_01,MECH_FEEDING_MUCUS_CORAL,Semantic Scholar Academic Graph API,2026-08-13,c1faa042e4fb05dfd7c08235a926f70ea8b86476,129472003,"Habitats and Benthos at Hydrographers Passage, Great Barrier Reef, Australia",R. Beaman; T. Bridge; T. Done; J. Webster; Stefan B. Williams; O. Pizarro,2012,,,Review,10.1016/B978-0-12-385140-6.00029-3,,,https://www.semanticscholar.org/paper/c1faa042e4fb05dfd7c08235a926f70ea8b86476,False,,10,8,0,Geology,Geology; Environmental Science,
SS_MECH_FEEDING_MUCUS_CORAL_01,MECH_FEEDING_MUCUS_CORAL,Semantic Scholar Academic Graph API,2026-08-13,c21693cc4af39f0ddf6d3509aa6ca1f74cf6f154,129893950,Chapter 9 – Nitrogen Effects on Coastal Marine Ecosystems,J. Kelly,2001,,,,10.1016/B978-044450486-9/50011-X,,,https://www.semanticscholar.org/paper/c21693cc4af39f0ddf6d3509aa6ca1f74cf6f154,False,,9,80,0,Environmental Science,Environmental Science; Environmental Science,
SS_MECH_FEEDING_MUCUS_CORAL_01,MECH_FEEDING_MUCUS_CORAL,Semantic Scholar Academic Graph API,2026-08-13,c237dfa2715b114e67c8a04644dcd3ffe0618e06,267367689,Smith ScholarWorks Smith ScholarWorks,Rachel M Wright; Craig Nelson; Marie E. Strader; Heather M. Genuise; Mikhail V. Matz,,,,,,,,https://www.semanticscholar.org/paper/c237dfa2715b114e67c8a04644dcd3ffe0618e06,False,,0,50,0,,Environmental Science; Biology,
SS_MECH_FEEDING_MUCUS_CORAL_01,MECH_FEEDING_MUCUS_CORAL,Semantic Scholar Academic Graph API,2026-08-13,c24c7459e3dbb403cd5e8f18ec6da2c3e1e818b4,130333069,"Resiliencia en crestas de arrecifes coralinos del este del golfo de Batabanó, Cuba, y factores determinantes probables",P. Alcolado; Hansel Caballero-Aragón; A. Lara; Néstor Rey-Villiers; Liliam Arriaza; G. M. Lugioyo; Pedro Alcolado-Prieto; S. Castellanos; Susana Perera; A. Rodríguez-García,2013,,,,,,,https://www.semanticscholar.org/paper/c24c7459e3dbb403cd5e8f18ec6da2c3e1e818b4,False,,2,86,1,Geography,Geography,
SS_MECH_FEEDING_MUCUS_CORAL_01,MECH_FEEDING_MUCUS_CORAL,Semantic Scholar Academic Graph API,2026-08-13,c291f34fad44e58e771aada3e363a13a8c9727dc,40802853,"SILICA FROM STEAM CONDENSATE ALTERATION AT TIKITERE , NEW ZEALAND",K. Cook; K. A. Rodgers; P. Browne; K. Campbell,2001,,,,,,,https://www.semanticscholar.org/paper/c291f34fad44e58e771aada3e363a13a8c9727dc,False,,1,22,0,,Environmental Science; Geology,
SS_MECH_FEEDING_MUCUS_CORAL_01,MECH_FEEDING_MUCUS_CORAL,Semantic Scholar Academic Graph API,2026-08-13,c32521b6dafde73ee14f4ecb98242d59eb169388,42562530,Tissue loss in corals infested by acoelomorph flatworms (Waminoa sp.),B. Hoeksema; Z. Farenzena; Z. Farenzena,2012,2012-06-13,Coral reefs,Review,10.1007/s00338-012-0919-7,,,https://www.semanticscholar.org/paper/c32521b6dafde73ee14f4ecb98242d59eb169388,True,https://link.springer.com/content/pdf/10.1007/s00338-012-0919-7.pdf,29,6,4,Biology,Biology; Environmental Science; Biology,"Little is known about species and host specificity of epizoic acoelomorphs that live in association with corals (Barneah et al. 2012; Hoeksema et al. 2012). Most records concern zooxanthellate acoels of the genus Waminoa Winsor, 1990, which reproduce both sexually and asexually and may harm their hosts by shading and by eating their protective mucus layer, but no coral injuries have been reported so far (Haapkylä et al. 2009; Naumann et al. 2010). During a biodiversity survey around Lembeh Island (North Sulawesi, Indonesia) in January–February 2012, various damaged corals were observed that were partly or completely covered by acoels. A specimen of the mushroom coral Danafungia scruposa (Klunzinger, 1879) had 100 % Waminoa cover on its upper surface, except for a part with tissue loss (Fig. 1). Its mouth appeared clogged by sediment (Fig. 1a). The damaged area was not similar to the contact zone with neighbouring corals, although interaction with these corals may have weakened the mushroom coral’s defence capacity. Apparently, acoels can harm corals by smothering them, which may hinder their respiration, feeding and sediment shedding capacities. The infestation may be contagious, since a Sandalolitha robusta (Quelch, 1886) mushroom coral, with more than 90 % acoel cover was observed to be in close contact with one of another species, Pleuractis granulosa (Klunzinger, 1879), that was only infested at the nearest side, implying that acoels crawled or swam from one coral to another. All presently reported mushroom coral species represent new host records for Waminoa (see Hoeksema et al. 2012)."
SS_MECH_FEEDING_MUCUS_CORAL_01,MECH_FEEDING_MUCUS_CORAL,Semantic Scholar Academic Graph API,2026-08-13,c49bb331f67cc87c6aa707e7aeaba26065dac959,224965470,Site-Level Variation in Parrotfish Grazing and Bioerosion as a Function of Species-Specific Feeding Metrics,I. D. Lange; C. Perry; K. Morgan; R. Roche; Cassandra E. Benkwitt; N. Graham,2020,2020-10-02,Diversity,,10.3390/D12100379,,,https://www.semanticscholar.org/paper/c49bb331f67cc87c6aa707e7aeaba26065dac959,True,https://www.mdpi.com/1424-2818/12/10/379/pdf?version=1601622656,30,55,5,Biology,Biology; Environmental Science,"Parrotfish provide important ecological functions on coral reefs, including the provision of new settlement space through grazing and the generation of sediment through bioerosion of reef substrate. Estimating these functions at an ecosystem level depends on accurately quantifying the functional impact of individuals, yet parrotfish feeding metrics are only available for a limited range of sites, species and size classes. We quantified bite rates, proportion of bites leaving scars and scar sizes in situ for the dominant excavator (Cetoscarus ocellatus, Chlorurus strongylocephalus, Ch. sordidus) and scraper species (Scarus rubroviolaceus, S. frenatus, S. niger, S. tricolor, S. scaber, S. psittacus) in the central Indian Ocean. This includes the first record of scar frequencies and sizes for the latter three species. Bite rates varied with species and life phase and decreased with body size. The proportion of bites leaving scars and scar sizes differed among species and increased with body size. Species-level allometric relationships between body size and each of these feeding metrics were used to parameterize annual individual grazing and bioerosion rates which increase non-linearly with body size. Large individuals of C. ocellatus, Ch. strongylocephalus and S. rubroviolaceus can graze 200–400 m2 and erode >500 kg of reef substrate annually. Smaller species graze 1–100 m2 yr−1 and erode 0.2–30 kg yr−1. We used these individual functional rates to quantify community grazing and bioerosion levels at 15 sites across the Maldives and the Chagos Archipelago. Although parrotfish density was 2.6 times higher on Maldivian reefs, average grazing (3.9 ± 1.4 m2 m−2 reef yr−1) and bioerosion levels (3.1 ± 1.2 kg m−2 reef yr−1) were about 15% lower than in the Chagos Archipelago (4.5 ± 2.3 and 3.7 ± 3.0, respectively), due to the dominance of small species and individuals in the Maldives (90% <30 cm length). This demonstrates that large-bodied species and individuals contribute disproportionally to both grazing and bioerosion. Across all sites, grazing increased by 66 ± 5 m2 ha−1 and bioerosion by 109 ± 9 kg ha−1 for every kg increase in parrotfish biomass. However, for a given level of parrotfish biomass, grazing and bioerosion levels were higher on Maldivian reefs than in the Chagos Archipelago. This suggests that small-bodied fish assemblages can maintain ecosystem functions, but only if key species are present in sufficiently high numbers."
SS_MECH_FEEDING_MUCUS_CORAL_01,MECH_FEEDING_MUCUS_CORAL,Semantic Scholar Academic Graph API,2026-08-13,c49fabb4af7090b08a6e69b8d9549a6745d79c03,34753650,Integrating ecological roles and trophic diversification on coral reefs: multiple lines of evidence identify parrotfishes as microphages,K. Clements; D. German; J. Piché; A. Tribollet; J. Choat,2016,2016-11-09,,Review,10.1111/BIJ.12914,,,https://www.semanticscholar.org/paper/c49fabb4af7090b08a6e69b8d9549a6745d79c03,True,https://hal.archives-ouvertes.fr/hal-01629802,297,205,18,Biology,Biology; Environmental Science; Biology,
SS_MECH_FEEDING_MUCUS_CORAL_01,MECH_FEEDING_MUCUS_CORAL,Semantic Scholar Academic Graph API,2026-08-13,c53f2f0f57dca0aab2f492a89aa0c201411713c7,109911625,"Patterns in the Local Distribution of the Sea Whip, Halipteris willemoesi , in an Area Impacted by Mobile Fishing Gear",J. Lindholm; Megan M. Kelly; D. Kline; J. D. Marignac,2008,2008-12-01,,Review,10.4031/002533208787157651,,,https://www.semanticscholar.org/paper/c53f2f0f57dca0aab2f492a89aa0c201411713c7,True,https://doi.org/10.4031/002533208787157651,5,18,0,Engineering,Engineering; Environmental Science; Biology,"The sea whip, Halipteris willemoesi (Octocorallia: Pennatulacea) is a sessile macro-invertebrate common on the continental shelf and slope of western North America. It is an erect, colonial organism that is anchored to the seafloor by a burrowing peduncle (Wilson et al., 2002). Members of the family have been reported at water depths ranging from 50 to 6200 m (Williams, 1999; Stone, 2003). Along the central coast of California (USA) sea whips are frequently observed along the outer continental shelf in low densities (< 1 m ) and are periodically found in dense patches (>2 m ). The factors contributing to observed sea whip densities have not yet been explained. A variety of organisms, including rockfish (Kreiger, 1993; Brodeur, 2001), sea horses (Choo and Liew, 2003), weathervane scallops (Masuda and Stone, 2003) and basket stars (de Marignac et al., in review) have been observed to associate with H. willemoesi or other pennatulid species. As attributes of animal habitat, sea whips may provide cover from predation and facilitate animal feeding higher in the water column. The vulnerability of the H. willemosi to impacts from trawling activity remains unclear. Studies of age and growth indicate that sea whip life spans may exceed 50 yrs (Wilson et al., 2002), indicating that any impacts from trawling could persist for decades. Troffe et al. (2005) found differential impacts to H. willemosi from beam trawls and prawn traps. They theorized that sea whips may be able to withstand impacts from mobile fishing gear by bending and/or re-attaching to the sediment following disruption. Both bending and reattachment have been observed in other pennatulid species in the presence of fishing activity (Eno et al., 2001). However, in the Gulf of Alaska, 55% of individual sea whips (Stylea spp.) were either broken or had been extracted from the sediment following a single pass of a trawl (Freese et al., 1999). ImR E S E A R C H N O T E Current Address: Institute for Applied Marine Ecology, California State University Monterey Bay"
SS_MECH_FEEDING_MUCUS_CORAL_01,MECH_FEEDING_MUCUS_CORAL,Semantic Scholar Academic Graph API,2026-08-13,c540d967c163ce19b9485343b88b9f72ea00eee6,132068647,Orders Lithoglyptida & Cryptophialida,G. Kolbasov,2015,,,,,,,https://www.semanticscholar.org/paper/c540d967c163ce19b9485343b88b9f72ea00eee6,False,,0,14,0,Biology,Biology; Biology; Environmental Science,
SS_MECH_FEEDING_MUCUS_CORAL_01,MECH_FEEDING_MUCUS_CORAL,Semantic Scholar Academic Graph API,2026-08-13,c5b014278fc7e9f9828c932aa9913a98c5368051,53046636,Changes in Radial Polyp Tissues of Acropora Longicyathus After Long-Term Exposure to Experimentally Elevated Nutrient Concentrations,D. Bucher; P. Harrison,2018,2018-10-23,Frontiers in Marine Science,,10.3389/fmars.2018.00390,,,https://www.semanticscholar.org/paper/c5b014278fc7e9f9828c932aa9913a98c5368051,True,https://www.frontiersin.org/articles/10.3389/fmars.2018.00390/pdf,2,52,0,Biology,Biology; Environmental Science,"Coral tissues control growth and calcification processes that ultimately build coral reefs but relatively little information is available on the effects of nutrients on polyp tissues. The structure and organisation of coral tissues were investigated using thin (0.5–1µm) sections of young (<3 months) radial polyps of the reef-building coral Acropora longicyathus that had been exposed to elevated concentrations of ammonium (‘N’) and/or phosphate (‘P’) in the ENCORE experiment at One Tree Island, southern Great Barrier Reef. Young polyps of N-treated corals had similar porosity but significantly decreased length of calicoblastic body wall per cross-section of the septotheca compared with controls. Other studies using older skeletons of the same corals found they were significantly less porous than controls and their branches had reduced extension rates and reduced lesion-healing ability, indicating that increased calcification occurred in the infilling process rather than during apical extension. The free body wall epidermal tissues of P-treated polyps were significantly thicker than corals in control conditions and their calyx walls had significantly greater length of calicoblastic body wall per cross-section despite similar porosity to controls. This suggests that phosphate stimulated tissue growth and apical calcification. Although other studies of the chlorophyll content of older tissue found it was significantly increased by phosphate treatments, more rapid extension of the branches kept Symbiodiniacean densities in the younger polyps similar to controls. We recorded a reduction in the density of mucous bodies in P-treated corals, which is potentially significant for the survival of corals in polluted water because of the important roles of mucus in facilitating removal of sediment from the coral surface and as a barrier to pathogen infection."
SS_MECH_FEEDING_MUCUS_CORAL_01,MECH_FEEDING_MUCUS_CORAL,Semantic Scholar Academic Graph API,2026-08-13,c629666d94c31338884537279b28446d4605208e,271589591,Searching for drivers of the patchy distribution of sympatric deposit‐feeding sea cucumbers: A multi‐scale monitoring study,Joséphine Pierrat; Léa Urbistondoy; A. Modi; Betsy Viramoutou; P. Frouin,2024,2024-07-29,Limnology and Oceanography,JournalArticle,10.1002/lno.12649,,,https://www.semanticscholar.org/paper/c629666d94c31338884537279b28446d4605208e,False,,6,73,0,,Environmental Science; Biology,"Three sea cucumber species, Holothuria atra, Holothuria leucospilota, and Stichopus chloronotus, are patchily distributed within the coral reefs of Reunion Island, exhibiting locally high densities (> 1 ind m−2). Previous studies stated that these sympatric species have thrived for almost four decades; however, factors involved in their distribution and spatiotemporal dynamics are not well understood yet. The aims of this study are to analyze the fine‐scale spatiotemporal dynamics of these sympatric species and identify the key sedimentary factors (substrate composition and cover) involved in their distribution. Sea cucumber populations and sedimentary factors were monitored along back‐reef and shore‐to‐ocean gradients during four consecutive seasons. Meanwhile, feeding behavior was assessed by measuring motility and excretion rates. Each species presents its own dynamic between the beginning and the end of the monitoring: increase of density for H. leucospilota, stability for H. atra, and decrease for S. chloronotus. Distribution of H. atra was closely related to substrate organic features (high organic matter, chlorophyll a, and ∂13C), H. leucospilota with the occurrence of seagrass and S. chloronotus with none. Results on feeding behavior showed that S. chloronotus emerges as a specialist while the two others appear to be generalists. Conspecific attraction or recruitment pattern may drive the high‐density patchy distribution of both Holothuria species, while the drastic decrease of S. chloronotus could be linked to unstudied factors related to predation or climate change. Water flow regime could also have a significant effect on the patchy distribution of these species, therefore, further studies should pay particular attention to this factor."
SS_MECH_FEEDING_MUCUS_CORAL_01,MECH_FEEDING_MUCUS_CORAL,Semantic Scholar Academic Graph API,2026-08-13,c64086f819f9fba810000b2144f8c8b8728723f9,55404796,Influence of sediment transport on short-term recolonization by seamount infauna,L. Levin; C. DiBacco,1995,1995-07-20,,,10.3354/MEPS123163,,,https://www.semanticscholar.org/paper/c64086f819f9fba810000b2144f8c8b8728723f9,True,https://www.int-res.com/articles/meps/123/m123p163.pdf,44,40,1,Biology,Biology; Environmental Science,
SS_MECH_FEEDING_MUCUS_CORAL_01,MECH_FEEDING_MUCUS_CORAL,Semantic Scholar Academic Graph API,2026-08-13,c66e06fa0032eb168b045127d08aaa599b1cefed,98465846,Mineralization of particulate organic matter derived from coral-reef organisms in reef sediments of the Gulf of Aqaba,M. Rasheed; C. Wild; C. Jantzen; M. Badran,2006,2006-02-01,,,10.1080/02757540500456823,,,https://www.semanticscholar.org/paper/c66e06fa0032eb168b045127d08aaa599b1cefed,True,https://pure.mpg.de/pubman/item/item_2485645_2/component/file_3270659/Wild6.pdf,13,32,0,Geology,Geology; Environmental Science,
SS_MECH_FEEDING_MUCUS_CORAL_01,MECH_FEEDING_MUCUS_CORAL,Semantic Scholar Academic Graph API,2026-08-13,c6c9dfb97c48731fca564ade2206702dbb6943ef,84164782,"Bioerosion of coral reefs by two Hawaiian parrotfishes: species, size differences and fishery implications",L. Ong; K. Holland,2010,2010-03-05,,,10.1007/S00227-010-1411-Y,,,https://www.semanticscholar.org/paper/c6c9dfb97c48731fca564ade2206702dbb6943ef,False,,76,46,9,Biology,Biology; Environmental Science; Biology,
SS_MECH_FEEDING_MUCUS_CORAL_01,MECH_FEEDING_MUCUS_CORAL,Semantic Scholar Academic Graph API,2026-08-13,c6fd7ceef478d189de672f7bf5bded664da94d8f,18401567,"The Sponge Gardens of Ningaloo Reef, Western Australia",A. Heyward; J. Fromont; C. Schönberg; J. Colquhoun; B. Radford; O. Gomez,2010,2010-10-12,,Review,10.2174/1874450801004010003,,,https://www.semanticscholar.org/paper/c6fd7ceef478d189de672f7bf5bded664da94d8f,True,http://benthamopen.com/contents/pdf/TOMBJ/TOMBJ-4-3.pdf,44,23,2,Biology,Biology; Biology; Environmental Science,
SS_MECH_FEEDING_MUCUS_CORAL_01,MECH_FEEDING_MUCUS_CORAL,Semantic Scholar Academic Graph API,2026-08-13,c75fc5bb7935759df98038539afa7ad7af657cee,264231426,Mucus-net feeding by the vermetid gastropod Dendropoma maxima in coral reefs,Isabella Kappner; S. Al-Moghrabi; Claudio Richter,2000,2000-10-05,,,10.3354/MEPS204309,,,https://www.semanticscholar.org/paper/c75fc5bb7935759df98038539afa7ad7af657cee,True,https://www.int-res.com/articles/meps/204/m204p309.pdf,56,21,6,Biology,Biology; Environmental Science; Biology,
SS_MECH_FEEDING_MUCUS_CORAL_01,MECH_FEEDING_MUCUS_CORAL,Semantic Scholar Academic Graph API,2026-08-13,c7ded580b8b657c6513826a0df99db717a84aa3b,84978703,Fish feeding and dynamics of soft-sediment mollusc populations in a coral reef lagoon,G. Jones; D. Ferrell; P. Sale,1992,,,Review,10.3354/MEPS080175,,,https://www.semanticscholar.org/paper/c7ded580b8b657c6513826a0df99db717a84aa3b,True,https://doi.org/10.3354/meps080175,26,48,0,Biology,Biology; Environmental Science; Biology,
SS_MECH_FEEDING_MUCUS_CORAL_01,MECH_FEEDING_MUCUS_CORAL,Semantic Scholar Academic Graph API,2026-08-13,c7e4e049a45446889c35cbff9aac34fc0f72af24,104839909,"Stable C and N isotope analysis elucidated the importance of zooplankton in a tropical seagrass bed of Santiago Island, Northwestern Philippines",E. Metillo; R. Villanueva; K. Hayashizaki; Satoru Tamada; Masayoshi Sano; S. Nishida,2018,2018-10-14,Chemistry and ecology,,10.1080/02757540.2018.1533957,,,https://www.semanticscholar.org/paper/c7e4e049a45446889c35cbff9aac34fc0f72af24,False,,4,64,0,Environmental Science,Environmental Science; Environmental Science,"ABSTRACT The role of zooplankton in a tropical seagrass ecosystem was investigated in milkfish farms pollution-impacted and -unimpacted seagrass beds in Santiago Island coral reefs, Northwestern Philippines. The aim was to compare between the two sites: (1) abiotic factors and zooplankton community parameters, and (2) the trophic structure using C and N stable isotopes. Low water (98–119 mV) and sediment (–121 to −138 mV) Oxidation Reduction Potential values indicated a reducing environment in the impacted site. Zooplankton in the impacted site showed the typical community response to eutrophication (low diversity, but high total abundance due to the dominance of the cyclopoid copepod Oithona oculata), generally few elevated δ15N values, but a significant shift towards depleted 13C due to the organic enrichment of fish-farm feeds. Apart from suggesting a highly complex food web with POM and zooplankton as main food sources in the unimpacted site, the Bayesian mixing model simulation generated reduced complexity in feeding interactions between basal sources, zooplankton, and fish including adults of a key fish species, Siganus fuscescens, in the impacted sites. In this study, C and N stable isotope analysis has clarified the importance of zooplankton as fish prey in a seagrass bed food web."
SS_MECH_FEEDING_MUCUS_CORAL_01,MECH_FEEDING_MUCUS_CORAL,Semantic Scholar Academic Graph API,2026-08-13,c8651702bb9ef063c0e67fdcb4e60b45e1c4aa81,129429612,"The sedimentary framework of Moreton Bay, Queensland",W. Maxwell,1970,,,,10.1071/MF9700071,,,https://www.semanticscholar.org/paper/c8651702bb9ef063c0e67fdcb4e60b45e1c4aa81,False,,45,0,2,Geology,Geology; Geology,
SS_MECH_FEEDING_MUCUS_CORAL_01,MECH_FEEDING_MUCUS_CORAL,Semantic Scholar Academic Graph API,2026-08-13,c8d2fb638b2a477fd682dd54fd15f6e895c303ef,284766991,"Coral mucus input promotes sedimentary organic matter degradation: Evidence from a typical coral reef area, northern South China Sea.",Bo Yang; Bin Yang; Lei Xie; Zhenjun Kang; Xiaorong Mo; Qin Li; Jiaodi Zhou; Haifang Huang; Tingting Yan; Cheng Xu,2026,2026-01-13,Environmental Research,JournalArticle; Review,10.1016/j.envres.2026.123775,,41539527,https://www.semanticscholar.org/paper/c8d2fb638b2a477fd682dd54fd15f6e895c303ef,False,,0,88,0,Medicine,Medicine; Environmental Science,"Global warming and human activities have substantially increased coral mucus release into the ocean. A portion of this mucus is transported to sediments via hydrodynamics, significantly altering sedimentary organic matter (SOM) dynamics, though the mechanisms remain poorly understood. Through integrated field surveys and laboratory incubations in a typical South China Sea coral reef (Yangmeikeng Sea), this study revealed how coral mucus regulates organic matter (OM) transport and storage in reef sediments. Field results showed that reef sediments had lower porewater dissolved organic carbon (DOC) concentrations (5767.5 ± 186.3 μmol L-1 vs. 7103.9 ± 121.2 μmol L-1) and lower SOM content (0.12 ± 0.02 % vs. 1.42 ± 0.20 %) compared to non-reef sediments, yet higher biological reactivity. Beyond sediment grain size, mucus-mediated regulation was a critical OM dynamics driver in the study area. A 130-day microbial degradation experiment showed that porewater DOC in experimental groups (EGs; mucus-amended) decreased by 67.1-71.0% (from 7115.6-7998.3 μmol L-1 to 2289.7-2415.3 μmol L-1), compared to a 52.5% reduction in the control group (CG). Correspondingly, sedimentary total organic carbon in the EGs declined by 17.2-21.7% (from 0.86% to 0.65-0.70%), exceeding the reduction in the CG (14.6%). Coral mucus-derived DOC was highly labile (>98% degraded), with only 0.99-1.97% persisting as refractory. Mucus degradation further stimulated ambient DOC and SOM remineralization, causing additional losses of 0.81-3.23% and 2.43-6.97% from their respective initial pools. The mechanism involved coral mucus acting as a microbially activated biogeochemical engine: its high bioavailability fuels microbial metabolism, accelerating native OM turnover via priming."
SS_MECH_FEEDING_MUCUS_CORAL_01,MECH_FEEDING_MUCUS_CORAL,Semantic Scholar Academic Graph API,2026-08-13,c8fea15de39084f29ab770ccfbea2dc1701a9cef,85235601,Nutrient acquisition in four Mediterranean gorgonian species,S. Cocito; C. Ferrier‐Pagès; R. Cupido; C. Rottier; W. Meier‐Augenstein; H. Kemp; S. Reynaud; A. Peirano,2013,2013-01-21,,,10.3354/MEPS10037,,,https://www.semanticscholar.org/paper/c8fea15de39084f29ab770ccfbea2dc1701a9cef,True,https://www.int-res.com/articles/meps2013/473/m473p179.pdf,40,50,1,Biology,Biology; Environmental Science; Biology,
SS_MECH_FEEDING_MUCUS_CORAL_01,MECH_FEEDING_MUCUS_CORAL,Semantic Scholar Academic Graph API,2026-08-13,c916d4d54ebda01d33bf7c2b6b358d1375ab1404,134984914,Goniatyty wapienia węglowego z Gałęzic,S. Czarniecki,1973,,,,,,,https://www.semanticscholar.org/paper/c916d4d54ebda01d33bf7c2b6b358d1375ab1404,False,,3,0,1,Geology,Geology; Geology,
SS_MECH_FEEDING_MUCUS_CORAL_01,MECH_FEEDING_MUCUS_CORAL,Semantic Scholar Academic Graph API,2026-08-13,ca20213a2e1d68b09e37c6fcaf4b029b53345b33,122954736,Particle capture by a circular cylinder in the vortex-shedding regime,A. Espinosa-Gayosso; M. Ghisalberti; G. Ivey; N. Jones,2013,2013-09-19,Journal of Fluid Mechanics,,10.1017/jfm.2013.407,,,https://www.semanticscholar.org/paper/ca20213a2e1d68b09e37c6fcaf4b029b53345b33,False,,30,34,1,Physics,Physics; Environmental Science,
SS_MECH_FEEDING_MUCUS_CORAL_01,MECH_FEEDING_MUCUS_CORAL,Semantic Scholar Academic Graph API,2026-08-13,caa56b59bc51bdc6b70a9d99dcf876eb5d3040ae,128465305,"Shedding light on detritus: Interactions between invertebrates, bacteria and substrates in benthic habitats",E. Hunting,2013,,,,,,,https://www.semanticscholar.org/paper/caa56b59bc51bdc6b70a9d99dcf876eb5d3040ae,False,,0,275,0,Environmental Science,Environmental Science; Environmental Science; Biology,
SS_MECH_FEEDING_MUCUS_CORAL_01,MECH_FEEDING_MUCUS_CORAL,Semantic Scholar Academic Graph API,2026-08-13,caa7bd93c55199c098a30d87dd854a930e9ebfd0,83962532,"Organismos de un arrecife-fósil (Oligoceno Superior-Mioccno Inferior),del Caribe de Costa Rica",T. A. Álvarez,1969,1969-12-31,,,10.15517/RBT.V47I3.19184,,,https://www.semanticscholar.org/paper/caa7bd93c55199c098a30d87dd854a930e9ebfd0,True,https://revistas.ucr.ac.cr/index.php/rbt/article/download/19184/19233,10,4,1,Geology; Geography,Geology; Geography; Geology,"Tbis paper describes tbe fossils, materials and paleoenviromnental conditions found in some outcrops near tbe town of Jesus Maria, Turrialba, Costa Rica. Tbe rock materials (reefal limestone, sandstones and conglomerates) are associated to tbe Punta Pelada Forrnation of Upper Oligocene tu Lower Miocene age. Outcrops are of reduced extent and are unevenly distributed, hence tbey are considered as patch reefs developed by enviromnental energy fluctuations, sea level changes and clastic sedimentation from sources on small islands acting togetber in narrow platforrns. Tbe structural and enviromnental characteristics where fossil communities developed were derived from tbe analysis of 460 samples containing 36 species. Tbe reefs represent low diversity communities comprising four coral species (three of tbem reef builders), 31 mollusks species (21 gastropods: a new species, 14 camivores, three herbivores and three of uncertain feeding habits; 10 bivalves species: five endobentbic and five epibentbic); algae ( at least three groups represented); sea urchins; foraminifers; crabs. Tbe eveuness index is low, mainly regarding tbe Scleractinian corals, where Antiguastrea cellulosa predominates (80% of tbe recognized forrns). Tbe fossil assemblage suggests tbat tbe comm\lnities developed in shallow marine enviromnents (50-80 m deptb), affected by sea level changes, strung marine currents and clastic imput from nearby small islands."
SS_MECH_FEEDING_MUCUS_CORAL_01,MECH_FEEDING_MUCUS_CORAL,Semantic Scholar Academic Graph API,2026-08-13,cad9afe44b37559641dad646626fb58b647f4897,296643,Effects of the benthic cyanobacterium Lyngbya majuscula on larval recruitment of the reef corals Acropora surculosa and Pocillopora damicornis,I. B. Kuffner; V. Paul,2004,2004-07-27,Coral reefs,Review,10.1007/s00338-004-0416-8,,,https://www.semanticscholar.org/paper/cad9afe44b37559641dad646626fb58b647f4897,False,,119,26,5,Biology,Biology; Biology; Environmental Science,
SS_MECH_FEEDING_MUCUS_CORAL_01,MECH_FEEDING_MUCUS_CORAL,Semantic Scholar Academic Graph API,2026-08-13,cb370e06546187b604e1d24c673c9d0b9d3603f7,134727348,Coral reefs in turbid waters: sediment-induced stresses in corals and likely mechanisms of adaptation,K. Anthony; P. Larcombe,2002,,,,,,,https://www.semanticscholar.org/paper/cb370e06546187b604e1d24c673c9d0b9d3603f7,False,,56,16,3,Geology,Geology; Environmental Science,
SS_MECH_FEEDING_MUCUS_CORAL_01,MECH_FEEDING_MUCUS_CORAL,Semantic Scholar Academic Graph API,2026-08-13,cb5518c1211900c7ee3e6300bda76f6e22f0e8f8,129564931,Sediment rejection by recent scleractinian corals: a key to palaeo-environmental reconstruction,J. Hubbard; Y. P. Pocock,1972,1972-06-01,,,10.1007/BF01896337,,,https://www.semanticscholar.org/paper/cb5518c1211900c7ee3e6300bda76f6e22f0e8f8,False,,277,16,8,Geology,Geology,
SS_MECH_FEEDING_MUCUS_CORAL_01,MECH_FEEDING_MUCUS_CORAL,Semantic Scholar Academic Graph API,2026-08-13,cb5a0a4a50659aa973d50f32ae8cf899e46316d9,89708146,Diel shifts and habitat associations of fish assemblages on a subsea pipeline,T. Bond; T. Langlois; J. Partridge; M. Birt; B. Malseed; Luke L. Smith; D. McLean,2018,2018-10-01,Fisheries Research,Review,10.1016/J.FISHRES.2018.05.011,,,https://www.semanticscholar.org/paper/cb5a0a4a50659aa973d50f32ae8cf899e46316d9,True,https://figshare.com/articles/journal_contribution/Diel_shifts_and_habitat_associations_of_fish_assemblages_on_a_subsea_pipeline/20675985,52,74,2,Geography,Geography; Environmental Science,"Abstract Nocturnal studies of fish assemblages are relatively rare, particularly at depths greater than 100 m, despite the relevance of diel shifts in habitat usage to fisheries management. This study assesses fish diversity and abundance from remotely operated vehicle (ROV) video recordings that were collected by industry during the day and at night in the course of a subsea pipeline survey, at 130 m depth. A total of 34,862 fish from 41 species and 25 families were recorded along the 23 km of pipeline. The pipeline was characterised by a high abundance of commercially important snapper (Lutjanidae) and grouper (Epinephelidae) species. The fish assemblage sampled along the pipeline during the day differed markedly to that sampled at night time. Several ubiquitous predatory species, e.g. Epinephelus areolatus, Lutjanus quinquelineatus, Lutjanus russellii, where present during the day but not at night, likely moving off the pipeline to feed in nearby habitats. Structurally complex mesophotic epibenthic habitat forming invertebrates were observed on the pipeline including; mesophotic corals, crinoids (featherstars), gorgonocephalids (basket stars), hydroids, true anemones and sponges, but elsewhere in the region, historical trawling effort is thought to have removed such organisms and extensively modified the original habitat. These complex epibenthic habitats were considered to be important to commercial target species and the modification or loss of these habitats is thought to have negatively impacted the valuable commercial fisheries in the region. This study suggests pipelines can offer a significant epibenthic habitat and refuge for fish, potentially comparable to the historical habitats lost to trawling. Fish diversity and abundance was observed to be consistently greater where a gap/crevice existed beneath the pipeline and many species were frequently observed in conjunction with the complex invertebrate matrix above the pipeline, under spanning sections beneath the pipeline and at the pipeline-sediment interface, regardless of time of day. Further dietary analysis, spatially explicit fisheries modelling and off-pipeline surveys on the natural seafloor are required to further investigate the ecological value of pipelines and its influence in fish behaviour. The study builds knowledge of mesophotic coastal fish ecology and will help to inform discussions regarding the ecological and fisheries implications of decommissioning and the removal of subsea infrastructure."
SS_MECH_FEEDING_MUCUS_CORAL_01,MECH_FEEDING_MUCUS_CORAL,Semantic Scholar Academic Graph API,2026-08-13,cba58726cc014ba1e0c668529a5ce4830e2b2c18,202234081,"Fishes of Moreton Bay: Ecology, human impacts, and conservation",,2019,,,Review,,,,https://www.semanticscholar.org/paper/cba58726cc014ba1e0c668529a5ce4830e2b2c18,False,,3,0,1,Geography,Geography; Environmental Science; Biology,
SS_MECH_FEEDING_MUCUS_CORAL_01,MECH_FEEDING_MUCUS_CORAL,Semantic Scholar Academic Graph API,2026-08-13,cc4055370bda2f2508d51d7012693b1311a27e13,286955850,Deciphering the bioindicator potential and phenotypic plasticity of Eunicidae in coralline reef ecosystems: Global patterns to local observations.,Hurmine Ridha; Soniya Sukumaran; A. Navya; B. R. Krishna Priya,2026,2026-07-01,Marine Pollution Bulletin,JournalArticle,10.1016/j.marpolbul.2026.119644,,41905083,https://www.semanticscholar.org/paper/cc4055370bda2f2508d51d7012693b1311a27e13,False,,0,97,0,Medicine,Medicine; Environmental Science; Biology,"Eunicidae, a prominent family of polychaetes, function as reliable bioindicators of coral reef ecosystems. Global patterns revealed their consistent dominance across diverse reef systems. Indicators of both healthy and deteriorated reefs, eunicids interact symbiotically with corals and serve as both eroders and builders of coral reefs, promoting growth through aggregation but causing structural loss when bioerosion exceeds natural thresholds. The dominance of Eunicidae was further supported by our observations in the contrasting coralline reefs of the Gulf of Kachchh (GoK) and Gulf of Mannar (GoM) Marine Protected Areas (MPAs), two of India's four major coral reef ecosystems. Lysidice unicornis, abundant in these reef systems, was selected as a model organism to investigate phenotypic plasticity manifested in morphological, behavioural, and life-history traits. Morphological plasticity revealed clear regional variations. Smaller forms were prominent in GoK linked with strong currents, high sedimentation, and localised pressures, but more robust k-selected morphologies with bigger body dimensions, feeding structures, locomotory appendages, and setal features were prevalent in GoM with more stable ecosystem. Behavioural traits such as motility, feeding modes, living habitat, and sediment position also displayed plasticity, while life-history traits remained largely conserved. Trait expression in Eunicidae was primarily influenced by total organic carbon in GoK and silt content in GoM. These findings demonstrate how divergent environmental regimes and ecological stressors shape the phenotypic plasticity of Lysidice unicornis, highlighting the broader capacity of reef-associated polychaetes to modulate trait expression under differing disturbance intensities and reinforcing their value as indicators of ecosystem condition within tropical MPAs."
SS_MECH_FEEDING_MUCUS_CORAL_01,MECH_FEEDING_MUCUS_CORAL,Semantic Scholar Academic Graph API,2026-08-13,cc806681619cf2dab4b1daa51e5e714933e07eb8,2845066,"Delta13C and delta15N shifts in benthic invertebrates exposed to sewage from McMurdo Station, Antarctica.",K. Conlan; G. Rau; R. Kvitek,2006,,Marine Pollution Bulletin,JournalArticle,,,17046028,https://www.semanticscholar.org/paper/cc806681619cf2dab4b1daa51e5e714933e07eb8,False,,6,0,0,Medicine,Medicine; Environmental Science,
SS_MECH_FEEDING_MUCUS_CORAL_01,MECH_FEEDING_MUCUS_CORAL,Semantic Scholar Academic Graph API,2026-08-13,cd7a5a7f283b7d06c84b16845715c904ff02f146,132343143,"Early Eocene calcareous algae and benthic foraminifera from Meghalaya, NE India: A new record of microfacies and palaeoenvironment",S. Sarkar,2016,2016-09-22,Journal of the Geological Society of India,,10.1007/s12594-016-0491-9,,,https://www.semanticscholar.org/paper/cd7a5a7f283b7d06c84b16845715c904ff02f146,False,,17,85,2,Geology,Geology; Geology; Environmental Science,
SS_MECH_FEEDING_MUCUS_CORAL_01,MECH_FEEDING_MUCUS_CORAL,Semantic Scholar Academic Graph API,2026-08-13,cd821d5d49814706eeb20f15b2b9c96bfc5284a2,130181650,"The origin of deep-water, coral-topped mounds in the northern Rockall Trough, northeast Atlantic",D. Masson; B. Bett; D. Billett; C. L. Jacobs; A.J Wheeler; R. Wynn,2003,2003-03-15,,,10.1016/S0025-3227(02)00704-1,,,https://www.semanticscholar.org/paper/cd821d5d49814706eeb20f15b2b9c96bfc5284a2,False,,159,41,24,Geology,Geology; Environmental Science; Geology,
SS_MECH_FEEDING_MUCUS_CORAL_01,MECH_FEEDING_MUCUS_CORAL,Semantic Scholar Academic Graph API,2026-08-13,cdb434d4bd17a6ed5c92b437cebe975ae9e3fa6c,85102705,"Chlorophyll, lipid profiles and bioturbation in sediments around a fish cage farm in the Gulf of Eilat, Israel",K. Black; Lois Calder; Thom Nickell; M. Sayer; H. Orr; T. Brand; E. Cook; S. Magill; T. Katz; N. Eden; K. Jones; M. Tsapakis; D. Angel,2012,2012-08-01,,,10.1016/J.AQUACULTURE.2012.04.049,,,https://www.semanticscholar.org/paper/cdb434d4bd17a6ed5c92b437cebe975ae9e3fa6c,False,,25,57,1,Biology,Biology; Environmental Science,
SS_MECH_FEEDING_MUCUS_CORAL_01,MECH_FEEDING_MUCUS_CORAL,Semantic Scholar Academic Graph API,2026-08-13,cddb0707a3515833024c426034dc063083e89acb,221201018,Morphological and ecological trait diversity reveal sensitivity of herbivorous fish assemblages to coral reef benthic conditions.,Lucía Pombo-Ayora; D. Coker; S. Carvalho; G. Short; M. Berumen,2020,2020-08-06,Marine Environmental Research,JournalArticle; Review,10.1016/j.marenvres.2020.105102,,32814268,https://www.semanticscholar.org/paper/cddb0707a3515833024c426034dc063083e89acb,True,http://hdl.handle.net/10754/664772,25,75,0,Medicine; Biology,Medicine; Biology; Environmental Science; Biology,"Herbivorous fishes play a critical role in the maintenance of coral reefs through grazing and cropping of various benthic algae types. Herbivorous fish assemblages are sensitive to changes in the reef environment and are often targeted by local fisheries. This can lead to a decline in ecosystem functions if key groups are reduced. The present study investigates the morphological and ecological trait diversity of herbivorous reef fish assemblages in habitats differing in relative benthic coverage: i) coral-dominated, ii) algae-dominated, and iii) an intermediate habitat. Trait diversity for conspicuous herbivorous fishes was measured using three trait diversity indices: trait richness, trait divergence, and trait evenness. These indices were derived from in situ community surveys and feeding observations, morphological assessment of feeding mechanics from locally collected specimens, and ecological information obtained from published data. Trait diversity, reflected in higher trait evenness and lower trait richness, was lower within algae-dominated habitats than coral-dominated habitats, suggesting that algae-dominated habitats may be compromised by the lack of essential functions provided by key species. These groups reduce algal biomass and may help facilitate the survival and growth of corals, which in turn can increase coral cover. Algae-habitats were dominated with species known to consume macroalgae (rabbitfish and surgeonfish), appearing to provide essential feeding and habitat resources. These species include browsers and croppers that are fundamental in reducing algal biomass and may help facilitate the survival and growth of corals, which in turn can promote reef health. However, this habitat lacked parrotfishes known to remove turf algae and sediments, an essential function for clearing benthic space for coral settlement and other key benthic invertebrates. This study identified several species with overlapping functional roles in the coral-dominated and intermediate habitats. Still, species that were not redundant showed high trait complementarity, suggesting that their removal may result in the loss of unique functions. Importantly, we show that algae-dominated habitats supported high numbers of juvenile fishes especially in species targeted by local artisanal fishers. We also showed that the loss of trait diversity is greater than the loss of species diversity through the comparison of taxonomic and trait β-diversity, further emphasizing the importance of trait diversity analysis in understanding ecosystem health and maintenance."
SS_MECH_FEEDING_MUCUS_CORAL_01,MECH_FEEDING_MUCUS_CORAL,Semantic Scholar Academic Graph API,2026-08-13,ce46c05d5c4658ec3b5ff2738ee4f85c92e4b0cf,17054778,Symbiotic relationships of coral fish influence their infection by macroparasites,A. Zhokhov; V. Mikheev,2015,2015-05-01,Doklady Biological sciences,JournalArticle,10.1134/S0012496615030072,,26164333,https://www.semanticscholar.org/paper/ce46c05d5c4658ec3b5ff2738ee4f85c92e4b0cf,False,,3,22,0,Medicine; Biology,Medicine; Biology; Biology; Environmental Science,
SS_MECH_FEEDING_MUCUS_CORAL_01,MECH_FEEDING_MUCUS_CORAL,Semantic Scholar Academic Graph API,2026-08-13,ce9986944e123dd86999a064cf0081545953ad8a,53685198,Importance of Benthic Prey for Fishes in Coral Reef-Associated Sediments,R. DeFelice; J. Parrish,2003,2003-10-01,,,10.1353/PSC.2003.0029,,,https://www.semanticscholar.org/paper/ce9986944e123dd86999a064cf0081545953ad8a,True,https://scholarspace.manoa.hawaii.edu/bitstreams/40a08e4f-2779-49c1-a704-bdb00fc37938/download,16,47,0,Biology,Biology; Environmental Science,
SS_MECH_FEEDING_MUCUS_CORAL_01,MECH_FEEDING_MUCUS_CORAL,Semantic Scholar Academic Graph API,2026-08-13,cea979ebc4fe2b174a46ba6f428dcf1e68633523,53757907,"Comparative study of polycyclic aromatic hydrocarbons (PAHs) and heavy metals (HMs) in corals, surrounding sediments and surface water at the Dazhou Island, China.",Tinghan Yang; Huamin Cheng; Haihua Wang; Marco Drews; Sennan Li; Wei Huang; Hailong Zhou; C. Chen; X. Diao,2019,2019-03-01,Chemosphere,JournalArticle; Study,10.1016/j.chemosphere.2018.11.063,,30471496,https://www.semanticscholar.org/paper/cea979ebc4fe2b174a46ba6f428dcf1e68633523,False,,60,100,1,Medicine; Environmental Science,Medicine; Environmental Science; Environmental Science,"This study investigated polycyclic aromatic hydrocarbons (PAHs) content in corals (Acropora sp.), surficial sediments, and surface seawater, and heavy metals (HMs) contents in corals and sediments from Dazhou Island, Hainan, China. Concentrations of PAHs in seawater and sediment seasonally ranged from 191.5 ng L-1 to 587.7 ng L-1, and from 37.9 ng g-1 to 233 ng g-1, while levels in corals were higher (185.2-545.0 ng g-1) compared to those found in sediments, demonstrating bioaccumulation of PAHs by corals. A similar seasonally variation of PAHs was observed in water/sediments and corals, and the proportions of low molecular weight PAHs (LPAHs) in seawater and corals were higher. Pyrolytic and petrogenic contaminations were identified to be the main sources of PAHs. Lower HMs concentrations were detected in corals (9.8-39.4 μg g-1) than in sediments (65.0-83.3 μg g-1), but HMs bioaccumulation still occurs in corals. Higher concentrations of HMs in sediment and corals were detected in March and December, especially Mn and Zn. Application of an enrichment factor showed that Cu in corals was delivered from non-crustal materials, and anthropogenic inputs were possibly the main sources. According to Biota Sediment Accumulation Factor, corals could strongly bioaccumulate LPAHs and Cd, and PAHs at a higher (p < 0.05) rate than HMs. There was a lack of correlation between the accumulation of PAHs and HMs in corals based on the cluster analysis. Dual hierarchical clustering analysis result revealed that feeding, instead of symbiosis, might be the main process responsible for the bioaccumulation of PAHs and HMs."
SS_MECH_FEEDING_MUCUS_CORAL_01,MECH_FEEDING_MUCUS_CORAL,Semantic Scholar Academic Graph API,2026-08-13,ceb5ee72f0b1df0735d00a367ad681451399166c,15787017,Gewebeschaden an Hart- ond Weichkorallen durch experimentelle Sedimentation,B. Riegl; J. Bloomer,1995,,,,,,,https://www.semanticscholar.org/paper/ceb5ee72f0b1df0735d00a367ad681451399166c,False,,0,23,0,Biology,Biology; Environmental Science,
SS_MECH_FEEDING_MUCUS_CORAL_01,MECH_FEEDING_MUCUS_CORAL,Semantic Scholar Academic Graph API,2026-08-13,cf726bbae5857e6c1a03ce5a215d1257a6e9744b,289583085,"Cobalt and nickel in marine and coastal systems: A quantitative review of occurrence, bioaccumulation and ecotoxicological impacts.",Saereh Mohammadpour; Eduarda Pereira; Rosa Freitas,2026,2026-06-25,Marine Pollution Bulletin,Review; JournalArticle,10.1016/j.marpolbul.2026.120030,,42349299,https://www.semanticscholar.org/paper/cf726bbae5857e6c1a03ce5a215d1257a6e9744b,True,https://doi.org/10.1016/j.marpolbul.2026.120030,0,140,0,Medicine,Medicine; Environmental Science,"This review synthesizes studies published up to 2025 on cobalt (Co) and nickel (Ni) contamination in marine and coastal environments, identified through major scientific databases. After duplicate removal, 183 unique studies were included. Of these, 142 reported Co and/or Ni concentrations in water and/or sediments, 18 included organism-based data, and 28 were laboratory-based investigations. Environmental concentrations ranged from 0.0001 to 101 μg/L for Co and from 0.001 to 550 μg/L for Ni, whereas laboratory exposures ranged from 0.035 to 171,660 μg/L for Co and from 0.12 to 162,985 μg/L for Ni. Most studies addressed bioaccumulation and toxicity in marine invertebrates, particularly bivalves, copepods, corals, and other taxa. Bivalves, including Mytilus galloprovincialis, M. edulis, and M. trossulus, were the most frequently investigated organisms because of their filter-feeding behaviour, broad distribution, and established value as bioindicators. Under controlled exposure, M. galloprovincialis accumulated up to 33 μg/g Co and 25 μg/g Ni in tissues. Overall, Co and Ni exposure induced oxidative stress, enzymatic alterations, and cellular damage, affecting fertilisation, embryonic and larval development, growth, calcification, and reproduction. However, responses varied according to metal, dose, species, and endpoint. In corals, adverse effects were mainly associated with Co or high Ni concentrations, whereas low to moderate Ni exposure often stimulated calcification, growth, photosynthetic performance, or symbiont-related responses. Given the increasing industrial and municipal releases, especially from lithium-ion battery production, this review highlights the need for improved monitoring, source control, wastewater treatment, metal speciation assessment, and long-term ecological risk evaluation."
SS_MECH_FEEDING_MUCUS_CORAL_01,MECH_FEEDING_MUCUS_CORAL,Semantic Scholar Academic Graph API,2026-08-13,cf9313d6dad251f8959b086b04fabac248011a32,17754505,Island Systems Management for Joined up Environmental Custodianship,Bertrand Lettsome; A. Mills,2003,,,,,,,https://www.semanticscholar.org/paper/cf9313d6dad251f8959b086b04fabac248011a32,False,,1,13,0,,Environmental Science,
SS_MECH_FEEDING_MUCUS_CORAL_01,MECH_FEEDING_MUCUS_CORAL,Semantic Scholar Academic Graph API,2026-08-13,cfd2211b8bba09738e36b5b4a5bd0178c955df49,85218599,Photographic observations of the life style of a deep-sea ophiuroid Asteronyx loveni (Echinodermata),T. Fujita; S. Ohta,1988,1988-12-01,,,10.1016/0198-0149(88)90123-9,,,https://www.semanticscholar.org/paper/cfd2211b8bba09738e36b5b4a5bd0178c955df49,False,,45,18,1,Biology,Biology; Environmental Science,
SS_MECH_FEEDING_MUCUS_CORAL_01,MECH_FEEDING_MUCUS_CORAL,Semantic Scholar Academic Graph API,2026-08-13,d04482d710979d9fc75a883bb2a8fe4832dde2ad,239635519,Improper Diving Behavior Affects Physiological Responses of Acropora hyacinthus and Porites cylindrica,Yu Zhang; Jianzhong Huang; Xinke Li; Cuiping Song; J. Xia; Yuxiao Ren; Ai-Rong Wang; Xiubao Li,2021,2021-09-08,Frontiers in Marine Science,,10.3389/fmars.2021.696298,,,https://www.semanticscholar.org/paper/d04482d710979d9fc75a883bb2a8fe4832dde2ad,True,https://www.frontiersin.org/articles/10.3389/fmars.2021.696298/pdf,4,90,0,Chemistry,Chemistry; Environmental Science,"Human activities beyond ecosystem capacity have resulted in serious effects on corals worldwide. Nowadays, many studies have focused on the influence of diving activities on coral communities, while the knowledge of physiological changes under corresponding environmental stresses remains largely undetermined. In the study, we aimed to investigate the physiological effects of touching, ammonia nitrogen enrichment (5 μmol⋅L–1), and sediment cover (particle size of less than 0.3 mm), which simulated improper self-contained underwater breathing apparatus (SCUBA) diving behaviors, on Acropora hyacinthus and Porites cylindrica in Wuzhizhou Island, the South China Sea. For A. hyacinthus, continuous touching caused the tentacles to shrink and secrete mucus, which consumed energy and dissolved oxygen. The skeletal growth rate was decreased by 72% compared with the control group. There was a rapid decline of Fv/Fm and alpha under the dual impacts of high ammonia nitrogen and touching, while the Chl a concentration and tissue biomass were decreased by 36 and 28% compared with touching alone, respectively. High ammonia nitrogen and touching increased the concentrations of lipid and protein. Nevertheless, zooxanthellae density was increased by 23% to relieve the effects of a lower concentration of Chl a in a high nutrient environment. Constant touching and sediment cover in diving areas with elevated ammonia content affected the photosynthesis and respiration of corals, and a significant decrease was observed for lipid, zooxanthellae density, and Chl a concentration. Coral bleaching occurred on day 7. For P. cylindrica, the decreasing magnitude of Fv/Fm and alpha under different stresses in the subsequent phase was less compared with A. hyacinthus. The contents of carbohydrate and protein under continuous touching were decreased by 7 and 15% compared with the control group, respectively, causing negative growth. Under the dual influences of high ammonia nitrogen and continuous touching, all energy reserves were significantly lower. Repeated touching and sediment cover in diving areas containing high ammonia content increased the concentrations of lipid and protein compared with the touching and high nutrient treatment group likely because that Porites associated with C15 zooxanthella increased heterotrophic feeding to compensate for restricted symbiodiniaceae photosynthesis. Additionally, P. cylindrica produced mucus to aid the removal of sediment, so that corals didn’t obviously bleach during the experiment. Collectively, P. cylindrica was more resistant to diving activities than A. hyacinthus which only relies on photoautotrophy. To ensure the sustainable development of coral reef dive tourism, it is necessary to strengthen the supervision of diving behaviors, rotate the diving areas, and conduct regular assessments on the coral status."
SS_MECH_FEEDING_MUCUS_CORAL_01,MECH_FEEDING_MUCUS_CORAL,Semantic Scholar Academic Graph API,2026-08-13,d0748b360a9c9916d33d17d6127b037744fac2c2,84953636,Aggregations and temporal changes in the activity and bioturbation contribution of the sea cucumber Holothuria whitmaei (Echinodermata: Holothuroidea),Glenn R. Shiell; B. Knott,2010,2010-09-29,,,10.3354/MEPS08685,,,https://www.semanticscholar.org/paper/d0748b360a9c9916d33d17d6127b037744fac2c2,True,https://www.int-res.com/articles/meps2010/415/m415p127.pdf,44,53,5,Biology,Biology; Environmental Science; Biology,
SS_MECH_FEEDING_MUCUS_CORAL_01,MECH_FEEDING_MUCUS_CORAL,Semantic Scholar Academic Graph API,2026-08-13,d0f187775b2cf9a269116bc972a0c9b74962d444,21911639,Phylogenetic characterization of culturable actinomycetes associated with the mucus of the coral Acropora digitifera from Gulf of Mannar.,P. Nithyanand; Sivalingam Manju; Shunmugiah Karutha Pandian,2011,,FEMS Microbiology Letters,JournalArticle,10.1111/j.1574-6968.2010.02149.x,,21105906,https://www.semanticscholar.org/paper/d0f187775b2cf9a269116bc972a0c9b74962d444,True,https://academic.oup.com/femsle/article-pdf/314/2/112/19432044/314-2-112.pdf,49,38,5,Biology; Medicine,Biology; Medicine; Environmental Science; Biology,
SS_MECH_FEEDING_MUCUS_CORAL_01,MECH_FEEDING_MUCUS_CORAL,Semantic Scholar Academic Graph API,2026-08-13,d10bb41275314bb04fbccdd16d1ce0227b21c986,89286244,"Distribution and feeding of chitons in a boulder habitat at West Island, South Australia",M. Kangas; S. Shepherd,1984,,,,10.1080/00852988.1984.10673963,,,https://www.semanticscholar.org/paper/d10bb41275314bb04fbccdd16d1ce0227b21c986,False,,41,10,2,Biology,Biology; Environmental Science,
SS_MECH_FEEDING_MUCUS_CORAL_01,MECH_FEEDING_MUCUS_CORAL,Semantic Scholar Academic Graph API,2026-08-13,d13c445c386ce892ba980f5a919f99a80c66ad40,263170928,Gut content metabarcoding of specialized feeders is not a replacement for environmental DNA assays of seawater in reef environments,J. DiBattista; S. Liu; M. De Brauwer; Shaun P. Wilkinson; Katrina M. West; Adam Koziol; Michael Bunce,2023,2023-09-27,PeerJ,JournalArticle; Review,10.7717/peerj.16075,,37790632,https://www.semanticscholar.org/paper/d13c445c386ce892ba980f5a919f99a80c66ad40,True,https://peerj.com/articles/16075.pdf,1,74,0,Medicine,Medicine; Environmental Science; Biology,"In tropical marine ecosystems, the coral-based diet of benthic-feeding reef fishes provides a window into the composition and health of coral reefs. In this study, for the first time, we compare multi-assay metabarcoding sequences of environmental DNA (eDNA) isolated from seawater and partially digested gut items from an obligate corallivore butterflyfish (Chaetodon lunulatus) resident to coral reef sites in the South China Sea. We specifically tested the proportional and statistical overlap of the different approaches (seawater vs gut content metabarcoding) in characterizing eukaryotic community composition on coral reefs. Based on 18S and ITS2 sequence data, which differed in their taxonomic sensitivity, we found that gut content detections were only partially representative of the eukaryotic communities detected in the seawater based on low levels of taxonomic overlap (3 to 21%) and significant differences between the sampling approaches. Overall, our results indicate that dietary metabarcoding of specialized feeders can be complimentary to, but is no replacement for, more comprehensive environmental DNA assays of reef environments that might include the processing of different substrates (seawater, sediment, plankton) or traditional observational surveys. These molecular assays, in tandem, might be best suited to highly productive but cryptic oceanic environments (kelp forests, seagrass meadows) that contain an abundance of organisms that are often small, epiphytic, symbiotic, or cryptic."
SS_MECH_FEEDING_MUCUS_CORAL_01,MECH_FEEDING_MUCUS_CORAL,Semantic Scholar Academic Graph API,2026-08-13,d151515b972477eb686e7724a364308f59decf03,135443083,Cabled ocean observatory data reveal food supply mechanisms to a cold-water coral reef,T. Van Engeland; O. Godø; E. Johnsen; G. Duineveld; D. van Oevelen,2019,2019-03-01,Progress in Oceanography,,10.1016/J.POCEAN.2019.01.007,,,https://www.semanticscholar.org/paper/d151515b972477eb686e7724a364308f59decf03,True,https://www.vliz.be/imisdocs/publications/75/323375.pdf,28,88,1,Environmental Science,Environmental Science; Environmental Science,"Abstract We investigated food supply mechanisms to a cold-water coral (CWC) reef at 260 m depth on the Norwegian continental shelf using data from a cabled ocean observatory equipped with Acoustic Doppler Current Profilers (ADCPs), an echosounder, and sensors for chlorophyll, turbidity and hydrography in the benthic boundary layer (BBL). Tidal currents of up to tens of cm s−1 dominated BBL hydrodynamics while residual currents were weak (∼10 cm s−1), emphasizing a supply and high retention of locally produced phytodetritus within the trough. A direct connection between the reefs and surface organic matter (OM) was established by turbulent mixing and passive particle settling, but relative contributions varied seasonally. Fresh OM from a spring-bloom was quickly mixed into the BBL, but temperature stratification in summer reduced the surface-to-bottom connectivity and reduced the phytodetritus supply. A qualitative comparison among acoustic backscatter in the ADCPs (600 kHz, 190 kHz) and echosounder (70 kHz) suggests that vertically migrating zooplankton may present an alternative food source in summer. Nocturnal feeding by zooplankton in the upper water column sustains downward OM transport independent from water column mixing and may dominate as food supply pathway over sedimentation of the phytodetritus, especially during stratified conditions. In addition, it could present a concentrating mechanism for nutritional components as compensation for the deteriorating phytodetritus quality. Overall, the observed patterns suggest seasonal changes in the food supply pathways to the reef communities. The moderating role of temperature stratification in phytodetritus transport suggests stronger dependence of the cold-water corals on zooplankton for their dietary requirements with increased stratification under future climate scenarios. This study demonstrates the added value of permanent ocean observatories to research based on dedicated campaigns and regular monitoring."
SS_MECH_FEEDING_MUCUS_CORAL_01,MECH_FEEDING_MUCUS_CORAL,Semantic Scholar Academic Graph API,2026-08-13,d18455e81f8ce85a606576c40efcf749d458059b,288251713,Depth and substrate shape the ecology of pen-shell Atrina vexillum in coral reef lagoons,Thomas Guttierez; Camille Gache; Serge Planes,2026,2026-05-15,Aquatic Ecology,JournalArticle; Review,10.1007/s10452-026-10291-5,,,https://www.semanticscholar.org/paper/d18455e81f8ce85a606576c40efcf749d458059b,True,https://link.springer.com/content/pdf/10.1007/s10452-026-10291-5.pdf,0,37,0,,Environmental Science,"Understanding how environmental gradients shape species distributions is essential for managing coral reef lagoons, where habitat heterogeneity drives benthic biodiversity. This study aims to establish the ecological baseline for the pen shell Atrina vexillum in the Society Archipelago (French Polynesia) by identifying the environmental factors structuring its distribution, size variation, and habitat use. Specifically, we tested whether depth and substrate jointly influence occurrence and shell size, and whether settlement patterns deviate from habitat availability across islands. Using stratified underwater surveys, we recorded over 2600 individuals and measured shell width, depth, and substrate type. Habitat-use analyses revealed non-random settlement patterns: coral substrates were consistently under-used relative to availability, while sand and muddy-sand were more used, sometime mixed with branching corals, with significant island-specific deviations from availability (χ2 tests, p < 0.001). Shell width showed a weak positive association with depth (ρ = 0.26, p < 0.001), an effect mainly driven by Bora-Bora where a pronounced depth gradient was sampled; other islands showed limited or no detectable depth-related size differences. Although abundance varied by more than an order of magnitude among islands, size distributions were mostly unimodal, a pattern consistent with continuous recruitment, but without clear evidence of recent, distinct cohorts. These findings identify A. vexillum as a key component of soft-bottom communities when they occur in numbers whose distribution and morphology are shaped by geomorphology. Recognizing its role as a sediment-stabilizing, filter-feeding ecosystem engineer can inform lagoon zoning and conservation strategies aimed at sustaining benthic functions and resilience in Polynesian reef ecosystems."
SS_MECH_FEEDING_MUCUS_CORAL_01,MECH_FEEDING_MUCUS_CORAL,Semantic Scholar Academic Graph API,2026-08-13,d1d75b9ce84d9d85e993f1e3fd674aed831f28b3,1645699,A hidden coral destruction.,N. Williams,2002,2002-04-16,Current Biology,News,10.1016/S0960-9822(02)00794-7,,11967161,https://www.semanticscholar.org/paper/d1d75b9ce84d9d85e993f1e3fd674aed831f28b3,True,http://www.cell.com/article/S0960982202007947/pdf,0,0,0,Medicine; Biology,Medicine; Biology; Biology; Environmental Science,
SS_MECH_FEEDING_MUCUS_CORAL_01,MECH_FEEDING_MUCUS_CORAL,Semantic Scholar Academic Graph API,2026-08-13,d2687b36320f812c2d7ee0bb9bd9bf57838a3652,246344745,Impacts of fishery and sedimentation on the feeding behavior and ecological function of herbivorous fishes in coral reef,Y. Akita; T. Kurihara; M. Uehara; T. Shiwa; K. Iwai,2022,,Marine Ecology Progress Series,,10.3354/meps13996,,,https://www.semanticscholar.org/paper/d2687b36320f812c2d7ee0bb9bd9bf57838a3652,False,,12,0,0,,Environmental Science; Biology,
SS_MECH_FEEDING_MUCUS_CORAL_01,MECH_FEEDING_MUCUS_CORAL,Semantic Scholar Academic Graph API,2026-08-13,d283ac3f2043600a420695dda637be5961119856,233855949,"Depth-related plasticity in the diet composition of Pseudechinus magellanicus (Echinoidea, Temnopleuridae) in nearshore environments off central Patagonia, Argentina",D. G. Gil; A. Boraso; E. C. Lopretto; H. Zaixso,2021,2021-03-07,Aquatic Ecology,,10.1007/s10452-021-09847-4,,,https://www.semanticscholar.org/paper/d283ac3f2043600a420695dda637be5961119856,True,http://sedici.unlp.edu.ar/handle/10915/135014,9,98,0,Biology,Biology; Environmental Science; Biology,"Pseudechinus magellanicus is one of the most abundant sea urchins in southern South America, but many aspects of its feeding ecology in nearshore environments remain unknown. Here, we aimed to analyze the variability of the diet composition along a coastal depth gradient from intertidal tidepools to upper circalittoral zones and examine the relation between seaweed availability and the diet composition at intertidal tidepools. A total of 118 food items, including seaweeds and animal components, were identified. The diet composition showed a large variation between the different coastal habitats present along the depth gradient studied. In tidepools, articulate coralline seaweeds (Corallina spp.), mussel shell fragments and small crustaceans were frequent in the gut contents, suggesting that this species behaves like a general omnivore but can also act as a mussel bioeroder when consuming epizoic algae and microeuendolithic organisms. In intertidal tidepools, the species showed a negative preference toward typical species of late successional stages such as Dictyota dichotoma, Adenocystis utricularis, Codium fragile and Chondria macrocarpa. Sea urchins from kelp forests showed higher dietary diversity than those from intertidal and deeper subtidal habitats, but with prevalence of kelps. At upper circalittoral soft bottoms, diverse detrital items as benthic diatoms, cyanobacteria and drifted algae were observed in gut contents, usually associated with fine sediments, indicating that P. magellanicus captures drifted algae and behaves like a biofilm feeder. This trophic plasticity may allow this species to occupy contrasting habitats and may also contribute to explain its wide distribution in southern South America."
SS_MECH_FEEDING_MUCUS_CORAL_01,MECH_FEEDING_MUCUS_CORAL,Semantic Scholar Academic Graph API,2026-08-13,d28d542aa6e884a6d8384dd7f11b8a7b06ea3191,134619708,Spatiotemporal variation in carbon and nitrogen stable isotope ratios of suspended and settling particles in coral reefs,T. Miyajima; N. Morimoto; Yasuaki Tanaka; A. Watanabe; Takashi Nakamura; Takahiro Yamamoto; K. Nadaoka,2016,2016-03-10,,,,,,https://www.semanticscholar.org/paper/d28d542aa6e884a6d8384dd7f11b8a7b06ea3191,False,,0,0,0,Geology,Geology; Environmental Science,
SS_MECH_FEEDING_MUCUS_CORAL_01,MECH_FEEDING_MUCUS_CORAL,Semantic Scholar Academic Graph API,2026-08-13,d2f03932823a74938dc9973e9e0e39bcb865b561,86145735,"Evidence of nutrient partitioning in coexisting deep-sea echinoids, and seasonal dietary shifts in seasonal breeders: Perspectives from stable isotope analyses",Angela Stevenson; F. Mitchell,2016,2016-02-01,,,10.1016/J.POCEAN.2015.12.004,,,https://www.semanticscholar.org/paper/d2f03932823a74938dc9973e9e0e39bcb865b561,False,,9,62,0,Biology,Biology; Environmental Science,
SS_MECH_FEEDING_MUCUS_CORAL_01,MECH_FEEDING_MUCUS_CORAL,Semantic Scholar Academic Graph API,2026-08-13,d393a15b98bc8e4364ac2a55c78aa95769e076ea,28274714,"Feeding behaviour of the felt-, sponge-, and coral-feeder sea stars, mainlyCulcita schmideliana",Culcita schmideliana; B. Thomassin; Culcita schmideliana,1976,1976-03-01,Helgoländer Wissenschaftliche Meeresuntersuchungen,,10.1007/BF01610796,,,https://www.semanticscholar.org/paper/d393a15b98bc8e4364ac2a55c78aa95769e076ea,True,https://hmr.biomedcentral.com/counter/pdf/10.1007/BF01610796,13,29,1,Biology,Biology; Environmental Science,
SS_MECH_FEEDING_MUCUS_CORAL_01,MECH_FEEDING_MUCUS_CORAL,Semantic Scholar Academic Graph API,2026-08-13,d3cb9f38120f52b5e4d0f722d75489c32c67f1fc,277786291,ScholarWorks at UMass Boston ScholarWorks at UMass Boston,R. O. A. M. Iller; R. O. J. E. Tter,,,,,,,,https://www.semanticscholar.org/paper/d3cb9f38120f52b5e4d0f722d75489c32c67f1fc,False,,84,77,5,,Environmental Science,
SS_MECH_FEEDING_MUCUS_CORAL_01,MECH_FEEDING_MUCUS_CORAL,Semantic Scholar Academic Graph API,2026-08-13,d3fc39337211431e2f2b932697401eb5d3520878,82205147,Survival and development in giant clam larvae (Tridacna gigas) exposed to benzo[a]pyrene,E. Blidberg; M. Tedengren,2004,,,,,,,https://www.semanticscholar.org/paper/d3fc39337211431e2f2b932697401eb5d3520878,False,,0,0,0,Biology,Biology; Environmental Science; Biology,
SS_MECH_FEEDING_MUCUS_CORAL_01,MECH_FEEDING_MUCUS_CORAL,Semantic Scholar Academic Graph API,2026-08-13,d48eb986e04c9dede467163ade1bbad465952ef5,129046792,Effect of the surgeonfish Ctenochaetus striatus (Acanthuridae) on the processes of sediment transport and deposition on a coral reef in the Red Sea,R. Krone; M. Paster; H. Schuhmacher,2011,2011-04-01,,,10.1007/S10347-010-0239-8,,,https://www.semanticscholar.org/paper/d48eb986e04c9dede467163ade1bbad465952ef5,True,https://epic.awi.de/id/eprint/23180/1/Kro2010e.pdf,26,29,2,Geology,Geology; Environmental Science; Biology,
SS_MECH_FEEDING_MUCUS_CORAL_01,MECH_FEEDING_MUCUS_CORAL,Semantic Scholar Academic Graph API,2026-08-13,d4d883728ba418b4c8d88919275d06a70ef7989c,83428540,Gnathia sp. (Gnathiidae) infestations on marine fish species from Turkey.,A. Alaş; A. Öktener; Muhittin Yılmaz,2009,,,,,,,https://www.semanticscholar.org/paper/d4d883728ba418b4c8d88919275d06a70ef7989c,False,,10,8,2,Biology,Biology; Environmental Science; Biology,
SS_MECH_FEEDING_MUCUS_CORAL_01,MECH_FEEDING_MUCUS_CORAL,Semantic Scholar Academic Graph API,2026-08-13,d53cb22f95a80a55adac1b36613d104131d0a188,54983232,2. Using Of Natural Spaces For Tourism Activity Scuba Diving And Impacts On Aquatic Animals,L. Mota,2016,2016-05-01,,Review,10.21157/ijtvbr.v1i1.5069,,,https://www.semanticscholar.org/paper/d53cb22f95a80a55adac1b36613d104131d0a188,True,http://jurnal.unsyiah.ac.id/IJTVBR/article/download/5069/4904,5,61,0,Geography,Geography; Environmental Science,"There were few previsions to strongly expand the growth of scuba diving activity, and nowadays training standards are enforced for safety and also for respecting the natural space where dive tourism takes place. Based on literature review, environmental impacts were noted in terms of providing positive aspects, mainly represented by economic benefits and employment opportunities. The negative side was revealed by wildlife impacts whereby animals change their behavior due harassment or contact with nature-based users, with authors reporting their concerns and measuring the consequences and long-term learning impacts. The over-usage of the reefs can result in physical devastation and chemical contamination. Land development in support of scuba diving can also cause negative impacts and affect the surrounding infrastructure, with alternating living patterns and by creating economic differences among the local society. When dive techniques are mastered, scuba diving itself does not represent a threat to the environment, neither to marine animals, but bad dive practices, poor buoyancy control associated to the lack of awareness can contribute to damage the benthic zone. Divers physical impact on the reef can benefit some species looking for opportunity to feed or compete for space, although, it destroys the habitat and lifting up sediment affect negatively coral structures by inducing stress and reducing the average amount of light."
SS_MECH_FEEDING_MUCUS_CORAL_01,MECH_FEEDING_MUCUS_CORAL,Semantic Scholar Academic Graph API,2026-08-13,d5a0311bd19da357a6dfab7f743f0568297e82a3,90099602,Bacterial assemblages associated with coral species of the Mexican Central Pacific,Joicye Hérnandez-Zulueta; Leopoldo Díaz-Pérez; R. Araya; Ofelia Vargas-Ponce; A. Rodríguez‐Troncoso; E. Ríos‐Jara; M. Ortiz; F. Rodríguez-Zaragoza,2017,2017-08-01,,,10.4067/S0718-19572017000200002,,,https://www.semanticscholar.org/paper/d5a0311bd19da357a6dfab7f743f0568297e82a3,True,https://scielo.conicyt.cl/pdf/revbiolmar/v52n2/art02.pdf,4,0,0,Biology,Biology; Environmental Science; Biology,"espanolEl papel funcional de las bacterias asociadas a corales y su contribucion a la salud del coral es aun desconocido en gran medida. Es necesario que primero se caracterice el ensamblaje microbiano del coral y sus cambios en la diversidad a traves de las especies de coral, el espacio y tiempo. Los corales ramificados (e.g., genero Pocillopora) son los principales constructores arrecifales a nivel mundial. Este estudio evaluo la estructura bacteriana asociada al mucus y tejidos de Pocillopora damicornis y Pocillopora verrucosa, asi como del agua de mar y sedimentos circundantes en 6 sitios del Pacifico central mexicano. Se emplearon las tecnicas DGGE y RFLP del ADNr 16S para generar los perfiles de bandeo o evaluar la diversidad. Ademas, se evaluo la relacion del ensamblaje bacteriano-coral con variables ambientales y espaciales del entorno arrecifal (de cada sitio), utilizando analisis multivariados. Se obtuvieron 20 Unidades Taxonomicas Operacionales (OTU) diferentes, siendo los sedimentos los que presentaron mayor numero. Se encontro una especificidad de grupos bacterianos para cada especie de coral, asi como entre el tejido y mucus de cada especie. Los resultados mostraron que los grupos de bacterias dominantes variaron entre sustratos y entre sitios, encontrando, solo una variacion espacial significativa. Las variables ambientales que explican la variacion de los grupos bacterianos dominantes en corales y agua de mar fueron las coberturas de macroalgas carnosas, coral vivo y esponja. En cambio, la variacion en los sedimentos fue explicada por las coberturas de arena, escombro y roca. EnglishThe functional role of coral-associated bacteria and their contribution to coral health is still largely unknown. The first necessary step to address this gap in the knowledge is based on characterization of the microbial assemblage of the coral and the species-specific, temporal and spatial variation in its diversity. Branched corals (e.g., genus Pocillopora), are the main builders of coral reefs worldwide. This study evaluated the bacteria associated with the mucus and tissues of Pocillopora damicornis and Pocillopora verrucosa, as well as that of the seawater and surrounding sediments, in 6 sites of the Mexican Central Pacific during summer and winter seasons. The molecular techniques DGGE and RFLP were used with the 16S rDNA to assess the most abundant bacterial OTUs. The relationships between the bacterial-coral assemblage and environmental and spatial variables of the reef surroundings were also evaluated, using the multivariate analyses. Twenty different Operational Taxonomic Units (OTU) were obtained, with the highest number presented by the sediments. Specificity of bacterial groups was found for each coral species, as well as between the tissue and mucus of each species. The results showed that the bacterial dominant groups were similar between seasons, but these showed significant spatial variations among substrates within sites, as well as per substrate across all sites. The environmental variables that explained the variation of the dominant bacterial groups in corals and sea water were the coverages of fleshy macroalgae, live coral and sponge. In contrast, variation in the sediments was explained by the coverages of sand, rubble and rock."
SS_MECH_FEEDING_MUCUS_CORAL_01,MECH_FEEDING_MUCUS_CORAL,Semantic Scholar Academic Graph API,2026-08-13,d5c024a70adb3765b69acd279fae17fb05a3dbe3,81739150,Plankton in Coral-Reef Waters,Y. Sorokin,1995,,,,10.1007/978-3-642-80046-7_4,,,https://www.semanticscholar.org/paper/d5c024a70adb3765b69acd279fae17fb05a3dbe3,False,,5,0,1,Biology,Biology; Environmental Science,
SS_MECH_FEEDING_MUCUS_CORAL_01,MECH_FEEDING_MUCUS_CORAL,Semantic Scholar Academic Graph API,2026-08-13,d5e9641b689dde5deb289b6d1221a892ca7c351d,232766558,Calling out and listening in,Tegan Armarego-Marriott,2021,2021-04-01,Nature Climate Change,Review,10.1038/s41558-021-01025-6,,,https://www.semanticscholar.org/paper/d5e9641b689dde5deb289b6d1221a892ca7c351d,False,,4,0,0,,Environmental Science,
SS_MECH_FEEDING_MUCUS_CORAL_01,MECH_FEEDING_MUCUS_CORAL,Semantic Scholar Academic Graph API,2026-08-13,d60085435bb662c7b7e3cac38de99cb7d60db74f,17088611,Fish communities of interacting shallow-water habitats in tropical oceanic regions,J. Parrish,1989,,,,10.3354/MEPS058143,,,https://www.semanticscholar.org/paper/d60085435bb662c7b7e3cac38de99cb7d60db74f,False,,362,134,36,Geography,Geography; Environmental Science; Biology,
SS_MECH_FEEDING_MUCUS_CORAL_01,MECH_FEEDING_MUCUS_CORAL,Semantic Scholar Academic Graph API,2026-08-13,d71703841b9cf9cffad0948d8de7b6708a4f4961,83422688,The ecological role of sediments on coral reefs,C. Goatley,2013,2013-12-01,,,,,,https://www.semanticscholar.org/paper/d71703841b9cf9cffad0948d8de7b6708a4f4961,False,,3,254,0,Biology,Biology; Environmental Science,
SS_MECH_FEEDING_MUCUS_CORAL_01,MECH_FEEDING_MUCUS_CORAL,Semantic Scholar Academic Graph API,2026-08-13,d76d6b9e2a67e2e9a27ed93892a5ccec71e7144d,189851713,Short-term growth measurements of corals using an accurate buoyant weighing technique,P. Spencer Davies,1989,,,,10.1007/BF00428135,,,https://www.semanticscholar.org/paper/d76d6b9e2a67e2e9a27ed93892a5ccec71e7144d,False,,130,0,20,,Environmental Science,
SS_MECH_FEEDING_MUCUS_CORAL_01,MECH_FEEDING_MUCUS_CORAL,Semantic Scholar Academic Graph API,2026-08-13,d773fe14a4c68bfc4c7bb1a02bb543d68d05239d,84163706,"Foraminifera in the diet of coral reef fish from the lagoon of New Caledonia: Predation, digestion, dispersion",J. Debenay; Aude Sigura; J. Justine,2011,2011-04-01,,,10.1016/J.REVMIC.2010.04.001,,,https://www.semanticscholar.org/paper/d773fe14a4c68bfc4c7bb1a02bb543d68d05239d,False,,23,58,0,Biology,Biology; Environmental Science; Biology,
SS_MECH_FEEDING_MUCUS_CORAL_01,MECH_FEEDING_MUCUS_CORAL,Semantic Scholar Academic Graph API,2026-08-13,d845673b4f99ef84e55e2ff44bbd6fdefcaca137,243960496,Antagonistic effects of seawalls and urban sedimentation on epilithic algal matrix (EAM)-feeding fishes.,Dillen Ng; D. Taira; E. Heery; P. Todd,2021,2021-11-09,Marine Pollution Bulletin,JournalArticle; Review,10.1016/j.marpolbul.2021.113098,,34768194,https://www.semanticscholar.org/paper/d845673b4f99ef84e55e2ff44bbd6fdefcaca137,False,,22,110,1,Medicine,Medicine; Environmental Science,"Marine urbanisation often results in the proliferation of artificial coastal defences and heavy sedimentation, adversely impacting coral reef systems in tropical coastal cities. Knowledge of how motile organisms, such as reef fish, respond to novel human-made habitats and high sedimentation is limited. Here, we examine the role of sloping granite seawalls in supporting reef fishes that utilise the epilithic algal matrix (EAM) as a food resource. We surveyed fish assemblages and feeding activities on seawalls and reef flats, and conducted a field experiment to examine the effects of sediment on EAM feeding rates. Seawalls and reef flats supported distinct fish assemblage composition with significantly greater feeding activity on seawalls. However, reduced feeding activity on EAM with elevated sediment loads suggests that urban sedimentation may limit the utility of this novel feeding ground for nearshore communities. These findings illustrate the complexities and interactive effects of anthropogenic changes driven by coastal urbanisation."
SS_MECH_FEEDING_MUCUS_CORAL_01,MECH_FEEDING_MUCUS_CORAL,Semantic Scholar Academic Graph API,2026-08-13,d85448561b4e5967000e3bafe1815585713928d4,129635235,"Lithofacies, palaeoecology and palaeoenvironments of the Agrio Formation, Lower Cretaceous of the Neuquén Basin, Argentina",D. Lazo; Marcela Cichowolski; Débora L. Rodríguez; M. AGUIRRE-URRETA,2005,,Geological Society Special Publication,,10.1144/GSL.SP.2005.252.01.15,,,https://www.semanticscholar.org/paper/d85448561b4e5967000e3bafe1815585713928d4,False,,63,48,3,Geology,Geology; Geology; Environmental Science,
SS_MECH_FEEDING_MUCUS_CORAL_01,MECH_FEEDING_MUCUS_CORAL,Semantic Scholar Academic Graph API,2026-08-13,d89686359e742e808c80efd41cd222fd3e0316f5,34559740,Molluscan subfossil assemblages reveal the long-term deterioration of coral reef environments in Caribbean Panama.,K. Cramer; J. Leonard-Pingel; Félix Rodríguez; J. Jackson,2015,2015-07-15,Marine Pollution Bulletin,JournalArticle,10.1016/j.marpolbul.2015.05.031,,26031382,https://www.semanticscholar.org/paper/d89686359e742e808c80efd41cd222fd3e0316f5,False,,19,58,0,Medicine; Biology,Medicine; Biology; Environmental Science,
SS_MECH_FEEDING_MUCUS_CORAL_01,MECH_FEEDING_MUCUS_CORAL,Semantic Scholar Academic Graph API,2026-08-13,d8ca7b917ec33f0ef847b91eb0f3c84d3c968d66,255611076,A new association between goblet worms (Entoprocta) and xeniid corals (Cnidaria),V. Denis; Yu Ting Vicky Lin; Ming-Jay Ho,2017,2017-07-19,Marine Biodiversity,Review,10.1007/s12526-017-0766-4,,,https://www.semanticscholar.org/paper/d8ca7b917ec33f0ef847b91eb0f3c84d3c968d66,False,,0,0,0,,Environmental Science; Biology,
SS_MECH_FEEDING_MUCUS_CORAL_01,MECH_FEEDING_MUCUS_CORAL,Semantic Scholar Academic Graph API,2026-08-13,d8cbb9e77cf32dd937d2908b2ecfebcd35d189b1,86166219,"Infaunal invertebrates of an intertidal sand flat, Dampier, Western Australia",A. Kohn,2003,,,,,,,https://www.semanticscholar.org/paper/d8cbb9e77cf32dd937d2908b2ecfebcd35d189b1,False,,5,19,0,Biology,Biology; Environmental Science; Biology,
SS_MECH_FEEDING_MUCUS_CORAL_01,MECH_FEEDING_MUCUS_CORAL,Semantic Scholar Academic Graph API,2026-08-13,d917478b610112daa60d4134d3bc29f19fdf900e,59495017,"The latest Paleocene crisis in the deep sea: ostracode succession at Maud Rise, Southern Ocean",P. Steineck; Ellen Thomas,1997,1997-03-01,Oceanographic Literature Review,JournalArticle,10.1016/s0967-0653(97)80273-6,,,https://www.semanticscholar.org/paper/d917478b610112daa60d4134d3bc29f19fdf900e,False,,67,5,1,,Geology; Environmental Science,"During the late Paleocene thermal maximum (ca. 55.50 Ma) mid-bathyal ostracodes at Maud Rise in the Southern Ocean (Ocean Drilling Program Site 689) underwent a sudden, dramatic turnover synchronous with a global extinction in deep-sea benthic foraminifers and with large-scale, short-lived negative excursions in the stable isotope record of foraminiferal calcite. A previously stable and long-lived ostracode assemblage, dominated by heavily calcified, chiefly epifaunal taxa, was replaced within ;10 k.y. by a taxonomically novel association of small, thin-walled opportunistic and generalist forms that persisted for ;25–40 k.y. Thereafter, ostracode faunas recovered and common bathyal forms returned, although species were smaller and/or less-heavily calcified than before the turnover. The complex fabric of change in ostracode shell morphology and assemblage composition and structure reflects both long-term and sudden perturbations in seawater chemistry at this site. Ostracode data are in agreement with the hypothesis that the latest Paleocene extinctions in the deep sea were caused by a change in the dominant source area of intermediate water mass from high altitudes to the subtropics. These data also suggest that warm saline waters persisted at Maud Rise for the next 100 k.y. INTRODUCTION A rapid negative excursion in oxygen isotope values of benthic and planktonic foraminifera at high latitudes and benthic foraminifera worldwide demonstrates that one of the most dramatic, short-lived warming events of the geologic record occurred ca. 55.5 Ma, just before the Paleocene-Eocene boundary (Rea et al., 1990; Kennett and Stott, 1991; Thomas and Shackleton, 1996). This warming event, the late Paleocene thermal maximum (Zachos et al., 1993), was associated with a global mass extinction of deep-sea benthic foraminifera, in which up to 50% of species became extinct, and a major upheaval in the global carbon cycle as indicated by a sharp, short-lived decline in carbon isotope values of benthic and planktonic foraminifera worldwide (Kennett and Stott, 1991; Thomas, 1990b, 1996; Thomas and Shackleton, 1996), as well as in continental records (Koch et al., 1995). Prior to the late Paleocene thermal maximum, deep-sea benthic foraminiferal faunas were cosmopolitan, highly diverse and dominated by large, robustly calcified species that probably inhabited epifaunal microhabitats (e.g., Kaiho, 1994). Postextinction faunas vary geographically, but generally have low diversity and are dominated by small, thin-walled species with infaunal morphologies. At some locations, the common to abundant occurrence of usually rare species such as Tappanina selmensis and Aragonia aragonensis may indicate a high flux of organic matter to the sediments, and/or low-oxygen conditions in the water column or at the sediment-water interface (Thomas, 1996). Several investigators have argued that the benthic foraminiferal extinction was triggered by the sudden switch in dominant sites of deep-water formation from high to subtropical latitudes (Thomas, 1990a; Pak and Miller, 1992; Kaiho, 1994; Thomas and Schackleton, 1996). The extinction may have been caused by the increased temperature and concomitant decreased oxygen content of the newly formed water masses and aggravated by the rapidity of change. Locally, new patterns of upwelling, thus of productivity and of “aging” of deep waters may have contributed to the severity of the crisis and to the fabric of recovery in its aftermath. In this paper we describe the uppermost Paleocene ostracode succession at Ocean Drilling Program Site 689 (Fig. 1). Our data demonstrate that these complex deep-water metazoans underwent catastrophic turnover coincident with the crisis in the much simpler protistan benthic foraminifera (Thomas, 1990b). The ostracode turnover is notable for its magnitude, species selectivity, and novel sequelae, and provides additional evidence for latest Paleocene water-mass developments in the Weddell Sea. MATERIALS AND METHODS Ocean Drilling Program Site 689 (64831.0099S, 03805.9969E, present water depth 2080 m, paleodepth 1100 m) was drilled on the northeastern side of Maud Rise (Fig. 1), an aseismic seamount about 750 km north of the Antarctic continent. Uppermost Paleocene sediments occur in an unconformity-bounded section deposited within an ;1 m.y. period (Thomas et al., 1990; Thomas and Shackleton, 1996; Aubry et al., 1996). We analyzed ostracode assemblages (.150 mm) in 12 samples (Table 1). We examined the stratigraphic range and relative frequency of numerically significant genera, and the patterns in carapace design and degree of calcification. For the sake of brevity, genera with covarying ranges and abundances have been placed into operational taxonomic groups (see Appendix). FAUNAL ANALYSIS Samples 12 to 6 (56.37–55.50 Ma) are characterized by a uniform taxonomic composition and gradual changes in relative frequencies and for important genera (Fig. 2). Krithe and OTG 6 jointly account for 45%– 85% of the sample populations. A steep decline in abundance of Krithe and the disappearance of OTG 6 define a major, severely negative turnover between samples 6 and 5 (55.50–55.49 Ma), synchronous with the benthic foraminiferal extinction and the beginning of the negative carbon and oxygen isotope anomalies (Fig. 2). Samples 5 and 4 (55.49–55.48 Ma), from the interval with very low carbon isotope values, contain a taxonomically novel assemblage composed of indigenous taxa that *Also at Department of Earth and Environmental Sciences, Wesleyan University, Middletown, Connecticut 06459. Figure 1. Location of Site 689 in eastern Weddell Sea. Submarine contour outlining Maud Rise is drawn at 3 km. Geology; July 1996; v. 24; no. 7; p. 583–586; 2 figures; 1 table. 583 were rare in older samples (e.g., Cytheropteron s.l.), and a host of immigrants including “Propontocypris” and OTG 2 and 3. This association lacks any close analogue in previously described deep-sea faunas. A second, less-severe turnover occurs between samples 4 and 3 (55.48–55.45 Ma), at the level where the large isotopic anomalies end, typical bathyal taxa reappear (OTG 4 and 5), and forms common in the no-analogue fauna disappear (OTG 2) or decline precipitously (“Propontocypris”) (Fig. 2). The composition and generic proportions of the no-analogue fauna are entirely unexpected for samples of this age and paleobathymetry. Taxa normally of paramount importance are either absent or rare. Of the common taxa in these samples, only Argilloecia and Cytheropteron s.l. are ubiquitous in the deep sea. The remainder are either undescribed (“Propontocypris”) or widespread but rare and sporadic components of deepsea assemblages. The high relative frequencies (47%) of a new genus of the Propontocypris genus group accentuate the paradoxical nature of this short-lived association. Propontocypris and its relatives are most common in sublittoral, coralline, and phytal substrates, where they feed on a soft diet (Maddocks, 1969, 1991). Prior to 1987 this group was thought to be absent from deep-water settings, and the few records in the literature were interpreted as postmortem contamination. Recent studies, however, have identified abundant living propontocyprids in wood-based and hydrothermal vent communities at bathyal and abyssal depths (Maddocks and Steineck, 1987; Van Harten, 1992). In these localized and transient, but food-rich environments, propontocyprids form an important part of an endemic fauna from which normal deepsea ostracodes are absent (Steineck et al., 1990). MORPHOTYPE ANALYSIS The chemistry of seawater strongly affects carbonate metabolism rates, which influence the design and degree of calcification of ostracode carapaces (Benson, 1975; Peypouquet et al., 1988). Ostracodes cannot store materials needed for calcification internally, so that these must be taken from the environment during moulting (Turpen and Angell, 1971). The energy costs of this process vary with the ambient availability of carbonate (i.e., the balance between the supply of organic carbon and oxygen). Fluctuations in this availability result in polyphenic variation in many taxa, ranging from “degraded” (minimally calcified) to “aggraded” (excessively calcified) morphoFigure 2. Ostracode and stable isotope data for uppermost Paleocene at Site 689. Calcareous nannoplankton and benthic for am zone s g i v e n i n Thomas et al. (1990). Age model (right vertical margin) after Thomas and Shackleton (1996), using stratigraphic interpretation of Aubry et al. (1996). Stable isotopes are based on species of benthic foram i n i f e r Len t i c u l i n a (Thomas and Shackleton, 1996). OTG is operational taxonomic group. 584 GEOLOGY, July 1996 types, representing respectively hydrochemical regimes unfavorable to, and favorable to, biomineralization (Peypouquet et al., 1988; Carbonnel and ToldererFarmer, 1988). We use the “aggradationdegradation” model to relate ostracode morphology and calcification to water-mass geochemistry. Samples 12 to 6 are dominated by large, robustly calcified taxa (0.8– 1.7 mm adult length; Krithe, OTG 6) with conspicuously aggraded and/or stereotypically massive carapaces. Benthic foraminiferal assemblages from this interval also are dominated by large, heavily calcified taxa (Thomas, 1990b, 1996; Thomas and Shackleton, 1996). Such ostracode assemblages resemble those from shallow, tropical shelves, where waters are close to supersaturation in carbonate, favorable for calcification (high O2, low CO2, high pH), and warmer than those in present-day deep oceans. In the Paleocene, intermediate to deep waters were much warmer than they are today, at 10–15 8C (Zachos et al., 1993). Samples 3 to 1 contain moderately sized taxa with mass-limited designs (OTG 4) and larger taxa (maximum 0.8 mm adult length) with degraded carapaces. Three Lazarus taxa (OTG 5) show thinner walls, subdued epirelief, and/or smaller shells after the faunal crisis, suggest"
SS_MECH_FEEDING_MUCUS_CORAL_01,MECH_FEEDING_MUCUS_CORAL,Semantic Scholar Academic Graph API,2026-08-13,d93bcf332a7b8930f97edfd5954e44297d2662f7,83046277,"Fish and trophic connectivity across coral reef and mangrove habitats of north eastern Langkawi Island, Peninsular Malaysia / Lau Chai Ming",C. Lau,2014,,,,,,,https://www.semanticscholar.org/paper/d93bcf332a7b8930f97edfd5954e44297d2662f7,False,,0,0,0,Biology,Biology; Environmental Science; Biology,
SS_MECH_FEEDING_MUCUS_CORAL_01,MECH_FEEDING_MUCUS_CORAL,Semantic Scholar Academic Graph API,2026-08-13,d93be9e2cf662781119c4b1624835674823106c3,119856260,Particle capture and low-Reynolds-number flow around a circular cylinder,A. Espinosa-Gayosso; M. Ghisalberti; G. Ivey; N. Jones,2012,2012-05-08,Journal of Fluid Mechanics,,10.1017/jfm.2012.367,,,https://www.semanticscholar.org/paper/d93be9e2cf662781119c4b1624835674823106c3,False,,48,38,5,,Environmental Science,
SS_MECH_FEEDING_MUCUS_CORAL_01,MECH_FEEDING_MUCUS_CORAL,Semantic Scholar Academic Graph API,2026-08-13,da3400c352f0bd466ea8ef85d5d66e5f8f3d8064,52996154,IODP Expedition 307 drills cold-water coral mound along the Irish continental margin,T. Ferdelman; A. Kano; T. Williams,2006,2006-03-01,,Review,10.2204/IODP.SD.2.02.2006,,,https://www.semanticscholar.org/paper/da3400c352f0bd466ea8ef85d5d66e5f8f3d8064,True,https://sd.copernicus.org/articles/2/11/2006/sd-2-11-2006.pdf,18,13,4,Geology,Geology; Environmental Science; Geology,"Over the past decade, oceanographic and geophysical surveys along the slope of the Porcupine Seabight off the southwestern continental margin of Ireland have identified upwards of a thousand enigmatic mound-like structures (Figs. 1 and 2). The mounds of the Porcupine Seabight rise from the seafloor in water depths of 600-900 m and form impressive conical bodies several kilometers wide and up to 200 m high. Although a few mounds such as Thérèse Mound and Galway Mound are covered by a thriving thicket of coldwater corals, most mound tops and flanks are covered by dead coral rubble or are entirely buried by sediment (De Mol et al., 2002; Fig. 2, Beyer et al., 2003). Lophelia pertusa (Fig. 3) and Madrepora oculata are the most prominent cold-water corals growing without photosynthetic symbionts. The widespread discovery of large and numerous coral-bearing banks and the association of these corals with the mounds have generated significant interest as to the composition, origin and development of these mound structures. (internal control) (Hovland et al., 1998; Henriet et al., 2001). The oceanographic or environmental hypothesis states that the two most important conditions for stimulating mound development are (1) strong, nutrient-rich currents that provide suspended food to the filter-feeding corals, sweep the polyps clean of detritus and inhibit sediment burial, and (2) a stable substrate for settlement of coral larvae (Frederiksen et al., 1992). Strong bottom currents in the Belgica mound province, resulting from internal tidal wave effects at the boundary between Mediterranean Outflow Water and East North Atlantic Water, provide the suspended nutrients for filter-feeding cold-water corals."
SS_MECH_FEEDING_MUCUS_CORAL_01,MECH_FEEDING_MUCUS_CORAL,Semantic Scholar Academic Graph API,2026-08-13,da4a97c1a2a6073bc2d35cc1cfaa258ec0467457,91598301,Acute effects of back-to-back hurricanes on the underwater light regime of a coral reef,P. Edmunds; G. Tsounis; R. Boulon; L. Bramanti,2019,2019-01-11,Marine Biology,,10.1007/S00227-018-3459-Z,,,https://www.semanticscholar.org/paper/da4a97c1a2a6073bc2d35cc1cfaa258ec0467457,False,,19,44,3,Biology,Biology; Environmental Science,
SS_MECH_FEEDING_MUCUS_CORAL_01,MECH_FEEDING_MUCUS_CORAL,Semantic Scholar Academic Graph API,2026-08-13,da7e22604df4aeceed080508ff0c87ac77122f50,38586824,NATURAL CORAL COLONIZATION OF A MARINA SEAWALL IN SINGAPORE,C. Ming; Ng Chin Soon Lionel; C. Jeremy; S. Angie,2010,,,,,,,https://www.semanticscholar.org/paper/da7e22604df4aeceed080508ff0c87ac77122f50,False,,17,38,0,Biology,Biology; Environmental Science,
SS_MECH_FEEDING_MUCUS_CORAL_01,MECH_FEEDING_MUCUS_CORAL,Semantic Scholar Academic Graph API,2026-08-13,daf0aa2bdefdc1c32e7a762aaf44925f2798a951,128622743,Biogenic Sedimentary Structures in Facies of Middle Ordovician Black River Group of New York State: ABSTRACT,K. Walker,1968,,,,10.1306/5D25C3D9-16C1-11D7-8645000102C1865D,,,https://www.semanticscholar.org/paper/daf0aa2bdefdc1c32e7a762aaf44925f2798a951,True,https://doi.org/10.1306/5d25c3d9-16c1-11d7-8645000102c1865d,0,0,0,Geology,Geology; Geology,"This study is based on analysis of 450 large vertical slabs from eight stratigraphic sections in the Black River Group type area, the Black River valley, northwest New York State. The group is underlain by an irregular Precambrian surface, is 90-140 ft thick, and consists of three formations: the basal Pamelia, the Lowville, and the Chaumont. These represent a sequence of six nearshore sedimentologic facies. Superimposed on these are four biogenic sedimentary structure facies, each characterized by particular biogenic structures. The Pamelia Formation consists of buff, algally laminated, fine-scale-mudcracked, supratidal dolomite characterized by rare vertical burrows like those of the succeeding Lowville Formation, and a sparse euryhaline fauna. The lower Lowville consists of lithologic types representing two environments: (1) gray, mudcracked, ripple-marked, thin-bedded, intertidal limestone with a euryhaline fauna, and (2) dark gray, thick-bedded, laminated, subtidal limestone containing algally coated grains and a sparse stenohaline fauna. The intertidal Lowville is characterized by permanent, vertical, and U-shaped burrows which today are most common in intertidal environments. Filter feeders usually construct these burrows for protection in environments characterized by stress at the interface. The subtidal part of the lower Lowville Formation is characterized by complex, irregularly oriented, feeding burrows, and large, concentrically laminated burrows. Today these types of burrows are common in quiet subtidal environme ts where deposit feeders dominate. The upper Lowville Formation represents a wave baffle formed by compound colonies of the spindle-shaped coral Tetradium associated with marginal zones of fallen Tetradium. These rocks are characterized by absence of biogenic structures, probably caused by the mechanical difficulty of burrowing into sediment with such a felted texture. The Chaumont Formation consists of silt-size debris of a diverse stenohaline biota, and is unbedded because of thorough burrowing. It is characterized by small, horizontal, sediment-filled burrows, which today dominate in level-bottom marine environments where a thin oxidized zone favors deposit feeders which cover broad horizontal areas near the sediment surface. Thus, integration of faunal, sedimentologic, and stratigraphic data with information on recent biogenic structures allows ecologic interpretation of Ordovician structures. End_of_Article - Last_Page 554------------"
SS_MECH_FEEDING_MUCUS_CORAL_01,MECH_FEEDING_MUCUS_CORAL,Semantic Scholar Academic Graph API,2026-08-13,dbe93ef8986cc07e836dacfebe523af02daaebb1,261691033,UvA-DARE (Digital Academic First insights into the impacts of benthic cyanobacterial mats on fish herbivory functions on a nearshore coral reef,Amanda K. Ford; P. Visser; M. Herk; Evelien Jongepier; Victor Bonito,2021,,,Review,,,,https://www.semanticscholar.org/paper/dbe93ef8986cc07e836dacfebe523af02daaebb1,False,,0,85,0,,Environmental Science; Biology,
SS_MECH_FEEDING_MUCUS_CORAL_01,MECH_FEEDING_MUCUS_CORAL,Semantic Scholar Academic Graph API,2026-08-13,dbf05b7a14ca8c0c72594d838688ecd97d3100da,246300071,No short-term effect of sinking microplastics on heterotrophy or sediment clearing in the tropical coral Stylophora pistillata,S. Bejarano; Valeska Diemel; Anna Feuring; Mattia Ghilardi; T. Harder,2022,2022-01-27,Scientific Reports,JournalArticle,10.1038/s41598-022-05420-7,,35087129,https://www.semanticscholar.org/paper/dbf05b7a14ca8c0c72594d838688ecd97d3100da,True,https://www.nature.com/articles/s41598-022-05420-7.pdf,13,111,0,Medicine,Medicine; Environmental Science,"Investigations of encounters between corals and microplastics have, to date, used particle concentrations that are several orders of magnitude above environmentally relevant levels. Here we investigate whether concentrations closer to values reported in tropical coral reefs affect sediment shedding and heterotrophy in reef-building corals. We show that single-pulse microplastic deposition elicits significantly more coral polyp retraction than comparable amounts of calcareous sediments. When deposited separately from sediments, microplastics remain longer on corals than sediments, through stronger adhesion and longer periods of examination by the coral polyps. Contamination of sediments with microplastics does not retard corals’ sediment clearing rates. Rather, sediments speed-up microplastic shedding, possibly affecting its electrostatic behaviour. Heterotrophy rates are three times higher than microplastic ingestion rates when corals encounter microzooplankton (Artemia salina cysts) and microplastics separately. Exposed to cysts-microplastic combinations, corals feed preferentially on cysts regardless of microplastic concentration. Chronic-exposure experiments should test whether our conclusions hold true under environmental conditions typical of inshore marginal coral reefs."
SS_MECH_FEEDING_MUCUS_CORAL_01,MECH_FEEDING_MUCUS_CORAL,Semantic Scholar Academic Graph API,2026-08-13,dc551346c9b020cae64b23a24fefac1042349f39,90959024,Characterisation of hard-substrate habitats in the German Bight (SE North Sea) from video observation,Rune Michaelis; Finn Mielck; S. Papenmeier; Lasse Sander; C. Hass,2017,,,Review,,,,https://www.semanticscholar.org/paper/dc551346c9b020cae64b23a24fefac1042349f39,False,,1,0,0,Biology,Biology; Environmental Science,
SS_MECH_FEEDING_MUCUS_CORAL_01,MECH_FEEDING_MUCUS_CORAL,Semantic Scholar Academic Graph API,2026-08-13,dca7d46a9c9a4b809ebfabada4c0749f3ce62616,87132540,Self Righting in the Free-Living Coral Manicina areolata (Cnidaria: Scleractinia): Morphological Constraints,Amy V. Uhrin; C. Slade; J. Holmquist,2005,,,,,,,https://www.semanticscholar.org/paper/dca7d46a9c9a4b809ebfabada4c0749f3ce62616,False,,10,26,1,Biology,Biology; Environmental Science; Biology,
SS_MECH_FEEDING_MUCUS_CORAL_01,MECH_FEEDING_MUCUS_CORAL,Semantic Scholar Academic Graph API,2026-08-13,dcfaa09cd8f97cbc86452ad99abd836e7e4814a8,82856682,Prehistoric Life: Evolution and the Fossil Record,B. Lieberman; R. L. Kaesler,2010,2010-03-15,,,10.5860/choice.48-0286,,,https://www.semanticscholar.org/paper/dcfaa09cd8f97cbc86452ad99abd836e7e4814a8,True,https://pq-static-content.proquest.com/collateral/media2/documents/ebookcentral-dda.pdf,10,0,0,Geology,Geology; Biology; Geology; History,
SS_MECH_FEEDING_MUCUS_CORAL_01,MECH_FEEDING_MUCUS_CORAL,Semantic Scholar Academic Graph API,2026-08-13,dd1b6ef6d33e945a2d600194db0d6bf9e4272a60,4418106,Coral mucus functions as an energy carrier and particle trap in the reef ecosystem,C. Wild; M. Huettel; Anke Klueter; Stephan G. Kremb; M. Rasheed; B. Jørgensen,2004,2004-03-04,Nature,JournalArticle,10.1038/nature02344,,14999280,https://www.semanticscholar.org/paper/dd1b6ef6d33e945a2d600194db0d6bf9e4272a60,False,,640,43,57,Biology; Medicine,Biology; Medicine; Environmental Science; Biology,
SS_MECH_FEEDING_MUCUS_CORAL_01,MECH_FEEDING_MUCUS_CORAL,Semantic Scholar Academic Graph API,2026-08-13,dd607471905a1a33929f0daffb0bfaa419d3ebaf,85933951,"Behaviour and habitat of Neohela monstrosa (Boeck, 1861) (Amphipoda: Corophiida) in Norwegian Sea deep water",L. Buhl‐Mortensen; A. Tandberg; P. Buhl-Mortensen; A. Gates,2016,2016-02-09,,Review,10.1080/00222933.2015.1062152,,,https://www.semanticscholar.org/paper/dd607471905a1a33929f0daffb0bfaa419d3ebaf,False,,11,32,0,Environmental Science,Environmental Science; Environmental Science; Biology,
SS_MECH_FEEDING_MUCUS_CORAL_01,MECH_FEEDING_MUCUS_CORAL,Semantic Scholar Academic Graph API,2026-08-13,dd7490d786936f0f171a9ad2c6c2e70c6a260dfc,52063019,Microhabitat type determines the composition of nematode communities associated with sediment-clogged cold-water coral framework in the Porcupine Seabight (NE Atlantic),M. Raes; A. Vanreusel,2006,2006-12-01,,,10.1016/J.DSR.2006.08.012,,,https://www.semanticscholar.org/paper/dd7490d786936f0f171a9ad2c6c2e70c6a260dfc,True,https://biblio.ugent.be/publication/358202/file/458772.pdf,69,57,3,Biology,Biology; Environmental Science,
SS_MECH_FEEDING_MUCUS_CORAL_01,MECH_FEEDING_MUCUS_CORAL,Semantic Scholar Academic Graph API,2026-08-13,ddf7e42f1ad5c8fb28cf1ab1ebb4418186c58c54,55085885,UNIVERSITY OF EXETER SCHOOL OF BIOSCIENCES MACROALGAL DYNAMICS ON CARIBBEAN CORAL FOREREEFS,Hendrik Renken,2008,,,,,,,https://www.semanticscholar.org/paper/ddf7e42f1ad5c8fb28cf1ab1ebb4418186c58c54,False,,0,188,0,,Environmental Science; Biology,
SS_MECH_FEEDING_MUCUS_CORAL_01,MECH_FEEDING_MUCUS_CORAL,Semantic Scholar Academic Graph API,2026-08-13,de0d03f2cf2c7369d18d4f07b38e6d5f00d8be38,125900403,Density-ratio effects on the capture of suspended particles in aquatic systems,A. Espinosa-Gayosso; M. Ghisalberti; G. Ivey; N. Jones,2015,2015-10-15,Journal of Fluid Mechanics,,10.1017/jfm.2015.557,,,https://www.semanticscholar.org/paper/de0d03f2cf2c7369d18d4f07b38e6d5f00d8be38,True,https://admin.research-repository.uwa.edu.au/en/publications/2ccc8ad2-12c1-44d9-a23d-57367a709e78,16,44,0,Physics,Physics; Environmental Science,
SS_MECH_FEEDING_MUCUS_CORAL_01,MECH_FEEDING_MUCUS_CORAL,Semantic Scholar Academic Graph API,2026-08-13,de2aed87841adba963019cc06db73a304794a372,280766398,"Impacts of barite and bentonite sedimentation on the behaviour, mucus production and cnidocytes of the deep-sea coral Flabellum (Ulocyathus) alabastrum",Kathryn Murray; Bárbara de Moura Neves; J. Hamel; J. Vad; Vonda E. Hayes; A. Mercier,2025,2025-08-01,"Deep-sea research. Part II, Topical studies in oceanography",JournalArticle,10.1016/j.dsr2.2025.105536,,,https://www.semanticscholar.org/paper/de2aed87841adba963019cc06db73a304794a372,True,https://doi.org/10.1016/j.dsr2.2025.105536,0,57,0,,Environmental Science; Biology,
SS_MECH_FEEDING_MUCUS_CORAL_01,MECH_FEEDING_MUCUS_CORAL,Semantic Scholar Academic Graph API,2026-08-13,de4b31c6bc1abd3f4408e9cbdf5708e4f36c2ba0,11304531,Mucous Secretion and Cilia Beating Defend Developing Coral Larvae from Suspended Sediments,Gerard F. Ricardo; Ross Jones; P. Clode; A. Negri,2016,2016-09-28,PLoS ONE,JournalArticle,10.1371/journal.pone.0162743,,27682581,https://www.semanticscholar.org/paper/de4b31c6bc1abd3f4408e9cbdf5708e4f36c2ba0,True,https://journals.plos.org/plosone/article/file?id=10.1371/journal.pone.0162743&type=printable,32,67,0,Medicine; Biology,Medicine; Biology; Environmental Science; Biology,"Suspended sediments produced from dredging activities, or added to the sediment budget via river runoff, are a concern for marine resource managers. Understanding the impact of suspended sediments on critical life history stages of keystone species like corals is fundamental to effective management of coastlines and reefs. Coral embryos (Acropora tenuis and A. millepora) and larvae (A. tenuis, A. millepora and Pocillopora acuta) were subjected to a range of suspended sediment concentrations of different sediment types (siliciclastic and carbonate) to assess concentration-response relationships on ecologically relevant endpoints, including survivorship and ability to metamorphose. Embryos were subjected to short (12 h) suspended sediment exposures from ages of 3–12 hours old or a long (30 h) exposure at 6 hours old. Neither the survivorship nor metamorphosis function of embryos were significantly affected by realistic sediment exposures to ~1000 mg L-1. However, some embryos exhibited a previously undescribed response to dynamically suspended sediments, which saw 10% of the embryos form negatively buoyant cocoons at siliciclastic suspended sediment concentrations ≥35 mg L-1. Scanning electron and optical microscopy confirmed the presence of a coating on these embryos, possibly mucus with incorporated sediment particles. Cocoon formation was common in embryos but not in larvae, and occurred more often after exposure to siliciclastic rather than carbonate sediments. Once transferred into sediment-free seawater, functional ~36-h-old embryos began emerging from the cocoons, coinciding with cilia development. Ciliated (> 36-h-old) larvae exposed to suspended sediments for 60 h were also observed to secrete mucus and were similarly unaffected by suspended sediment concentrations to ~800 mg L-1. This study provides evidence that mucous secretion and cilia beating effectively protect coral embryos and larvae from suspended sediment and that these mechanisms may enhance their chances of successful recruitment."
SS_MECH_FEEDING_MUCUS_CORAL_01,MECH_FEEDING_MUCUS_CORAL,Semantic Scholar Academic Graph API,2026-08-13,de7b86f324bad0623ddaad8da84f94c38387d4c0,129610873,Monitoring environmental variability around cold-water coral reefs: the use of a benthic photolander and the potential of seafloor observatories,J. M. Roberts; O. Peppe; L. Dodds; D. Mercer; W. Thomson; John D. Gage; D. Meldrum,2005,,,,10.1007/3-540-27673-4_24,,,https://www.semanticscholar.org/paper/de7b86f324bad0623ddaad8da84f94c38387d4c0,False,,481,39,6,Environmental Science,Environmental Science; Environmental Science,
SS_MECH_FEEDING_MUCUS_CORAL_01,MECH_FEEDING_MUCUS_CORAL,Semantic Scholar Academic Graph API,2026-08-13,de861f47c11090f6bbb2b4f0cf2fc8c51dbd12f2,250222491,The role of coral mucus in the material cycle in reef ecosystems,R. Nakajima,2015,,,Review,,,,https://www.semanticscholar.org/paper/de861f47c11090f6bbb2b4f0cf2fc8c51dbd12f2,False,,2,0,0,,Environmental Science; Biology,
SS_MECH_FEEDING_MUCUS_CORAL_01,MECH_FEEDING_MUCUS_CORAL,Semantic Scholar Academic Graph API,2026-08-13,deb5602e12a6cf6171d68e3fcac678e095c51c83,210637010,Recreational Scuba Diving and Snorkelling,D. Huddart,2019,,Outdoor Recreation,,10.1007/978-3-319-97758-4_14,,,https://www.semanticscholar.org/paper/deb5602e12a6cf6171d68e3fcac678e095c51c83,False,,2,104,0,Geography,Geography; Environmental Science,
SS_MECH_FEEDING_MUCUS_CORAL_01,MECH_FEEDING_MUCUS_CORAL,Semantic Scholar Academic Graph API,2026-08-13,dee169e6740ef492a7e03b98304ea2f2f918fc6f,49526389,Coral mucus as an efficient trap for picoplanktonic cyanobacteria: implications for pelagic–benthic coupling in the reef ecosystem,M. Naumann; C. Richter; M. el-Zibdah; C. Wild,2009,2009-06-18,,,10.3354/MEPS08073,,,https://www.semanticscholar.org/paper/dee169e6740ef492a7e03b98304ea2f2f918fc6f,True,https://www.int-res.com/articles/meps2009/385/m385p065.pdf,75,57,5,Biology,Biology; Environmental Science,
SS_MECH_FEEDING_MUCUS_CORAL_01,MECH_FEEDING_MUCUS_CORAL,Semantic Scholar Academic Graph API,2026-08-13,df36c28a033e1584075976f5e2dcba946cd6d5d1,253187116,Uranium isotope composition changes with past climate changes,Julian Bourget; T. Ishiwa; Y. Yokoyama; Katsuto Uehara; Y. Miyairi; A. Suzuki; M. Ikehara; S. Obrochta; K. Ikehara; K. Kimoto; H. Matsuzaki,2013,,,Review,,,,https://www.semanticscholar.org/paper/df36c28a033e1584075976f5e2dcba946cd6d5d1,False,,0,8,0,,Environmental Science; Geology,
SS_MECH_FEEDING_MUCUS_CORAL_01,MECH_FEEDING_MUCUS_CORAL,Semantic Scholar Academic Graph API,2026-08-13,dfe25819174c761a37697434346220dec133bc0a,130075678,"Particulate organic matter fluxes and carbon cycling at cold-water coral reefs A three years study at the Tisler Reef, Norway",H. Wagner,2012,2012-08-30,,,,,,https://www.semanticscholar.org/paper/dfe25819174c761a37697434346220dec133bc0a,False,,0,79,0,Environmental Science,Environmental Science; Environmental Science,
SS_MECH_FEEDING_MUCUS_CORAL_01,MECH_FEEDING_MUCUS_CORAL,Semantic Scholar Academic Graph API,2026-08-13,e00838df9e4c389be3ad7892374a2b790288857b,126484275,Drowned reefs and carbonate platforms: reef-community disruption by nutrients provides a clue to the paradox,P. Hallock,1985,,,,,,,https://www.semanticscholar.org/paper/e00838df9e4c389be3ad7892374a2b790288857b,False,,1,0,0,Geology,Geology; Environmental Science; Geology,
SS_MECH_FEEDING_MUCUS_CORAL_01,MECH_FEEDING_MUCUS_CORAL,Semantic Scholar Academic Graph API,2026-08-13,e04235b61e5f706a000c103e32fdaee916433a6f,129113026,Reinterpretation of the Cambrian ‘Bryozoan' Pywackia as an Octocoral,P. Taylor; B. Berning; Mark A. Wilson,2013,2013-11-01,Journal of Paleontology,,10.1666/13-029,,,https://www.semanticscholar.org/paper/e04235b61e5f706a000c103e32fdaee916433a6f,False,,44,36,2,Geology,Geology; Geology,
SS_MECH_FEEDING_MUCUS_CORAL_01,MECH_FEEDING_MUCUS_CORAL,Semantic Scholar Academic Graph API,2026-08-13,e0698e45ed0300045e04059180b9a45c7c8782b1,84100005,Comparative histopathological effects of chemically contaminated sediment on marine organisms,G. Gardner; P. Yevich,1988,,,,10.1016/0141-1136(88)90327-3,,,https://www.semanticscholar.org/paper/e0698e45ed0300045e04059180b9a45c7c8782b1,False,,29,3,0,Biology,Biology; Environmental Science,
SS_MECH_FEEDING_MUCUS_CORAL_01,MECH_FEEDING_MUCUS_CORAL,Semantic Scholar Academic Graph API,2026-08-13,e11aae2720f92211b15a29950fdbba647e238652,253812649,Respiratory responses of three Antarctic ascidians and a sea pen to increased sediment concentrations,L. Torre; N. Servetto; M. Eöry; F. Momo; M. Tatián; D. Abele; R. Sahade,2012,2012-06-17,Polar Biology,,10.1007/s00300-012-1208-1,,,https://www.semanticscholar.org/paper/e11aae2720f92211b15a29950fdbba647e238652,False,,0,0,0,,Environmental Science,
SS_MECH_FEEDING_MUCUS_CORAL_01,MECH_FEEDING_MUCUS_CORAL,Semantic Scholar Academic Graph API,2026-08-13,e132c1387d27670029b0f54f023a50298cbc0d82,83711450,"Molluscan assemblages under the influence of peat-draining rivers off East Sumatra, Indonesia",Julien Michel; K. Wiemers; Husnah Samhudi; H. Westphal,2015,2015-04-03,,,10.1080/13235818.2015.1007493,,,https://www.semanticscholar.org/paper/e132c1387d27670029b0f54f023a50298cbc0d82,False,,4,52,0,Biology,Biology; Environmental Science,
SS_MECH_FEEDING_MUCUS_CORAL_01,MECH_FEEDING_MUCUS_CORAL,Semantic Scholar Academic Graph API,2026-08-13,e24feed9f52f69a6bbe1dc5163247773c74211cf,128436702,Ecologic stability of the dysaerobic biofacies during the Late Paleozoic,T. Kammer; C. Brett; D. Boardman; R. Mapes,1986,1986-04-01,,,10.1111/J.1502-3931.1986.TB00720.X,,,https://www.semanticscholar.org/paper/e24feed9f52f69a6bbe1dc5163247773c74211cf,False,,83,32,4,Geology,Geology; Geology; Environmental Science,
SS_MECH_FEEDING_MUCUS_CORAL_01,MECH_FEEDING_MUCUS_CORAL,Semantic Scholar Academic Graph API,2026-08-13,e2611ef0c40761a354bc734b611029121621bba5,219689229,Cold-Water Coral Mound Archive Provides Unique Insights Into Intermediate Water Mass Dynamics in the Alboran Sea During the Last Deglaciation,R. Fentimen; E. Feenstra; A. Rüggeberg; T. Vennemann; Irka Hajdas; T. Adatte; D. Van Rooij; A. Foubert,2020,2020-06-16,Frontiers in Marine Science,,10.3389/fmars.2020.00354,,,https://www.semanticscholar.org/paper/e2611ef0c40761a354bc734b611029121621bba5,True,https://www.frontiersin.org/articles/10.3389/fmars.2020.00354/pdf,19,205,1,Geology,Geology; Environmental Science; Geology,"The Alboran Sea is widely recognized to host numerous cold-water coral ecosystems, including the East Melilla Coral Province. Yet, their development through time and response to climatic variability has still to be fully understood. Based on a combined investigation of benthic foraminiferal assemblages, foraminiferal stable isotope compositions, grain size analysis, sediment geochemistry, and macrofaunal quantification, this study identifies key events and processes having governed cold-water coral development at the East Melilla Coral Province between Greenland Stadial 2.1 and the Early Holocene. The transition from Greenland Stadial 2.1 to Greenland Interstadial 1 is associated to a decline of bryozoan communities and their replacement by cold-water corals, together with changes in benthic foraminiferal assemblages and a decrease in the sediment mean grain size. These results suggest that a rapid decrease in bottom currents and the establishment of dysoxic and mesotrophic conditions at the seafloor, possibly associated to enhanced fluvial input, resulted in the decline of bryozoans as the dominant suspension feeding organisms and their replacement by a thriving cold-water coral community. This transition from a bryozoan to a coral dominated environment is concomitant with the beginning of the African Humid Period, confirming that increasing fluvial input could have been a main factor triggering the establishment of cold-water corals in the East Melilla Coral Province during Greenland Interstadial 1. A change in benthic foraminiferal communities and an increase in the sediment mean grain size mark the passage from the Early to Late Greenland Interstadial 1. The current velocity of intermediate water masses is suggested to have increased during the Early to Late Greenland Interstadial 1, whilst simultaneously fluvial input would have reduced. Such changes suggest that the climate became more arid during the second phase of Greenland Interstadial 1."
SS_MECH_FEEDING_MUCUS_CORAL_01,MECH_FEEDING_MUCUS_CORAL,Semantic Scholar Academic Graph API,2026-08-13,e2741c4334c49f3cd09622a284b08ebddc622b4e,127008857,"Effects of sedimentation, eutrophication, and chemical pollution on coral reef fishes",A. Wenger; K. Fabricius; Geoff Jones; J. Brodie,2015,2015-06-01,,Review,10.1017/CBO9781316105412.017,,,https://www.semanticscholar.org/paper/e2741c4334c49f3cd09622a284b08ebddc622b4e,False,,56,0,0,Environmental Science,Environmental Science; Environmental Science; Biology,
SS_MECH_FEEDING_MUCUS_CORAL_01,MECH_FEEDING_MUCUS_CORAL,Semantic Scholar Academic Graph API,2026-08-13,e2ba2f3b78d309d194b4b8f29d73a2d1ac223bab,51348462,Interactions between sediment-feeders and microalgae on coral reefs: grazing losses versus production enhancement,S. Uthicke,2001,2001-01-26,,,10.3354/MEPS210125,,,https://www.semanticscholar.org/paper/e2ba2f3b78d309d194b4b8f29d73a2d1ac223bab,True,https://www.int-res.com/articles/meps/210/m210p125.pdf,122,54,6,Biology,Biology; Environmental Science,
SS_MECH_FEEDING_MUCUS_CORAL_01,MECH_FEEDING_MUCUS_CORAL,Semantic Scholar Academic Graph API,2026-08-13,e2effa1868fd837f46b03e9adc9726701ea2b06f,85931948,Post-settlement diet shift of Chlorurus sordidus and Scarus schlegeli (Pisces: Scaridae),Li-Shu Chen,2002,,,,,,,https://www.semanticscholar.org/paper/e2effa1868fd837f46b03e9adc9726701ea2b06f,False,,53,44,4,Biology,Biology; Environmental Science; Biology,
SS_MECH_FEEDING_MUCUS_CORAL_01,MECH_FEEDING_MUCUS_CORAL,Semantic Scholar Academic Graph API,2026-08-13,e49db011b2df36b3596318337abaf714c0835b58,36146782,Altered sediment biota and lagoon habitat carbonate dynamics due to sea cucumber bioturbation in a high‐pCO2 environment,K. Wolfe; Francisco Vidal-Ramirez; S. Dove; D. Deaker; M. Byrne,2018,2018-01-01,Global Change Biology,JournalArticle,10.1111/gcb.13826,,28727218,https://www.semanticscholar.org/paper/e49db011b2df36b3596318337abaf714c0835b58,False,,42,105,2,Medicine,Medicine; Environmental Science,
SS_MECH_FEEDING_MUCUS_CORAL_01,MECH_FEEDING_MUCUS_CORAL,Semantic Scholar Academic Graph API,2026-08-13,e4b46e99e60a38a55601a153b6e3ee2568f3ce27,10221488,ORGANISM-SEDIMENT RELATIONSHIPS I N S I L U R I A N M A R I N E ENVIRONMENTS,,2008,,,,,,,https://www.semanticscholar.org/paper/e4b46e99e60a38a55601a153b6e3ee2568f3ce27,False,,1,35,0,,Geology,
SS_MECH_FEEDING_MUCUS_CORAL_01,MECH_FEEDING_MUCUS_CORAL,Semantic Scholar Academic Graph API,2026-08-13,e4ef50111e51ea830df503521da009df29a04c58,272313704,Coral mucus promotes the carbon metabolic potency of microorganisms in the coral reef ecosystem,Xiaoyu Zhang; Keke Cheng; Yuke Qin; Xinyang Li; Zhonghua Cai; Bo Yang; Mui‐Choo Jong; Huina Zheng; Baohua Xiao; Jin Zhou,2024,2024-08-30,Limnology and Oceanography,JournalArticle,10.1002/lno.12673,,,https://www.semanticscholar.org/paper/e4ef50111e51ea830df503521da009df29a04c58,False,,2,72,0,,Environmental Science; Biology,"Coral mucus, teeming with organic matter, releases nutrients and microorganisms, affecting element cycling and microbial communities in coral reefs. While terrestrial ecosystems exhibit well‐studied priming effects from root exudates, the influence of mucus in marine environments, particularly in coral reefs, remains underexplored. We hypothesize that coral mucus, through its nutrients and microbes, stimulates the surrounding microorganisms, regulating carbon metabolism and thus contributing to high coral reef productivity. Initially, natural samples (Acropora pruinosa mucus, seawater, and sediment) were collected for metagenomic assessment of microbial communities and functions. Results showed significant differences in microbial diversity, community structures, co‐occurrence modes, and unique functions among mucus, seawater, and sediment. Subsequent laboratory experiments demonstrated mucus's substantial influence on surrounding microorganisms. Analyses, including 16S rRNA sequencing and Eco‐plate results, revealed that mucus regulates microbial composition and activities. Quantitative gene‐chip analysis showed significant increase in the functional genes related to carbon fixation (e.g., the 3‐hydroxypropionate cycle) and degradation (e.g., pectin and hemicellulose hydrolysis) by 55.81% and 65.48%, respectively. Partial least squares path modeling identified mucus nutrients and microbial community composition as key contributors to carbon metabolic potential. This research confirms that mucus acts as a trigger, reshaping microbial profiles around corals and enhancing carbon utilization efficiency, highlighting its essential role in carbon metabolism and the maintenance of high productivity in coral reef ecosystems."
SS_MECH_FEEDING_MUCUS_CORAL_01,MECH_FEEDING_MUCUS_CORAL,Semantic Scholar Academic Graph API,2026-08-13,e4f4e0956085b2b592f6a3b393481e60d1d8be14,85323605,"Effects of the Gastropod Rhinoclavis-Aspera (Linnaeus, 1758) On Microbial Biomass and Productivity in Coral-Reef-Flat Sediments",J. Hansen; G. Skilleter,1994,,,,10.1071/MF9940569,,,https://www.semanticscholar.org/paper/e4f4e0956085b2b592f6a3b393481e60d1d8be14,False,,8,46,0,Biology,Biology; Environmental Science,
SS_MECH_FEEDING_MUCUS_CORAL_01,MECH_FEEDING_MUCUS_CORAL,Semantic Scholar Academic Graph API,2026-08-13,e780c4da17873a20cf6a5d0b856aaf67ef15ef4e,83813215,"A Stable Isotope Study of the Relationship between Coral Tissues and Zooxanthellae in a Seasonal Tropical Environment of East Kalimantan, Indonesia",H. Susanto; M. Komoda; M. Yoneda; A. Kano; M. Tokeshi; H. Koike,2013,2013-07-02,,,10.5376/IJMS.2013.03.0036,,,https://www.semanticscholar.org/paper/e780c4da17873a20cf6a5d0b856aaf67ef15ef4e,True,http://biopublisher.ca/index.php/ijms/article/download/877/884,3,0,0,Biology,Biology; Environmental Science,"This study assessed variations in the relationship between zooxanthellae and their coral hosts seasonally and spatially. Carbon and nitrogen stable isotopes ( d 13 C and  d 15 N) were used to analyze the patterns of nutritional transport between coral and zooxanthellae. Studies of temporal differences were conducted during two dry seasons and one rainy season in the Berau Marine Conservation Area, East Kalimantan, Indonesia. To assess spatial variations, coral samples from three genera ( Porites , Seriatopora and Stylophora ) were collected from three localities, designated as nearest, medium, and farthest from the Berau River mouth. The lower  d 13 C of Seriatopora compared with the other two genera suggested that corals in this genus were more actively utilizing particulate organic matter and adopting a heterotrophic feeding mode. The  d 13 C values of coral tissue and zooxanthellae also were affected by differences in seasons, localities, and depth, whereas the  d 15 N values varied significantly with seasons alone. Differences in  d 15 N values between coral tissue and zooxanthellae were always positive in the first and second dry seasons, but negative in the rainy season. This finding indicated that zooxanthellae were the main source of coral nutrients during the dry season, while host coral may support zooxanthellae nutrition during rainy season of low turbidity. Spatially, sedimentation does not show significant impact to the relationship between coral and zooxanthellae."
SS_MECH_FEEDING_MUCUS_CORAL_01,MECH_FEEDING_MUCUS_CORAL,Semantic Scholar Academic Graph API,2026-08-13,e81115b3cdaa997b9ca938ef0b40463c739406d1,189819578,The trophic status of herbivorous fishes on coral reefs,J. Choat; K. Clements; W. Robbins,2002,,,,10.1007/s00227-001-0715-3,,,https://www.semanticscholar.org/paper/e81115b3cdaa997b9ca938ef0b40463c739406d1,False,,276,0,21,Biology,Biology; Environmental Science; Biology,
SS_MECH_FEEDING_MUCUS_CORAL_01,MECH_FEEDING_MUCUS_CORAL,Semantic Scholar Academic Graph API,2026-08-13,e897cb8706a87221b601625b7026b0139d4b1a07,16033746,Collaboration among sponge species increases sponge diversity and abundance in a seagrass meadow,J. Wulff,2008,2008-06-01,,,10.1111/J.1439-0485.2008.00224.X,,,https://www.semanticscholar.org/paper/e897cb8706a87221b601625b7026b0139d4b1a07,False,,40,53,7,Biology,Biology; Biology; Environmental Science,
SS_MECH_FEEDING_MUCUS_CORAL_01,MECH_FEEDING_MUCUS_CORAL,Semantic Scholar Academic Graph API,2026-08-13,e9629aaf63903ed19f4650c5e6c207629b2eab13,87602487,Functional diversity of microbial communities associated to the mucus of scleractinians around Moorea (French Polynesia),Ophélie Ladrière; Laetitia Theunis; A. Wilmotte; M. Poulicek,2008,2008-07-07,,,,,,https://www.semanticscholar.org/paper/e9629aaf63903ed19f4650c5e6c207629b2eab13,False,,0,0,0,Biology,Biology; Environmental Science; Biology,
SS_MECH_FEEDING_MUCUS_CORAL_01,MECH_FEEDING_MUCUS_CORAL,Semantic Scholar Academic Graph API,2026-08-13,ea102ce20ab9496641908e167ed0b677132f4f4a,276578136,Incorporating cyclone risk in the design of marine protected and conserved areas as an ecosystem‐based adaptation approach,Alyssa L. Giffin; Vivitskaia J. D. Tulloch; Dominic A. Andradi-Brown; R. M. Connolly; Unaisi Malani-Tagicakibau; Francis Areki; C. Brown,2025,2025-02-25,Conservation Biology,JournalArticle,10.1111/cobi.14437,,39996500,https://www.semanticscholar.org/paper/ea102ce20ab9496641908e167ed0b677132f4f4a,True,https://doi.org/10.1111/cobi.14437,0,82,0,Medicine,Medicine; Environmental Science,"Marine protected and conserved areas (MPCAs) are promoted as an ecosystem‐based adaptation (EbA) approach to increase community and ecosystem resilience to climate change. However, traditional approaches to MPCA design typically do not consider climate risk or habitat condition under a climate threat. We used the Great Sea Reef (GSR) in Fiji as a case study to develop a land–sea prioritization framework that links modeled sediment runoff from rainfall during extreme cyclone events to the probability of coral reefs being in good condition. We incorporated this information in an MPCA prioritization scenario intending to achieve 90% certainty of good‐condition coral cover under cyclone risk while minimizing cost to fishers and meeting ecosystem conservation targets. We explored the trade‐offs between sites selected for protection, the relative opportunity cost to fishers, and the representation of conservation feature targets between the MPCA scenario that included cyclone risk and a baseline scenario that did not. The cyclone risk scenario's best solution required larger areas of protection (5% more GSR area) than the baseline scenario and additional protection in areas with moderate to high probability of good‐condition coral cover. Some areas prioritized for protection in the cyclone risk scenario had relatively high turbidity. Large sections around Vanua Levu were consistently selected for protection across both prioritization scenarios due to high concentrations of all ecosystem conservation features, particularly sea turtle feeding grounds. Overall, the cyclone risk MPCA design had a higher fisher opportunity cost but protected a larger amount of ecosystem conservation features and buffered against habitat condition uncertainty. We explored the potential outcomes of expanding on threat‐avoidance and cost‐effective conservation prioritization by including habitat responses to threats in the prioritization process. Our findings can inform MPCA design during EbA planning in regions at risk from climate change."
SS_MECH_FEEDING_MUCUS_CORAL_01,MECH_FEEDING_MUCUS_CORAL,Semantic Scholar Academic Graph API,2026-08-13,ea24cee868ed72940170afa7497cff430c42a775,90851166,Impacts of seawater desalination brine on coastal environments,K. Petersen; Hila Frank; A. Paytan; E. Bar‐Zeev,2017,,,Review,10.1016/B978-0-12-809240-8.00011-3,,,https://www.semanticscholar.org/paper/ea24cee868ed72940170afa7497cff430c42a775,False,,16,143,0,Biology,Biology; Environmental Science,
SS_MECH_FEEDING_MUCUS_CORAL_01,MECH_FEEDING_MUCUS_CORAL,Semantic Scholar Academic Graph API,2026-08-13,ea4c58297a3501ffe63a2bbbf046e9b694fb545d,17468260,Sediment‐mediated suppression of herbivory on coral reefs: Decreasing resilience to rising sea‐levels and climate change?,D. Bellwood; C. Fulton,2008,2008-11-01,,,10.4319/lo.2008.53.6.2695,,,https://www.semanticscholar.org/paper/ea4c58297a3501ffe63a2bbbf046e9b694fb545d,True,https://researchonline.jcu.edu.au/6772/1/6772_Bellwood_Fulton_2008.pdf,158,35,13,Biology,Biology; Environmental Science,
SS_MECH_FEEDING_MUCUS_CORAL_01,MECH_FEEDING_MUCUS_CORAL,Semantic Scholar Academic Graph API,2026-08-13,ea98425d15c1d5e1135c3a8972dfbb969bd53f5b,56240229,Underestimated Eroder Among Reef Fishes -Experimental Comparison Between Ctenochaetus Striatus And Acanthurus Nigrofuscus (Acanthuridae),H. Schuhmacher; R. Krone; P. V. Treeck,2008,,,,,,,https://www.semanticscholar.org/paper/ea98425d15c1d5e1135c3a8972dfbb969bd53f5b,False,,8,7,1,Biology,Biology; Environmental Science; Biology,
SS_MECH_FEEDING_MUCUS_CORAL_01,MECH_FEEDING_MUCUS_CORAL,Semantic Scholar Academic Graph API,2026-08-13,eb1635cbde155160d21807ba3949ec2f880b28d1,140649369,Rising sea level may cause decline of fringing coral reefs,M. Field; A. Ogston; C. Storlazzi,2011,2011-08-16,,,10.1029/2011EO330001,,,https://www.semanticscholar.org/paper/eb1635cbde155160d21807ba3949ec2f880b28d1,True,https://onlinelibrary.wiley.com/doi/pdfdirect/10.1029/2011EO330001,23,18,1,Environmental Science,Environmental Science; Environmental Science,
SS_MECH_FEEDING_MUCUS_CORAL_01,MECH_FEEDING_MUCUS_CORAL,Semantic Scholar Academic Graph API,2026-08-13,ebef0284e96806594904cadfb3a377cd952f51d1,83854939,EXTENDED ABSTRACT: Ecospace Utilization in High-Diversity Shallow Shelf Marine Communities of the U.S. Gulf Coastal Plain,Heather L. B. Wall; L. Ivany,2008,,,,,,,https://www.semanticscholar.org/paper/ebef0284e96806594904cadfb3a377cd952f51d1,False,,1,0,0,Biology,Biology; Environmental Science,
SS_MECH_FEEDING_MUCUS_CORAL_01,MECH_FEEDING_MUCUS_CORAL,Semantic Scholar Academic Graph API,2026-08-13,ec5ac7fd90f76f8797976b6e00b45bcac7f972d4,89099308,"Population structure, seasonal movements and feeding of queen conch, Strombus gigas, in deep-water habitats of the Bahamas",A. Stoner; V. J. Sandt,1992,,,Review,,,,https://www.semanticscholar.org/paper/ec5ac7fd90f76f8797976b6e00b45bcac7f972d4,False,,66,0,6,Biology,Biology; Environmental Science; Biology,
SS_MECH_FEEDING_MUCUS_CORAL_01,MECH_FEEDING_MUCUS_CORAL,Semantic Scholar Academic Graph API,2026-08-13,ec8ebfbfad1c90bf27197fdeffda11165b4d934e,133090843,Effects of drill cuttings on larvae of the cold-water coral Lophelia pertusa,J. Järnegren; S. Brooke; H. Jensen,2017,2017-03-01,,,10.1016/J.DSR2.2016.06.014,,,https://www.semanticscholar.org/paper/ec8ebfbfad1c90bf27197fdeffda11165b4d934e,False,,25,50,1,Geology,Geology; Environmental Science; Biology,
SS_MECH_FEEDING_MUCUS_CORAL_01,MECH_FEEDING_MUCUS_CORAL,Semantic Scholar Academic Graph API,2026-08-13,ecaccd0faad88ebbc8677c48a0a30dad1048514a,257609387,A Distinct Saponin Profile Drives an Olfactory-Mediated Aggregation in the Aquacultivated Sea Cucumber Holothuria scabra,E. Claereboudt; M. Claereboudt; P. Savarino; G. Caulier; Loic Gaumez; M. Deleu; P. Gerbaux; I. Eeckhaut,2023,2023-03-01,Marine Drugs,JournalArticle,10.3390/md21030184,,36976233,https://www.semanticscholar.org/paper/ecaccd0faad88ebbc8677c48a0a30dad1048514a,True,https://www.mdpi.com/1660-3397/21/3/184/pdf?version=1678974317,9,65,0,Medicine,Medicine; Environmental Science; Biology,"Intraspecific chemical communication between echinoderms has often been limited to prespawning aggregation. However, sea cucumber farmers have long observed year-round adult aggregation as a potential source of disease propagation and the suboptimal use of available sea pen acreage and food resources. In this study, through spatial distribution statistics, we demonstrated the significant aggregation of the aquacultivated sea cucumber Holothuria scabra both as adults in large sea-based pens and as juveniles in laboratory-based aquaria, proving that aggregation in these animals is not only observed during spawning. The role of chemical communication in aggregation was investigated using olfactory experimental assays. Our study established that the sediment that H. scabra feeds on as well as the water preconditioned by conspecifics induced positive chemotaxis in juvenile individuals. More specifically, through comparative mass spectrometry, a distinct triterpenoid saponin profile/mixture was identified to be a pheromone allowing sea cucumber intraspecific recognition and aggregation. This “attractive” profile was characterized as containing disaccharide saponins. This “attractive” aggregation-inducing saponin profile was, however, not conserved in starved individuals that were no longer attractive to other conspecifics. In summary, this study sheds new light on the pheromones in echinoderms. It highlights the complexity of the chemical signals detected by sea cucumbers and suggests a role of saponins well beyond that of a simple toxin."
SS_MECH_FEEDING_MUCUS_CORAL_01,MECH_FEEDING_MUCUS_CORAL,Semantic Scholar Academic Graph API,2026-08-13,ed3783a135808b2c0f8167195f236bdbaf3fc833,253815742,The effects of suspended sediment on coral reef fish assemblages and feeding guilds of north-west Australia,Molly Moustaka; T. Langlois; D. McLean; T. Bond; R. Fisher; P. Fearns; Passang Dorji; R. Evans,2018,2018-05-08,Coral reefs,,10.1007/s00338-018-1690-1,,,https://www.semanticscholar.org/paper/ed3783a135808b2c0f8167195f236bdbaf3fc833,True,https://figshare.com/articles/journal_contribution/The_effects_of_suspended_sediment_on_coral_reef_fish_assemblages_and_feeding_guilds_of_north-west_Australia/20675943,5,81,0,,Environmental Science,"Understanding environmental drivers of fish assemblage composition is fundamental to designing useful management plans for anthropogenic activities. This study investigated the influence of suspended sediment on reef fish assemblages and habitat composition over a cross-shelf turbidity gradient in the nearshore Pilbara region of Western Australia. The responses of all feeding guilds were analysed to identify feeding guilds vulnerable to elevations in suspended sediment and sedimentation. This study is the first of its kind to utilise both remotely sensed and in situ turbidity data to characterise the general turbidity regime and magnitude of stochastic events. By using the coordinates from a principle coordinates analysis, we were able to capture both the general turbidity conditions and stochastic turbidity spikes at each site, whilst the use of in situ turbidity measurements allowed us to effectively ‘ground-truth’ the remotely sensed TSS data. Underwater visual census was used to sample the fish assemblage and quantify habitat across the turbidity gradient. Generalised additive mixed models were used to explore the relationships between environmental variables, habitat variables, and fish assemblage metrics. Species richness significantly declined with increasing levels of turbidity. This study identified two key functional groups of fish that are vulnerable to elevated suspended sediment loads. Planktivorous omnivores and herbivorous scrapers decreased in abundance at high turbidity sites. Total biomass of herbivorous scrapers was lower at turbid sites, whilst the biomass of planktivorous omnivores was not related to any of the predictor variables. Changes in the abundance, biomass, and behaviour of these functional groups can have severe consequences for the resilience and recovery of coral reefs. Anthropogenic activities that elevate suspended sediment in regions where coral reef communities exist should consider these implications when designing management plans."
SS_MECH_FEEDING_MUCUS_CORAL_01,MECH_FEEDING_MUCUS_CORAL,Semantic Scholar Academic Graph API,2026-08-13,ed9385267ef37dc4dd49a74aac063ad992e9b44d,218976525,Algal turf sediments limit the spatial extent of function delivery on coral reefs.,S. B. Tebbett; C. Goatley; Robert P. Streit; D. Bellwood,2020,2020-05-24,Science of the Total Environment,JournalArticle,10.1016/j.scitotenv.2020.139422,,32460082,https://www.semanticscholar.org/paper/ed9385267ef37dc4dd49a74aac063ad992e9b44d,True,https://researchonline.jcu.edu.au/67810/7/JCU_67810%20aam.pdf,25,130,1,Medicine; Environmental Science,Medicine; Environmental Science; Environmental Science,"The presence of key organisms is frequently associated with the delivery of specific ecosystem functions. Areas with such organisms are therefore often considered to have greater levels of these functions. While this assumption has been the backbone of coral reef ecosystem-based management approaches for decades, we currently have only a limited understanding of how fish presence equates to function on coral reefs and whether this relationship is susceptible to stressors. To assess the capacity of a stressor to shape function delivery we used a multi-scale approach ranging from tens of kilometres across the continental shelf of Australia's Great Barrier Reef, down to centimetres within a reef habitat. At each scale, we quantified the spatial extent of a model function (detritivory) by a coral reef surgeonfish (Ctenochaetus striatus) and its potential to be shaped by sediments. At broad spatial scales, C. striatus presence was correlated strongly with algal turf sediment loads, while at smaller spatial scales, function delivery appears to be constrained by algal turf sediment distributions. In all cases, sediment loads above ~250-500 g m-2 were associated with a marked decrease in fish abundance or feeding activity, suggesting that a common ecological threshold lies within this range. Our results reveal a complex functional dynamic between proximate agents of function delivery (fish) and the ultimate drivers of function delivery (sediments), which emphasizes: a) weaknesses in the assumed links between fish presence and function, and b) the multi-scale capacity of algal turf sediments to shape reef processes. Unless direct extractive activities (e.g. fishing) are the main driver of function loss on coral reefs, managing to conserve fish abundance is unlikely to yield the desired outcomes. It only addresses one potential driver. Instead, management of both the agents that deliver functions (e.g. fishes), and the drivers that modify functions (e.g. sediments), is needed."
SS_MECH_FEEDING_MUCUS_CORAL_01,MECH_FEEDING_MUCUS_CORAL,Semantic Scholar Academic Graph API,2026-08-13,ee2d768b2f3c99a2d7a3bafccb5eaae70a984e6a,128890428,"Paleoecology and sedimentary environment of the Late Devonian coral biostrome from the Central Devonian Field, Russia",M. Zatoń; Tomasz Borszcz; B. Berkowski; M. Rakociński; M. Zapalski; Andrey V. Zhuravlev,2015,2015-04-15,,,10.1016/J.PALAEO.2015.02.021,,,https://www.semanticscholar.org/paper/ee2d768b2f3c99a2d7a3bafccb5eaae70a984e6a,False,,23,82,3,Geology,Geology; Geology; Environmental Science,
SS_MECH_FEEDING_MUCUS_CORAL_01,MECH_FEEDING_MUCUS_CORAL,Semantic Scholar Academic Graph API,2026-08-13,ee7d9778c24110ccf2f09f2a73c5ba22ef867cc4,19000511,Sedimentological effects of strong southward flow in the Straits of Florida,W. Gardner; M. J. Richardson; D. Cacchione,1989,1989-03-01,,,10.1016/0025-3227(89)90047-9,,,https://www.semanticscholar.org/paper/ee7d9778c24110ccf2f09f2a73c5ba22ef867cc4,False,,13,44,0,Geology,Geology; Geology; Environmental Science,
SS_MECH_FEEDING_MUCUS_CORAL_01,MECH_FEEDING_MUCUS_CORAL,Semantic Scholar Academic Graph API,2026-08-13,ee9799b3e611ecef4908f4488e44a71f04eb4d01,84369984,Evolution of Body Size in Mushroom Corals (Scleractinia: Fungiidae) and Its Ecomorphological Consequences,B. Hoeksema,1990,,,,10.1163/156854291X00072,,,https://www.semanticscholar.org/paper/ee9799b3e611ecef4908f4488e44a71f04eb4d01,False,,63,0,1,Biology,Biology; Environmental Science; Biology,
SS_MECH_FEEDING_MUCUS_CORAL_01,MECH_FEEDING_MUCUS_CORAL,Semantic Scholar Academic Graph API,2026-08-13,ef5c33ecfa35d79252779277a37ce1181bfd840a,22956464,Cumulative impacts: thermally bleached corals have reduced capacity to clear deposited sediment,P. Bessell-Browne; A. Negri; R. Fisher; P. Clode; Ross Jones,2017,2017-06-02,Scientific Reports,JournalArticle,10.1038/s41598-017-02810-0,,28578383,https://www.semanticscholar.org/paper/ef5c33ecfa35d79252779277a37ce1181bfd840a,True,https://www.nature.com/articles/s41598-017-02810-0.pdf,47,109,0,Environmental Science; Medicine,Environmental Science; Medicine; Environmental Science,"The interaction between local, anthropogenic stressors, and larger scale regional/global stressors, is often used to explain the current poor condition of many corals reefs. This form of cumulative pressure is clearly manifested by situations where dredging projects happen to coincide with marine heatwaves that have caused coral bleaching. A key pressure associated with dredging is elevated sedimentation. In this study, 3 coral species (Acropora millepora, Porites spp. and Turbinaria reniformis), representing three common morphologies (branching, massive and foliose respectively), were experimentally induced to bleach by exposure to a temperature of 31 °C for 21 d. The corals were then subjected to a range of sedimentation rates (0, 11, 22 and 40 mg cm−2 d−1), and their sediment-rejection ability quantified after 1 and 7 successive sediment deposition events. Bleached corals were less capable of removing sediments from their surfaces, and sediment accumulated 3 to 4-fold more than on normally-pigmented corals. Repeated deposition resulted in a ~3-fold increase in the amount of sediment remaining on the corals, regardless of bleaching status. These results suggest that adaptive management practices need to be developed to reduce the impacts of future dredging projects that follow or coincide with elevated sea surface temperatures and coral bleaching events."
SS_MECH_FEEDING_MUCUS_CORAL_01,MECH_FEEDING_MUCUS_CORAL,Semantic Scholar Academic Graph API,2026-08-13,eff09769aa5e3efcbb42be28ba365ee577b22979,34439351,Determination of prey capture rates in the stony coral Galaxea fascicularis: a critical reconsideration of the clearance rate concept,R. Osinga; S. V. Delft; M. W. Lewaru; M. Janse; J. Verreth,2011,2011-09-23,Journal of the Marine Biological Association of the United Kingdom,,10.1017/S0025315411001214,,,https://www.semanticscholar.org/paper/eff09769aa5e3efcbb42be28ba365ee577b22979,True,https://research.wur.nl/en/publications/determination-of-prey-capture-rates-in-the-stony-coral-galaxea-fa,7,35,1,Biology,Biology; Biology; Environmental Science,
SS_MECH_FEEDING_MUCUS_CORAL_01,MECH_FEEDING_MUCUS_CORAL,Semantic Scholar Academic Graph API,2026-08-13,f014a3b789abc8e8c7e501829a7c717c10fc52ef,86424460,Summer autotrophy and winter heterotrophy in the temperate symbiotic coral Cladocora caespitosa,C. Ferrier‐Pagès; A. Peirano; M. Abbate; S. Cocito; A. Negri; C. Rottier; P. Riera; R. Rodolfo-Metalpa; S. Reynaud,2011,2011-07-01,,,10.4319/lo.2011.56.4.1429,,,https://www.semanticscholar.org/paper/f014a3b789abc8e8c7e501829a7c717c10fc52ef,True,https://onlinelibrary.wiley.com/doi/pdfdirect/10.4319/lo.2011.56.4.1429,112,57,11,Biology,Biology; Environmental Science,
SS_MECH_FEEDING_MUCUS_CORAL_01,MECH_FEEDING_MUCUS_CORAL,Semantic Scholar Academic Graph API,2026-08-13,f07476dccc73ecb80c901a5b4fa4288798fb691b,129714034,"Formation of rapidly-sinking, oil-associated marine snow",U. Passow,2016,2016-07-01,,,10.1016/J.DSR2.2014.10.001,,,https://www.semanticscholar.org/paper/f07476dccc73ecb80c901a5b4fa4288798fb691b,True,https://www.sciencedirect.com/science/article/am/pii/S0967064514002628,159,66,10,Geology,Geology; Environmental Science; Geology,
SS_MECH_FEEDING_MUCUS_CORAL_01,MECH_FEEDING_MUCUS_CORAL,Semantic Scholar Academic Graph API,2026-08-13,f0963b135261592260775fb3fa7bda328d1205bd,128554575,Palaeozoic stromatoporoid taphonomy: ecologic and environmental significance,S. Kershaw; F. Brunton,1999,1999-06-01,,,10.1016/S0031-0182(98)00209-0,,,https://www.semanticscholar.org/paper/f0963b135261592260775fb3fa7bda328d1205bd,False,,54,77,6,Geology,Geology; Environmental Science; Geology,
SS_MECH_FEEDING_MUCUS_CORAL_01,MECH_FEEDING_MUCUS_CORAL,Semantic Scholar Academic Graph API,2026-08-13,f154669efd3e784adde9ab60f0a5b45e8c3bff6c,12505031,The highly invasive alga Caulerpa racemosa var. cylindracea poses a new threat to the banks of the coral Cladocora caespitosa in the Adriatic Sea,P. Kružić; A. Žuljević; V. Nikolić,2008,2008-02-19,Coral reefs,,10.1007/s00338-008-0358-7,,,https://www.semanticscholar.org/paper/f154669efd3e784adde9ab60f0a5b45e8c3bff6c,False,,47,6,4,Geography,Geography; Biology; Environmental Science,
SS_MECH_FEEDING_MUCUS_CORAL_01,MECH_FEEDING_MUCUS_CORAL,Semantic Scholar Academic Graph API,2026-08-13,f1a0f18a02fc1c11b99850e129155ce4236e9694,280636966,"Florida Keys Cassiopea host benthos-like external microbiomes and a gut dominated by Vibrio, Endozoicomonas and Mycoplasma",K. Muffett; Jessica M. Labonté; M. Miglietta,2025,2025-08-12,PLoS ONE,JournalArticle,10.1371/journal.pone.0330180,,40794723,https://www.semanticscholar.org/paper/f1a0f18a02fc1c11b99850e129155ce4236e9694,True,https://journals.plos.org/plosone/article/file?id=10.1371/journal.pone.0330180&type=printable,2,94,0,Medicine,Medicine; Environmental Science; Biology,"Interactions with microbial communities fundamentally shape metazoans’ physiology, development, and health across marine ecosystems. This is especially true in zooxanthellate (symbiotic algae-containing) cnidarians. In photosymbiotic anthozoans (e.g., shallow water anemones and corals), the key members of the associated microbiota are increasingly well studied, however there is limited data on photosymbiotic scyphozoans (true jellyfish). Using 16S rRNA barcoding, we sampled the internal and external mucus of the zooxanthellate Upside-Down Jellyfish, Cassiopea xamachana during August throughout eight sites covering the full length of the Florida Keys. We find that across sites, these medusae have low-diversity internal microbiomes distinct from the communities of their external surfaces and their environment. These internal communities are dominated by only three taxa: Endozoicomonas cf. atrinae, an uncultured novel Mycoplasma, and Vibrio cf. coralliilyticus. In addition, we find that Cassiopea bell mucosal samples were high diversity and conform largely to the communities of surrounding sediment with the addition of Endozoicomonas cf. atrinae. The microbial taxa we identify associated with wild Florida Keys Cassiopea bear a strong resemblance to those found within photosymbiotic anthozoans, increasing the known links in ecological position between these groups."
SS_MECH_FEEDING_MUCUS_CORAL_01,MECH_FEEDING_MUCUS_CORAL,Semantic Scholar Academic Graph API,2026-08-13,f280447699b5282f5112b29d746c6f89352a62ca,54699123,"Benthic epifauna assemblages, biomass and respiration in The Gully region on the Scotian Shelf, NW Atlantic Ocean",B. Hargrave; V. Kostylev; C. Hawkins,2004,2004-04-14,,,10.3354/MEPS270055,,,https://www.semanticscholar.org/paper/f280447699b5282f5112b29d746c6f89352a62ca,True,https://www.int-res.com/articles/meps2004/270/m270p055.pdf,47,53,0,Biology,Biology; Environmental Science,
SS_MECH_FEEDING_MUCUS_CORAL_01,MECH_FEEDING_MUCUS_CORAL,Semantic Scholar Academic Graph API,2026-08-13,f2f82d8a92c4f81a754273e76e91848f7638b044,220267632,Influence of Deep-Water Corals and Sponge Gardens on Infaunal Community Composition and Ecosystem Functioning in the Eastern Canadian Arctic,Susana Carvalho; C. Grant; B. Neves; G. Chaillou; E. Edinger; P. Archambault,2020,2020-06-30,Frontiers in Marine Science,,10.3389/fmars.2020.00495,,,https://www.semanticscholar.org/paper/f2f82d8a92c4f81a754273e76e91848f7638b044,True,https://www.frontiersin.org/articles/10.3389/fmars.2020.00495/pdf,13,110,0,Environmental Science,Environmental Science; Environmental Science,"The relationships between infaunal diversity and ecosystem function of biogenic structures in the Eastern Canadian Arctic remain poorly documented. Our study investigated the influence of sponge gardens at the Frobisher Bay site (137 m) and bamboo corals at the Baffin Bay site (1007 m) on the infaunal community structure and benthic ecosystem functioning. The occurrence of both types of biogenic structure type enhanced particular taxa and/or feeding guilds. A large density of suspension filter feeders was observed in bamboo coral sediment, whereas bare sediment exhibited a large proportion of nematodes and deposit-detritus feeders. Sponge gardens’ sediment showed a high proportion of isopods, Paraonidae polychaetes and up/down conveyors whereas bare sediment exhibited a large density of filter feeders. Through incubation cores, we measured ex situ benthic nutrient and oxygen fluxes at the sediment-water interface in each habitat and site. Biogeochemical fluxes varied significantly between habitats in the Baffin Bay site with a significant impact of bamboo coral habitat on nutrient fluxes (nitrate, ammonium, and silicate). Surprisingly, the sediment hosting bamboo corals acted as a source of nitrate and ammonium reaching values similar or higher to the Frobisher site despite the difference in water depth, and thus food supply between the two sites. These significant releases could derive from (i) a high organic matter deposition in bamboo coral habitat, allowed by their erected structure, (ii) a high efficiency of bioturbators (surficial modifiers and burrowers) mixing the surface layer of the sediment, and (iii) the difference in sediment type. Our study highlighted that, compared to its adjacent habitat, the presence of bamboo corals appeared to enhance the infaunal density and nutrient release of its sediment. In contrast, the impact of sponge gardens was not as clear as for bamboo coral habitat, likely due to the relatively significant presence of megabiota in the sponge garden adjacent habitat. Thus, our results based on a relatively small sample size, indicate that the bamboo coral habitat seems to increase the efficiency of deep-benthic ecosystem functioning, while that of sponge garden on the shallow ecosystem functioning remains uncertain."
SS_MECH_FEEDING_MUCUS_CORAL_01,MECH_FEEDING_MUCUS_CORAL,Semantic Scholar Academic Graph API,2026-08-13,f3670a23c1bceaa31aea133aa01bcfa5bfb602df,253812618,Current and future trophic interactions in tropical shallow-reef lagoon habitats,K. Wolfe; D. Deaker; Alexia Graba-Landry; C. Champion; S. Dove; Raymond Lee; M. Byrne,2020,2020-10-24,Coral reefs,Review,10.1007/s00338-020-02017-2,,,https://www.semanticscholar.org/paper/f3670a23c1bceaa31aea133aa01bcfa5bfb602df,True,https://figshare.com/articles/journal_contribution/Current_and_future_trophic_interactions_in_tropical_shallow-reef_lagoon_habitats/23002619,0,113,0,,Environmental Science; Biology,"Calcium carbonate (CaCO3) sediments are the dominant form of CaCO3 on coral reefs accumulating in lagoon and inter-reefal areas. Owing to their mineralogy and a range of physical parameters, tropical CaCO3 sediments are predicted to be more sensitive to dissolution driven by ocean acidification than the skeleton of living reef organisms. How this scales up to impact infaunal organisms, which are an important food source for higher trophic levels, and thereby ecosystem functioning, is not well explored. We combined seasonal field surveys in a shallow-reef lagoon ecosystem on the Great Barrier Reef, Australia, with stable isotope analyses and a tank-based experiment to examine the potential top-down influence of the deposit-feeding sea cucumber, Stichopus herrmanni, on this infaunal community under current and future ocean pH. Densities of surface-sediment meiofauna were lowest in winter and spring, with harpacticoid copepods (38%) and nematodes (27%) the dominant taxa. Stable isotope analyses showed that S. herrmanni had a top-down influence on meiofauna and microphytes with a distinct δ13C and δ15N trophic position that was homogenous across seasons and locations. Tanks that mimicked sandy shallow-reef lagoon habitats were used to examine the effects of ocean acidification (elevated pCO2) on this trophic interaction. We used outdoor control (sediment only) and experimental (sediment plus S. herrmanni) tanks maintained at present-day and near-future pCO2 (+ 570 µatm) for 24 days, which fluctuated with the diel pCO2 cycle. In sediment-only tanks, copepods were > twofold more abundant at elevated pCO2, with no negative effects documented for any meiofauna group. When included in the community, top-down control by S. herrmanni counteracted the positive effects of low pH on meiofaunal abundance. We highlight a novel perspective in coral reef trophodynamics between surface-sediment meiofauna and deposit-feeding sea cucumbers, and posit that community shifts may occur in shallow-reef lagoon habitats in a future ocean with implications for the functioning of coral reefs from the bottom up."
SS_MECH_FEEDING_MUCUS_CORAL_01,MECH_FEEDING_MUCUS_CORAL,Semantic Scholar Academic Graph API,2026-08-13,f3ef2b708bf68adb569d8aadd1a97e342fb2a262,276241796,FORTRAN IV Program for Mathematical Simulation of Marine Sedimentation with IBM 7040 or 7094 Computers,John W. Harbaugh; Warren J. Wahlstedt,1967,1967-01-01,Bulletin,JournalArticle,10.17161/kgsbulletin.no..23497,,,https://www.semanticscholar.org/paper/f3ef2b708bf68adb569d8aadd1a97e342fb2a262,True,https://journals.ku.edu/kgsbulletin/article/download/23497/21100,1,0,0,,Environmental Science; Computer Science; Mathematics,"Utilizing an IBM 7040 or 7094 computer, a mathematical model of marine sedimentation imitates the behavior of sediments as they are transported and deposited within a marine sedimentary basin. By mathematical means, in symbolic three-dimensional space, the model imitates the processes of tectonic warping, winnowing of sediments along beaches, formation of deltas, and growth and interaction of organism communities, including algal banks and coral reefs that populate the sea floor. The model is operated by assuming a set of external controlling conditions and feeding these into the computer as numerical data. The model is then run forward, by increments, through geologic time. Several million years of geologic history can be recreated in an hour or less of IBM 7040 computer time. 
Output from the program representing the model is in the form of lithofacies maps, structure maps, biofacies maps, water depth maps, and up to six geologic cross sections that show both structure and facies relationships. An additional feature provides the output of mirror images of the cross sections if construction of a three-dimensional display is desired. A series of maps arid cross sections can be printed for each increment of geologic time, making it possible to observe progressive geologic changes as they occur. 
The model is used as an experimental tool for observing the response to a set of assumptions. When a change in the data used to control the program is made, the model responds dynamically within a few seconds of computer time. Deltaic deposits, ancient beaches, algal reefs, and other sedimentary features develop progressively and undergo structural deformation with startling realism. 
The principal objective in geological mathematical modeling is to produce symbolic geologic products (such as sedimentary strata) by imitating the principal geologic processes that produce the products. There is, however, uncertainty as to the mode of operation and relative importance of many processes. Consequently, assumptions may be made and tested on a trial and error basis. If the results of a computer run with the model do not agree well with reality (i.e. the symbolic deposits do not accord well with real sedimentary deposits that are being imitated), the assumptions can be progressively changed, and new runs made until the model begins to perform realistically. 
The mathematical model is embodied in a FORTRAN IV computer program which has been successfully run on an IBM 7040 and IBM 7094 with satisfactory results. With minor modifications, the program can probably be used with computers of other manufacturers, and with IBM System 360 computers."
SS_MECH_FEEDING_MUCUS_CORAL_01,MECH_FEEDING_MUCUS_CORAL,Semantic Scholar Academic Graph API,2026-08-13,f4667180ddaf4dacb79dacab076ef74dbe6fec37,27806510,A Three-Stage Symbiosis Forms the Foundation of Seagrass Ecosystems,T. van der Heide; L. Govers; J. de Fouw; H. Olff; M. van der Geest; M. M. van Katwijk; T. Piersma; J. van de Koppel; B. Silliman; A. Smolders; J. V. van Gils,2012,2012-06-15,Science,MetaAnalysis; JournalArticle,10.1126/science.1219973,,22700927,https://www.semanticscholar.org/paper/f4667180ddaf4dacb79dacab076ef74dbe6fec37,True,https://pure.rug.nl/ws/files/6779888/2012SciencevdHeide.pdf,274,139,7,Environmental Science; Biology; Medicine,Environmental Science; Biology; Medicine; Environmental Science; Biology,
SS_MECH_FEEDING_MUCUS_CORAL_01,MECH_FEEDING_MUCUS_CORAL,Semantic Scholar Academic Graph API,2026-08-13,f4a58a9418c56792fffc06ff1c1e7665b999cf0d,234022357,"Seasonal shifts in fatty acids and sterols in sponges, corals, and bivalves, in a southern Gulf of Mexico coral reef under river influence",L. Carreón-Palau; C. Parrish; Jorge A. Del Ángel-Rodríguez; H. Pérez-España,2021,2021-02-04,Coral reefs,,10.1007/s00338-020-02042-1,,,https://www.semanticscholar.org/paper/f4a58a9418c56792fffc06ff1c1e7665b999cf0d,False,,7,73,0,Biology,Biology; Environmental Science,
SS_MECH_FEEDING_MUCUS_CORAL_01,MECH_FEEDING_MUCUS_CORAL,Semantic Scholar Academic Graph API,2026-08-13,f4e7647ac15eb6691f5e45a96f10b97268bcb33b,16152331,Importance of heterotrophic adaptations of corals to maintain energy reserves,J. Seemann; Rodrigo Carballo-Bolaños; K. Berry; Cindy Gonzalez; C. Richter; R. Leinfelder,2012,,,,,,,https://www.semanticscholar.org/paper/f4e7647ac15eb6691f5e45a96f10b97268bcb33b,False,,19,27,1,Biology,Biology; Environmental Science,
SS_MECH_FEEDING_MUCUS_CORAL_01,MECH_FEEDING_MUCUS_CORAL,Semantic Scholar Academic Graph API,2026-08-13,f53ae5222ed33748136e6f9a66da940c1b5cf316,86129623,High inorganic phosphate concentration in coral mucus and its utilization by heterotrophic bacteria in a Malaysian coral reef,R. Nakajima; Yasuaki Tanaka; Teruaki Yoshida; T. Fujisawa; Asami Nakayama; Yumi Fuchinoue; B. Othman; T. Toda,2015,2015-09-01,,Review,10.1111/MAEC.12158,,,https://www.semanticscholar.org/paper/f53ae5222ed33748136e6f9a66da940c1b5cf316,False,,20,43,0,Biology,Biology; Environmental Science,
SS_MECH_FEEDING_MUCUS_CORAL_01,MECH_FEEDING_MUCUS_CORAL,Semantic Scholar Academic Graph API,2026-08-13,f5874a00b9d1b2865a18e758f77c769c2ac9567f,129045513,The ‘living-fossil community’ of the cyrtocrinid Cyathidium foresti and the deep-sea oyster Neopycnodonte zibrowii (Azores Archipelago),M. Wisshak; C. Neumann; J. Jakobsen; A. Freiwald,2009,,,,10.1016/J.PALAEO.2008.09.015,,,https://www.semanticscholar.org/paper/f5874a00b9d1b2865a18e758f77c769c2ac9567f,False,,34,32,0,Geology,Geology; Environmental Science; Geology,
SS_MECH_FEEDING_MUCUS_CORAL_01,MECH_FEEDING_MUCUS_CORAL,Semantic Scholar Academic Graph API,2026-08-13,f5a689fb2584864246fc4b94451cbacd800cde25,85291871,"Resident mysids: secondary production, consumption, and trophic role in a coral reef lagoon",J. Carleton; A. McKinnon,2007,2007-04-27,,,10.3354/MEPS336089,,,https://www.semanticscholar.org/paper/f5a689fb2584864246fc4b94451cbacd800cde25,True,https://www.int-res.com/articles/meps2007/336/m336p089.pdf,19,42,0,Biology,Biology; Environmental Science; Biology,
SS_MECH_FEEDING_MUCUS_CORAL_01,MECH_FEEDING_MUCUS_CORAL,Semantic Scholar Academic Graph API,2026-08-13,f5af42c0113b40ab5609f7636d24958338fd8670,248787670,"Functional impact and trophic morphology of small, sand‐sifting fishes on coral reefs",O. Brodnicke; C. Hansen; J. Huie; S. Brandl; K. Worsaae,2022,2022-05-13,Functional Ecology,,10.1111/1365-2435.14087,,,https://www.semanticscholar.org/paper/f5af42c0113b40ab5609f7636d24958338fd8670,True,https://onlinelibrary.wiley.com/doi/pdfdirect/10.1111/1365-2435.14087,8,84,0,,Environmental Science; Biology,"1. Oligotrophic tropical coral reefs are built on efficient internal energy and nutri -ent cycling, facilitated by tight trophic interactions. In the competition for avail able prey, some small fishes have evolved to feed on apparently barren sand patches that connect hard- substratum patches in many reef habitats. 2. One strategy for obtaining prey from a particulate matrix is to sift out small prey items from the sediment (often called ‘winnowing’). Yet, the trophic link be -tween small winnowing consumers and their prey are poorly resolved, let alone the morphological specialisations that enable this foraging behaviour. 3. We used aquarium- based feeding experiments to quantify the impact of winnow -ing by two sand- dwelling goby species ( Valenciennea sexguttata and Valenciennea strigata ) on meiobenthos abundance and diversity and examined their actual inges -tion of meiobenthos using gut content analysis. To identify potential morphological structures involved in winnowing, we investigated the gobies' feeding apparatus with electron microscopy (SEM) and micro"
SS_MECH_FEEDING_MUCUS_CORAL_01,MECH_FEEDING_MUCUS_CORAL,Semantic Scholar Academic Graph API,2026-08-13,f6abd1174a9894b1e12855f97d4eab7909424c6d,261691032,UvA-DARE (Digital Academic First insights into the impacts of benthic cyanobacterial mats on fish herbivory functions on a nearshore coral reef,Amanda K. Ford; P. Visser; M. Herk; Evelien Jongepier; Victor Bonito,2021,,,Review,,,,https://www.semanticscholar.org/paper/f6abd1174a9894b1e12855f97d4eab7909424c6d,False,,0,85,0,,Environmental Science; Biology,
SS_MECH_FEEDING_MUCUS_CORAL_01,MECH_FEEDING_MUCUS_CORAL,Semantic Scholar Academic Graph API,2026-08-13,f7be30a0a42d7bb6f33cf1d70374f21898d1502d,86382933,The relationship between heterotrophic feeding and inorganic nutrient availability in the scleractinian coral T. reniformis under a short‐term temperature increase,Leïla Ezzat; E. Towle; J. Irisson; C. Langdon; C. Ferrier‐Pagès,2016,2016-01-01,,,10.1002/lno.10200,,,https://www.semanticscholar.org/paper/f7be30a0a42d7bb6f33cf1d70374f21898d1502d,True,https://aslopubs.onlinelibrary.wiley.com/doi/pdfdirect/10.1002/lno.10200,73,99,3,Biology,Biology; Environmental Science; Biology,
SS_MECH_FEEDING_MUCUS_CORAL_01,MECH_FEEDING_MUCUS_CORAL,Semantic Scholar Academic Graph API,2026-08-13,f7f99f5db53e2e0367ee602650c712eea1071773,9674696,Spatial Scales of Bacterial Diversity in Cold-Water Coral Reef Ecosystems,Sandra Schöttner; C. Wild; F. Hoffmann; A. Boetius; A. Ramette,2012,2012-03-05,PLoS ONE,JournalArticle; Review,10.1371/journal.pone.0032093,,22403625,https://www.semanticscholar.org/paper/f7f99f5db53e2e0367ee602650c712eea1071773,True,https://doi.org/10.1371/journal.pone.0032093,43,81,3,Biology; Medicine,Biology; Medicine; Biology; Environmental Science,"Background Cold-water coral reef ecosystems are recognized as biodiversity hotspots in the deep sea, but insights into their associated bacterial communities are still limited. Deciphering principle patterns of bacterial community variation over multiple spatial scales may however prove critical for a better understanding of factors contributing to cold-water coral reef stability and functioning. Methodology/Principal Findings Bacterial community structure, as determined by Automated Ribosomal Intergenic Spacer Analysis (ARISA), was investigated with respect to (i) microbial habitat type and (ii) coral species and color, as well as the three spatial components (iii) geomorphologic reef zoning, (iv) reef boundary, and (v) reef location. Communities revealed fundamental differences between coral-generated (branch surface, mucus) and ambient microbial habitats (seawater, sediments). This habitat specificity appeared pivotal for determining bacterial community shifts over all other study levels investigated. Coral-derived surfaces showed species-specific patterns, differing significantly between Lophelia pertusa and Madrepora oculata, but not between L. pertusa color types. Within the reef center, no community distinction corresponded to geomorphologic reef zoning for both coral-generated and ambient microbial habitats. Beyond the reef center, however, bacterial communities varied considerably from local to regional scales, with marked shifts toward the reef periphery as well as between different in- and offshore reef sites, suggesting significant biogeographic imprinting but weak microbe-host specificity. Conclusions/Significance This study presents the first multi-scale survey of bacterial diversity in cold-water coral reefs, spanning a total of five observational levels including three spatial scales. It demonstrates that bacterial communities in cold-water coral reefs are structured by multiple factors acting at different spatial scales, which has fundamental implications for the monitoring of microbial diversity and function in those ecosystems."
SS_MECH_FEEDING_MUCUS_CORAL_01,MECH_FEEDING_MUCUS_CORAL,Semantic Scholar Academic Graph API,2026-08-13,f912f6a2d2996f911b81b9860490949fd8878d96,256368306,Functional metagenomics reveals differential chitin degradation and utilization features across free-living and host-associated marine microbiomes,I. Raimundo; R. Silva; L. Meunier; S. Valente; A. Lago‐Lestón; T. Keller-Costa; R. Costa,2021,2021-02-14,Microbiome,,10.1186/s40168-020-00970-2,,,https://www.semanticscholar.org/paper/f912f6a2d2996f911b81b9860490949fd8878d96,True,https://microbiomejournal.biomedcentral.com/track/pdf/10.1186/s40168-020-00970-2,2,0,0,,Environmental Science; Biology,"Chitin ranks as the most abundant polysaccharide in the oceans yet knowledge of shifts in structure and diversity of chitin-degrading communities across marine niches is scarce. Here, we integrate cultivation-dependent and -independent approaches to shed light on the chitin processing potential within the microbiomes of marine sponges, octocorals, sediments, and seawater. We found that cultivatable host-associated bacteria in the genera Aquimarina, Enterovibrio, Microbulbifer, Pseudoalteromonas, Shewanella, and Vibrio were able to degrade colloidal chitin in vitro. Congruent with enzymatic activity bioassays, genome-wide inspection of cultivated symbionts revealed that Vibrio and Aquimarina species, particularly, possess several endo- and exo-chitinase-encoding genes underlying their ability to cleave the large chitin polymer into oligomers and dimers. Conversely, Alphaproteobacteria species were found to specialize in the utilization of the chitin monomer N-acetylglucosamine more often. Phylogenetic assessments uncovered a high degree of within-genome diversification of multiple, full-length endo-chitinase genes for Aquimarina and Vibrio strains, suggestive of a versatile chitin catabolism aptitude. We then analyzed the abundance distributions of chitin metabolism-related genes across 30 Illumina-sequenced microbial metagenomes and found that the endosymbiotic consortium of Spongia officinalis is enriched in polysaccharide deacetylases, suggesting the ability of the marine sponge microbiome to convert chitin into its deacetylated—and biotechnologically versatile—form chitosan. Instead, the abundance of endo-chitinase and chitin-binding protein-encoding genes in healthy octocorals leveled up with those from the surrounding environment but was found to be depleted in necrotic octocoral tissue. Using cultivation-independent, taxonomic assignments of endo-chitinase encoding genes, we unveiled previously unsuspected richness and divergent structures of chitinolytic communities across host-associated and free-living biotopes, revealing putative roles for uncultivated Gammaproteobacteria and Chloroflexi symbionts in chitin processing within sessile marine invertebrates. Our findings suggest that differential chitin degradation pathways, utilization, and turnover dictate the processing of chitin across marine micro-niches and support the hypothesis that inter-species cross-feeding could facilitate the co-existence of chitin utilizers within marine invertebrate microbiomes. We further identified chitin metabolism functions which may serve as indicators of microbiome integrity/dysbiosis in corals and reveal putative novel chitinolytic enzymes in the genus Aquimarina that may find applications in the blue biotechnology sector. 4kjGuZRPCftKy_HwBHqQX8 Video abstract Video abstract"
SS_MECH_FEEDING_MUCUS_CORAL_01,MECH_FEEDING_MUCUS_CORAL,Semantic Scholar Academic Graph API,2026-08-13,fa4e49fd073643eb497aab6c79c63b95cea66e6d,201059341,Borneo coral reefs subject to high sediment loads show evidence of resilience to various environmental stressors,N. Browne; C. Braoun; J. McIlwain; R. Nagarajan; J. Zinke,2019,2019-08-14,PeerJ,JournalArticle,10.7717/peerj.7382,,31428541,https://www.semanticscholar.org/paper/fa4e49fd073643eb497aab6c79c63b95cea66e6d,True,https://doi.org/10.7717/peerj.7382,47,165,0,Medicine; Environmental Science,Medicine; Environmental Science; Environmental Science,"For reefs in South East Asia the synergistic effects of rapid land development, insufficient environmental policies and a lack of enforcement has led to poor water quality and compromised coral health from increased sediment and pollution. Those inshore turbid coral reefs, subject to significant sediment inputs, may also inherit some resilience to the effects of thermal stress and coral bleaching. We studied the inshore turbid reefs near Miri, in northwest Borneo through a comprehensive assessment of coral cover and health in addition to quantifying sediment-related parameters. Although Miri’s Reefs had comparatively low coral species diversity, dominated by massive and encrusting forms of Diploastrea, Porites, Montipora, Favites, Dipsastrea and Pachyseris, they were characterized by a healthy cover ranging from 22 to 39%. We found a strong inshore to offshore gradient in hard coral cover, diversity and community composition as a direct result of spatial differences in sediment at distances <10 km. As well as distance to shore, we included other environmental variables like reef depth and sediment trap accumulation and particle size that explained 62.5% of variation in benthic composition among sites. Miri’s reefs showed little evidence of coral disease and relatively low prevalence of compromised health signs including bleaching (6.7%), bioerosion (6.6%), pigmentation response (2.2%), scars (1.1%) and excessive mucus production (0.5%). Tagged colonies of Diploastrea and Pachyseris suffering partial bleaching in 2016 had fully (90–100%) recovered the following year. There were, however, seasonal differences in bioerosion rates, which increased five-fold after the 2017 wet season. Differences in measures of coral physiology, like that of symbiont density and chlorophyll a for Montipora, Pachyseris and Acropora, were not detected among sites. We conclude that Miri’s reefs may be in a temporally stable state given minimal recently dead coral and a limited decline in coral cover over the last two decades. This study provides further evidence that turbid coral reefs exposed to seasonally elevated sediment loads can exhibit relatively high coral cover and be resilient to disease and elevated sea surface temperatures."
SS_MECH_FEEDING_MUCUS_CORAL_01,MECH_FEEDING_MUCUS_CORAL,Semantic Scholar Academic Graph API,2026-08-13,fa87f7da40567a0fb1dc542e95956fb663930760,88550832,Fossil Behavior Compendium,A. Boucot; G. Poinar,2010,2010-04-12,,Review,10.1201/9781439810590,,,https://www.semanticscholar.org/paper/fa87f7da40567a0fb1dc542e95956fb663930760,False,,125,2784,4,Biology,Biology; Geology,
SS_MECH_FEEDING_MUCUS_CORAL_01,MECH_FEEDING_MUCUS_CORAL,Semantic Scholar Academic Graph API,2026-08-13,fb2a07cc2d17b5359b5e80a4d7c10f1d022f4de7,128477306,Upper Jurassic microsolenid biostromes of northern and central Europe: facies and depositional environment,E. Insalaco,1996,1996-05-01,,,10.1016/0031-0182(95)00072-0,,,https://www.semanticscholar.org/paper/fb2a07cc2d17b5359b5e80a4d7c10f1d022f4de7,False,,117,66,13,Geology,Geology; Geology,
SS_MECH_FEEDING_MUCUS_CORAL_01,MECH_FEEDING_MUCUS_CORAL,Semantic Scholar Academic Graph API,2026-08-13,fbca25216b355b15447c7b8579aef82623268001,82535732,Species Profiles: Life Histories and Environmental Requirements of Coastal Fishes and Invertebrates (South Atlantic). Black Sea Bass,,1989,1989-07-01,,,,,,https://www.semanticscholar.org/paper/fbca25216b355b15447c7b8579aef82623268001,False,,15,0,5,Biology,Biology; Environmental Science; Biology,
SS_MECH_FEEDING_MUCUS_CORAL_01,MECH_FEEDING_MUCUS_CORAL,Semantic Scholar Academic Graph API,2026-08-13,fbea555b0049b6f65d25cb1c5a97a4c1f271a16f,54636973,"Biozonation on Deep-Water Carbonate Mounds and Associated Hardgrounds Along the Western Margin of Little Bahama Bank, with Notes on the Caicos Platform Island Slope",C. Messing,2004,,,Review,,,,https://www.semanticscholar.org/paper/fbea555b0049b6f65d25cb1c5a97a4c1f271a16f,False,,7,16,0,Geology,Geology; Environmental Science; Geology,
SS_MECH_FEEDING_MUCUS_CORAL_01,MECH_FEEDING_MUCUS_CORAL,Semantic Scholar Academic Graph API,2026-08-13,fbef221a796ccc0792b9c2ed2de55e063e5c0134,290161659,Context-dependent coral physiological responses to heat stress across a natural turbidity gradient.,Tahlia J. Bassett; N. Browne; E. Camp; Aleksey Sadekov; Molly Moustaka; Renee K. Gruber; Richard D. Evans; Shaun K. Wilson,2026,2026-07-01,Marine Environmental Research,JournalArticle,10.1016/j.marenvres.2026.108281,,42462684,https://www.semanticscholar.org/paper/fbef221a796ccc0792b9c2ed2de55e063e5c0134,True,https://www.sciencedirect.com/science/article/pii/S0141113626004502/pdf,0,91,0,Medicine,Medicine; Environmental Science,"Corals in turbid environments may be more resilient to thermal stress than their clear-water counterparts, yet the physiological trade-offs affecting corals subject to multiple stressors are still poorly understood. During the summer of 2023, corals reefs in the Dampier Archipelago (Western Australia) experienced high temperatures and heat stress (>31.5 °C and 14.4 degree heating weeks), reduced pH (>0.1 unit decline), and a ∼30% increase in light attenuation, providing a natural laboratory to assess coral metabolic responses to multiple stressors. We determined photosynthesis, respiration, and calcification rates of a common reef-building coral (Acropora millepora) over two seasons (spring and summer), at four sites spanning a cross-shelf turbidity gradient. Despite higher turbidity and reduced light at the inshore sites, coral photosynthesis-to-respiration ratios (P:R) were comparable to those at the clearer offshore sites. P:R and calcification rates declined at all sites during summer heat stress, with the highest relative decline in calcification (88%) observed at the most inshore site. Contrasting respiration and calcification responses among turbid sites suggest that trade-offs between growth and survival functions under heat stress may depend on the balance between energetic inputs (influenced by light and nutrient availability) and other energetic costs (such as sediment rejection). Combined, these findings highlight the importance of local environmental conditions for modulating coral stress responses, and the context-dependent nature of thermal tolerance on turbid reefs."
SS_MECH_FEEDING_MUCUS_CORAL_01,MECH_FEEDING_MUCUS_CORAL,Semantic Scholar Academic Graph API,2026-08-13,fbf4953d76aec1c9642337d78be5e222b4e29f15,264116262,Microbiome variability in invasive coral (Tubastraea aurea) in response to diverse environmental stressors,Gowri Krishna Girija; L. Tseng; Yu-Ling Chen; P. Meng; Jiang-Shiou Hwang; Ying-Ning Ho,2023,2023-10-12,Frontiers in Marine Science,JournalArticle,10.3389/fmars.2023.1234137,,,https://www.semanticscholar.org/paper/fbf4953d76aec1c9642337d78be5e222b4e29f15,True,https://www.frontiersin.org/articles/10.3389/fmars.2023.1234137/pdf?isPublishedV2=False,11,115,1,,Environmental Science; Biology,"The Indo-Pacific native azooxanthellate Tubastraea (Scleractinia) has been identified as an invasive marine species with substantial environmental, economic, and social implications worldwide. Despite their exceptional invasive capacity, our understanding of the role of their symbiotic microbiota in host resilience, as well as their response to ambient environmental conditions, remains limited. In this study, we analyzed the symbiotic bacterial communities found in the tissue and mucus of Tubastraea aurea from different habitats along the northeastern coast of Taiwan. These habitats included two extreme sites (a hydrothermal vent [HV] and a copper mining [CM] site) and two normal environments (inlet of a nuclear power plant [NPP] and a habitat adjacent to a conservation zone [CZ]). We employed full-length 16S rRNA sequencing (~1.5 kilobases) to determine coral-associated microbiome responses to local environments. Results showed significant variations in bacterial communities between corals from extreme and normal habitats. Chemoheterotrophic Endozoicomonas bacteria dominated the tissue samples from the HV and CM sites, whereas phototrophic Synechococcus cyanobacteria dominated the NPP and CZ sites. Hydrographic parameters such as pH, salinity, biological oxygen demand, turbidity, and concentration of heavy metals (e.g., Cu and Fe) increased at the HV and CM sites compared with those at the NPP and CZ sites. This difference created more stressful conditions at the HV and CM sites. The microbial assemblages associated with T. aurea exhibited a prevalence of diverse symbiotic bacteria that could potentially contribute to the host’s ability to adapt and survive in challenging ecological conditions. Therefore, these advantageous microorganisms, along with the host’s physiological mechanisms of dispersion, range expansion, and invasiveness, may enhance the resilience and ability of T. aurea to thrive in extreme environments."
SS_MECH_FEEDING_MUCUS_CORAL_01,MECH_FEEDING_MUCUS_CORAL,Semantic Scholar Academic Graph API,2026-08-13,fc381b366381f2d6d0495456e63a4b8663a36cec,203635597,"Habitat utilization by macrobenthos in deep-sea sandy fields : examples from the An ’ ei Seamount , Izu-Ogasawara Arc",M. Tokeshi,2004,,,Review,,,,https://www.semanticscholar.org/paper/fc381b366381f2d6d0495456e63a4b8663a36cec,False,,1,3,1,,Environmental Science; Biology,
SS_MECH_FEEDING_MUCUS_CORAL_01,MECH_FEEDING_MUCUS_CORAL,Semantic Scholar Academic Graph API,2026-08-13,fc91e94e878859e0d84a7980ab4d61624145cdea,85640907,Do Components of Floating Mucus Aggregates around Reefs Facilitate Population Growth of Attached Microorganisms?1,Y. Tamura; I. Mimura; M. Tsuchiya,2015,2015-09-11,,,10.2984/69.3.4,,,https://www.semanticscholar.org/paper/fc91e94e878859e0d84a7980ab4d61624145cdea,False,,0,39,0,Biology,Biology; Environmental Science; Biology,
SS_MECH_FEEDING_MUCUS_CORAL_01,MECH_FEEDING_MUCUS_CORAL,Semantic Scholar Academic Graph API,2026-08-13,fccf5ffb842070b55bcb1ff88cc7bbd23c6ea8ec,129172146,The Holocene non-tropical coastal and shelf carbonate province of southern Australia,V. Gostin; A. Belperio; J. Cann,1988,1988-11-01,,,10.1016/0037-0738(88)90110-8,,,https://www.semanticscholar.org/paper/fccf5ffb842070b55bcb1ff88cc7bbd23c6ea8ec,False,,84,37,3,Geology,Geology; Geology; Environmental Science,
SS_MECH_FEEDING_MUCUS_CORAL_01,MECH_FEEDING_MUCUS_CORAL,Semantic Scholar Academic Graph API,2026-08-13,fcddd74a8d0ed0a8f52684c10ac144f5fa905987,134602205,"Abundance and Current Fishing of Parrotfish ( Scaridae ) on South Caicos, Turks and Caicos Islands",E. Patterson,2016,,,Review,,,,https://www.semanticscholar.org/paper/fcddd74a8d0ed0a8f52684c10ac144f5fa905987,False,,0,12,0,Geography,Geography; Environmental Science; Biology,
SS_MECH_FEEDING_MUCUS_CORAL_01,MECH_FEEDING_MUCUS_CORAL,Semantic Scholar Academic Graph API,2026-08-13,fd3f51597051a75163d15dfc43c5897d2a610329,127693088,BENThIC COMMUNITIES OF ARTIFICIAL STRUCTURES: EFFECTS OF MARICULTURE IN ThE GULF OF AqABA (EILAT) ON dEvELOpMENT ANd BIOACCUMULATION,A. Tsemel; E. Spanier; D. Angel,2014,,,,,,,https://www.semanticscholar.org/paper/fd3f51597051a75163d15dfc43c5897d2a610329,False,,5,12,0,Environmental Science,Environmental Science; Environmental Science,
SS_MECH_FEEDING_MUCUS_CORAL_01,MECH_FEEDING_MUCUS_CORAL,Semantic Scholar Academic Graph API,2026-08-13,fdc33b4437120482390830c092e9226a9e958403,252748492,"Tube dwelling gastropod an indicator of coral reef status at the tropical reef of Palk Bay region, southeast coast of India",D. Adhavan; S. Prakash; Amit Kumar,2021,2021-07-01,Indian Journal of Geo-Marine Sciences,,10.56042/ijms.v50i07.33440,,,https://www.semanticscholar.org/paper/fdc33b4437120482390830c092e9226a9e958403,True,https://doi.org/10.56042/ijms.v50i07.33440,4,23,0,,Environmental Science,"Porites coral colonies at Olaikuda reef, Palk Bay region were observed with pink spot and covered with mucus. Close examination of these spots revealed the presence of polychaete tubeworm and vermitid snail. The polychaete worm made aberrant growth with pink spot and this would change the growth pattern or morphology of coral colonies. In addition to that, mucus produced by vermetid snail stressed the corals in the Palk Bay region by covering the corals with their sediment trapped mucus. This is the first report of stresses imposed by coral associates on coral colonies from the Indian waters. The presence of tube dwelling vermetid snail, the stressor factors could be an indication to understand the health status of coral reefs."
SS_MECH_FEEDING_MUCUS_CORAL_01,MECH_FEEDING_MUCUS_CORAL,Semantic Scholar Academic Graph API,2026-08-13,fe2ad0343a53c85038458a3a529b833fb1ae333c,90633822,Shell Fouling and Behavior of the Caribbean Predatory Gastropod Cassis tuberosa,Tobias B. Grun; J. Nebelsick,2017,2017-05-22,American Malacological Bulletin,,10.4003/006.035.0107,,,https://www.semanticscholar.org/paper/fe2ad0343a53c85038458a3a529b833fb1ae333c,False,,5,18,2,Biology,Biology; Environmental Science; Biology,
SS_MECH_FEEDING_MUCUS_CORAL_01,MECH_FEEDING_MUCUS_CORAL,Semantic Scholar Academic Graph API,2026-08-13,fe4b59ab8c352f501355d605526e8323806f0b95,84953771,Effects of drilling mud on the reef-building coral Montastrea annularis,R. Dodge,1982,1982-11-01,,,10.1007/BF00394622,,,https://www.semanticscholar.org/paper/fe4b59ab8c352f501355d605526e8323806f0b95,False,,36,15,1,Biology,Biology; Environmental Science,
SS_MECH_FEEDING_MUCUS_CORAL_01,MECH_FEEDING_MUCUS_CORAL,Semantic Scholar Academic Graph API,2026-08-13,ff354def36ed527d2677e37606ae9d740e6c4c2e,216641421,Further Readings in Geomicrobiology,,2012,2012-12-01,,,10.1080/01490451.2012.718986,,,https://www.semanticscholar.org/paper/ff354def36ed527d2677e37606ae9d740e6c4c2e,False,,0,37,0,,Environmental Science; Biology,
SS_MECH_FEEDING_MUCUS_CORAL_01,MECH_FEEDING_MUCUS_CORAL,Semantic Scholar Academic Graph API,2026-08-13,ff7aa9ef46b276e3a5686317e71e0bfdd7fcbb38,251825972,"Diversity, structure and spatial distribution of megabenthic communities in Cap de Creus continental shelf and submarine canyon (NW Mediterranean)",C. Domínguez-Carrió; Joan Lluís Riera; K. Robert; M. Zabala; Susana Requena; A. Gori; C. Orejas; Claudio Lo Iacono; C. Estournel; Guillem Corbera; S. Ambroso; María Jesús Uriz; P. López-González; R. Sardà; J. Gili,2022,2022-08-01,Progress in Oceanography,,10.1016/j.pocean.2022.102877,,,https://www.semanticscholar.org/paper/ff7aa9ef46b276e3a5686317e71e0bfdd7fcbb38,True,https://digital.csic.es/bitstream/10261/279093/1/Dominguez-Carrio%202022.pdf,27,224,0,,Environmental Science,"Leptometra phalangium , diverse sponge grounds and massive aggregations of the brittle star Ophiothrix fragilis . The submarine canyon off Cap de Creus is characterized by a cold-water coral community dominated by the scleractinian coral Madrepora oculata , found in association with several invertebrate species including oysters, brachiopods and a variety of sponge species, as well as by a community dominated by cerianthids and sea urchins, mostly in sedimentary areas. The benthic communities identified in the area were then compared with habitats/biocenoses described in reference habitat classification systems that consider circalittoral and bathyal environments of the Mediterranean. The complex environmental setting characteristic of the marine area off Cap de Creus likely produces the optimal conditions for communities dominated by suspension- and filter-feeding species to develop. The uniqueness of this ecosystem and the anthropogenic pressures that it faces should prompt the development of effective management actions to ensure the long-term conservation of the benthic fauna representative of this marine area."
SS_MECH_FEEDING_MUCUS_CORAL_01,MECH_FEEDING_MUCUS_CORAL,Semantic Scholar Academic Graph API,2026-08-13,ffb881452032a01f2e0f36b0bfd8e14541c1e5ce,261691036,UvA-DARE (Digital Academic First insights into the impacts of benthic cyanobacterial mats on fish herbivory functions on a nearshore coral reef,Amanda K. Ford; P. Visser; M. Herk; Evelien Jongepier; Victor Bonito,2021,,,Review,,,,https://www.semanticscholar.org/paper/ffb881452032a01f2e0f36b0bfd8e14541c1e5ce,False,,0,85,0,,Environmental Science; Biology,
