csas_reference_id,year,extracted_title,reference,priority_for_scope_audit,priority_reason,corpus_match_status,matched_corpus_id,matched_corpus_title,match_score,match_method,manual_audit_note
CSAS-001,2006,Manipulation of environmental variables and the effect on the growth of Haliclona sp.: Implications for open-water aquaculture,"Abdo, D.A., Battershill, C.N., and Harvey, E.S. 2006. Manipulation of environmental variables and the effect on the growth of Haliclona sp.: Implications for open-water aquaculture. Mar. Biol. Res. 2(5): 326–332.",NO,,PRESENT,CWC-AD9675EA683A,Manipulation of environmental variables and the effect on the growth of<i>Haliclona</i>sp.: Implications for open-water aquaculture,0.97,fuzzy title/year,
CSAS-002,1992,Sponges of Britain & Ireland,"Ackers, R.G., Moss, D., and Picton, B.E. 1992. Sponges of Britain & Ireland. Marine Conservation Society, UK. Revised and extended, 2007, Bernard Picton, Christine Morrow & Rob van Soest.",NO,,NOT FOUND,,,0.364,no match above 0.84 threshold within publication year +/- 1,
CSAS-003,2012,"Desmophyllum dianthus (Esper, 1794) in the Scleractinian Phylogeny and Its Intraspecific Diversity","Addamo, A.M., Reimer, J.D., Taviani, M., Freiwald, A., and Machordom, A. 2012. Desmophyllum dianthus (Esper, 1794) in the Scleractinian Phylogeny and Its Intraspecific Diversity. PLoS ONE 7(11): e50215.",NO,,PRESENT,CWC-CAC21F0EA1A2,"Desmophyllum dianthus (Esper, 1794) in the Scleractinian Phylogeny and Its Intraspecific Diversity",1.0,normalized title contained in CSAS reference,
CSAS-004,2013,Resistance of Lophelia pertusa to coverage by sediment and petroleum drill cuttings,"Allers, E., Abed, R.M.M., Wehrmann, L.M., Wang, T., Larsson, A.I., Purser, A., and de Beer, D. 2013. Resistance of Lophelia pertusa to coverage by sediment and petroleum drill cuttings. Mar. Pollut. Bull. 74: 132–140.",YES,"Organism: cold-water coral; exposure/impact: sediment, drilling, drill cuttings",PRESENT,CWC-93C925DB4EEE,Resistance of Lophelia pertusa to coverage by sediment and petroleum drill cuttings,1.0,normalized title contained in CSAS reference,
CSAS-005,2009,Impacts of bottom trawling on deep-coral ecosystems of seamounts are long-lasting,"Althaus, F., Williams, A., Schlacher, T.A., Kloser, R.J., Green, M.A., Barker, B.A., Bax, N.J., Brodie, P., and Schlacher-Hoenlinger, M.A. 2009. Impacts of bottom trawling on deep-coral ecosystems of seamounts are long-lasting. Mar. Ecol. Prog. Ser. 397: 279–294.",NO,,PRESENT,CWC-1A45A5AC7924,Impacts of bottom trawling on deep-coral ecosystems of seamounts are long-lasting,1.0,normalized title contained in CSAS reference,
CSAS-006,2012,Diversity and distribution of sea-pens (Cnidaria: Pennatulacea) of the Flemish Pass and Grand Banks of Newfoundland (Northwest Atlantic Ocean),"Altuna, A., and Murillo, F.J. 2012. Diversity and distribution of sea-pens (Cnidaria: Pennatulacea) of the Flemish Pass and Grand Banks of Newfoundland (Northwest Atlantic Ocean). Revista de Investigación Marina. 19(6): 405–406.",NO,,NOT FOUND,,,0.722,no match above 0.84 threshold within publication year +/- 1,
CSAS-007,2014,"Deep-sea mushroom soft corals (Octocorallia: Alcyonacea) from the Flemish Pass, Flemish Cap and Grand Bank of Newfoundland (northwest Atlantic)","Altuna, A., Murillo, F.J., and Molodtsova, T. 2014. Deep-sea mushroom soft corals (Octocorallia: Alcyonacea) from the Flemish Pass, Flemish Cap and Grand Bank of Newfoundland (northwest Atlantic). XVIII Simposio Ibérico de Estudios de Biología Marina. Gijón, Spain, September 2–5.",NO,,PRESENT,CWC-105D3EA801A8,Corals,0.857,fuzzy title/year,
CSAS-008,2014,"Eastern Newfoundland Strategic Environmental Assessment ISBN 978-1-927098- 50-9, Canada-Newfoundland and Labrador Offshore Petroleum Board, St. John’s, NL. 99 p","AMEC. 2014. Eastern Newfoundland Strategic Environmental Assessment ISBN 978-1-927098- 50-9, Canada-Newfoundland and Labrador Offshore Petroleum Board, St. John’s, NL. 99 p.",NO,,PRESENT,CWC-96DD205703DC,Новые данные по палеонтологии палеозоя Агинской структурно-формационной зоны Забайкалья (часть 1),0.851,fuzzy title/year,
CSAS-009,2009,An evaluation of sponge-associated amphipods from the Antarctic Peninsula,"Amsler, M.O., McClintock, J.B., Amsler, C.D., Angus, R.A., and Baker, B.J. 2009. An evaluation of sponge-associated amphipods from the Antarctic Peninsula. Antarctic Science. 21(6): 579–589.",NO,,NOT FOUND,,,0.421,no match above 0.84 threshold within publication year +/- 1,
CSAS-010,1935,Porifera,"Arndt, W. 1935. Porifera. Tierwelt Nord.-Ostsee, IIIa: 1–140, figs. 1–239.",NO,,PRESENT,CWC-3444B99C490F,"A discussion of the sponge fauna of the Dry Tortugas in particular and the West Indies in general, with material for a revision of the families and orders of the Porifera",0.857,fuzzy title/year,
CSAS-011,2005,Are deep-water corals important habitats for fishes? In Cold-Water Corals and Ecosystems,"Auster, P.J. 2005. Are deep-water corals important habitats for fishes? In Cold-Water Corals and Ecosystems. Edited by A. Freiwald and J.M. Roberts. Springer Berlin Heidelberg. pp. 747–760.",NO,,PRESENT,CWC-5562D207FCD2,Are deep-water corals important habitats for fishes?,1.0,normalized title contained in CSAS reference,
CSAS-012,2007,Linking deep-water corals and fish populations,"Auster, P.J. 2007. Linking deep-water corals and fish populations. Bull. Mar. Sci. Miami. 81: 93– 99.",NO,,NOT FOUND,,,0.381,no match above 0.84 threshold within publication year +/- 1,
CSAS-013,2007,"Growth and morphology of reef-forming glass sponge, Aphrocallistes vastus (Hexactinellida), and implications for recovery from widespread trawl damage","Austin, W.C., Conway, K.W., Barrie, J.V., and Krautter, M. 2007. Growth and morphology of reef-forming glass sponge, Aphrocallistes vastus (Hexactinellida), and implications for recovery from widespread trawl damage. In Porifera Research: Biodiversity, Innovation and Sustainability. Edited by M.R. Custodia, G. Lobo-Hajdu, E. Hajdu, and G. Muricy. Universidade Federal do Rio de Janeiro. pp. 139–145.",NO,,PRESENT,CWC-59137DCF3692,"Growth and morphology of a reef-forming glass sponge, Aphrocallistes vastus (Hexactinellida), and implications for recovery from widespread trawl damage",0.973,fuzzy title/year,
CSAS-014,2007,Sponges of the marine karst lakes and of the coast of the islands of Ha Long Bay (North Vietnam),"Azzini, F., Calcinai, B., Cerrano, C., Bavestrello, G., and Pansini, M. 2007. Sponges of the marine karst lakes and of the coast of the islands of Ha Long Bay (North Vietnam). In Porifera Research: Biodiversity, Innovation and Sustainability. Edited by M.R. Custodia, G. Lobo-Hajdu, E. Hajdu, and G. Muricy. Universidade Federal do Rio de Janeiro. pp. 157– 164.",NO,,PRESENT,CWC-7A0051883470,Sponges,0.861,fuzzy title/year,
CSAS-015,2015,Comparative biometry and isotopy of three dominant pennatulacean corals in the Northwest Atlantic,"Baillon, S., English, M., Hamel, J.-F. and Mercier, A. 2015. Comparative biometry and isotopy of three dominant pennatulacean corals in the Northwest Atlantic. Acta Zoologica. 97(4): 475– 493.",NO,,PRESENT,CWC-105D3EA801A8,Corals,0.859,fuzzy title/year,
CSAS-016,2014,"Diversity, distribution and nature of faunal associations with deep-sea pennatulacean corals in the Northwest Atlantic","Baillon, S., Hamel, J.F., and Mercier, A. 2014. Diversity, distribution and nature of faunal associations with deep-sea pennatulacean corals in the Northwest Atlantic. PLoS ONE. 9(11): e111519.",NO,,PRESENT,CWC-105D3EA801A8,Corals,0.858,fuzzy title/year,
CSAS-017,2012,Deep cold-water corals as nurseries for fish larvae,"Baillon, S., Hamel, J.F., Wareham, V.E., and Mercier, A. 2012. Deep cold-water corals as nurseries for fish larvae. Front. Ecol. Environ.10: 351–356.",NO,,PRESENT,CWC-ACDCA5569427,Deep cold‐water corals as nurseries for fish larvae,1.0,normalized title contained in CSAS reference,
CSAS-018,2016,Comparative biometry and isotopy of three dominant pennatulacean corals in the Northwest Atlantic,"Baillon, S., English, M., Hamel, J.F., and Mercier, A. 2016. Comparative biometry and isotopy of three dominant pennatulacean corals in the Northwest Atlantic. Acta Zoological (Stockholm). 97: 475–493.",NO,,PRESENT,CWC-105D3EA801A8,Corals,0.859,fuzzy title/year,
CSAS-019,2019,"Small-scale patterns in the distribution and condition of bamboo coral, Keratoisis grayi, in submarine canyons on the Grand Banks, Newfoundland","Baker, K.D, Snelgrove, P.V.R., Fifield, D.A., Edinger, E.E., Wareham, V.E., Haedrich, R.L., and Gilkinson, K.D. 2019. Small-scale patterns in the distribution and condition of bamboo coral, Keratoisis grayi, in submarine canyons on the Grand Banks, Newfoundland. Front. Mar. Sci. 3(674): 1–10.",NO,,NOT FOUND,,,0.387,no match above 0.84 threshold within publication year +/- 1,
CSAS-020,2012,"Distributional patterns of deep-sea coral assemblages in three submarine canyons off Newfoundland, Canada","Baker, K.D., Wareham, V.E., Snelgrove, V.R., Haedrich, R.L., Fifield, D.A., Edinger, E.N., and Gilkinson, K.D. 2012. Distributional patterns of deep-sea coral assemblages in three submarine canyons off Newfoundland, Canada. Mar. Ecol. Prog. Ser. 445: 235–249.",NO,,PRESENT,CWC-17CE689084E7,"Distributional patterns of deep-sea coral assemblages in three submarine canyons off Newfoundland, Canada",1.0,normalized title contained in CSAS reference,
CSAS-021,2012,Toxicity assessment of individual ingredients of synthetic-based drilling muds (SBMs),"Bakhtyar, S., and Gagnon, M.M. 2012. Toxicity assessment of individual ingredients of synthetic-based drilling muds (SBMs). Environ. Monit. Assess. 184: 5311–5325.",NO,,NOT FOUND,,,0.316,no match above 0.84 threshold within publication year +/- 1,
CSAS-022,2013,Environmental impacts of produced water and drilling waste discharges from the Norwegian offshore petroleum industry,"Bakke, T., Klungsøyr, J., and Sanni, S. 2013. Environmental impacts of produced water and drilling waste discharges from the Norwegian offshore petroleum industry. Mar. Environ. Res. 92: 154–169.",NO,,PRESENT,CWC-311E311FECBC,Environmental impacts of produced water and drilling waste discharges from the Norwegian offshore petroleum industry,1.0,normalized title contained in CSAS reference,
CSAS-023,2012,Suspended sediment grain size and mineralogy across the continental shelf of the Great Barrier Reef: Impacts on the physiology of a coral reef sponge,"Bannister, R.J., Battershill, C.N., and de Nys, R. 2012. Suspended sediment grain size and mineralogy across the continental shelf of the Great Barrier Reef: Impacts on the physiology of a coral reef sponge. Cont. Shelf Res. 32: 86–95.",YES,"Organism: coral, sponge; exposure/impact: sediment",PRESENT,CWC-6A83F026EEB4,Suspended sediment grain size and mineralogy across the continental shelf of the Great Barrier Reef: Impacts on the physiology of a coral reef sponge,1.0,normalized title contained in CSAS reference,
CSAS-024,1983,Illustrated trilingual glossary of morphological and anatomical terms applied to Octocorallia. E.J,"Bayer, F., Grasshoff, M., and Verseveldt, J. 1983. Illustrated trilingual glossary of morphological and anatomical terms applied to Octocorallia. E.J. Brill, Dr. W. Backhuys, Leiden, the Netherlands. 75 p.",NO,,NOT FOUND,,,0.286,no match above 0.84 threshold within publication year +/- 1,
CSAS-025,2008,Reproductive Strategies as the Determinant of Spatial Structure of Deep- Water Corals of the Northeast Channel,"Beazley, L. 2008. Reproductive Strategies as the Determinant of Spatial Structure of Deep- Water Corals of the Northeast Channel. Honours Thesis, Biology Department. Dalhousie University, Halifax, NS. 69 p.",NO,,NOT FOUND,,,0.4,no match above 0.84 threshold within publication year +/- 1,
CSAS-026,2013,Deep-sea sponge grounds enhance diversity and abundance of epibenthic megafauna in the Northwest Atlantic,"Beazley, L.I., Kenchington, E., Murillo, F.J., and Sacau, M. 2013a. Deep-sea sponge grounds enhance diversity and abundance of epibenthic megafauna in the Northwest Atlantic. ICES. J. Mar. Sci. 70: 1471–1490.",NO,,PRESENT,CWC-98405605CC4A,Deep-sea sponge grounds enhance diversity and abundance of epibenthic megafauna in the Northwest Atlantic,1.0,normalized title contained in CSAS reference,
CSAS-027,2013,Summary of the location of VME indicators on the Flemish Cap slope base don in situ benthic imagery analysis,"Beazley, L., Anstey, L.J., and Kenchington, E.R. 2013b. Summary of the location of VME indicators on the Flemish Cap slope base don in situ benthic imagery analysis. NAFO SCR Doc. 13/076, Serial No. N6274, 18 p.",NO,,NOT FOUND,,,0.333,no match above 0.84 threshold within publication year +/- 1,
CSAS-028,2015,Epibenthic Megafauna of the Flemish Pass and Sackville Spur (Northwest Atlantic) Identified from In Situ Benthic Image Transects,"Beazley, L.I., and Kenchington, E.L. 2015. Epibenthic Megafauna of the Flemish Pass and Sackville Spur (Northwest Atlantic) Identified from In Situ Benthic Image Transects. Can. Tech. Rep. Fish. Aquat. Sci. 3127: 496 p.",NO,,PRESENT,CWC-034B5B194DB6,C,0.851,fuzzy title/year,
CSAS-029,2016,Species Distribution Modelling of Corals and Sponges in the Maritimes Region for Use in the Identification of Significant Benthic Areas,"Beazley, L., Kenchington, E., Murillo, F.J., Lirette, C., Guijarro, J., McMillan, A., and Knudby, A. 2016. Species Distribution Modelling of Corals and Sponges in the Maritimes Region for Use in the Identification of Significant Benthic Areas. Can. Tech. Rep. Fish. Aquat. Sci. 3172: vi + 189p.",NO,,PRESENT,CWC-105D3EA801A8,Corals,0.857,fuzzy title/year,
CSAS-030,2004,Evidence for morphology-induced sediment settlement prevention on the tubular sponge Haliclona urceolus,"Bell, J.J. 2004. Evidence for morphology-induced sediment settlement prevention on the tubular sponge Haliclona urceolus. Marine Biology. 146: 29–38.",YES,Organism: sponge; exposure/impact: sediment,PRESENT,CWC-620A6B01FCC6,Evidence for morphology-induced sediment settlement prevention on the tubular sponge Haliclona urceolus,1.0,normalized title contained in CSAS reference,
CSAS-031,2000,The distribution and prevalence of sponges in relation to environmental gradients within a temperate sea lough: inclined cliff surfaces,"Bell, J.J., and Barnes, D.K.A. 2000a. The distribution and prevalence of sponges in relation to environmental gradients within a temperate sea lough: inclined cliff surfaces. Divers. Distrib. 6: 283–303.",NO,,PRESENT,CWC-BBAA606CAF47,The distribution and prevalence of sponges in relation to environmental gradients within a temperate sea lough: inclined cliff surfaces,1.0,normalized title contained in CSAS reference,
CSAS-032,2000,The distribution and prevalence of sponges in relation to environmental gradients within a temperate sea lough: vertical cliff surfaces,"Bell, J.J., and Barnes, D.K.A. 2000b. The distribution and prevalence of sponges in relation to environmental gradients within a temperate sea lough: vertical cliff surfaces. Divers. Distrib. 6: 283–303.",NO,,PRESENT,CWC-155169475BF6,The distribution and prevalence of sponges in relation to environmental gradients within a temperate sea lough: vertical cliff surfaces,1.0,normalized title contained in CSAS reference,
CSAS-033,2015,Global conservation status of sponges,"Bell, J.J., McGrath, E., Biggerstaff, A., Bates, T., Cárdenas, C.A., and Bennett, H. 2015a. Global conservation status of sponges. Conserv. Biol. 29(1): 42–53.",NO,,PRESENT,CWC-7762EF5B0470,Global conservation status of sponges,1.0,normalized title contained in CSAS reference,
CSAS-034,2015,Sediment impacts on marine sponges,"Bell, J.J., McGrath, E., Biggerstaff, A., Bates, T., Bennett, H., Marlow, J., and Shaffer, M. 2015b. Sediment impacts on marine sponges. Mar. Pollut. Bull. 94: 5–13.",YES,Organism: sponge; exposure/impact: sediment,PRESENT,CWC-104B2C5A7924,Sediment impacts on marine sponges,1.0,normalized title contained in CSAS reference,
CSAS-035,2010,Sponge Identification Guide NAFO Area,"Best, M., Kenchington, E., MacIsaac, K., Wareham, V.E., Fuller, S.D., and Thompson, A.B. 2010. Sponge Identification Guide NAFO Area. Sci. Coun. Studies, 43: 1–50.",NO,,NOT FOUND,,,0.222,no match above 0.84 threshold within publication year +/- 1,
CSAS-036,2014,Numerical simulations of the spread of floating passive tracer released at the Old Harry prospect,"Bourgault, D., Cyr, F., Dumont, D., and Carter, A. 2014. Numerical simulations of the spread of floating passive tracer released at the Old Harry prospect. Environmental Research Letters. 9(5):1–14.",NO,,NOT FOUND,,,0.273,no match above 0.84 threshold within publication year +/- 1,
CSAS-037,1866,A Monograph of the British Spongiadae,"Bowerbank, J.S. 1866. A Monograph of the British Spongiadae. Volume 2. (Ray Society: London): i-xx, 1–388.",NO,,NOT FOUND,,,0.308,no match above 0.84 threshold within publication year +/- 1,
CSAS-038,2019,Ephesus Prospect ROV Survey (2019-2024): Environmental Assessment Report,"BP. 2019a. Ephesus Prospect ROV Survey (2019-2024): Environmental Assessment Report. Halifax, N.S. 58 p.",NO,,NOT FOUND,,,0.286,no match above 0.84 threshold within publication year +/- 1,
CSAS-039,2019,Ironbark Exploration Drilling: Environment Plan. AU601‐HS‐PLN‐600‐00001,"BP. 2019b. Ironbark Exploration Drilling: Environment Plan. AU601‐HS‐PLN‐600‐00001. Melbourne, Australia. 355 p.",NO,,NOT FOUND,,,0.125,no match above 0.84 threshold within publication year +/- 1,
CSAS-040,2001,"Ukooa Phase II - Task 3: Depletion Studies of Contaminants in Drill Cuttings Mesocosm Systems Report to DNV and UKOOA Drill Cuttings Joint Industry Project, Sintef report STF66 A01139","Brakstad, O.G., and Ramstad, S. 2001. Ukooa Phase II - Task 3: Depletion Studies of Contaminants in Drill Cuttings Mesocosm Systems Report to DNV and UKOOA Drill Cuttings Joint Industry Project, Sintef report STF66 A01139. Trondheim, Norway. ISBN 82- 14-02297-5.",NO,,NOT FOUND,,,0.238,no match above 0.84 threshold within publication year +/- 1,
CSAS-041,2004,Drill cutting accumulations in the Northern and Central North Sea: a review of environmental interactions and chemical fate,"Breuer, E., Stevensen, A.G., Howe, J.A., Carroll, J., and Shimmield, G.B. 2004. Drill cutting accumulations in the Northern and Central North Sea: a review of environmental interactions and chemical fate. Mar. Pollut. Bull. 48: 12–25.",NO,,NOT FOUND,,,0.452,no match above 0.84 threshold within publication year +/- 1,
CSAS-042,2009,Sediment tolerance of two different morphotypes of the deep-sea coral Lophelia pertusa from the Gulf of Mexico,"Brooke, S.D., Holmes, M.W., and Young, C.M. 2009. Sediment tolerance of two different morphotypes of the deep-sea coral Lophelia pertusa from the Gulf of Mexico. Mar. Ecol. Prog. Ser. 390: 137–144.",YES,"Organism: coral, cold-water coral; exposure/impact: sediment",PRESENT,CWC-8A7D3E851AE3,Sediment tolerance of two different morphotypes of the deep-sea coral Lophelia pertusa from the Gulf of Mexico,1.0,normalized title contained in CSAS reference,
CSAS-043,2005,Perspectives on mucus secretion in reef corals,"Brown, B.E., and Bythell, J.C. 2005. Perspectives on mucus secretion in reef corals. Mar. Ecol. Prog. Ser. 296: 291–309.",NO,,PRESENT,CWC-E71201EC464A,Perspectives on mucus secretion in reef corals,1.0,normalized title contained in CSAS reference,
CSAS-044,2007,Predicting suitable habitat for deep-water gorgonian corals on the Atlantic and Pacific Continental Margins of North America,"Bryan, T.L., and Metaxas, A. 2007. Predicting suitable habitat for deep-water gorgonian corals on the Atlantic and Pacific Continental Margins of North America. Mar. Ecol. Prog. Ser. 330: 113–126.",NO,,NOT FOUND,,,0.485,no match above 0.84 threshold within publication year +/- 1,
CSAS-045,2003,Environmental Effects Monitoring for Exploration Drilling No,"Buchanan, R.A., Cook, J.A., and Mathieu, A. 2003. Environmental Effects Monitoring for Exploration Drilling No. ESRF – 018, LGL Limited Solicitation, St. John’s, NL. 182 p.",NO,,NOT FOUND,,,0.286,no match above 0.84 threshold within publication year +/- 1,
CSAS-046,2016,"Observations, inferences, and mechanisms of Atlantic Meridional Overturning Circulation variability: A review","Buckley, M.W., and Marshall, J. 2016. Observations, inferences, and mechanisms of Atlantic Meridional Overturning Circulation variability: A review. Reviews of Geophysics. 54: 5–63.",NO,,PRESENT,CWC-034B5B194DB6,C,0.851,fuzzy title/year,
CSAS-047,2004,Symbiosis in deep-water corals,"Buhl-Mortensen, L., and Mortensen, P.B. 2004. Symbiosis in deep-water corals. Symbiosis. 37: 33–61.",NO,,NOT FOUND,,,0.462,no match above 0.84 threshold within publication year +/- 1,
CSAS-048,2005,Distribution and diversity of species associated with deep-sea gorgonian corals off Atlantic Canada,"Buhl-Mortensen, L., and Mortensen, P.B. 2005. Distribution and diversity of species associated with deep-sea gorgonian corals off Atlantic Canada. In Cold-Water Corals and Ecosystems. Edited by A. Freiwald and J.M. Roberts. Springer Berlin, Heidelberg. pp. 849–879.",NO,,PRESENT,CWC-9E249407A8FE,Distribution and diversity of species associated with deep-sea gorgonian corals off Atlantic Canada,1.0,normalized title contained in CSAS reference,
CSAS-049,2010,"Environmental Monitoring Report: Morvin 2009–2010, Institute of Marine Research. 125 p","Buhl-Mortensen, P., Klungsøyr, J., Meier, S., Purser, A., Tenningen, E., and Thomsen L. 2010. Environmental Monitoring Report: Morvin 2009–2010, Institute of Marine Research. 125 p.",NO,,NOT FOUND,,,0.632,no match above 0.84 threshold within publication year +/- 1,
CSAS-050,2016,Trophic Ecology and Habitat Provision in Cold-Water Coral Ecosystems,"Buhl-Mortensen, P., Buhl-Mortensen, L., and Purser, A. 2016. Trophic Ecology and Habitat Provision in Cold-Water Coral Ecosystems. In Marine Animal Forests. Edited by S. Rossi. Springer International Publishing, Switzerland, pp. 919–944",NO,,PRESENT,CWC-D690E6C23BCD,Marine Animal Forests,1.0,normalized title contained in CSAS reference,
CSAS-051,2017,"First description of a Lophelia pertusa reef complex in Atlantic Canada. Deep-Sea Res. I 126, 21e30","Buhl-Mortensen, P., Gordon Jr., D.C., Buhl-Mortensen, L., and Kulka, D.W. 2017. First description of a Lophelia pertusa reef complex in Atlantic Canada. Deep-Sea Res. I 126, 21e30.",NO,,PRESENT,CWC-034B5B194DB6,C,0.852,fuzzy title/year,
CSAS-052,2019,Vulnerable marine ecosystems,"Buhl-Mortensen, L., Burgos, J., Steingrund, P., Buhl-Mortensen, P., Olafsdottir, S., and Ragnarsson, S. 2019. Vulnerable marine ecosystems. Coral and sponge VMEs in Arctic and sub-Arctic waters Distribution and threats. 10.13140/RG.2.2.13159.50084. 145 p.",NO,,PRESENT,CWC-8E48F0DE7427,Ecosystem Valuation of Vulnerable Marine Ecosystems in the South Pacific Islands,0.902,fuzzy title/year,
CSAS-053,2009,Coral recruitment and early benthic community development on several materials used in the construction of artificial reefs and breakwaters. J,"Burt, J., Bartholomew, A., Bauman, A., Saif, A., and Sale, P.F. 2009. Coral recruitment and early benthic community development on several materials used in the construction of artificial reefs and breakwaters. J. Exp. Mar. Biol. Ecol. 373: 72–78.",NO,,PRESENT,CWC-60A91046FB9D,Coral recruitment and early benthic community development on several materials used in the construction of artificial reefs and breakwaters,1.0,normalized title contained in CSAS reference,
CSAS-054,2013,"The impact of simulated dredging on sponges of the East Australian coastline semester report, University of Stuttgart, Stuttgart, Germany","Büttner, E., and Siebler, F. 2013. The impact of simulated dredging on sponges of the East Australian coastline semester report, University of Stuttgart, Stuttgart, Germany.",NO,,NOT FOUND,,,0.357,no match above 0.84 threshold within publication year +/- 1,
CSAS-055,1981,Marine Flora and Fauna of the northeastern United States,"Cairns, S.D. 1981. Marine Flora and Fauna of the northeastern United States. Scleractinia. NOAA Technical Report NMFS Circular 438: U.S. Department of Commerce. National Oceanic Atmospheric Administration, Seattle, Washington. 15 p.",NO,,NOT FOUND,,,0.583,no match above 0.84 threshold within publication year +/- 1,
CSAS-056,2010,Studies on western Atlantic Octocorallia (Gorgonacea: Primnoidae),"Cairns, S.D. 2010. Studies on western Atlantic Octocorallia (Gorgonacea: Primnoidae). Part 8: New records of Primnoidae from the New England and Corner Rise Seamounts. Proceedings of the Biological Society of Washington, 120(3): 243–263.",NO,,NOT FOUND,,,0.333,no match above 0.84 threshold within publication year +/- 1,
CSAS-057,2019,"An illustrated key to the species of the genus Narella (Cnidaria, Octocorallia, Primnoidae)","Cairns, S.D., and Taylor, M.L. 2019. An illustrated key to the species of the genus Narella (Cnidaria, Octocorallia, Primnoidae). ZooKeys. 822: 1–15.",NO,,NOT FOUND,,,0.385,no match above 0.84 threshold within publication year +/- 1,
CSAS-058,2017,Exploration Drilling in Atlantic Canada Offshore Fact Sheet,CAPP. 2017. Exploration Drilling in Atlantic Canada Offshore Fact Sheet. Accessed 20 October 2019.,NO,,PRESENT,CWC-034B5B194DB6,C,0.853,fuzzy title/year,
CSAS-059,2012,"A review of Norwegian streptaster-bearing Astrophorida (Porifera: Demospongiae: Tetractinellida), new records and a new species, Zootaxa. 3253: 1–52","Cárdenas, P., and Rapp, H.T. 2012, A review of Norwegian streptaster-bearing Astrophorida (Porifera: Demospongiae: Tetractinellida), new records and a new species, Zootaxa. 3253: 1–52.",NO,,PRESENT,CWC-AF51824C21CD,"A review of Norwegian streptaster-bearing Astrophorida (Porifera: Demospongiae: Tetractinellida), new records and a new species",1.0,normalized title contained in CSAS reference,
CSAS-060,2015,Demosponges from the Northern Mid-Atlantic Ridge shed more light on the diversity and biogeography of North Atlantic deep-sea sponges. J,"Cárdenas, P., and Rapp, H.T. 2015. Demosponges from the Northern Mid-Atlantic Ridge shed more light on the diversity and biogeography of North Atlantic deep-sea sponges. J. Mar. Biolog. Assoc. U.K. 95(7): 1475–1516.",NO,,PRESENT,CWC-F89E7359CB87,Demosponges from the Northern Mid-Atlantic Ridge shed more light on the diversity and biogeography of North Atlantic deep-sea sponges,1.0,normalized title contained in CSAS reference,
CSAS-061,2013,"Taxonomy, biogeography and DNA barcodes of Geodia species (Porifera, Demospongiae, Tetractinellida) in the Atlantic boreo-arctic region","Cárdenas, P., Rapp, H.T., Klitgaard, A.B., Best, M., Thollesson, M., and Tendal, O.S. 2013. Taxonomy, biogeography and DNA barcodes of Geodia species (Porifera, Demospongiae, Tetractinellida) in the Atlantic boreo-arctic region. Zool. J. Linn. Soc. 169: 251–311.",NO,,PRESENT,CWC-CA460694EDFC,"Taxonomy, biogeography and DNA barcodes of<i>Geodia</i>species (Porifera, Demospongiae, Tetractinellida) in the Atlantic boreo-arctic region",0.971,fuzzy title/year,
CSAS-062,1874,Development of the marine sponges from the earliest recognizable appearance of the ovum to the perfected individual,"Carter, H.J. 1874. Development of the marine sponges from the earliest recognizable appearance of the ovum to the perfected individual. Ann. Mag. Nat. Hist. 14(4): 321–337, 389–406.",NO,,NOT FOUND,,,0.24,no match above 0.84 threshold within publication year +/- 1,
CSAS-063,2015,Cold-water coral reefs and adjacent sponge grounds: hotspots of benthic respiration and organic carbon cycling in the deep sea,"Cathalot, C., Van Oevelen, D., Cox, T.J.S., Kutti, T., Lavaleye, M., Duineveld, G., and Meysman, F.J.R. 2015. Cold-water coral reefs and adjacent sponge grounds: hotspots of benthic respiration and organic carbon cycling in the deep sea. Front. Mar. Sci. 2:37.",NO,,PRESENT,CWC-51CF32B7BF4F,Cold-water coral reefs and adjacent sponge grounds: hotspots of benthic respiration and organic carbon cycling in the deep sea,1.0,normalized title contained in CSAS reference,
CSAS-064,2019,"Decision Statement Issued under Section 54 of the Canadian Environmental Assessment Act, 2012, Eastern Newfoundland Offshore Exploration Drilling Project","CEAA. 2019a. Decision Statement Issued under Section 54 of the Canadian Environmental Assessment Act, 2012, Eastern Newfoundland Offshore Exploration Drilling Project. Ottawa, Ontario. April 17, 2019. 16 p.",NO,,NOT FOUND,,,0.286,no match above 0.84 threshold within publication year +/- 1,
CSAS-065,2019,"Decision Statement Issued under Section 54 of the Canadian Environmental Assessment Act, 2012 – Flemish Pass Exploration Drilling Project","CEAA. 2019b. Decision Statement Issued under Section 54 of the Canadian Environmental Assessment Act, 2012 – Flemish Pass Exploration Drilling Project. Ottawa, Ontario. April 17, 2019. 16 p.",NO,,NOT FOUND,,,0.267,no match above 0.84 threshold within publication year +/- 1,
CSAS-066,2009,US GODAE: Global Ocean Prediction with the HYbrid Coordinate Ocean Model (HYCOM),"Chassignet, E.P., Hurlburt, H.E., Metzger, E.J., Smedstad, O.M., Cummings, J.A., Halliwell, G.R., Bleck, R., Baraille, R., Wallcraft, A.J., Lozano, C., Tolman, H.L., Srinivasan, A., Hankin, S., Cornillon, P., Weisberg, R., Barth, A., He, R., Werner, F., and Wilkin, J. 2009. US GODAE: Global Ocean Prediction with the HYbrid Coordinate Ocean Model (HYCOM). Oceanography, 22(2): 64–75.",NO,,NOT FOUND,,,0.273,no match above 0.84 threshold within publication year +/- 1,
CSAS-067,2018,ROV vs trawling approaches in the study of benthic communities: The case of Pennatula rubra (Cnidaria: Pennatulacea). J,"Chimienti, G., Angeletti, L., Rizzo, L., Tursi, A. and Mastrototaro, F. 2018. ROV vs trawling approaches in the study of benthic communities: The case of Pennatula rubra (Cnidaria: Pennatulacea). J. Mar. Biol. Asso. Uni. King. 98(8), 1859–1869.",NO,,NOT FOUND,,,0.37,no match above 0.84 threshold within publication year +/- 1,
CSAS-068,1981,Habitat Requirements and Expected Distribution of Alaska Coral,"Cimberg, R.L., Gerrodette, T., and Muzik, K. 1981. Habitat Requirements and Expected Distribution of Alaska Coral. Report Prepared for Office of Marine Pollution Assessment, Alaska Office. Research Unit #601.",NO,,NOT FOUND,,,0.429,no match above 0.84 threshold within publication year +/- 1,
CSAS-069,2016,The impacts of deep-sea fisheries on benthic communities: a review,"Clark, M.R., Althaus, F., Schlacher, T.A., Williams, A., Bowden, D.A., and Rowden, A.A. 2016. The impacts of deep-sea fisheries on benthic communities: a review. ICES J. Mar. Sci. 73 (Supplement I): i51-i69.",NO,,PRESENT,CWC-AAE2437C7211,The impacts of deep-sea fisheries on benthic communities: a review,1.0,normalized title contained in CSAS reference,
CSAS-070,1994,Use of artificial reef structures to rehabilitee reef flats degraded by coral mining in the Maldives,"Clark, S., and Edwards, A.J. 1994. Use of artificial reef structures to rehabilitee reef flats degraded by coral mining in the Maldives. Bull. Mar. Sci. 55(2–3): 724–744.",NO,,NOT FOUND,,,0.485,no match above 0.84 threshold within publication year +/- 1,
CSAS-071,2018,C-NLOPB Remarks to National Advisory Panel on Marine Protected Area Standards.Accessed 20 October 2019,C-NLOPB. 2018. C-NLOPB Remarks to National Advisory Panel on Marine Protected Area Standards.Accessed 20 October 2019.,NO,,PRESENT,CWC-CEE8BCFEDAF3,Распределение таксонов макрозообентоса - потенциальных индикаторов уязвимых морских экосистем в западной части Берингова моря. 1. Анадырский район,0.851,fuzzy title/year,
CSAS-072,2019,Mapping Information and Shapefiles,C-NLOPB. 2019a. Mapping Information and Shapefiles. Accessed 20 October 2019.,NO,,NOT FOUND,,,0.286,no match above 0.84 threshold within publication year +/- 1,
CSAS-073,2019,Schedule of Wells Summary,C-NLOPB. 2019b. Schedule of Wells Summary. Accessed 20 October 2019.,NO,,NOT FOUND,,,0.286,no match above 0.84 threshold within publication year +/- 1,
CSAS-074,2019,Guidelines and Interpretation Notes,C-NLOPB. 2019c. Guidelines and Interpretation Notes. Accessed 20 October 2019.,NO,,NOT FOUND,,,0.286,no match above 0.84 threshold within publication year +/- 1,
CSAS-075,2019,"June 22, 2018 Incident Bulletin Update: Unauthorized Discharge of Drilling Mud","C-NSOPB. 2019. June 22, 2018 Incident Bulletin Update: Unauthorized Discharge of Drilling Mud. Accessed 20 October 2019.",NO,,NOT FOUND,,,0.235,no match above 0.84 threshold within publication year +/- 1,
CSAS-076,1989,Pre-drilling and post-drilling surveys for Pensacola Area Block 996,Continental Shelf Associates (CSA). 1989. Pre-drilling and post-drilling surveys for Pensacola Area Block 996. Prepared for Texaco Producing Inc. 38 p.,NO,,NOT FOUND,,,0.25,no match above 0.84 threshold within publication year +/- 1,
CSAS-077,2016,Environmental impacts of the deep-water oil and gas industry: A review to guide management strategies,"Cordes, E.E., Jones, D.O.B., Schlacher, T.A., Amon, D.J., Bernadino, A.F., Brooke, S., Carney, R., DeLeo, D.M., Dunlop, K.M., Escobar-Briones, E.G., Gates, A.R., Génio, L., Gobin, J., Henry, L.A., Herrera, S., Hoyt, S., Joye, M., Kark, S., Mestre, N.C., Metaxas, A., Pfeifer, S., Sink, K., Sweetman, A.K., and Witte, U. 2016. Environmental impacts of the deep-water oil and gas industry: A review to guide management strategies. Front. Environ. Sci. 4:58.",NO,,PRESENT,CWC-13E01BD1A7E6,Environmental Impacts of the Deep-Water Oil and Gas Industry: A Review to Guide Management Strategies,1.0,normalized title contained in CSAS reference,
CSAS-078,2005,Role of cold-water Lophelia pertusa coral reefs as fish habitat in the NE Atlantic,"Costello, M.J., McCrea, M., Freiwald, A., Lundalv, T., Jonsson, L., Bet, B.J., Van Weering, T.C.E., De Haas, H., Roberts, J.M., and Allen, D. 2005. Role of cold-water Lophelia pertusa coral reefs as fish habitat in the NE Atlantic. In Cold-water Corals and Ecosystems. Edited by A. Freiwald and J.M. Roberts. Springer-Verlag, Heidelberg. pp. 771–805.",NO,,PRESENT,CWC-87D8B84BF222,Role of cold-water Lophelia pertusa coral reefs as fish habitat in the NE Atlantic,1.0,normalized title contained in CSAS reference,
CSAS-079,2005,"Impact of exploratory offshore drilling on benthic communities in the Minerva gas field, Port Campbell, Australia","Currie, D.R., and Isaacs, L.R. 2005. Impact of exploratory offshore drilling on benthic communities in the Minerva gas field, Port Campbell, Australia. Mar. Environ. Res. 59: 217– 233.",NO,,PRESENT,CWC-732CE625B3E0,"Impact of exploratory offshore drilling on benthic communities in the Minerva gas field, Port Campbell, Australia",1.0,normalized title contained in CSAS reference,
CSAS-080,2018,DFO Can,"Cyr, F., Colbourne, E., Galbraith, P.S., Gibb, O., Snook, O., Bishop, C., Chen, N., Han, G., and Senciall, D. 2020 Physical Oceanographic Conditions on the Newfoundland and Labrador Shelf during 2018. DFO Can. Sci. Advis. Sec. Res. Doc. 2020/018. iv + 48 p.",NO,,NOT FOUND,,,0.182,no match above 0.84 threshold within publication year +/- 1,
CSAS-081,1994,Differential sensitivity of macrozoobenthic species to discharges of oil contaminated drill cuttings in the North Sea. J,"Daan, R., Mulder, M., and Van Leeuwen, A. 1994. Differential sensitivity of macrozoobenthic species to discharges of oil contaminated drill cuttings in the North Sea. J. Sea Res. 33(1): 113–127.",NO,,NOT FOUND,,,0.4,no match above 0.84 threshold within publication year +/- 1,
CSAS-082,2019,The Diversity and Ecological Role of Non-scleractinian Corals (Antipatharia and Alcyonacea) on Scleractinian Cold-Water Coral Mounds,"De Clippele, L.H., Huvenne, V.A.I., Molodtsova, T.N., and Roberts, J.M. 2019.The Diversity and Ecological Role of Non-scleractinian Corals (Antipatharia and Alcyonacea) on Scleractinian Cold-Water Coral Mounds. Front. Mar. Sci. 6:184.",NO,,PRESENT,CWC-E172CE6709C0,The Diversity and Ecological Role of Non-scleractinian Corals (Antipatharia and Alcyonacea) on Scleractinian Cold-Water Coral Mounds,1.0,normalized title contained in CSAS reference,
CSAS-083,2016,Response of deep-water corals to oil and chemical dispersant exposure. Deep-Sea Research II. 129: 137–147,"DeLeo, D.M., Ruiz-Ramos, D.V., Baums, I.B., and Cordes, E.E. 2016. Response of deep-water corals to oil and chemical dispersant exposure. Deep-Sea Research II. 129: 137–147.",NO,,PRESENT,CWC-685B71681F27,Response of deep-water corals to oil and chemical dispersant exposure,1.0,normalized title contained in CSAS reference,
CSAS-084,2013,Identification of Additional Ecologically and Biologically Significant Areas (EBSAs) within the Newfoundland and Labrador Shelves Bioregion,DFO. 2013. Identification of Additional Ecologically and Biologically Significant Areas (EBSAs) within the Newfoundland and Labrador Shelves Bioregion. DFO Can. Sci. Advis. Sec. Sci. Advis. Rep. 2013/048.,NO,,NOT FOUND,,,0.276,no match above 0.84 threshold within publication year +/- 1,
CSAS-085,2018,Review of the Environmental Impact Statements For The Flemish Pass Exploration Drilling Project and the Eastern Newfoundland Offshore Exploration Drilling Project,DFO. 2018. Review of the Environmental Impact Statements For The Flemish Pass Exploration Drilling Project and the Eastern Newfoundland Offshore Exploration Drilling Project. DFO Can. Sci. Advis. Sec. Sci. Resp. 2018/026.,NO,,NOT FOUND,,,0.333,no match above 0.84 threshold within publication year +/- 1,
CSAS-086,2019,Fish and Fish Habitat Protection Policy Statement,DFO 2019a. Fish and Fish Habitat Protection Policy Statement. Accessed 1 September 2020.,NO,,NOT FOUND,,,0.364,no match above 0.84 threshold within publication year +/- 1,
CSAS-087,2019,List of marine refuges,DFO. 2019b. List of marine refuges. Accessed 20 October 2019.,NO,,NOT FOUND,,,0.5,no match above 0.84 threshold within publication year +/- 1,
CSAS-088,2019,Re-evaluation of the Placentia Bay-Grand Banks Area to Identify Ecologically and Biologically Significant Areas,DFO. 2019c. Re-evaluation of the Placentia Bay-Grand Banks Area to Identify Ecologically and Biologically Significant Areas. DFO Can. Sci. Advis. Sec. Sci. Advis. Rep. 2019/040.,NO,,NOT FOUND,,,0.312,no match above 0.84 threshold within publication year +/- 1,
CSAS-089,2019,Assessment of the Effectiveness of Mitigation Measures in Reducing the Potential Impacts of Oil and Gas Exploration and Production on Areas with Defined Benthic Conservation Objectives,DFO. 2019d. Assessment of the Effectiveness of Mitigation Measures in Reducing the Potential Impacts of Oil and Gas Exploration and Production on Areas with Defined Benthic Conservation Objectives. DFO Can. Sci. Advis. Sec. Sci. Advis. Rep. 2019/025.,NO,,NOT FOUND,,,0.421,no match above 0.84 threshold within publication year +/- 1,
CSAS-090,2020,Review of the Impact Assessment Agency’s Draft Regional Assessment of Offshore Oil and Gas Exploratory Drilling East of Newfoundland and Labrador,DFO. 2020. Review of the Impact Assessment Agency’s Draft Regional Assessment of Offshore Oil and Gas Exploratory Drilling East of Newfoundland and Labrador. DFO Can. Sci. Advis. Sec. Sci. Resp. 2020/033.,NO,,NOT FOUND,,,0.414,no match above 0.84 threshold within publication year +/- 1,
CSAS-091,2019,Sponges of the Gulf of St. Lawrence: Field and Laboratory Guide,"Dinn, C. 2019. Sponges of the Gulf of St. Lawrence: Field and Laboratory Guide. Fisheries and Oceans Canada – Gulf Fisheries Centre, Moncton, N.B. 102 p.",NO,,PRESENT,CWC-02E0112E62A5,Sponges,0.867,fuzzy title/year,
CSAS-092,2018,Field guide to sponges of the Eastern Canadian Arctic Version 1.0,"Dinn, C., and Leys, S.P. 2018. Field guide to sponges of the Eastern Canadian Arctic Version 1.0. Department of Biological Sciences, University of Alberta, Edmonton, AB.",NO,,PRESENT,CWC-02E0112E62A5,Sponges,0.866,fuzzy title/year,
CSAS-093,2019,Offshore Petroleum Activity Mapping Application,DNR. 2019. Offshore Petroleum Activity Mapping Application. Available from: Accessed 20 October 2019).,NO,,NOT FOUND,,,0.286,no match above 0.84 threshold within publication year +/- 1,
CSAS-094,2013,Monitoring of Drilling Activities in Areas with Presence of Cold Water Corals,"DNV. 2013. Monitoring of Drilling Activities in Areas with Presence of Cold Water Corals. Report No./DNV Reg No.: 2012-1691/12NCQKD-2. Rev 01, 2013-01-15. 27 p.",YES,Organism: coral; exposure/impact: drilling,NOT FOUND,,,0.444,no match above 0.84 threshold within publication year +/- 1,
CSAS-095,1982,Effects of Drilling Mud on the Reef-Building Coral Montastrea annularis,"Dodge, R.E. 1982. Effects of Drilling Mud on the Reef-Building Coral Montastrea annularis. Mar. Biol. 71: 141–147.",YES,"Organism: coral; exposure/impact: drilling, drilling mud",PRESENT,CWC-2CE5EB8EAB8A,Effects of drilling mud on the reef-building coral Montastrea annularis,1.0,normalized title contained in CSAS reference,
CSAS-096,2001,An overview of offshore oil and gas exploration and production activities,DTI. 2001. An overview of offshore oil and gas exploration and production activities. Accessed 20 October 2019).,NO,,NOT FOUND,,,0.414,no match above 0.84 threshold within publication year +/- 1,
CSAS-097,2015,Effects of submarine power transmission cables on a glass sponge reef and associated megafaunal community,"Dunham, A., Pegg, J.R., Carolsfeld, W., Davies, S., Murfitt, I., and Boutillier, J. 2015. Effects of submarine power transmission cables on a glass sponge reef and associated megafaunal community. Mar. Environ. Res. 107: 50–60.",NO,,PRESENT,CWC-137568E9579A,Effects of submarine power transmission cables on a glass sponge reef and associated megafaunal community,1.0,normalized title contained in CSAS reference,
CSAS-098,2016,Sub-lethal effects of water-based drilling muds on the deep-water sponge Geodia barretti,"Edge, K.J., Johnston, E.L., Daffom, K.A., Simpson, S.L., Kutti, T., and Bannister, R.J. 2016. Sub-lethal effects of water-based drilling muds on the deep-water sponge Geodia barretti. Environ. Pollut. 212: 525–534.",YES,"Organism: sponge, deep-water sponge; exposure/impact: drilling, drilling mud",PRESENT,CWC-F2591A201364,Sub-lethal effects of water-based drilling muds on the deep-water sponge Geodia barretti,1.0,normalized title contained in CSAS reference,"Validator example; confirmed present in the 43,307-record corpus but not selected for the 409-record calibration sample."
CSAS-099,2007,Coldwater corals off Newfoundland and Labrador: Distribution and Fisheries Impacts. WWF-Canada. 41 p,"Edinger, E., Baker, K., Devillers, R., and Wareham, V. 2007. Coldwater corals off Newfoundland and Labrador: Distribution and Fisheries Impacts. WWF-Canada. 41 p.",NO,,NOT FOUND,,,0.37,no match above 0.84 threshold within publication year +/- 1,
CSAS-100,2009,Relationships between deep-sea corals and groundfish,"Edinger, E., Wareham, V, Baker, K., and Haedrich, R. 2009. Relationships between deep-sea corals and groundfish. In The ecology of deep-sea corals of Newfoundland and Labrador waters: biogeography, life history, biogeochemistry, and relation to fishes. Edited by K. Gilkinson and E. Edinger. Can. Tech. Rep. Fish. Aquat. Sci. No. 2830.",NO,,NOT FOUND,,,0.429,no match above 0.84 threshold within publication year +/- 1,
CSAS-101,2011,Geological features supporting deep-sea coral habitat in Atlantic Canada,"Edinger, E.N., Sherwood, O.A., Piper, D.J.W., Wareham, V.E., Baker, K.D., Gilkinson, K.D., and Scott, D.B. 2011. Geological features supporting deep-sea coral habitat in Atlantic Canada. Cont. Shelf Res. 31: S69–S84.",NO,,PRESENT,CWC-C481379F8C8F,Geological features supporting deep-sea coral habitat in Atlantic Canada,1.0,normalized title contained in CSAS reference,
CSAS-102,2007,Coordinated contractions effectively expel waterfrom the aquiferous system of a fresh water sponge. J,"Elliott, G. and Leys, S.P. 2007. Coordinated contractions effectively expel waterfrom the aquiferous system of a fresh water sponge. J. Exp. Biol. 210: 3736–3748",NO,,NOT FOUND,,,0.815,no match above 0.84 threshold within publication year +/- 1,
CSAS-103,2012,Discharged drilling waste from oil and gas platforms and its effect on benthic communities,"Ellis, J.I., Fraser, G., and Russell, J. 2012. Discharged drilling waste from oil and gas platforms and its effect on benthic communities. Mar. Ecol. Prog. Ser. 456: 285–302.",NO,,PRESENT,CWC-4302DEA42090,Discharged drilling waste from oil and gas platforms and its effects on benthic communities,0.923,fuzzy title/year,
CSAS-104,2002,Deep Panuke Offshore Gas Development – Comprehensive Study Report. 546 p,EnCana Energy Corporation. 2002. Deep Panuke Offshore Gas Development – Comprehensive Study Report. 546 p.,NO,,NOT FOUND,,,0.182,no match above 0.84 threshold within publication year +/- 1,
CSAS-105,2001,Effects of crustacean traps on benthic fauna,"Eno, N.C., MacDonald, D.S., Kinnear, J.A.M., Amos, C.S., Chapman, C.J., Clark, R.A., Bunker, Francis St., P.D., and Munro, C. 2001. Effects of crustacean traps on benthic fauna. ICES J. Mar. Sci. 58: 11–20.",NO,,PRESENT,CWC-2720B34C014D,Effects of crustacean traps on benthic fauna,1.0,normalized title contained in CSAS reference,
CSAS-106,2002,Environmental best management practice guideline for concreting contractors,"EPA. 2002. Environmental best management practice guideline for concreting contractors. Environmental Protection Authority, Sydney South, Sydney. 21 p.",NO,,NOT FOUND,,,0.375,no match above 0.84 threshold within publication year +/- 1,
CSAS-107,2011,ArcGIS Desktop: Release 10,"ESRI 2011. ArcGIS Desktop: Release 10. Environmental Systems Research Institute. Redlands, CA.",NO,,NOT FOUND,,,0.2,no match above 0.84 threshold within publication year +/- 1,
CSAS-108,2017,Eastern Newfoundland Offshore Exploration Drilling Project (CEAR 80132) - Environmental Impact Statement,"ExxonMobil Canada Ltd. 2017. Eastern Newfoundland Offshore Exploration Drilling Project (CEAR 80132) - Environmental Impact Statement. Prepared by Amec Foster Wheeler and Stantec Consulting. St. John’s, NL. 1483 p.",NO,,PRESENT,CWC-034B5B194DB6,C,0.851,fuzzy title/year,
CSAS-109,2018,"Impact of particulate sediment, bentonite and barite (oil-drilling waste) on net fluxes of oxygen and nitrogen in Arctic-boreal sponges","Fang, J.K.H., Rooks, C.A., Krogness, C.M., Kutti, T., Hoffmann, F., and Bannister, R.J. 2018. Impact of particulate sediment, bentonite and barite (oil-drilling waste) on net fluxes of oxygen and nitrogen in Arctic-boreal sponges. Environ. Pollut. 238: 948–958.",YES,"Organism: sponge; exposure/impact: sediment, drilling",PRESENT,CWC-D962354BD236,"Impact of particulate sediment, bentonite and barite (oil-drilling waste) on net fluxes of oxygen and nitrogen in Arctic-boreal sponges",1.0,normalized title contained in CSAS reference,
CSAS-110,2009,International guidelines for the management of deep-sea fisheries in the high seas,"FAO. 2009. International guidelines for the management of deep-sea fisheries in the high seas. Food and Agriculture Organization of the United Nations, Rome. Accessed 30 October 2019.",NO,,NOT FOUND,,,0.417,no match above 0.84 threshold within publication year +/- 1,
CSAS-111,1976,Side Scan Sonar: A Practical Guide,"Flemming, B.W. 1976. Side Scan Sonar: A Practical Guide. International Hydrographic Review. 28 p.",NO,,NOT FOUND,,,0.182,no match above 0.84 threshold within publication year +/- 1,
CSAS-112,2019,"Application of Hyperspectral Imaging to Underwater Habitat Mapping, Southern Adriatic Sea","Foglini, F., Grande, V., Marchese, F., Bracchi, V.A., Prampolini, M., Angeletti, L., Castellan, G., Chimienti, G., Hansen, I.M., Gudmundsen, M., Meroni, A.N., Mercorella, A., Vertino, A., Badalamenti, F., Corselli, C., Erdal, E., Martorelli, E., Savini, A., and Taviani, M. 2019. Application of Hyperspectral Imaging to Underwater Habitat Mapping, Southern Adriatic Sea. Sensors. 19: 2261.",NO,,NOT FOUND,,,0.455,no match above 0.84 threshold within publication year +/- 1,
CSAS-113,2005,"Shallow-water Desmophyllum dianthus (Scleractinia) from Chile: characteristics of the biocoenoses and the bioeroding community, heterotrophic interactions and (paleo)-bathymetric implications","Försterra, G., Beuck, L., Häussermann, V., and Freiwald, A. 2005. Shallow-water Desmophyllum dianthus (Scleractinia) from Chile: characteristics of the biocoenoses and the bioeroding community, heterotrophic interactions and (paleo)-bathymetric implications. In Cold-water Corals and Ecosystems. Edited by A. Freiwald and J.M. Roberts. Springer- Verlag, Heidelberg. pp. 771–805, 937–977.",NO,,PRESENT,CWC-3143549B8BE9,Cold-Water Corals and Ecosystems,1.0,normalized title contained in CSAS reference,
CSAS-114,2003,"Juvenile Red Rockfish, Sebastes sp., Associations with Sponges in the Gulf of Alaska","Freese, J.L., and Wing, B.L. 2003. Juvenile Red Rockfish, Sebastes sp., Associations with Sponges in the Gulf of Alaska. Marine Fisheries Review, 65(3): 38–42.",NO,,NOT FOUND,,,0.56,no match above 0.84 threshold within publication year +/- 1,
CSAS-115,2004,"Cold-water Coral Reefs. UNEP-WCMC, Cambridge, UK. 87 p","Freiwald, A., Fosså, J.H., Grehan, A., Koslow, T., and Roberts, J.M. 2004. Cold-water Coral Reefs. UNEP-WCMC, Cambridge, UK. 87 p.",NO,,NOT FOUND,,,0.48,no match above 0.84 threshold within publication year +/- 1,
CSAS-116,2005,Cold-water corals and ecosystems,"Freiwald, A., and Roberts, J.M. (eds). 2005. Cold-water corals and ecosystems. Spring Berlin Heidelberg, New York. 1242 p.",NO,,PRESENT,CWC-3143549B8BE9,Cold-Water Corals and Ecosystems,1.0,normalized title contained in CSAS reference,
CSAS-117,1887,Sponges from the Atlantic and Arctic Oceans and the Behring Sea. Vega- Expeditionens Vetenskap,"Fristedt, K. 1887. Sponges from the Atlantic and Arctic Oceans and the Behring Sea. Vega- Expeditionens Vetenskap. Iakttagelser (Nordenskiöld) 4. 401–471, pls 22–31.",NO,,NOT FOUND,,,0.231,no match above 0.84 threshold within publication year +/- 1,
CSAS-118,2011,Diversity of Marine Sponges in the Northwest Atlantic,"Fuller, S.D. 2011. Diversity of Marine Sponges in the Northwest Atlantic. PhD thesis, Department of Biology, Dalhousie University, Halifax, N.S. 229 p.",NO,,PRESENT,CWC-59D061AB7610,Diversity of Marine Sponges in the Northwest Atlantic,1.0,normalized title contained in CSAS reference,
CSAS-119,2008,Vulnerable marine ecosystems dominated by deep-water corals and sponges in the NAFO convention area,"Fuller, S.D., Murillo, F.J., Wareham, V., and Kenchington, E. 2008. Vulnerable marine ecosystems dominated by deep-water corals and sponges in the NAFO convention area. NAFO SCR Doc. 08/22.",NO,,PRESENT,CWC-D6E43605B84F,Vulnerable Marine Ecosystems Dominated by Deep-Water Corals and Sponges in the NAFO ConventionArea,0.897,fuzzy title/year,
CSAS-120,2005,Fishermen help recording the black coral from Canada,"Gass, S.E. 2005. Fishermen help recording the black coral from Canada. In Deep-Sea Newsletter. No. 34, June 2005.",NO,,NOT FOUND,,,0.333,no match above 0.84 threshold within publication year +/- 1,
CSAS-121,2006,"The occurrence of the cold-water coral Lophelia pertusa (Scleractinia) on oil and gas platforms in the North Sea: Colony growth, recruitment and environmental controls on distribution","Gass, S.E., and Roberts, J.M. 2006. The occurrence of the cold-water coral Lophelia pertusa (Scleractinia) on oil and gas platforms in the North Sea: Colony growth, recruitment and environmental controls on distribution. Mar. Pollut. Bull. 52: 549–559.",NO,,PRESENT,CWC-68E92EED76A2,"The occurrence of the cold-water coral Lophelia pertusa (Scleractinia) on oil and gas platforms in the North Sea: Colony growth, recruitment and environmental controls on distribution",1.0,normalized title contained in CSAS reference,
CSAS-122,2005,An assessment of the distribution of deep-sea corals in Atlantic Canada by using both scientific and local forms of knowledge,"Gass, S.E., and Willison, J.H.M. 2005. An assessment of the distribution of deep-sea corals in Atlantic Canada by using both scientific and local forms of knowledge. In Cold-Water Corals and Ecosystems. Edited by A. Freiwald and J.M. Roberts. Springer Berlin Heidelberg. pp. 223–245.",NO,,PRESENT,CWC-3143549B8BE9,Cold-Water Corals and Ecosystems,1.0,normalized title contained in CSAS reference,
CSAS-123,2012,Recovery of Benthic Megafauna from Anthropogenic Disturbance at a Hydrocarbon Drilling Well (380 m Depth in the Norwegian Sea),"Gates, A.R., and Jones, D.O.B. 2012. Recovery of Benthic Megafauna from Anthropogenic Disturbance at a Hydrocarbon Drilling Well (380 m Depth in the Norwegian Sea). PLoS ONE. 7(10): e44114.",NO,,PRESENT,CWC-CE1395F728EC,Recovery of Benthic Megafauna from Anthropogenic Disturbance at a Hydrocarbon Drilling Well (380 m Depth in the Norwegian Sea),1.0,normalized title contained in CSAS reference,
CSAS-124,2016,A Review of Advances in Synthetic Aperture Sonar Imaging Algorithms,"George, J., and Vinodkumar, V. 2016. A Review of Advances in Synthetic Aperture Sonar Imaging Algorithms. International Journal of Innovative Research in Electrical, Electronics, Instrumentation and Control Engineering, 3(1): ISSN 2321–2004.",NO,,PRESENT,CWC-034B5B194DB6,C,0.852,fuzzy title/year,
CSAS-125,2009,"The ecology of deep-sea corals of Newfoundland and Labrador waters: biogeography, life history, biogeochemistry, and relation to fishes","Gilkinson, K., and Edinger, E. (eds). 2009. The ecology of deep-sea corals of Newfoundland and Labrador waters: biogeography, life history, biogeochemistry, and relation to fishes. Can. Tech. Rep. Fish. Aquat. Sci. 2830: 136 p.",NO,,NOT FOUND,,,0.516,no match above 0.84 threshold within publication year +/- 1,
CSAS-126,2019,"Physical and hydrodynamic properties of deep sea mining-generated, abyssal sediment plumes in the Clarion Clipperton Fracture Zone (eastern-central Pacific)","Gillard, B., Purkiani, K., Chatzievangelou, D., Vink, A., Iversen, M., and Thomsen, L. 2019. Physical and hydrodynamic properties of deep sea mining-generated, abyssal sediment plumes in the Clarion Clipperton Fracture Zone (eastern-central Pacific). Elementa. 7(5): 1– 14.",NO,,PRESENT,CWC-891D982E002F,"Physical and hydrodynamic properties of deep sea mining-generated, abyssal sediment plumes in the Clarion Clipperton Fracture Zone (eastern-central Pacific)",1.0,normalized title contained in CSAS reference,
CSAS-127,2008,"Recovery of Injured Giant Barrel Sponges, Xestospongia muta, Offshore Southeast Florida","Gilliam, D.S., Walker, B.K., Saelens, S.J., Fahy, D.P., and Kosmynin, V.N. 2008. Recovery of Injured Giant Barrel Sponges, Xestospongia muta, Offshore Southeast Florida. Marine & Environmental Sciences Faculty Proceedings, Presentations, Speeches, Lectures. 55 p.",NO,,NOT FOUND,,,0.462,no match above 0.84 threshold within publication year +/- 1,
CSAS-128,2018,Long-term impact of the Deepwater Horizon oil spill on deep- sea corals detected after seven years of monitoring,"Girard, F., and Fisher, C.R. 2018. Long-term impact of the Deepwater Horizon oil spill on deep- sea corals detected after seven years of monitoring. Biol. Conserv. 225: 117–127.",YES,Organism: coral; exposure/impact: oil spill,NOT FOUND,,,0.438,no match above 0.84 threshold within publication year +/- 1,
CSAS-129,2007,Automated classification of underwater multispectral imagery for coral reef monitoring,"Gleason, A.C.R., Reid, R.P., and Voss, K.J. 2007. Automated classification of underwater multispectral imagery for coral reef monitoring. Presented at the Oceans 2007, p. 1–8. IEEE, Vancouver, BC.",NO,,NOT FOUND,,,0.455,no match above 0.84 threshold within publication year +/- 1,
CSAS-130,2018,Suspended sediment causes feeding current arrests in situ in the glass sponge Aphrocallistes vastus,"Grant, N., Matveev, E., Kahn, A.S., and Leys, S.P. 2018. Suspended sediment causes feeding current arrests in situ in the glass sponge Aphrocallistes vastus. Mar. Environ. Res. 137: 111–120.",YES,Organism: sponge; exposure/impact: sediment,PRESENT,CWC-3BA5EE36CD77,Suspended sediment causes feeding current arrests in situ in the glass sponge Aphrocallistes vastus,1.0,normalized title contained in CSAS reference,
CSAS-131,2019,Effect of suspended sediments on the pumping rates of three species of glass sponge in situ,"Grant, N., Matveev, E., Kahn, A.S., Archer, S.K., Dunham, A., Bannister, R.J., Eerkes-Medrano, D., and Leys, S.P. 2019. Effect of suspended sediments on the pumping rates of three species of glass sponge in situ. Mar. Ecol. Prog. Ser. 615: 79–100.",YES,Organism: sponge; exposure/impact: sediment,PRESENT,CWC-A892DB47932A,Effect of suspended sediments on the pumping rates of three species of glass sponge in situ,1.0,normalized title contained in CSAS reference,
CSAS-132,2016,Species Distribution Modelling of Corals and Sponges from Research Vessel Survey Data in the Newfoundland and Labrador Region for Use in the Identification of Significant Benthic Areas,"Guijarro, J., Beazley, L., Lirette, C., Kenchington, E., Wareham, V., Gilkinson, K., Koen Alonso, M., and Murillo, F.J. 2016. Species Distribution Modelling of Corals and Sponges from Research Vessel Survey Data in the Newfoundland and Labrador Region for Use in the Identification of Significant Benthic Areas. Can. Tech. Rep. Fish. Aquat. Sci. 3171: 126 p.",NO,,PRESENT,CWC-105D3EA801A8,Corals,0.855,fuzzy title/year,
CSAS-133,2017,Predictive distribution modelling of cold-water corals in the Newfoundland and Labrador region,"Gullage, L., Devillers, R., and Edinger, E. 2017. Predictive distribution modelling of cold-water corals in the Newfoundland and Labrador region. Mar. Ecol. Prog. Ser. 582: 57–77.",NO,,PRESENT,CWC-9BF40A2BFE0B,Corals,0.86,fuzzy title/year,
CSAS-134,2015,Range extension of the deep-sea polychaete worm Neopolynoe acanellae in Canada,"Hamel, J.F., Montgomery, E.M., Barnich, R., and Mercier, A. 2015. Range extension of the deep-sea polychaete worm Neopolynoe acanellae in Canada. Mar. Biodivers. Rec. 8: e9.",NO,,PRESENT,CWC-034B5B194DB6,C,0.852,fuzzy title/year,
CSAS-135,2019,Glass sponge grounds on the Scotian Shelf and their associated biodiversity,"Hawkes, N., Korabik, M., Beazley, L., Rapp, H.T., Xavier, J.R., and Kenchington, E. 2019. Glass sponge grounds on the Scotian Shelf and their associated biodiversity. Mar. Ecol. Prog. Ser. 614: 91–109.",NO,,PRESENT,CWC-01918FB1244A,Glass sponge grounds on the Scotian Shelf and their associated biodiversity,1.0,normalized title contained in CSAS reference,
CSAS-136,2009,Damage and disturbance to coral and sponge habitat of the Aleutian Archipelago,"Heifetz, J., Stone, R.P., and Shotwell, S.K. 2009. Damage and disturbance to coral and sponge habitat of the Aleutian Archipelago. Mar. Ecol. Prog. Ser. 397: 295–303.",NO,,NOT FOUND,,,0.435,no match above 0.84 threshold within publication year +/- 1,
CSAS-137,2015,Hidden impacts of ocean acidification to live and dead coral framework,"Hennige, S.J., Wicks, L.C., Kamenos, N.A., Perna, G., Findlay, H.S., and Roberts, J.M. 2015. Hidden impacts of ocean acidification to live and dead coral framework. Proc. R. Soc. B. 282: 20150990.",NO,,PRESENT,CWC-034B5B194DB6,C,0.852,fuzzy title/year,
CSAS-138,2005,Regeneration from Injury and Resource Allocation in Sponges and Corals – a Review,"Henry, L.A., and Hart, M. 2005. Regeneration from Injury and Resource Allocation in Sponges and Corals – a Review. Int. Rev. Hydrobiol. 90(2): 125–158.",NO,,PRESENT,CWC-6135C2A9B83D,Regeneration from Injury and Resource Allocation in Sponges and Corals - a Review,1.0,normalized title contained in CSAS reference,
CSAS-139,2007,"Biodiversity and ecological composition of macrobenthos on cold water coral mounds and adjacent off-mound habitat in the bathyal Porcupine Seabight, NE Atlantic. Deep-Sea Res","Henry, L.A., and Roberts, J.M. 2007. Biodiversity and ecological composition of macrobenthos on cold water coral mounds and adjacent off-mound habitat in the bathyal Porcupine Seabight, NE Atlantic. Deep-Sea Res. Part I. 54: 654–672.",NO,,PRESENT,CWC-146F5C76E308,"Biodiversity and ecological composition of macrobenthos on cold-water coral mounds and adjacent off-mound habitat in the bathyal Porcupine Seabight, NE Atlantic",1.0,normalized title contained in CSAS reference,
CSAS-140,2003,"Effects of mechanical experimental disturbance on aspects of colony responses, reproduction, and regeneration in the cold- water octocoral Gersemia rubiformis","Henry, L.A., Kenchington, E.L.R., and Silvaggio, A. 2003. Effects of mechanical experimental disturbance on aspects of colony responses, reproduction, and regeneration in the cold- water octocoral Gersemia rubiformis. Can. J. Zool. 81: 1691–1701.",NO,,PRESENT,CWC-BF3DE1CCAE54,"on aspects of colony responses, reproduction, and regeneration in the cold-water octocoral Gersemia rubiformis",1.0,normalized title contained in CSAS reference,
CSAS-141,2017,A review of carnivorous sponges (Porifera: Cladorhizidae) from the Boreal North Atlantic and Arctic,"Hestetun, J.T., Tompkins-MacDonald, G., and Rapp, H.T. 2017. A review of carnivorous sponges (Porifera: Cladorhizidae) from the Boreal North Atlantic and Arctic. Zool. J. Linn. Soc. 181: 1–69.",NO,,PRESENT,CWC-BE8E6922EB57,A review of carnivorous sponges (Porifera: Cladorhizidae) from the Boreal North Atlantic and Arctic,1.0,normalized title contained in CSAS reference,
CSAS-142,2015,Epibiota remote monitoring from digital imagery: Operational guidelines. 29 p,"Hitchin, R., Turner, J.A., and Verling, E. 2015. Epibiota remote monitoring from digital imagery: Operational guidelines. 29 p.",NO,,NOT FOUND,,,0.235,no match above 0.84 threshold within publication year +/- 1,
CSAS-143,2020,World List of Scleractinia,"Hoeksema, B.W. and Cairns, S. 2020. World List of Scleractinia. Lophelia pertusa (Linnaeus, 1758) - World Register of Marine Species. Accessed 3 December 2019",NO,,NOT FOUND,,,0.364,no match above 0.84 threshold within publication year +/- 1,
CSAS-144,2010,"Deep-sea Sponge Grounds: Reservoirs of Biodiversity. UNEP- WCMC Biodiversity Series No. 32. UNEP-WCMC, Cambridge, UK. 89 p","Hogg, M.M., Tendal, O.S., Conway, K.W., Pomponi, S.A., van Soest, R.W.M., Gutt, J., Krautter, M., and Roberts, J.M. 2010. Deep-sea Sponge Grounds: Reservoirs of Biodiversity. UNEP- WCMC Biodiversity Series No. 32. UNEP-WCMC, Cambridge, UK. 89 p.",NO,,PRESENT,CWC-2797A9051F2C,Deep-Sea Sponge Grounds: Reservoirs of Biodiversity,1.0,normalized title contained in CSAS reference,
CSAS-145,1999,Hyperspectral Identification of Coral Reef Features,"Holden, H., and Ledrew, E. 1999. Hyperspectral Identification of Coral Reef Features. Int. J. Remo. Sens. 20(13): 2545–2563.",NO,,NOT FOUND,,,0.5,no match above 0.84 threshold within publication year +/- 1,
CSAS-146,2013,Evidence of lasting impact of the Deepwater Horizon oil spill on a deep Gulf of Mexico coral community. Elementa:Sci,"Hsing, P.Y., Fu, B., Larcom, E.A., Berlet, S.P., Shank, T.M., Govindarajan, A.F., Lukasiewicz, A.J., Dixon, P.M., and Fisher, C.R. 2013. Evidence of lasting impact of the Deepwater Horizon oil spill on a deep Gulf of Mexico coral community. Elementa:Sci. Anthrop. 1:000012.",YES,Organism: coral; exposure/impact: oil spill,NOT FOUND,,,0.8,no match above 0.84 threshold within publication year +/- 1,
CSAS-147,1989,Mitigating rocky habitat loss using artificial reefs,"Hueckel, G.J., Buckleu, R.M., and Benson, B.L. 1989. Mitigating rocky habitat loss using artificial reefs. Bull. Mari. Sci. 44(2): 913–922.",NO,,NOT FOUND,,,0.375,no match above 0.84 threshold within publication year +/- 1,
CSAS-148,2004,Environmental Effects of Exploratory Drilling Offshore Canada: Environmental Effects Monitoring Data and Literature Review – Final Report,"Hurley, G., and Ellis, J. 2004. Environmental Effects of Exploratory Drilling Offshore Canada: Environmental Effects Monitoring Data and Literature Review – Final Report. Prepared for The Canadian Environmental Assessment Agency (CEAA), Regulatory Advisory Committee (RAC). August, 2004.",NO,,NOT FOUND,,,0.32,no match above 0.84 threshold within publication year +/- 1,
CSAS-149,2018,Husky Exploration Drilling Project: Environmental Impact Statement,"Husky Energy. 2018. Husky Exploration Drilling Project: Environmental Impact Statement. Husky Control Doc No. ED-HSE-RP-0030. File No: 121413837. Prepared by Stantec Consulting Ltd. St. John’s, NL. 825 p.",NO,,NOT FOUND,,,0.222,no match above 0.84 threshold within publication year +/- 1,
CSAS-150,2016,"Effectiveness of a deep-sea cold-water coral Marine Protected Area, following eight years of fisheries closure","Huvenne, V.A.I., Bett, B.J., Masson, D.G., Le Bas, T.P., and Wheeler, A.J. 2016. Effectiveness of a deep-sea cold-water coral Marine Protected Area, following eight years of fisheries closure. Biol. Conserv. 200: 60–69.",NO,,PRESENT,CWC-9E472408FA93,"Effectiveness of a deep-sea cold-water coral Marine Protected Area, following eight years of fisheries closure",1.0,normalized title contained in CSAS reference,
CSAS-151,2010,"Report of the ICES/NAFO Joint Working Group on Deep‐water Ecology (WGDEC), 22–26 March 2010, Copenhagen, Denmark","ICES. 2010. Report of the ICES/NAFO Joint Working Group on Deep‐water Ecology (WGDEC), 22–26 March 2010, Copenhagen, Denmark. ICES CM 2010/ACOM:26. 160 p.",NO,,NOT FOUND,,,0.71,no match above 0.84 threshold within publication year +/- 1,
CSAS-152,2017,Effects of drill cuttings on larvae of the cold- water coral Lophelia pertusa. Deep-Sea Res,"Järnegren, J., Brooke, S., and Jensen, H. 2017. Effects of drill cuttings on larvae of the cold- water coral Lophelia pertusa. Deep-Sea Res. II. 137: 454–462.",YES,"Organism: coral, cold-water coral; exposure/impact: drilling, drill cuttings",PRESENT,CWC-65CF36C85E16,Effects of drill cuttings on larvae of the cold-water coral Lophelia pertusa,1.0,normalized title contained in CSAS reference,
CSAS-153,2020,"Effects and recovery of larvae of the cold-water coral Lophelia pertusa (Desmophyllum pertusum) exposed to suspended bentonite, barite and drill cuttings","Järnegren, J., Brooke, S., and Jensen, H. 2020. Effects and recovery of larvae of the cold-water coral Lophelia pertusa (Desmophyllum pertusum) exposed to suspended bentonite, barite and drill cuttings. Marine Environmental Research, 158.",YES,"Organism: coral, cold-water coral; exposure/impact: drilling, drill cuttings",PRESENT,CWC-EDB1480675F9,"Effects and recovery of larvae of the cold-water coral Lophelia pertusa (Desmophyllum pertusum) exposed to suspended bentonite, barite and drill cuttings",1.0,normalized title contained in CSAS reference,
CSAS-154,2016,The use of underwater hyperspectral imaging deployed on remotely operated vehicles – methods and applications,"Johnsen, G., Ludvigsen, M., Sørensen, A., and Aas, L.M.S. 2016. The use of underwater hyperspectral imaging deployed on remotely operated vehicles – methods and applications. IFAC Papers Online. 49–23: 476–481.",NO,,PRESENT,CWC-034B5B194DB6,C,0.851,fuzzy title/year,
CSAS-155,2010,"Assessing the effects of hydrocarbon drilling activity on deep-water Megafauna in The Northern North Atlantic. A rapid universal assessment method? in SPE International Conference on Health, Safety and Environment in Oil and Gas Exploration and Production","Jones, D.O.B., and Gates, A.R. 2010. Assessing the effects of hydrocarbon drilling activity on deep-water Megafauna in The Northern North Atlantic. A rapid universal assessment method? in SPE International Conference on Health, Safety and Environment in Oil and Gas Exploration and Production. Society of Petroleum Engineers. 15 p.",NO,,PRESENT,CWC-6ABFA4BF4E10,Assessing the Effects of Hydrocarbon Drilling Activity on Deep-water Megafauna in the Northern North Atlantic. A Rapid Universal Assessment Method?,1.0,normalized title contained in CSAS reference,
CSAS-156,2012,Recovery of deep-water megafaunal assemblages from hydrocarbon drilling disturbance in the Faroe-Shetland Channel,"Jones, D.O.B., Gates, A.R., and Lausen, B. 2012. Recovery of deep-water megafaunal assemblages from hydrocarbon drilling disturbance in the Faroe-Shetland Channel. Mar. Ecol. Prog. Ser. 461: 71–82.",NO,,PRESENT,CWC-D7446168DCA0,Recovery of deep-water megafaunal assemblages from hydrocarbon drilling disturbance in the Faroe−Shetland Channel,1.0,normalized title contained in CSAS reference,
CSAS-157,2006,Effects of physical disturbance on the cold- water megafaunal communities of the Faroe-Shetland Channel,"Jones, D.O.B., Hudson, I.R., and Bett, B.J. 2006. Effects of physical disturbance on the cold- water megafaunal communities of the Faroe-Shetland Channel. Mar. Ecol. Prog. Ser. 319: 34–54.",NO,,PRESENT,CWC-15B85F715CB5,Effects of physical disturbance on the cold-water megafaunal communities of the FaroeShetland Channel,0.88,fuzzy title/year,
CSAS-158,2015,Emerging conservation challenges and prospects in an era of offshore hydrocarbon exploration and exploitation,"Kark, S., Brokovich, E., Mazor, T., and Levin, N. 2015. Emerging conservation challenges and prospects in an era of offshore hydrocarbon exploration and exploitation. Cons. Bio. 29(6): 1573–1585.",NO,,PRESENT,CWC-034B5B194DB6,C,0.851,fuzzy title/year,
CSAS-159,2016,Bacterial community diversity of the deep- sea octocoral Paramuricea placomus,"Kellogg, C.A., Ross, S.W., and Brooke, S.D. 2016. Bacterial community diversity of the deep- sea octocoral Paramuricea placomus. PeerJ. 4:e2529.",NO,,PRESENT,CWC-43510718AE6C,Bacterial community diversity of the deep-sea octocoral<i>Paramuricea placomus</i>,0.952,fuzzy title/year,
CSAS-160,2009,Coral Identification Guide NAFO Area,"Kenchington, E., Best, M., Cogswell, A., MacIsaac, K., Murillo-Perez, F.J., MacDonald, B., Wareham, V., Fuller, S.D., Jørgensbye, H.I.Ø., Sklyar, V., and Thompson, A.B. 2009. Coral Identification Guide NAFO Area. SCS No. 42: 1–35.",NO,,NOT FOUND,,,0.308,no match above 0.84 threshold within publication year +/- 1,
CSAS-161,2010,Delineating Coral and Sponge Concentrations in the Biogeographic Regions of the East Coast of Canada Using Spatial Analyses,"Kenchington, E., Lirette, C., Cogswell, A., Archambault, D., Archambault, P., Benoit, H., Bernier, D., Brodie, B., Fuller, S., Gilkinson, K., Lévesque, M., Power, D., Siferd, T., Treble, M., and Wareham, V. 2010. Delineating Coral and Sponge Concentrations in the Biogeographic Regions of the East Coast of Canada Using Spatial Analyses. DFO Can. Sci. Advis. Sec. Res. Doc. 2010/041. vi + 202 p.",NO,,NOT FOUND,,,0.375,no match above 0.84 threshold within publication year +/- 1,
CSAS-162,2011,Development of Encounter Protocols and Assessment of Significant Adverse Impact by Bottom Trawling for Sponge Grounds and Sea Pen Fields in the NAFO Regulatory Area,"Kenchington, E., Murillo, F.J., Cogswell, A., and Lirette, C. 2011. Development of Encounter Protocols and Assessment of Significant Adverse Impact by Bottom Trawling for Sponge Grounds and Sea Pen Fields in the NAFO Regulatory Area. NAFO SCR Doc. 11/75, Serial No. N6005, 53 p.",NO,,PRESENT,CWC-5243777C29E6,Development of Encounter Protocols and Assessment of Significant Adverse Impact by Bottom Trawling forSponge Grounds and Sea Pen Fields in the NAFO Regulatory Area,0.933,fuzzy title/year,
CSAS-163,2013,Associations of demersal fish with sponge grounds on the continental slopes of the northwest Atlantic,"Kenchington, E., Power, D., and Koen-Alonso, M. 2013. Associations of demersal fish with sponge grounds on the continental slopes of the northwest Atlantic. Mar. Ecol. Prog. Ser. 477: 217–230.",NO,,PRESENT,CWC-9C23A73608AE,Associations of demersal fish with sponge grounds on the continental slopes of the northwest Atlantic,1.0,normalized title contained in CSAS reference,
CSAS-164,2014,Kernel Density Surface Modelling as a Means to Identify Significant Concentrations of Vulnerable Marine Ecosystem Indicators,"Kenchington, E., Murillo, F.J., Lirette, C., Sacau, M., Koen-Alonso, M., Kenny, A., Ollerhead, N., Wareham, V., and Beazley, L. 2014. Kernel Density Surface Modelling as a Means to Identify Significant Concentrations of Vulnerable Marine Ecosystem Indicators. PLoS ONE 9(10): e109365.",NO,,PRESENT,CWC-C52E6A360987,Kernel Density Surface Modelling as a Means to Identify Significant Concentrations of Vulnerable Marine Ecosystem Indicators,1.0,normalized title contained in CSAS reference,
CSAS-165,2016,Delineation of Coral and Sponge Significant Benthic Areas in Eastern Canada Using Kernel Density Analyses and Species Distribution Models,"Kenchington, E., Beazley, L., Lirette, C., Murillo, F.J., Guijarro, J., Wareham, V., Gilkinson, K., Koen Alonso, M., Benoît, H., Bourdages, H.,Sainte-Marie, B., Treble, M., and Siferd, T. 2016a. Delineation of Coral and Sponge Significant Benthic Areas in Eastern Canada Using Kernel Density Analyses and Species Distribution Models. DFO Can. Sci. Advis. Sec. Res. Doc. 2016/093. vi + 178 p.",NO,,PRESENT,CWC-034B5B194DB6,C,0.851,fuzzy title/year,
CSAS-166,2016,Kernel Density Analyses of Coral and Sponge Catches from Research Vessel Survey Data for Use in Identification of Significant Benthic Areas,"Kenchington, E., Lirette, C., Murillo, F.J., Beazley, L., Guijarro, J., Wareham, V., Gilkinson, K., Koen Alonso, M., Benoît, H., Bourdages, H., Sainte-Marie, B., Treble, M., and Siferd, T. 2016b. Kernel Density Analyses of Coral and Sponge Catches from Research Vessel Survey Data for Use in Identification of Significant Benthic Areas. Can. Tech. Rep. Fish. Aquat. Sci. 3167: viii + 207p.",NO,,PRESENT,CWC-034B5B194DB6,C,0.851,fuzzy title/year,
CSAS-167,2019,Vulnerable Marine Ecosystems in the NAFO Regulatory Area: Updated Kernel Density Analysis of Vulnerable Marine Ecosystem Indicators,"Kenchington, E., Lirette, C., Murillo, F.J., Beazley, L., and Downie, A.-L. 2019a. Vulnerable Marine Ecosystems in the NAFO Regulatory Area: Updated Kernel Density Analysis of Vulnerable Marine Ecosystem Indicators. NAFO SCR Doc. 19/058, Serial No. N7030, 68 p.",NO,,NOT FOUND,,,0.538,no match above 0.84 threshold within publication year +/- 1,
CSAS-168,2019,Connectivity modelling of areas closed to protect vulnerable marine ecosystems in the northwest Atlantic. Deep-Sea Res,"Kenchington, E., Wang, Z., Lirette, C., Murillo, F.J., Guijarro, J., Yashayaev, I., and Maldonado, M. 2019b. Connectivity modelling of areas closed to protect vulnerable marine ecosystems in the northwest Atlantic. Deep-Sea Res. Pt. I. 143: 85–103.",NO,,NOT FOUND,,,0.429,no match above 0.84 threshold within publication year +/- 1,
CSAS-169,2014,Evidence of a Putative Deep Sea Specific Microbiome in Marine Sponges,"Kennedy, J., Flemer, B., Jackson, S.A., Morrissey, J.P., O’Gara, F., and Dobson, A.D.W. 2014. Evidence of a Putative Deep Sea Specific Microbiome in Marine Sponges. PLoS ONE. 9(3): e91092.",NO,,NOT FOUND,,,0.444,no match above 0.84 threshold within publication year +/- 1,
CSAS-170,2004,Literature report on burial: derivation of PNEC as component in the MEMW model tool,"Kjeilen-Eilertsen, G., Trannum, H., Jak, R., Smit, M., Neff, J., and Durell, G. 2004. Literature report on burial: derivation of PNEC as component in the MEMW model tool. ERMS Report no. 9B. 25 p.",NO,,NOT FOUND,,,0.348,no match above 0.84 threshold within publication year +/- 1,
CSAS-171,2004,Distribution and species composition of mass occurrences of large-sized sponges in the northeast Atlantic,"Klitgaard, A.B., and Tendal, O.S. 2004. Distribution and species composition of mass occurrences of large-sized sponges in the northeast Atlantic. Prog. Oceanogr. 61: 57–98.",NO,,PRESENT,CWC-1EADD3713480,Distribution and species composition of mass occurrences of large-sized sponges in the northeast Atlantic,1.0,normalized title contained in CSAS reference,
CSAS-172,2013,Modeling the distribution of Geodia sponges and sponge grounds in the Northwest Atlantic,"Knudby, A., Kenchington, E., and Murillo, F.J. 2013. Modeling the distribution of Geodia sponges and sponge grounds in the Northwest Atlantic. PLoS ONE. 8(12): e82306.",NO,,NOT FOUND,,,0.593,no match above 0.84 threshold within publication year +/- 1,
CSAS-173,2018,Strong effects of coral species on the diversity and structure of reef fish communities: A multi-scale analysis,"Komyakova, V., Jones, G.P., and Munday, P.L. 2018. Strong effects of coral species on the diversity and structure of reef fish communities: A multi-scale analysis. PLoS ONE. 13(8): e0202206.",NO,,PRESENT,CWC-6AB66AEA998C,Reef fish,0.862,fuzzy title/year,
CSAS-174,1996,"Associated fauna of selected sponges (Hexactinellida and Demospongiae) from the Weddell Sea, Antarctica","Kunzmann, K. 1996. Associated fauna of selected sponges (Hexactinellida and Demospongiae) from the Weddell Sea, Antarctica. Rep. Polar Res. 210:1–93.",NO,,NOT FOUND,,,0.519,no match above 0.84 threshold within publication year +/- 1,
CSAS-175,2015,"Metabolic response of the deep-water sponge Geodia barrette to suspended bottom sediment, simulated mine tailings and drill cuttings. J","Kutti, T., Bannister, R.J., Fosså, J.H., Krogness, C.M., Tjensvoll, I., and Søvik, G. 2015. Metabolic response of the deep-water sponge Geodia barrette to suspended bottom sediment, simulated mine tailings and drill cuttings. J. Expe. Mari. Bio. Ecol. 473: 64–72.",YES,"Organism: sponge, deep-water sponge; exposure/impact: sediment, drilling, drill cuttings",PRESENT,CWC-9D88361B731D,"Metabolic responses of the deep-water sponge Geodia barretti to suspended bottom sediment, simulated mine tailings and drill cuttings",0.872,fuzzy title/year,Validator example; confirmed present in the full corpus but not selected for the 409-record calibration sample.
CSAS-176,2009,An “Olympic” framework for a green decommissioning of an offshore oil platform,"Lakhal, S.Y., Khan, M.I., and Islam, M.R. 2009. An “Olympic” framework for a green decommissioning of an offshore oil platform. Ocean Coast Manag. 52: 113–123.",NO,,NOT FOUND,,,0.32,no match above 0.84 threshold within publication year +/- 1,
CSAS-177,1990,"Distribution, behavior and abundance of sea pens, Pennatula aculeata, in the Gulf of Maine","Langton, R.W., Langton, E.W., Theroux, R.B., and Uzmann, J.R. 1990. Distribution, behavior and abundance of sea pens, Pennatula aculeata, in the Gulf of Maine. Mar. Biol. 107: 463– 69.",NO,,NOT FOUND,,,0.48,no match above 0.84 threshold within publication year +/- 1,
CSAS-178,2011,Sedimentation on the cold-water coral Lophelia pertusa: Cleaning efficiency from natural sediments and drill cuttings,"Larsson, A.I., and Purser, A. 2011. Sedimentation on the cold-water coral Lophelia pertusa: Cleaning efficiency from natural sediments and drill cuttings. Mar. Pollut. Bull. 62: 1159– 1168.",YES,"Organism: coral, cold-water coral; exposure/impact: sediment, drilling, drill cuttings",PRESENT,CWC-7A3BE9870A2A,Sedimentation on the cold-water coral Lophelia pertusa: Cleaning efficiency from natural sediments and drill cuttings,1.0,normalized title contained in CSAS reference,
CSAS-179,2013,Tolerance to long-term exposure of suspended benthic sediments and drill cuttings in the cold-water coral Lophelia pertusa,"Larsson, A.I., van Oevelen, D., Purser, A., and Thompsen, L. 2013. Tolerance to long-term exposure of suspended benthic sediments and drill cuttings in the cold-water coral Lophelia pertusa. Mar. Pollut. Bull. 70: 176–188.",YES,"Organism: coral, cold-water coral; exposure/impact: sediment, drilling, drill cuttings",PRESENT,CWC-C69AD807E3BA,Tolerance to long-term exposure of suspended benthic sediments and drill cuttings in the cold-water coral Lophelia pertusa,1.0,normalized title contained in CSAS reference,Validator example; confirmed present in the full corpus but not selected for the 409-record calibration sample.
CSAS-180,2008,"Barite and barium in sediments and coral skeletons around the hydrocarbon exploration drilling site in the Træna Deep, Norwegian Sea","Lepland, A., and Mortensen, P.B. 2008. Barite and barium in sediments and coral skeletons around the hydrocarbon exploration drilling site in the Træna Deep, Norwegian Sea. Environ. Geol. 56: 119–129.",YES,"Organism: coral; exposure/impact: sediment, drilling, hydrocarbon",PRESENT,CWC-908DE8E1A7FD,"Barite and barium in sediments and coral skeletons around the hydrocarbon exploration drilling site in the Træna Deep, Norwegian Sea",1.0,normalized title contained in CSAS reference,
CSAS-181,2019,Underwater hyperspectral classification of deep sea corals exposed to 2- methylnaphthalene,"Letnes, P.A., Hansen, I.M., Aas, L.M.S., Eide, I., Pettersen, R., Tassara, L., Receveur, J., le Floch, S., Guyomarch, J, Camus, L., and Bytingsvik, J. 2019. Underwater hyperspectral classification of deep sea corals exposed to 2- methylnaphthalene. PLoS ONE. 14(2): e0209960.",NO,,PRESENT,CWC-609DBC7A0B35,Underwater hyperspectral classification of deep sea corals exposed to 2-methylnaphthalene,1.0,normalized title contained in CSAS reference,
CSAS-182,2002,Embryogenesis and metamorphosis in a haplosclerid demosponge: Gastrulation and transdifferentiation of larval ciliated cells to choanocytes,"Leys, S.P., and Degnan, B.M. 2002. Embryogenesis and metamorphosis in a haplosclerid demosponge: Gastrulation and transdifferentiation of larval ciliated cells to choanocytes. Inver. Bio. 121(3): 171–189.",NO,,PRESENT,CWC-D6064B9E46B8,Embryogenesis and metamorphosis in a haplosclerid demosponge: gastrulation and transdifferentiation of larval ciliated cells to choanocytes,1.0,normalized title contained in CSAS reference,
CSAS-183,2018,Eco-physiological responses of cold-water soft corals to anthropogenic sedimentation and particle shape. J,"Liefmann, S., Järnegren, J., Johnsen, G. and Murray, F. 2018. Eco-physiological responses of cold-water soft corals to anthropogenic sedimentation and particle shape. J. Exp. Mar. Biol. Ecol. 504: 61–71.",YES,"Organism: coral; exposure/impact: sediment, particles",PRESENT,CWC-76DBA2881C9F,Eco-physiological responses of cold-water soft corals to anthropogenic sedimentation and particle shape,1.0,normalized title contained in CSAS reference,
CSAS-184,2018,Impacts of deep-sea Greenland halibut trawling on benthic ecosystems. Deep-Sea Biology Symposium,"Long, S., Fuhrmann, M., Kemp, K., Blicher, M., and Yesson, C. 2018. Impacts of deep-sea Greenland halibut trawling on benthic ecosystems. Deep-Sea Biology Symposium. Monterey, California.",NO,,NOT FOUND,,,0.636,no match above 0.84 threshold within publication year +/- 1,
CSAS-185,2013,Scientific operations combining ROV and AUV in the Trondheim Fjord,"Ludvigsen, M., Lågstad, P.A., Johnsen, G., Sørensen, A.J., and Ødegård, Ø. 2013. Scientific operations combining ROV and AUV in the Trondheim Fjord. In Proceedings of the Conference Paper in Marine Technology Society Journal.",NO,,NOT FOUND,,,0.333,no match above 0.84 threshold within publication year +/- 1,
CSAS-186,2004,Guidelines for marine artificial reef materials (2nd ed),"Lukens, R.R., and Selberg, C. 2004. Guidelines for marine artificial reef materials (2nd ed). Gulf and Atlantic States Marine Fisheries Commission. 198 p.",NO,,NOT FOUND,,,0.286,no match above 0.84 threshold within publication year +/- 1,
CSAS-187,2013,"Telopathes magna gen. nov., spec. nov. (Cnidaria: Anthozoa: Antipatharia: Schizopathidae) from deep waters off Atlantic Canada and the first molecular phylogeny of the deep-sea family Schizopathidae","MacIsaac, K.G., Best, M., Brugler, M.R., Kenchington, E.L.R., Anstey, L.J., and Jordan, T. 2013. Telopathes magna gen. nov., spec. nov. (Cnidaria: Anthozoa: Antipatharia: Schizopathidae) from deep waters off Atlantic Canada and the first molecular phylogeny of the deep-sea family Schizopathidae. Zootaxa, 3700(2): 237–258.",NO,,NOT FOUND,,,0.387,no match above 0.84 threshold within publication year +/- 1,
CSAS-188,2011,Rigs-to-reefs: will the deep sea benefit from artificial habitat? Front Ecol Environ. 9(8): 455–461,"Macreadie, P.I., Fowler, A.M., and Booth, D.J. 2011. Rigs-to-reefs: will the deep sea benefit from artificial habitat? Front Ecol Environ. 9(8): 455–461.",NO,,PRESENT,CWC-B37F719DFED6,북동태평양 해저퇴적물의 Be 연대측정,0.853,fuzzy title/year,
CSAS-189,1944,Octocorallia (Stolonifera - Telestacea - Xeniidae - Alcyonacea - Gorgonacea),"Madsen, F.J. 1944. Octocorallia (Stolonifera - Telestacea - Xeniidae - Alcyonacea - Gorgonacea). The Danish Ingolf-Expedition, Vol. V. Bianco Luno A/S. 5(13): 1–65.",NO,,NOT FOUND,,,0.0,no match above 0.84 threshold within publication year +/- 1,
CSAS-190,2008,Effects of sediment on the survival of asexually produced sponge recruits,"Maldonado, M., Giraud, K., and Carmona, C. 2008. Effects of sediment on the survival of asexually produced sponge recruits. Mar. Biol. 154: 631–641.",YES,Organism: sponge; exposure/impact: sediment,PRESENT,CWC-1EDA9D88322A,Effects of sediment on the survival of asexually produced sponge recruits,1.0,normalized title contained in CSAS reference,
CSAS-191,2017,"Sponge grounds as key marine habitats: a synthetic review of types, structure, functional roles and conservation concerns","Maldonado, M., Aguilar, R., Bannister, R.J., Bell, J.J., Conway, K.W., Dayton, P.K., Diaz, C., Gutt, J., Kelly, M., Kenchington, E.L.R., Leys, S.P., Pomponi, S.A., Rapp, H.T., Rützler, K., Tendal, O.S., Vacelet, J., and Young, C.M. 2017. Sponge grounds as key marine habitats: a synthetic review of types, structure, functional roles and conservation concerns. In Marine Animal Forests. Edited by Rossi, S., Bramanti, L., Gori, A. and C. Orejas Saco del Valle. Springer International Publishing, Switzerland. pp. 1–39.",NO,,PRESENT,CWC-75244DA89CB2,"Sponge Grounds as Key Marine Habitats: A Synthetic Review of Types, Structure, Functional Roles, and Conservation Concerns",1.0,normalized title contained in CSAS reference,
CSAS-192,2009,Response of the sea whip Halipteris willemoesi to simulated trawl disturbance and its vulnerability to subsequent predation,"Malecha, P.W., and Stone, R.P. 2009. Response of the sea whip Halipteris willemoesi to simulated trawl disturbance and its vulnerability to subsequent predation. Mar. Ecol. Prog. Ser. 388: 197–206.",NO,,NOT FOUND,,,0.364,no match above 0.84 threshold within publication year +/- 1,
CSAS-193,2017,In situ estimates of horizontal turbulent diffusivity at the sea surface for oil transport simulation,"Matsuzaki, Y., and Fujita, I. 2017. In situ estimates of horizontal turbulent diffusivity at the sea surface for oil transport simulation. Mar. Pollut. Bull. 117(1–2): 34–40.",NO,,PRESENT,CWC-034B5B194DB6,C,0.851,fuzzy title/year,
CSAS-194,2020,"Enigmatic Deep-Water Mounds on the Orphan Knoll, Labrador Sea","Meredyk, S.P., Edinger, E., Piper, D.J.W., Huvenne, V.A.I., Hoy, S., and Ruffman, A. 2020. Enigmatic Deep-Water Mounds on the Orphan Knoll, Labrador Sea. Front. Mar. Sci. 6(744): 1–23.",NO,,NOT FOUND,,,0.4,no match above 0.84 threshold within publication year +/- 1,
CSAS-195,2018,"Cold-water Coral Distributions and Surficial Geology on the Flemish Cap, Northwest Atlantic","Miles, L. 2018. Cold-water Coral Distributions and Surficial Geology on the Flemish Cap, Northwest Atlantic. MSc thesis, Department of Geography, Memorial University of Newfoundland, St. John’s, N.L. 112–130.",NO,,NOT FOUND,,,0.5,no match above 0.84 threshold within publication year +/- 1,
CSAS-196,2006,Black corals (Antipatharia: Anthozoa: Cnidaria) of the northeastern Atlantic,"Molodtsova, T. 2006. Black corals (Antipatharia: Anthozoa: Cnidaria) of the northeastern Atlantic. In Biogeography of the Atlantic Seamounts. Edited by A.N. Mironov, A.V. Gebruk, A.J. Southward. KMK Scientific, Moscow, Russia. 201 p.",NO,,NOT FOUND,,,0.462,no match above 0.84 threshold within publication year +/- 1,
CSAS-197,2013,Deep-sea mushroom soft corals (Octocorallia: Alcyonacea: Alcyoniidae) of the Northern Mid-Atlantic Ridge,"Molodtsova, T.N. 2013. Deep-sea mushroom soft corals (Octocorallia: Alcyonacea: Alcyoniidae) of the Northern Mid-Atlantic Ridge. Mar. Biol. Res. 9(5-6): 488–515.",NO,,NOT FOUND,,,0.462,no match above 0.84 threshold within publication year +/- 1,
CSAS-198,2006,Distribution of deep-water corals in Atlantic Canada,"Mortensen, P.B., Buhl-Mortensen, L. and Gordon, D.C. Jr. 2006. Distribution of deep-water corals in Atlantic Canada. In Proceedings of the 10th International Coral Reef Symposium. Tokyo, Japan. Japanese Coral Reef Society. pp. 1832–1848.",NO,,NOT FOUND,,,0.545,no match above 0.84 threshold within publication year +/- 1,
CSAS-199,2004,Distribution of deep-water gorgonian corals in relation to benthic habitat features in the Northeast Channel (Atlantic Canada),"Mortensen, P.B. and Buhl-Mortensen, L. 2004. Distribution of deep-water gorgonian corals in relation to benthic habitat features in the Northeast Channel (Atlantic Canada). Mar. Biol. 144: 1223–1238.",NO,,NOT FOUND,,,0.452,no match above 0.84 threshold within publication year +/- 1,
CSAS-200,2005,"Deep-water corals and their habitats in The Gully, a submarine canyon off Atlantic Canada","Mortensen, P.B., and Buhl-Mortensen, L. 2005. Deep-water corals and their habitats in The Gully, a submarine canyon off Atlantic Canada. In Cold-Water Corals and Ecosystems. Edited by A. Freiwald and J.M. Roberts. Springer Berlin Heidelberg. pp. 247–277.",NO,,PRESENT,CWC-3143549B8BE9,Cold-Water Corals and Ecosystems,1.0,normalized title contained in CSAS reference,
CSAS-201,2020,Marine Species Identification Portal: Sponge of the Northeast Atlantic,MSIP. 2020. Marine Species Identification Portal: Sponge of the Northeast Atlantic. Accessed 11 January 2019.,NO,,NOT FOUND,,,0.5,no match above 0.84 threshold within publication year +/- 1,
CSAS-202,2008,Preliminary data on cold-water corals and large sponges by-catch from Spanish/EU bottom trawl groundfish survey in NAFO Regulatory Area (Divs. 3LMNO) and Canadian EEZ (Div. 3L): 2005–2007 period,"Murillo, F.J., Durán Muñoz, P., Sacau, M., González-Troncoso, D., and Serrano, A. 2008. Preliminary data on cold-water corals and large sponges by-catch from Spanish/EU bottom trawl groundfish survey in NAFO Regulatory Area (Divs. 3LMNO) and Canadian EEZ (Div. 3L): 2005–2007 period. NAFO SCR Doc. 08/10, Serial No. N5501, 28 p.",NO,,NOT FOUND,,,0.311,no match above 0.84 threshold within publication year +/- 1,
CSAS-203,2011,"Distribution of deep-water corals of the Flemish Cap, Flemish Pass, and the Grand Banks of Newfoundland (Northwest Atlantic Ocean): interaction with fishing activities","Murillo, F.J., Durán Muñoz, P., Altuna, A., and Serrano, A. 2011. Distribution of deep-water corals of the Flemish Cap, Flemish Pass, and the Grand Banks of Newfoundland (Northwest Atlantic Ocean): interaction with fishing activities. ICES J. Mar. Sci. 68: 319–332.",NO,,PRESENT,CWC-B776F1E5476C,"Distribution of deep-water corals of the Flemish Cap, Flemish Pass, and the Grand Banks of Newfoundland (Northwest Atlantic Ocean): interaction with fishing activities",1.0,normalized title contained in CSAS reference,
CSAS-204,2012,"Deep-sea sponge grounds of the Flemish Cap, Flemish Pass and the Grand Banks of Newfoundland (Northwest Atlantic Ocean): Distribution and species composition","Murillo, F.J., Durán Muñoz, P., Cristobo, J., Ríos, P., González, C., Kenchington, E., and Serrano, A. 2012. Deep-sea sponge grounds of the Flemish Cap, Flemish Pass and the Grand Banks of Newfoundland (Northwest Atlantic Ocean): Distribution and species composition. Mar. Biol. Res. 8–9: 842–854.",NO,,PRESENT,CWC-C39D2EFC582D,"Deep-sea sponge grounds of the Flemish Cap, Flemish Pass and the Grand Banks of Newfoundland (Northwest Atlantic Ocean): Distribution and species composition",1.0,normalized title contained in CSAS reference,
CSAS-205,2013,Glass sponges off the Newfoundland (Northwest Atlantic): Description of a new species of Dictyaulus (Porifera: Hexactinellida: Euplectellidae). J,"Murillo, F.J., Tabachnick, K.R., and Menshenina, L.L. 2013. Glass sponges off the Newfoundland (Northwest Atlantic): Description of a new species of Dictyaulus (Porifera: Hexactinellida: Euplectellidae). J. Mar. Biol. 2013: 5.",NO,,NOT FOUND,,,0.467,no match above 0.84 threshold within publication year +/- 1,
CSAS-206,2016,"Ancient deep-sea sponge grounds on the Flemish Cap and Grand Bank, northwest Atlantic","Murillo, F.J., Kenchington, E., Lawson, J.M., Li, G., and Piper, D.J.W. 2016a. Ancient deep-sea sponge grounds on the Flemish Cap and Grand Bank, northwest Atlantic. Marine Biology. 163(63): 2–11.",NO,,PRESENT,CWC-034B5B194DB6,C,0.852,fuzzy title/year,
CSAS-207,2016,"Epibenthic assemblages of the Tail of the Grand Bank and Flemish Cap (northwest Atlantic) in relation to environmental parameters and trawling intensity. Deep-Sea Research I, 109: 99-122","Murillo, F.J., Serrano, A., Kenchington, E., and José, M. 2016b. Epibenthic assemblages of the Tail of the Grand Bank and Flemish Cap (northwest Atlantic) in relation to environmental parameters and trawling intensity. Deep-Sea Research I, 109: 99-122.",NO,,PRESENT,CWC-B1CFB97E1BE0,Epibenthic assemblages of the Tail of the Grand Bank and Flemish Cap (northwest Atlantic) in relation to environmental parameters and trawling intensity,1.0,normalized title contained in CSAS reference,
CSAS-208,2018,Morphometry and growth of sea pen species from dense habitats in the Gulf of St,"Murillo, F.J., MacDonald, B.W., Kenchington, E., Campana, S.E., Sainte-Marie, B., and Sacau, M. 2018. Morphometry and growth of sea pen species from dense habitats in the Gulf of St. Lawrence, eastern Canada. Mar. Biol. Res. 14(4): 366–382.",NO,,NOT FOUND,,,0.462,no match above 0.84 threshold within publication year +/- 1,
CSAS-209,2013,SC Working Group on Ecosystem Science and Assessment: November 2013,NAFO. 2013. SC Working Group on Ecosystem Science and Assessment: November 2013. NAFO SCS Doc. 13/024. 209 p.,NO,,NOT FOUND,,,0.286,no match above 0.84 threshold within publication year +/- 1,
CSAS-210,2014,Occurrence of deep-water corals and sponges within NAFO regulatory area based on the data of observation onboard Russian fishing vessels during 2008–2013,NAFO. 2014. Occurrence of deep-water corals and sponges within NAFO regulatory area based on the data of observation onboard Russian fishing vessels during 2008–2013. NAFO SCR Doc. 14/042. 6 p.,NO,,PRESENT,CWC-105D3EA801A8,Corals,0.856,fuzzy title/year,
CSAS-211,2019,Vulnerable Marine Ecosystem (VME) Closures,NAFO. 2019a. Vulnerable Marine Ecosystem (VME) Closures. Accessed 20 October 2019.,NO,,NOT FOUND,,,0.375,no match above 0.84 threshold within publication year +/- 1,
CSAS-212,2019,VME fact sheets 2019,NAFO. 2019b. VME fact sheets 2019. Northeast Flemish Cap 5. Rome. Accessed 07 January 2020.,NO,,NOT FOUND,,,0.286,no match above 0.84 threshold within publication year +/- 1,
CSAS-213,2019,Report of the 12th Meeting of the NAFO Scientific Council Working Group on Ecosystem Science and Assessment (WG-ESA),NAFO. 2019c. Report of the 12th Meeting of the NAFO Scientific Council Working Group on Ecosystem Science and Assessment (WG-ESA). NAFO SCS Doc. 19/25. Serial No N7027. 135 p.,NO,,NOT FOUND,,,0.389,no match above 0.84 threshold within publication year +/- 1,
CSAS-214,2019,Lessons learned from offshore oil and gas incidents in the Arctic and other ice-prone seas,"Necci, A., Tarantola, S., Vamanu, B., Krausmann, E., and Ponte, L. 2019. Lessons learned from offshore oil and gas incidents in the Arctic and other ice-prone seas. Ocean Engineering, 185: 12–26.",NO,,NOT FOUND,,,0.5,no match above 0.84 threshold within publication year +/- 1,
CSAS-215,2005,"Composition, environmental fates, and biological effects of water based drilling muds and cuttings discharged to the marine environment: a synthesis and annotated bibliography","Neff, J.M. 2005. Composition, environmental fates, and biological effects of water based drilling muds and cuttings discharged to the marine environment: a synthesis and annotated bibliography. Prepared for Petroleum Environmental Research Forum and American Petroleum Institute. Duxbury, MA. 83 p.",NO,,NOT FOUND,,,0.343,no match above 0.84 threshold within publication year +/- 1,
CSAS-216,2010,Fate and effects of water based drilling muds and cuttings in cold water environments,"Neff, J.M. 2010. Fate and effects of water based drilling muds and cuttings in cold water environments. Report for Shell Exploration and Production Company. Houston, Texas. 310 p.",NO,,NOT FOUND,,,0.444,no match above 0.84 threshold within publication year +/- 1,
CSAS-217,2000,Environmental impacts of synthetic based drilling fluids,"Neff, J.M., McKelvie, S., and Ayers, R.C. Jr. 2000. Environmental impacts of synthetic based drilling fluids. Report prepared for MMS by Robert Ayers & Associates, Inc. August 2000. U.S. Department of the Interior, Minerals Management Service, Gulf of Mexico OCS Region, New Orleans, LA. OCS Study MMS 2000-064. 118 p.",NO,,NOT FOUND,,,0.364,no match above 0.84 threshold within publication year +/- 1,
CSAS-218,2015,Deep-water bamboo coral forests in a muddy Arctic environment,"Neves, B.M., Edinger, E., Hillaire-Marcel, C., Saucier, E.M., France, S.C., Treble, M.A., and Wareham, V.E. 2015. Deep-water bamboo coral forests in a muddy Arctic environment. Mar. Biodivers. 45: 867–871.",YES,Organism: coral; exposure/impact: drilling mud,PRESENT,CWC-8348819C8DEA,Deep-water bamboo coral forests in a muddy Arctic environment,1.0,normalized title contained in CSAS reference,
CSAS-219,2018,Morphology and composition of the internal axis in two morphologically contrasting deep-water sea pens (Cnidaria: Octocorallia). J,"Neves, B.M., Edinger, E., and Wareham Hayes, V.E. 2018b. Morphology and composition of the internal axis in two morphologically contrasting deep-water sea pens (Cnidaria: Octocorallia). J. Nat. Hist. 58: 659–685.",NO,,NOT FOUND,,,0.41,no match above 0.84 threshold within publication year +/- 1,
CSAS-220,2020,Cold-Water Soft Corals (Cnidaria: Nephtheidae) as Habitat for Juvenile Basket Stars (Echinodermata: Gorgonocephalidae),"Neves, B.M., Wareham Hayes, V., Herder, E., Hedges, K., Grant, C., and Archambault, P. 2020. Cold-Water Soft Corals (Cnidaria: Nephtheidae) as Habitat for Juvenile Basket Stars (Echinodermata: Gorgonocephalidae). Front. Mar. Sci. 7:547896.",NO,,PRESENT,CWC-48099CA9C8C6,Cnidaria,0.861,fuzzy title/year,
CSAS-221,2020,,Newfoundland Offshore Petroleum Drilling and Production Regulations. SOR/2009-316. Accessed 10 January 2020.,NO,,NOT FOUND,,,0.0,no match above 0.84 threshold within publication year +/- 1,
CSAS-222,2019,Flemish Pass Exploration Drilling Project (2018–2028) – Environmental Impact Statement,"Nexen Energy ULC. 2019. Flemish Pass Exploration Drilling Project (2018–2028) – Environmental Impact Statement. Prepared by Amec Foster Wheeler. St. John’s, NL Canada.1185 p.",NO,,NOT FOUND,,,0.222,no match above 0.84 threshold within publication year +/- 1,
CSAS-223,2009,Modeling the dispersion of drilling muds using the bblt model: the effects of settling velocity,"Niu, H., Drozdowski, A., Husain, T., Veitch, B., Bose, N., and Lee, K. 2009. Modeling the dispersion of drilling muds using the bblt model: the effects of settling velocity. Environ. Model. Assess. 14(5): 585–594.",NO,,PRESENT,CWC-CA557E4BCCAB,Modeling the dispersion of drilling muds using the bblt model: the effects of settling velocity,1.0,normalized title contained in CSAS reference,
CSAS-224,2015,Environmental monitoring of petroleum activities on the Norwegian continental shelf. M-408. 64 p,Norwegian Environment Agency. 2015. Environmental monitoring of petroleum activities on the Norwegian continental shelf. M-408. 64 p.,NO,,PRESENT,CWC-034B5B194DB6,C,0.852,fuzzy title/year,
CSAS-225,2012,Water Quality – Visual seabed surveys using remotely operated and/or towed observation gear for collection of environmental data,Norwegian Standards. 2012. Water Quality – Visual seabed surveys using remotely operated and/or towed observation gear for collection of environmental data. NS EN 16260:2012. 22 p.,NO,,PRESENT,CWC-B37F719DFED6,북동태평양 해저퇴적물의 Be 연대측정,0.852,fuzzy title/year,
CSAS-226,2011,Plugging and abandonment of oil and gas wells,NPC. 2011. Plugging and abandonment of oil and gas wells. Working Document of the NPC North American Resource Development Study. Paper #2-25: 21 p.,NO,,NOT FOUND,,,0.462,no match above 0.84 threshold within publication year +/- 1,
CSAS-227,2016,Drilling Performance Review Offshore Newfoundland and Labrador,"NSB Energy Consulting. 2016. Drilling Performance Review Offshore Newfoundland and Labrador. Prepared for Nalcor Energy – Oil and Gas. St. John’s, NL. 545 p.",NO,,PRESENT,CWC-034B5B194DB6,C,0.852,fuzzy title/year,
CSAS-228,1912,Descriptions of the Alcyonaria collected by the U.S,"Nutting, C.C. 1912. Descriptions of the Alcyonaria collected by the U.S. Fisheries steamer ""Albatross,"" mainly in Japanese waters, during 1906. Proceedings of the U.S. National Museum. Accessed 15 December 2019.",NO,,NOT FOUND,,,0.308,no match above 0.84 threshold within publication year +/- 1,
CSAS-229,2001,Parametrization and evaluation of marine environmental impacts produced by deep-sea manganese nodule mining,"Oebius, H.U., Becker, H.J., Rolinski, S., and Jankowski, J.A. 2001. Parametrization and evaluation of marine environmental impacts produced by deep-sea manganese nodule mining. Deep Sea Res. Part II: Topi. Stud. Ocean. 48(17–18): 3453–3467.",NO,,PRESENT,CWC-89AC0783794A,Parametrization and evaluation of marine environmental impacts produced by deep-sea manganese nodule mining,1.0,normalized title contained in CSAS reference,
CSAS-230,2003,Environmental aspects of the use and disposal of non aqueous drilling fluids associated with offshore oil & gas operations,OGP. 2003. Environmental aspects of the use and disposal of non aqueous drilling fluids associated with offshore oil & gas operations. International Association of Oil & Gas Producers. Report No: 342. 114 p.,NO,,NOT FOUND,,,0.483,no match above 0.84 threshold within publication year +/- 1,
CSAS-231,2010,Blowout Frequencies,OGP. 2010. Blowout Frequencies. Risk Assessment Data Directory No. 434-02. 20 p.,NO,,NOT FOUND,,,0.0,no match above 0.84 threshold within publication year +/- 1,
CSAS-232,2019,Blowout Frequencies,OGP. 2019. Blowout Frequencies. Risk Assessment Data Directory No. 434-02. 28 p.,NO,,NOT FOUND,,,0.069,no match above 0.84 threshold within publication year +/- 1,
CSAS-233,2018,Taranaki Basin Impact Assessment,"OMV New Zealand Ltd. 2018. Taranaki Basin Impact Assessment. Prepared by SLR Conuslting NZ Limited. Port Nelson, Nelson, New Zealand. 319 p.",NO,,NOT FOUND,,,0.286,no match above 0.84 threshold within publication year +/- 1,
CSAS-234,1841,Description of a New Genus and Species of Sponge (Euplectella aspergillum),"Owen, R. 1841. Description of a New Genus and Species of Sponge (Euplectella aspergillum). Proceedings of the Zoological Society of London, 9: 3–5.",NO,,NOT FOUND,,,0.1,no match above 0.84 threshold within publication year +/- 1,
CSAS-235,2014,"Effects of the Terra Nova offshore oil development on benthic macro-invertebrates over 10 years of development drilling on the Grand Banks of Newfoundland, Canada","Paine, M.D., DeBlois, E.M., Kilgour, B.W., Tracy, E., Pocklington, P., Crowley, R.D., Williams, U.P., and Janes, G.G. 2014. Effects of the Terra Nova offshore oil development on benthic macro-invertebrates over 10 years of development drilling on the Grand Banks of Newfoundland, Canada. Deep Sea Res. Part II. 110: 38–64.",NO,,PRESENT,CWC-96DD205703DC,Новые данные по палеонтологии палеозоя Агинской структурно-формационной зоны Забайкалья (часть 1),0.851,fuzzy title/year,
CSAS-236,2013,GLOBAL Eddy-Permitting Ocean Reanalyses and Simulations of the Period 1992 to Present,"Parent, L., Ferry, N., Barnier, B., Garric, G., Bricaud, C., Testut, C.E., Le Galloudec, O., Lellouche, J.-M., Greiner, E., Drevillon, M., Remy, E., Moulines, J.-M., Guinehut, S., and Cabanes, C. 2013. GLOBAL Eddy-Permitting Ocean Reanalyses and Simulations of the Period 1992 to Present. Proc. 20 Years Prog. Radar Altimetry, 1–31.",NO,,NOT FOUND,,,0.385,no match above 0.84 threshold within publication year +/- 1,
CSAS-237,2014,Ecologically active concrete for coastal and marine infrastructure: Innovative matrices and designs,"Perkol-Finkel, S., and Stella, I. 2014. Ecologically active concrete for coastal and marine infrastructure: Innovative matrices and designs. ICE Publishing.",NO,,NOT FOUND,,,0.316,no match above 0.84 threshold within publication year +/- 1,
CSAS-238,2019,"Removal of deep-sea sponges by bottom trawling in the Flemish Cap area: conservation, ecology and economic assessment","Pham, C.K., Murillo, F.J., Lirette, C., Maldonado, M., Colaço, A., Ottaviani, D., and Kenchington, E. 2019. Removal of deep-sea sponges by bottom trawling in the Flemish Cap area: conservation, ecology and economic assessment. Sci. Rep. 9: 15843.",NO,,PRESENT,CWC-640072080C39,"Removal of deep-sea sponges by bottom trawling in the Flemish Cap area: conservation, ecology and economic assessment",1.0,normalized title contained in CSAS reference,
CSAS-239,1998,"BioMar biotope viewer: a guide to marine habitats, fauna and flora of Britain and Ireland. [CD-ROM] Environmental Sciences Unit, Trinity College, Dublin","Picton, B.E., and Costello, M.J. 1998. BioMar biotope viewer: a guide to marine habitats, fauna and flora of Britain and Ireland. [CD-ROM] Environmental Sciences Unit, Trinity College, Dublin.",NO,,NOT FOUND,,,0.286,no match above 0.84 threshold within publication year +/- 1,
CSAS-240,2011,"Isodictya palmate (ellis & Solander, 1786)","Picton, B.E., Morrow, C.C., and R.W.B. van Soest. 2011. Isodictya palmate (ellis & Solander, 1786). In Sponges of Britain and Ireland. Accessed 3 January 2020.",NO,,NOT FOUND,,,0.222,no match above 0.84 threshold within publication year +/- 1,
CSAS-241,2018,"Effects of trawling activity on the bamboo-coral Isidella elongata and the sea pen Funiculina quadrangularis along the Gioia Canyon (Western Mediterranean, southern Tyrrhenian Sea)","Pierdomenico, M., Russo, T., Ambroso, S., Gori, A., Martorelli, E., D’Andrea, L., Gili, J.M., and Chiocci, F.L. 2018. Effects of trawling activity on the bamboo-coral Isidella elongata and the sea pen Funiculina quadrangularis along the Gioia Canyon (Western Mediterranean, southern Tyrrhenian Sea). Prog. Oceanogr. 169: 214–226.",NO,,PRESENT,CWC-6FED2E8ABDC5,"Effects of trawling activity on the bamboo-coral Isidella elongata and the sea pen Funiculina quadrangularis along the Gioia Canyon (Western Mediterranean, southern Tyrrhenian Sea)",1.0,normalized title contained in CSAS reference,
CSAS-242,2020,Influence of deep-water corals and sponge gardens on infaunal community composition and ecosystem functioning in the Eastern Canadian Arctic,"Pierrejean, M., Grant, C., Neves, B.M., Chaillou, G., Edinger, E., Blanchet, F.G., Maps, F., Nozais, C., and Archambault, P. 2020. Influence of deep-water corals and sponge gardens on infaunal community composition and ecosystem functioning in the Eastern Canadian Arctic. Fron. Mar. Sci. 7:495.",NO,,PRESENT,CWC-3CCFECCF793F,Influence of Deep-Water Corals and Sponge Gardens on Infaunal Community Composition and Ecosystem Functioning in the Eastern Canadian Arctic,1.0,normalized title contained in CSAS reference,
CSAS-243,2015,Appearance matters: sedimentation effects on different sponge morphologies. J,"Pineda, M.C., Duckworth, A., and Webster, N. 2015. Appearance matters: sedimentation effects on different sponge morphologies. J. Mar. Bio. Asso. UK. 96(2): 481–492.",YES,Organism: sponge; exposure/impact: sediment,PRESENT,CWC-1E8A06594C30,Appearance matters: sedimentation effects on different sponge morphologies,1.0,normalized title contained in CSAS reference,
CSAS-244,2009,Modeling the discharge of cuttings and drilling fluids in a deep-water environment. Deep-Sea Res,"Pivel, M.A.G., Freitas, C.M.D.S., and Comba, J.L.D. 2009. Modeling the discharge of cuttings and drilling fluids in a deep-water environment. Deep-Sea Res. II. 56: 12–21.",NO,,PRESENT,CWC-BE6197771C61,Modeling the discharge of cuttings and drilling fluids in a deep-water environment,1.0,normalized title contained in CSAS reference,
CSAS-245,2004,"Biodiversity and distribution of Polymastiidae (Desmospongiae, Hadromerida) in the Arctic area","Plotkin, A. 2004. Biodiversity and distribution of Polymastiidae (Desmospongiae, Hadromerida) in the Arctic area. Boll. Mus. Ist. Biol. Univ. Genova, 68: 535–547.",NO,,NOT FOUND,,,0.444,no match above 0.84 threshold within publication year +/- 1,
CSAS-246,2018,Polymastiidae (Porifera: Demospongiae) of the Nordic and Siberian Seas. J,"Plotkin, A., Gerasimova, E., and Rapp, H. 2018. Polymastiidae (Porifera: Demospongiae) of the Nordic and Siberian Seas. J. Mar. Biolog. Assoc. U.K. 98(6):1273–1335.",NO,,PRESENT,CWC-BF2F65402E3D,Polymastiidae (Porifera: Demospongiae) of the Nordic and Siberian Seas,1.0,normalized title contained in CSAS reference,
CSAS-247,2014,Sediment and Turbidity Associated with Offshore Dredging Increase Coral Disease Prevalence on Nearby Reefs,"Pollock, F.J., Lamb, J.B., Field, S.N., Heron, S.F., Schaffelke, B., Shedrawi, G., Bourne, D.G., and Willis, B.L. 2014. Sediment and Turbidity Associated with Offshore Dredging Increase Coral Disease Prevalence on Nearby Reefs. PLoS ONE, 9(7): e102498.",YES,"Organism: coral; exposure/impact: sediment, turbidity",PRESENT,CWC-11C8578A23E4,Sediment and Turbidity Associated with Offshore Dredging Increase Coral Disease Prevalence on Nearby Reefs,1.0,normalized title contained in CSAS reference,
CSAS-248,2015,A Time Series Study of Lophelia pertusa and Reef Megafauna Responses to Drill Cuttings Exposure on the Norwegian Margin,"Purser, A. 2015. A Time Series Study of Lophelia pertusa and Reef Megafauna Responses to Drill Cuttings Exposure on the Norwegian Margin. PLoS ONE, 10(7): e0134076.",YES,"Organism: cold-water coral; exposure/impact: drilling, drill cuttings",PRESENT,CWC-D670110C23A8,A Time Series Study of Lophelia pertusa and Reef Megafauna Responses to Drill Cuttings Exposure on the Norwegian Margin,1.0,normalized title contained in CSAS reference,
CSAS-249,2012,Monitoring strategies for drill cutting discharge in the vicinity of cold-water coral ecosystems,"Purser, A., and Thomsen, L. 2012. Monitoring strategies for drill cutting discharge in the vicinity of cold-water coral ecosystems. Mar. Pollut. Bull. 64: 2309–2316.",YES,"Organism: coral; exposure/impact: drilling, drill cuttings",PRESENT,CWC-9BFC61A48726,Monitoring strategies for drill cutting discharge in the vicinity of cold-water coral ecosystems,1.0,normalized title contained in CSAS reference,
CSAS-250,2016,Vertical water mass structure in the North Atlantic influence the bathymetric distribution of species in the deep-sea coral genus Paramuricea,"Radice, V.Z., Quattrini, A.M., Wareham, V.E., Edinger, E.N., and Cordes, E.E. 2016. Vertical water mass structure in the North Atlantic influence the bathymetric distribution of species in the deep-sea coral genus Paramuricea. Deep Sea Res. I. 116: 253–263.",NO,,PRESENT,CWC-034B5B194DB6,C,0.851,fuzzy title/year,
CSAS-251,2016,The impact of anthropogenic activity on cold-water corals,"Ragnarsson, S.Á., Burgos, J.M., Kutti, T., van der Beld, I., Egilsdóttir, H., Arnaud-Haond, S., and Grehan, A. 2016. The impact of anthropogenic activity on cold-water corals. In Marine Animal Forests: The ecology of benthic biodiversity hotspots. Edited by S. Rossi, L. Bramanit, A. Gori and Orejas, C. Springer International Publishing AG. pp. 989–1023.",NO,,PRESENT,CWC-7A075BEFB91E,The Impact of Anthropogenic Activity on Cold-Water Corals,1.0,normalized title contained in CSAS reference,
CSAS-252,1997,The effects of drilling muds on marine invertebrate larvae and adults,"Raimondi, P.T., Barnett, A.M., and Krause, P.R. 1997. The effects of drilling muds on marine invertebrate larvae and adults. Environ. Toxicol. Chem. 16(6): 1218–1228.",NO,,PRESENT,CWC-E50A57133B77,The effects of drilling muds on marine invertebrate larvae and adults,1.0,normalized title contained in CSAS reference,
CSAS-253,2011,Man and the Last Great Wilderness: Human Impact on the Deep Sea,"Ramirez-Llodra, E., Tyler, P.A., Baker, M.C., Bergstad, O.A., Clark, M.R., Escobar, E., Levin, L.A., Menot, L., Rowden, A.A., Smith, C.R., and Van Dover, C.L. 2011. Man and the Last Great Wilderness: Human Impact on the Deep Sea. PLoS ONE, 6(7): e22588.",NO,,PRESENT,CWC-AF94F36B3EA4,Man and the Last Great Wilderness: Human Impact on the Deep Sea,1.0,normalized title contained in CSAS reference,
CSAS-254,1971,In situ pumping activities of tropical Desmospongiae,"Reiswig, H.M. 1971. In situ pumping activities of tropical Desmospongiae. Marine Biology. 9:38– 50.",NO,,PRESENT,CWC-379D32B441DA,In situ pumping activities of tropical Demospongiae,0.857,fuzzy title/year,
CSAS-255,2011,"The Marine Fauna of New Zealand: Hexasterophoran Glass Sponges of New Zealand (Porifera: Hexactinellida: Hexasterophora): Orders Hexactinosida, Aulocalycoida and Lychniscosida","Reiswig, H.M., and Kelly, M. 2011. The Marine Fauna of New Zealand: Hexasterophoran Glass Sponges of New Zealand (Porifera: Hexactinellida: Hexasterophora): Orders Hexactinosida, Aulocalycoida and Lychniscosida. NIWA Biodiversity Memoir, ISSN 1174–0043; 124. pp. 1– 176.",NO,,PRESENT,CWC-B46481C4F382,Sponges,0.856,fuzzy title/year,
CSAS-256,2009,Cold-Water Corals: The Biology and Geology of Deep-Sea Coral Habitats,"Roberts, J., Wheeler, A., Freiwald, A., and Cairns, S. 2009. Cold-Water Corals: The Biology and Geology of Deep-Sea Coral Habitats. Cambridge University Press. New York, USA.",NO,,PRESENT,CWC-99E91125465E,Cold-water Corals: The Biology and Geology of Deep-Sea Coral Habitats.,1.0,normalized title contained in CSAS reference,
CSAS-257,2006,Reefs of the deep: the biology and geology of cold-water coral ecosystems,"Roberts, J.M., Wheeler, A.J., and Freiwald, A. 2006. Reefs of the deep: the biology and geology of cold-water coral ecosystems. Science, 312: 543–547.",NO,,PRESENT,CWC-99A4E835D906,Reefs of the Deep: The Biology and Geology of Cold-Water Coral Ecosystems,1.0,normalized title contained in CSAS reference,
CSAS-258,2017,The coevolution of midwater research and ROV technology at MBARI,"Robinson, B.H., Reisenbichler, K.R., and Sherlock, R.E. 2017. The coevolution of midwater research and ROV technology at MBARI. Oceanography, 30(4):26–37.",NO,,PRESENT,CWC-034B5B194DB6,C,0.852,fuzzy title/year,
CSAS-259,2019,Are fish associations with corals and sponges more than an affinity to structure: Evidence across two widely divergent ecosystems,"Rooper, C.N., Goddard, P., and Wilborn, R. 2019. Are fish associations with corals and sponges more than an affinity to structure: Evidence across two widely divergent ecosystems. Can. J. Fish. Aquat. Sci.",NO,,PRESENT,CWC-02E0112E62A5,Sponges,0.858,fuzzy title/year,
CSAS-260,2017,Stress response of the black coral Leiopathes glaberrima when exposed to sub-lethal amounts of crude oil and dispersant,"Ruiz-Ramos, D.V., Fisher, C.R., and Baums, I.B. 2017. Stress response of the black coral Leiopathes glaberrima when exposed to sub-lethal amounts of crude oil and dispersant. Elemental Science of the Anthropocene. 5: 77.",NO,,PRESENT,CWC-C235CD1F8859,Stress response of the black coral <i>Leiopathes glaberrima</i> when exposed to sub-lethal amounts of crude oil and dispersant,0.973,fuzzy title/year,
CSAS-261,2004,Behavioral mechanisms underlying the refuge value of benthic habitat structure for two flatfishes with differing anti-predator strategies,"Ryer, C.H., Stoner, A.W., and Titgen, R.H. 2004. Behavioral mechanisms underlying the refuge value of benthic habitat structure for two flatfishes with differing anti-predator strategies. Mar. Ecol. Prog. Ser. 269: 231–243.",NO,,PRESENT,CWC-B3C1658EBE84,Behavioral mechanisms underlying the refuge value of benthic habitat structure for two flatfishes with differing anti-predator strategies,1.0,normalized title contained in CSAS reference,
CSAS-262,2018,Sediment Resuspension Due to Near‐Bed Turbulent Effects: A Deep Sea Case Study on the Northwest Continental Slope of Western Australia. J,"Salim, S., Pattiaratchi, C., Tinoco, R.O., and Jayaratne, R. 2018. Sediment Resuspension Due to Near‐Bed Turbulent Effects: A Deep Sea Case Study on the Northwest Continental Slope of Western Australia. J. Geophys. Res. Oceans. 123(10), 7102–7119.",NO,,NOT FOUND,,,0.378,no match above 0.84 threshold within publication year +/- 1,
CSAS-263,2010,"Effects of non-aqueous fluids- associated drill cuttings discharge on shelf break macrobenthic communities in the Campos Basin, Brazil","Santos, M.F., Silva, J., Fachel, J.M.G., and Pulgati, F.H. 2010. Effects of non-aqueous fluids- associated drill cuttings discharge on shelf break macrobenthic communities in the Campos Basin, Brazil. Environmental Monitoring and Assessment, 167: 65–78.",NO,,PRESENT,CWC-B5C852A34E54,"Effects of non-aqueous fluids-associated drill cuttings discharge on shelf break macrobenthic communities in the Campos Basin, Brazil",1.0,normalized title contained in CSAS reference,
CSAS-264,2002,"Viviparous development in the Antarctic sponge Stylocordyla borealis Loven, 1868","Sarà, A., Cerrano, C., and Sarà, M. 2002. Viviparous development in the Antarctic sponge Stylocordyla borealis Loven, 1868. Polar Biol. 25: 425–431.",NO,,PRESENT,CWC-0566C5370B2C,"Viviparous development in the Antarctic sponge Stylocordyla borealis Loven, 1868",1.0,normalized title contained in CSAS reference,
CSAS-265,2016,Phylogenetic studies of the deep-sea bamboo corals (Octocorallia: Isididae: Keratoisidinae),"Saucier, E.H. 2016. Phylogenetic studies of the deep-sea bamboo corals (Octocorallia: Isididae: Keratoisidinae). Doctor of Philosophy Dissertation, Graduate Faculty of the University of Louisiana at Lafayette. ProQuest Number: 10163340.",NO,,PRESENT,CWC-105D3EA801A8,Corals,0.86,fuzzy title/year,
CSAS-266,2016,"Effects of dredging on filter feeder communities, with a focus on sponges","Schönberg, C. 2016. Effects of dredging on filter feeder communities, with a focus on sponges. Report of Theme 6 – Project 6.1. WEMSI Dredging Science Node. Western Australian Marine Science Institution. 140 p.",NO,,PRESENT,CWC-9AE0AE5541B7,"Effects of dredging on filter feeder communities, with a focus on sponges: Final Report",0.977,fuzzy title/year,
CSAS-267,2009,Inter- and intra-habitat bacterial diversity associated with cold-water corals,"Schöttner, S., Hoffman, F., Wild, C., Rapp, H.T., Boetius, A., and Ramette, A. 2009. Inter- and intra-habitat bacterial diversity associated with cold-water corals. The ISME Journal, 3: 756– 759.",NO,,PRESENT,CWC-15FDA62D8D95,Inter- and intra-habitat bacterial diversity associated with cold-water corals,1.0,normalized title contained in CSAS reference,
CSAS-268,2013,"Relationships between Host Phylogeny, Host Type and Bacterial Community Diversity in Cold-Water Coral Reef Sponges","Schöttner, S., Hoffman, F., Cárdenas, P., Rapp, H.T., Boetius, A., and Ramette, A. 2013. Relationships between Host Phylogeny, Host Type and Bacterial Community Diversity in Cold-Water Coral Reef Sponges. PLoS ONE, 8(2): e55505.",NO,,NOT FOUND,,,0.538,no match above 0.84 threshold within publication year +/- 1,
CSAS-269,2013,Asphyxiation by sedimentation? - a sponge’s perspective,"Schuster, H.S. 2013. Asphyxiation by sedimentation? - a sponge’s perspective. University of Southampton, Natural and Environmental Sciences Ocean and Earth Science, PhD thesis, Faculty of Natural and Environmental Sciences, Southampton, England. 196 p.",YES,Organism: sponge; exposure/impact: sediment,NOT FOUND,,,0.333,no match above 0.84 threshold within publication year +/- 1,
CSAS-270,2000,Multibeam Sonar Theory of Operation,"Seabeam Instruments. 2000. Multibeam Sonar Theory of Operation. East Walpole, MA. 107 p.",NO,,NOT FOUND,,,0.4,no match above 0.84 threshold within publication year +/- 1,
CSAS-271,2017,Multidecadal variability and climate shift in the North Atlantic Ocean,"Seidov, D., Mishonov, A., Reagan, J., and Parsons, R. 2017. Multidecadal variability and climate shift in the North Atlantic Ocean. Geophys. Res. Lett. 44: 4985–4993.",NO,,PRESENT,CWC-034B5B194DB6,C,0.852,fuzzy title/year,
CSAS-272,2008,"Species sensitivity distribution for suspended clays, sediment burial, and grain size change in the marine environment","Smit, M.G.D., Holthaus, K.I.E., Trannum, H.C., Neff, J.M., Kjeilen-Eilertsen, G., Jak, R.G., Singsaas, I., Huijbregts, M.A.J., and Hendriks, A.J. 2008. Species sensitivity distribution for suspended clays, sediment burial, and grain size change in the marine environment. Environ. Toxicol. Chem. 27(4): 1006–1012.",NO,,PRESENT,CWC-5A5CA8AF64F4,"Species Sensitivity Distributions for Suspended Clays, Sediment Burial and Grain Size Change in the Marine Environment",0.938,fuzzy title/year,
CSAS-273,2006,"Threshold levels and risk functions for non-toxic sediment stressors: burial, grain size changes, and hypoxia – summary","Smit, M.G.D., Tamis, J.E., Jak, R.G., Karman, C.C., Kjeilen-Eilertsen, G., Trannum, H., and J. Neff. 2006. Threshold levels and risk functions for non-toxic sediment stressors: burial, grain size changes, and hypoxia – summary. ERMS Report no. 9. 49 p.",NO,,NOT FOUND,,,0.375,no match above 0.84 threshold within publication year +/- 1,
CSAS-274,2016,Sea ice forecast verification in the Canadian Global Ice Ocean Prediction System. Q. J,"Smith, G.C., Roy, F., Reszka, M., Surcel Colan, D., He, Z., Deacu, D., Belanger, J.-M., Skachko, S., Liu, Y., Dupont, F., Lemieux, J.-F., Beaudoin, C., Tranchant, B., Drévillon, M., Garric, G., Testut, C.-E., Lellouche, J.-M., Pellerin, P., Ritchie, H., Lu, Y., Davidson, F., Buehner, M., Caya, A., and Lajoie, M. 2016. Sea ice forecast verification in the Canadian Global Ice Ocean Prediction System. Q. J. Roy. Meteor. Soc. 142(695): 659–671.",NO,,PRESENT,CWC-034B5B194DB6,C,0.852,fuzzy title/year,
CSAS-275,1998,An assessment of the cod stock in NAFO Subdivision 3Ps,"Stansbury, D.E., Shelton, P.A., Brattey, J., Murphy, E.F., Lilly, G.R., Cadigan, N.G., and Morgan, M.J. 1998. An assessment of the cod stock in NAFO Subdivision 3Ps. DFO Can. Stock Assess. Sec. Res. Doc. 98/19.",NO,,NOT FOUND,,,0.364,no match above 0.84 threshold within publication year +/- 1,
CSAS-276,2018,Newfoundland Orphan Basin Exploration Drilling Program,"Stantec Consulting Ltd. 2018. Newfoundland Orphan Basin Exploration Drilling Program. Prepared for BP Canada Energy Group ULC. St. John’s, NL. 45 p.",NO,,NOT FOUND,,,0.182,no match above 0.84 threshold within publication year +/- 1,
CSAS-277,2017,Flemish Pass Exploration Drilling Program – Environmental Impact Statement,"Statoil Canada Ltd. 2017. Flemish Pass Exploration Drilling Program – Environmental Impact Statement. Prepared by Amec Foster Wheeler and Stantec Consulting. St. John’s, NL Canada. November 2017. 1474 p.",NO,,PRESENT,CWC-034B5B194DB6,C,0.852,fuzzy title/year,
CSAS-278,1990,California OCS Phase H Monitoring Program: Year-Three Annual Report,"Steinhauer, M., and Imamura, E. (eds). 1990. California OCS Phase H Monitoring Program: Year-Three Annual Report. Report prepared for the U.S. Department of the Interior. Minerals Management Service, Pacific OCS Region, Los Angeles, California. Contract No. 14-12- 0001-30262. Volume I (MMS 90-0055).",NO,,NOT FOUND,,,0.19,no match above 0.84 threshold within publication year +/- 1,
CSAS-279,2006,"Coral habitat in the Aleutian Islands of Alaska: depth distribution, finescale species association, and fisheries interactions","Stone, R.P. 2006. Coral habitat in the Aleutian Islands of Alaska: depth distribution, finescale species association, and fisheries interactions. Coral Reefs, 25: 229–238.",NO,,PRESENT,CWC-98197B0B22BF,"Coral habitat in the Aleutian Islands of Alaska: depth distribution, fine-scale species associations, and fisheries interactions",0.848,fuzzy title/year,
CSAS-280,2005,Effects of bottom trawling on softsediment epibenthic communities in the Gulf of Alaska,"Stone, R.P., Masuda, M.M., and Malecha, P.W. 2005. Effects of bottom trawling on softsediment epibenthic communities in the Gulf of Alaska. Am. Fish. Soc. Symp. 41. 461– 475.",NO,,NOT FOUND,,,0.48,no match above 0.84 threshold within publication year +/- 1,
CSAS-281,2007,State of the U.S,"Stone, R.P., and Shotwell, S.K. 2007. State of the U.S. Deep Coral Ecosystems in the Alaska Region: Gulf of Alaska, Bering Sea and the Aleutian Islands. In State of Deep Coral Ecosystems of the United States. NOAA Technical Memorandum CRCP-3. Silver Spring MD. 2007:65–108. 376 p.",NO,,NOT FOUND,,,0.5,no match above 0.84 threshold within publication year +/- 1,
CSAS-282,2019,A Systematic Review of Remotely Operated Vehicle Surveys for Visually Assessing Fish Assemblages,"Sward, D., Monk, J., and Barrett, N. 2019. A Systematic Review of Remotely Operated Vehicle Surveys for Visually Assessing Fish Assemblages. Front. Mar. Sci. 6:134.",NO,,NOT FOUND,,,0.414,no match above 0.84 threshold within publication year +/- 1,
CSAS-283,2007,Revision of the genus Asconema (Porifera: Hexactinellida: Rossellidae). J,"Tabachnick, K.R., and Menshenina, L.L. 2007. Revision of the genus Asconema (Porifera: Hexactinellida: Rossellidae). J. Mar. Biolog. Assoc. U.K. 87(6): 1403–1429.",NO,,NOT FOUND,,,0.4,no match above 0.84 threshold within publication year +/- 1,
CSAS-284,2015,Using Drill Cuttings Waste as Resource for Spud Mud,"Taghiyev, F., Hodne, H., and Saasen, A. 2015. Using Drill Cuttings Waste as Resource for Spud Mud. Society of Petroleum Engineers.",NO,,PRESENT,CWC-F0F0B32803A2,Using Drill Cuttings Waste as Resource for Spud Mud,1.0,normalized title contained in CSAS reference,
CSAS-285,2007,Placentia Bay-Grand Banks Large Ocean Management Area Ecologically and Biologically Significant Areas,"Templeman, N.D. 2007. Placentia Bay-Grand Banks Large Ocean Management Area Ecologically and Biologically Significant Areas. DFO Can. Sci. Advis. Sec. Res. Doc. 2007/052: iii + 15 p.",NO,,NOT FOUND,,,0.24,no match above 0.84 threshold within publication year +/- 1,
CSAS-286,2011,Environmental monitoring report: Morvin 2009–2010. Norway: Institute of Marine Research. 125 p,"Tenningen, E., Buhl-Mortensen, P., Klungsøyr, J., Meier, S., Purser, A., and Thomsen, L. 2011. Environmental monitoring report: Morvin 2009–2010. Norway: Institute of Marine Research. 125 p.",NO,,NOT FOUND,,,0.37,no match above 0.84 threshold within publication year +/- 1,
CSAS-287,1980,Effects of an offshore drilling fluid on selected corals,"Thompson, J.H., and Bright, T.J. 1980. Effects of an offshore drilling fluid on selected corals. In Proceedings of the Symposium on research on environmental fate and effects of drilling fluids and cuttings. Lake Buena Vista, Fla. 2: 1044–1078.",YES,"Organism: coral; exposure/impact: drilling, drill cuttings",PRESENT,CWC-9434EFF6C889,Effects of an Offshore Drilling Mud on Selected Corals: ABSTRACT,0.842,fuzzy title/year,
CSAS-288,2014,Ecosystem function and services provided by the deep sea,"Thurber, A.R., Sweetman, A.K., Narayananaswamy, B.E., Jones, D.O.B., Ingels, J., and Hansman, R.L. 2014. Ecosystem function and services provided by the deep sea. Biogeosciences, 11: 3941–3963.",NO,,PRESENT,CWC-D6365A9CB2FD,Ecosystem function and services provided by the deep sea,1.0,normalized title contained in CSAS reference,
CSAS-289,2013,Rapid respiratory responses of the deep-water sponge Geodia barretti exposed to suspended sediments,"Tjensvoll, I., Kutti, T., Fosså, J.H., and Bannister, R.J. 2013. Rapid respiratory responses of the deep-water sponge Geodia barretti exposed to suspended sediments. Aquat Biol. 19: 65– 73.",YES,"Organism: sponge, deep-water sponge; exposure/impact: sediment",PRESENT,CWC-66237F4DDA16,Rapid respiratory responses of the deep-water sponge Geodia barretti exposed to suspended sediments,1.0,normalized title contained in CSAS reference,
CSAS-290,2017,"Sponges from the 2010-2014 Paamiut Multispecies Trawl Surveys, Eastern Arctic and Subarctic: Class Demospongiae, Subclass Heteroscleromorpha, Order Poecilosclerida, Family Coelosphaeridae, Genera Forcepia and Lissodendoryx","Tompkins, G., Baker, E., Anstey, L., Walkusz, W., Siferd, T., and Kenchington, E. 2017. Sponges from the 2010-2014 Paamiut Multispecies Trawl Surveys, Eastern Arctic and Subarctic: Class Demospongiae, Subclass Heteroscleromorpha, Order Poecilosclerida, Family Coelosphaeridae, Genera Forcepia and Lissodendoryx. Can. Tech. Rep. Fish. Aquat. Sci. 3224: v + 129 p.",NO,,PRESENT,CWC-034B5B194DB6,C,0.851,fuzzy title/year,
CSAS-291,2008,Glass sponge arrest pumping in response to sediment: implications for the physiology of the hexactinellid conduction system,"Tompkins-MacDonald, G.J., and Leys, S.P. 2008. Glass sponge arrest pumping in response to sediment: implications for the physiology of the hexactinellid conduction system. Mar. Biol. 154: 973–984.",YES,Organism: sponge; exposure/impact: sediment,PRESENT,CWC-D47B9A6D53DA,Glass sponges arrest pumping in response to sediment: implications for the physiology of the hexactinellid conduction system,0.938,fuzzy title/year,
CSAS-292,2010,Effects of sedimentation from water-based drill cuttings and natural sediment on benthic macrofaunal community structure and ecosystem processes. J,"Trannum, H.C., Nilsson, H.C., Schaanning, M.T., and Øxnevad, S. 2010. Effects of sedimentation from water-based drill cuttings and natural sediment on benthic macrofaunal community structure and ecosystem processes. J. Exp. Mar. Biol. Ecol. 383: 111–121.",NO,,PRESENT,CWC-EABA7B7EE44B,Effects of sedimentation from water-based drill cuttings and natural sediment on benthic macrofaunal community structure and ecosystem processes,1.0,normalized title contained in CSAS reference,
CSAS-293,2006,Field trial as Sleipner Vest Alfa Nord: Effects of drilling activities on benthic communities,"Trannum, H.C., Pettersen, A., and Brakstad, F. 2006. Field trial as Sleipner Vest Alfa Nord: Effects of drilling activities on benthic communities. ERMS Report no. 16. 50 p.",NO,,NOT FOUND,,,0.357,no match above 0.84 threshold within publication year +/- 1,
CSAS-294,2018,The bottom boundary layer,"Trowbridge, J.H., and Lentz, S.J. 2018. The bottom boundary layer. Ann. Rev, Mar. Sci. 10: 397–420.",NO,,NOT FOUND,,,0.444,no match above 0.84 threshold within publication year +/- 1,
CSAS-295,2018,Potential impacts of offshore oil and gas activities on deep-sea sponges and the habitats they form,"Vad, J., Kazanidis, G., Henry, L., Jones, D.O.B., Tendal., O.S., Christiansen, S., Henry, T.B., and Roberts, J.M. 2018. Potential impacts of offshore oil and gas activities on deep-sea sponges and the habitats they form. Adv. Mar. Biol. 79: 33–60.",NO,,PRESENT,CWC-CACB1DD754AC,Potential Impacts of Offshore Oil and Gas Activities on Deep-Sea Sponges and the Habitats They Form,1.0,normalized title contained in CSAS reference,
CSAS-296,2017,Assessing the living and dead proportions of cold-water coral colonies: implications for deep-water Marine Protected Area monitoring in a changing ocean,"Vad, J., Orejas, C., Moreno-Navas, J., Findlay, H.S., and Roberts, J.M. 2017. Assessing the living and dead proportions of cold-water coral colonies: implications for deep-water Marine Protected Area monitoring in a changing ocean. PeerJ, 5:e3705.",NO,,PRESENT,CWC-034B5B194DB6,C,0.851,fuzzy title/year,
CSAS-297,2017,"Microbiomes of the Arctic carnivorous sponges Chondrocladia grandis and Cladorhiza oxeata suggest a specific, but differential involvement of bacterial associates","Verhoeven, J.T.P., and Dufour, S.C. 2017. Microbiomes of the Arctic carnivorous sponges Chondrocladia grandis and Cladorhiza oxeata suggest a specific, but differential involvement of bacterial associates. Arctic Science, 4: 186–204.",NO,,PRESENT,CWC-B2A989A49B30,"Microbiomes of the Arctic carnivorous sponges <i>Chondrocladia grandis</i> and <i>Cladorhiza oxeata</i> suggest a specific, but differential involvement of bacterial associates",0.974,fuzzy title/year,
CSAS-298,2016,Microbiome analysis shows enrichment for specific bacteria in separate anatomical regions of the deep-sea carnivourous sponge Chondrocladia grandis,"Verhoeven, J.T.P., Kavanagh, A.N., and Dufour, S.C. 2016. Microbiome analysis shows enrichment for specific bacteria in separate anatomical regions of the deep-sea carnivourous sponge Chondrocladia grandis. FEMS Microbiol. Ecol. 93(1): fiw214.",NO,,PRESENT,CWC-B37E56D33D5C,Microbiome analysis shows enrichment for specific bacteria in separate anatomical regions of the deep-sea carnivorous sponge<i>Chondrocladia grandis</i>,0.923,fuzzy title/year,
CSAS-299,1913,Report of the Canadian Arctic Expedition 1913-18,"Verrill, A.E. 1913. Report of the Canadian Arctic Expedition 1913-18. Volumn VIII: Mollusks, Echinoderms, Coelenterates, Tec. Part G: Alcyonaria and Actinaria. P.A. Acland. April 28, 1922.",NO,,NOT FOUND,,,0.308,no match above 0.84 threshold within publication year +/- 1,
CSAS-300,1885,The Sponges of the 'Willem Barents' Expedition 1880 and 1881,"Vosmaer, G.C.J. 1885. The Sponges of the 'Willem Barents' Expedition 1880 and 1881. Bijdragen tot de Dierkunde. 12 (3): 1–47, pls IV.",NO,,PRESENT,CWC-DC68F599AFCC,The Sponges of the „Willem Barents” Expedition 1880 and 1881,1.0,normalized title contained in CSAS reference,
CSAS-301,2019,Plug & abandonment of offshore wells: Ensuring long-term well integrity and cost-efficiency. J,"Vrålstad, T., Saasen, A., Fjær, E., Øia, T., Ytrehus, J.D. and Khalifeh, M. 2019. Plug & abandonment of offshore wells: Ensuring long-term well integrity and cost-efficiency. J. Petrol. Sci. Eng. 173: 478–491.",NO,,NOT FOUND,,,0.32,no match above 0.84 threshold within publication year +/- 1,
CSAS-302,2019,"Updates on the Distribution of Deep-sea Corals in the Northwest Atlantic: a fourteen-year perspective (2005-2019). 7th International Symposium Deep-Sea Corals, Cartagena, Columbia","Wareham Hayes, V.E., de Moura Neves, B., Walkusz, W., and Edinger, E. 2019. Updates on the Distribution of Deep-sea Corals in the Northwest Atlantic: a fourteen-year perspective (2005-2019). 7th International Symposium Deep-Sea Corals, Cartagena, Columbia. July 29– August 2, 2019.",NO,,NOT FOUND,,,0.45,no match above 0.84 threshold within publication year +/- 1,
CSAS-303,2017,"Egg deposition by Rossia palpebrosa (Cephalopoda: Rossiinae) in deep-sea sponges, in temperate Northwest Atlantic and fringes of polar Canadian Arctic","Wareham Hayes, V.E., Fuller, S., Shea, E., Tucker, K., and Baker, K. 2017. Egg deposition by Rossia palpebrosa (Cephalopoda: Rossiinae) in deep-sea sponges, in temperate Northwest Atlantic and fringes of polar Canadian Arctic. Poster, 10th World Sponge Conference, Galway, Ireland June 25–30, 2017.",NO,,PRESENT,CWC-034B5B194DB6,C,0.851,fuzzy title/year,
CSAS-304,2009,"Updates on deep-sea coral distributions in the Newfoundland Labrador and Arctic Regions, Northwest Atlantic pp. 4-22","Wareham, V.E. 2009. Updates on deep-sea coral distributions in the Newfoundland Labrador and Arctic Regions, Northwest Atlantic pp. 4-22. In The ecology of deep-sea corals of Newfoundland and Labrador waters: biogeography, life history, biogeochemistry, and relation to fishes. Edited by Gilkinson, K. and E. Edinger. Can. Tech. Rep. Fish. Aquat. Sci. 2830: 136 p.",NO,,NOT FOUND,,,0.562,no match above 0.84 threshold within publication year +/- 1,
CSAS-305,2007,"Distributions of deep-sea corals in the Newfoundland and Labrador region, Northwest Atlantic Ocean","Wareham, V.E., and Edinger, E.N. 2007. Distributions of deep-sea corals in the Newfoundland and Labrador region, Northwest Atlantic Ocean. In Conservation and adaptive management of seamount and deep-sea coral ecosystems. Edited by R. Y. George and S. D. Cairns. Rosenstiel School of Marine and Atmospheric Science, University of Miami. Miami, Florida. pp. 289–313.",NO,,PRESENT,CWC-B802085701B6,"Distribution of deep-sea corals in the Newfoundland and Labrador region , Northwest Atlantic Ocean",0.929,fuzzy title/year,
CSAS-306,2012,"Recent progress in our understanding of the distribution of black corals (Cnidaria: Anthozoa: Antipatharia) in the Northwest Atlantic. 5th International Symposium on Deep-Sea Corals, Amsterdam, Netherlands","Wareham, V.E., Molodtsova, T.N., Murillo, F.J., and Opresko, D.M. 2012. Recent progress in our understanding of the distribution of black corals (Cnidaria: Anthozoa: Antipatharia) in the Northwest Atlantic. 5th International Symposium on Deep-Sea Corals, Amsterdam, Netherlands. April 4, 2012.",NO,,NOT FOUND,,,0.368,no match above 0.84 threshold within publication year +/- 1,
CSAS-307,2006,"Sedimentation stress in a scleractinian coral exposed to terrestrial and marine sediments with contrasting physical, organic and geochemical properties. J","Weber, M., Lott, C., and Fabricius, K.E. 2006. Sedimentation stress in a scleractinian coral exposed to terrestrial and marine sediments with contrasting physical, organic and geochemical properties. J. Exp. Mar. Biol. Ecol. 336: 18–32.",YES,Organism: coral; exposure/impact: sediment,PRESENT,CWC-29A471B9BFF1,"Sedimentation stress in a scleractinian coral exposed to terrestrial and marine sediments with contrasting physical, organic and geochemical properties",1.0,normalized title contained in CSAS reference,
CSAS-308,2018,Bacterial communities in tissues and surficial mucus of the cold-water coral Paragorgia arborea,"Weiler, B.A., Verhoeven, J.T.P. and Dufour, S.C. 2018. Bacterial communities in tissues and surficial mucus of the cold-water coral Paragorgia arborea. Front. Mar. Sci. 5: 1–14.",NO,,PRESENT,CWC-D8E582410158,Bacterial Communities in Tissues and Surficial Mucus of the Cold-Water Coral Paragorgia arborea,1.0,normalized title contained in CSAS reference,
CSAS-309,2017,Identification and Descriptions of Ecologically and Biologically Significant Areas in the Newfoundland and Labrador Shelves Bioregion,"Wells, N.J., Stenson, G.B., Pepin, P., and Koen-Alonso, M. 2017. Identification and Descriptions of Ecologically and Biologically Significant Areas in the Newfoundland and Labrador Shelves Bioregion. DFO Can. Sci. Advis. Sec. Res. Doc. 2017/013. v + 87 p.",NO,,PRESENT,CWC-034B5B194DB6,C,0.851,fuzzy title/year,
CSAS-310,2007,Morphology and environment of cold-water coral carbonate mounds on the NW European margin,"Wheeler, A.J., Beyer, A., Freiwald, A., de Haas, H., Huvenne, V.A.I., Kozachenko, M., Olu-Le Roy, K., and Opderbecke, J. 2007. Morphology and environment of cold-water coral carbonate mounds on the NW European margin. Int. J. Earth Sci. 96(1): 37–56.",NO,,PRESENT,CWC-BBF70610AC9A,Morphology and environment of cold-water coral carbonate mounds on the NW European margin,1.0,normalized title contained in CSAS reference,
CSAS-311,2012,Impact of the Deepwater Horizon oil spill on a deep-water coral community in the Gulf of Mexico,"White, H.K., Hsing, P.Y., Cho, W., Shank, T.M., Cordes, E.E., Quattrini, A.M., Nelson, R.K., Camilli, R., Demopoulos, A.W., German C.R., Brooks J.M., Roberts H.H., Shedd W., Reddy C.M., and Fisher C.R. 2012. Impact of the Deepwater Horizon oil spill on a deep-water coral community in the Gulf of Mexico. PNAS. 109(50): 20303–20308.",YES,Organism: coral; exposure/impact: oil spill,PRESENT,CWC-6504F386F1B3,Impact of the <i>Deepwater Horizon</i> oil spill on a deep-water coral community in the Gulf of Mexico,0.97,fuzzy title/year,
CSAS-312,2019,Underwater Vehicles - SeaBed,WHOI. 2019. Underwater Vehicles - SeaBed. Accessed 20 October 2019.,NO,,NOT FOUND,,,0.308,no match above 0.84 threshold within publication year +/- 1,
CSAS-313,2011,A characterization and sensitivity analysis of the benthic biotopes around Scottish salmon farms with a focus on the sea pen Pennatula phosphorea L,"Wilding, T.A. 2011. A characterization and sensitivity analysis of the benthic biotopes around Scottish salmon farms with a focus on the sea pen Pennatula phosphorea L. Aquac. Res. 42: 35–40.",NO,,PRESENT,CWC-B37F719DFED6,북동태평양 해저퇴적물의 Be 연대측정,0.852,fuzzy title/year,
CSAS-314,2015,Towed camera imagery and benthic sled catches provide different views of seamount benthic diversity,"Williams, A., Althaus, F., and Schlacher, T.A. 2015. Towed camera imagery and benthic sled catches provide different views of seamount benthic diversity. Limnol. Oceanogr. 13: 62–73.",NO,,PRESENT,CWC-034B5B194DB6,C,0.852,fuzzy title/year,
CSAS-315,2010,Seamount megabenthic assemblages fail to recover from trawling impacts,"Williams, A., Schlacher, T.A., Rowden, A.A., Althaus, F., Clark, M.R., Bowden, D.A., Stewart, R., Bax, N.J., Consalvey, M., and Kloser, R.J. 2010. Seamount megabenthic assemblages fail to recover from trawling impacts. Mar. Ecol. 31: 183–199.",NO,,PRESENT,CWC-D6C35515AA95,Seamount megabenthic assemblages fail to recover from trawling impacts,1.0,normalized title contained in CSAS reference,
CSAS-316,1995,Living genera of sea pens (Coelenterata: Octocorallia: Pennatulacea): illustrated key and synopses,"Williams, G.C. 1995. Living genera of sea pens (Coelenterata: Octocorallia: Pennatulacea): illustrated key and synopses. Zoo. J. Linne. Soci. 113: 93–140.",NO,,NOT FOUND,,,0.455,no match above 0.84 threshold within publication year +/- 1,
CSAS-317,2008,Collaboration among sponge species increases sponge diversity and abundance in a seagrass meadow,"Wulff, J.L. 2008. Collaboration among sponge species increases sponge diversity and abundance in a seagrass meadow. Mar. Ecol. 29(2):193–204.",NO,,PRESENT,CWC-B121319647CD,Collaboration among sponge species increases sponge diversity and abundance in a seagrass meadow,1.0,normalized title contained in CSAS reference,
CSAS-318,2014,"Autonomous Underwater Vehicles (AUVs): Their past, present and future contributions to the advancement of marine geoscience","Wynn, R.B., Huvenne, V.A.I., Le Bas, T.P., Murton, B.J., Connelly, D.P., Bett, B.J., Ruhl, HA., Morris, K.J., Peakall, J., Parsons, D.R., Sumner, E.J., Darby, S.E., Dorrell, R.M., and Hunt, J.E. 2014. Autonomous Underwater Vehicles (AUVs): Their past, present and future contributions to the advancement of marine geoscience. Marine Geology, 352: 451–468.",NO,,NOT FOUND,,,0.48,no match above 0.84 threshold within publication year +/- 1,
CSAS-319,2005,Dynamic positioning system of semisubmersible platform using fuzzy control. J,"Yamamoto, M., and Morooka, C.K. 2005. Dynamic positioning system of semisubmersible platform using fuzzy control. J. Braz. Soci. Mech. Sci. Engi. 27(4): 449–455.",NO,,NOT FOUND,,,0.25,no match above 0.84 threshold within publication year +/- 1,
CSAS-320,2016,A characterization of deep-sea coral and sponge communities in areas of high bycatch in bottom trawls off Northern California,"Yoklavich, M., Clarke, M.E., Laidig, T., Fruh, E., Krigsman, L. Anderson, J., Taylor, J., and Romsos, C. 2016. A characterization of deep-sea coral and sponge communities in areas of high bycatch in bottom trawls off Northern California. NOAA Technical Memorandum NMFS.",NO,,PRESENT,CWC-034B5B194DB6,C,0.851,fuzzy title/year,
CSAS-321,2015,A Comparative Assessment of Underwater Visual Survey Tools: Results of a Workshop and User Questionnaire,"Yoklavich, M., Reynolds, J. and Rosen, D. 2015. A Comparative Assessment of Underwater Visual Survey Tools: Results of a Workshop and User Questionnaire. NOAA Technical Memorandum NMFS.",NO,,PRESENT,CWC-034B5B194DB6,C,0.851,fuzzy title/year,
CSAS-322,2016,Effect of the Spudcan’s Footprints on Nearby Jackets Mudmat in Clayey Soil – Case Study,"Zahra, O., and Rouhollah, A. 2016. Effect of the Spudcan’s Footprints on Nearby Jackets Mudmat in Clayey Soil – Case Study. Inter. J. Mari. Tech. 6: 41–50.",NO,,PRESENT,CWC-034B5B194DB6,C,0.852,fuzzy title/year,
CSAS-323,2017,A New Method for Acquisition of High- Resolution Seabed Topography by Matching Seabed Classification Images,"Zhao, J., Meng, J., Zhang, H., and Yan, J. 2017. A New Method for Acquisition of High- Resolution Seabed Topography by Matching Seabed Classification Images. Rem. Sens. 9(12): 1214.",NO,,PRESENT,CWC-034B5B194DB6,C,0.851,fuzzy title/year,
CSAS-324,1992,"Revision of the northeast Atlantic and Mediterranean Stylasteridae (Cnidaria: Hydrozoa). Mémoires du Museum national d'Histoire naturelle, Paris, série A, Zoolologie. 153: 1–136","Zibrowius, H., and Cairns, S.D. 1992. Revision of the northeast Atlantic and Mediterranean Stylasteridae (Cnidaria: Hydrozoa). Mémoires du Museum national d'Histoire naturelle, Paris, série A, Zoolologie. 153: 1–136.",NO,,NOT FOUND,,,0.279,no match above 0.84 threshold within publication year +/- 1,
