query_id,family,search_phase,target_id,target_name,system,date_searched,retrieved_at_utc,query,include_domains,result_rank,title,url,domain,score,published_date,content,response_time_seconds,credits_used
GL_BROAD_SED_SUSPENDED_01,SED_SUSPENDED,broad_web,BROAD_WEB,Unrestricted public web,Tavily Search API,2026-08-13,2026-08-13T23:00:33+00:00,"(coral OR corals OR octocoral OR gorgonian OR ""sea pen"" OR scleractinian OR antipatharian OR ""black coral"" OR sponge OR sponges OR Porifera OR demosponge OR hexactinellid OR ""glass sponge"" OR ""deep-sea sponge"" OR ""cold-water sponge"") (""suspended sediment"" OR ""suspended solids"" OR turbidity OR resuspension OR ""sediment plume"") (report OR ""technical report"" OR ""monitoring report"" OR assessment OR ""environmental impact statement"" OR EIS OR thesis OR dissertation OR proceedings OR ""regulatory submission"" OR ""operator report"") filetype:pdf",,1,"Frontiers | The Hexactinellid Deep-Water Sponge Vazella pourtalesii (Schmidt, 1870) (Rossellidae) Copes With Temporarily Elevated Concentrations of Suspended Natural Sediment",https://www.frontiersin.org/journals/marine-science/articles/10.3389/fmars.2021.611539/full,frontiersin.org,0.5709301,,"Title: Frontiers | The Hexactinellid Deep-Water Sponge Vazella pourtalesii (Schmidt, 1870) (Rossellidae) Copes With Temporarily Elevated Concentrations of Suspended Natural Sediment Overview of the assessed physiological parameters in *Vazella pourtalesii* under elevated concentrations of suspended particles (Sediment, *n* = 5) and the literature control group (*n* = 7) (Bart et al., 2020). # The Hexactinellid Deep-Water Sponge *Vazella pourtalesii* (Schmidt, 1870) (Rossellidae) Copes With Temporarily Elevated Concentrations of Suspended Natural Sediment. For the first time, we examined the ph",0.0,1
GL_BROAD_SED_SUSPENDED_01,SED_SUSPENDED,broad_web,BROAD_WEB,Unrestricted public web,Tavily Search API,2026-08-13,2026-08-13T23:00:33+00:00,"(coral OR corals OR octocoral OR gorgonian OR ""sea pen"" OR scleractinian OR antipatharian OR ""black coral"" OR sponge OR sponges OR Porifera OR demosponge OR hexactinellid OR ""glass sponge"" OR ""deep-sea sponge"" OR ""cold-water sponge"") (""suspended sediment"" OR ""suspended solids"" OR turbidity OR resuspension OR ""sediment plume"") (report OR ""technical report"" OR ""monitoring report"" OR assessment OR ""environmental impact statement"" OR EIS OR thesis OR dissertation OR proceedings OR ""regulatory submission"" OR ""operator report"") filetype:pdf",,2,Deep-sea coral research and technology program: Alaska deep-sea coral and sponge initiative final report,https://pubs.usgs.gov/publication/70190750,pubs.usgs.gov,0.528753,,"Part or all of this report is presented in Portable Document Format (PDF). For best results viewing and printing PDF documents, it is recommended that you download the documents to your computer and open them with Adobe Reader. PDF documents opened from your browser may not display or print as intended. Download the latest version of Adobe Reader, free of charge. More information about viewing, downloading, and printing report files can be found at the common download problems FAQ. [...] Additional publication details [...] ### Deep-sea coral research and technology program: Alaska deep-sea co",0.0,1
GL_BROAD_SED_SUSPENDED_01,SED_SUSPENDED,broad_web,BROAD_WEB,Unrestricted public web,Tavily Search API,2026-08-13,2026-08-13T23:00:33+00:00,"(coral OR corals OR octocoral OR gorgonian OR ""sea pen"" OR scleractinian OR antipatharian OR ""black coral"" OR sponge OR sponges OR Porifera OR demosponge OR hexactinellid OR ""glass sponge"" OR ""deep-sea sponge"" OR ""cold-water sponge"") (""suspended sediment"" OR ""suspended solids"" OR turbidity OR resuspension OR ""sediment plume"") (report OR ""technical report"" OR ""monitoring report"" OR assessment OR ""environmental impact statement"" OR EIS OR thesis OR dissertation OR proceedings OR ""regulatory submission"" OR ""operator report"") filetype:pdf",,3,"[PDF] Effects of Sediment on Glass Sponges (Porifera, Hexactinellida) and ...",https://leyslab.weebly.com/uploads/5/4/9/4/54947267/effects_of_sediment_on_glass_sponges__porifera_hexactinellida__and_projected_effects_on_glass_sponge_reefs.pdf,leyslab.weebly.com,0.52378637,,"sponge body due to clogging, the sponge would not meet its energetic requirements. 4. SEDIMENT AND GLASS SPONGES 4.1. SEDIMENT AT GLASS SPONGE HABITATS Glass sponge habitats range from clear to turbid (turbidity is a measure of suspended solids in the water). Antarctic water and deep sea habitats are nutrient poor and ‘clear’ but experience periodic fallout from phytoplankton blooms. Disturbance by fish or currents, or by slumps (e.g. Porcupine Sea Bight – Pheronema) can resuspend sediment and [...] decreases in oxygen consumption, and reduced reproductive ability and body weight. Death occurs",0.0,1
GL_BROAD_SED_SUSPENDED_01,SED_SUSPENDED,broad_web,BROAD_WEB,Unrestricted public web,Tavily Search API,2026-08-13,2026-08-13T23:00:33+00:00,"(coral OR corals OR octocoral OR gorgonian OR ""sea pen"" OR scleractinian OR antipatharian OR ""black coral"" OR sponge OR sponges OR Porifera OR demosponge OR hexactinellid OR ""glass sponge"" OR ""deep-sea sponge"" OR ""cold-water sponge"") (""suspended sediment"" OR ""suspended solids"" OR turbidity OR resuspension OR ""sediment plume"") (report OR ""technical report"" OR ""monitoring report"" OR assessment OR ""environmental impact statement"" OR EIS OR thesis OR dissertation OR proceedings OR ""regulatory submission"" OR ""operator report"") filetype:pdf",,4,Frontiers | Mine Waste and Acute Warming Induce Energetic Stress in the Deep-Sea Sponge Geodia atlantica and Coral Primnoa resedeaformis; Results From a Mesocosm Study,https://www.frontiersin.org/journals/marine-science/articles/10.3389/fmars.2018.00129,frontiersin.org,0.49875546,,"Title: Frontiers | Mine Waste and Acute Warming Induce Energetic Stress in the Deep-Sea Sponge Geodia atlantica and Coral Primnoa resedeaformis; Results From a Mesocosm Study Here, we exposed two deep-sea foundation species; the gorgonian coral *Primnoa resedaeformis* and the demosponge *Geodia atlantica* to suspended sediment (10 mg L−1) and acute warming (+5°C) in a factorial mesocosm experiment for 40 days. resedaeformis*, suspended sediments reduced O:N ratios after 40 days, however, warming had a greater effect on *P. Furthermore, exposure to elevated sediments will induce cellular damage",0.0,1
GL_BROAD_SED_SUSPENDED_01,SED_SUSPENDED,broad_web,BROAD_WEB,Unrestricted public web,Tavily Search API,2026-08-13,2026-08-13T23:00:33+00:00,"(coral OR corals OR octocoral OR gorgonian OR ""sea pen"" OR scleractinian OR antipatharian OR ""black coral"" OR sponge OR sponges OR Porifera OR demosponge OR hexactinellid OR ""glass sponge"" OR ""deep-sea sponge"" OR ""cold-water sponge"") (""suspended sediment"" OR ""suspended solids"" OR turbidity OR resuspension OR ""sediment plume"") (report OR ""technical report"" OR ""monitoring report"" OR assessment OR ""environmental impact statement"" OR EIS OR thesis OR dissertation OR proceedings OR ""regulatory submission"" OR ""operator report"") filetype:pdf",,5,Frontiers | Mine Waste and Acute Warming Induce Energetic Stress in the Deep-Sea Sponge Geodia atlantica and Coral Primnoa resedeaformis; Results From a Mesocosm Study,https://www.frontiersin.org/journals/marine-science/articles/10.3389/fmars.2018.00129/full,frontiersin.org,0.49875546,,"Title: Frontiers | Mine Waste and Acute Warming Induce Energetic Stress in the Deep-Sea Sponge Geodia atlantica and Coral Primnoa resedeaformis; Results From a Mesocosm Study Here, we exposed two deep-sea foundation species; the gorgonian coral *Primnoa resedaeformis* and the demosponge *Geodia atlantica* to suspended sediment (10 mg L−1) and acute warming (+5°C) in a factorial mesocosm experiment for 40 days. resedaeformis*, suspended sediments reduced O:N ratios after 40 days, however, warming had a greater effect on *P. Furthermore, exposure to elevated sediments will induce cellular damage",0.0,1
GL_BROAD_SED_SUSPENDED_01,SED_SUSPENDED,broad_web,BROAD_WEB,Unrestricted public web,Tavily Search API,2026-08-13,2026-08-13T23:00:33+00:00,"(coral OR corals OR octocoral OR gorgonian OR ""sea pen"" OR scleractinian OR antipatharian OR ""black coral"" OR sponge OR sponges OR Porifera OR demosponge OR hexactinellid OR ""glass sponge"" OR ""deep-sea sponge"" OR ""cold-water sponge"") (""suspended sediment"" OR ""suspended solids"" OR turbidity OR resuspension OR ""sediment plume"") (report OR ""technical report"" OR ""monitoring report"" OR assessment OR ""environmental impact statement"" OR EIS OR thesis OR dissertation OR proceedings OR ""regulatory submission"" OR ""operator report"") filetype:pdf",,6,BG - Relations - Characterizing regional oceanography and bottom environmental conditions at two contrasting sponge grounds on the northern Labrador Shelf,https://bg.copernicus.org/articles/21/5407/2024/bg-21-5407-2024-relations.html,bg.copernicus.org,0.49260366,,"Title: BG - Relations - Characterizing regional oceanography and bottom environmental conditions at two contrasting sponge grounds on the northern Labrador Shelf Resemblance of the global depth distribution of internal-tide generation and cold-water coral occurrences. J.**: Deep-sea sponge derived environmental DNA analysis reveals demersal fish biodiversity of a remote Arctic ecosystem, Environmental DNA, 5, 1405–1417, https://doi.org/10.1002/edn3.451, 2023. J., and Raes, M.**: Biological structures as a source of habitat heterogeneity and biodiversity on the deep ocean margins, Mar, Ecol,, 3",0.0,1
GL_BROAD_SED_SUSPENDED_01,SED_SUSPENDED,broad_web,BROAD_WEB,Unrestricted public web,Tavily Search API,2026-08-13,2026-08-13T23:00:33+00:00,"(coral OR corals OR octocoral OR gorgonian OR ""sea pen"" OR scleractinian OR antipatharian OR ""black coral"" OR sponge OR sponges OR Porifera OR demosponge OR hexactinellid OR ""glass sponge"" OR ""deep-sea sponge"" OR ""cold-water sponge"") (""suspended sediment"" OR ""suspended solids"" OR turbidity OR resuspension OR ""sediment plume"") (report OR ""technical report"" OR ""monitoring report"" OR assessment OR ""environmental impact statement"" OR EIS OR thesis OR dissertation OR proceedings OR ""regulatory submission"" OR ""operator report"") filetype:pdf",,7,Protecting British Columbia's Corals and Sponges,https://www.livingoceans.org/sites/default/files/Protecting_BCs_Corals_and_Sponges.pdf,livingoceans.org,0.45202848,,"For example, Lophelia pertusa, a hard coral from the Scleractinia Order and a known reef-builder, was discovered off the coast of Washington State in June 2004. Prior to this discovery, this coral was normally associated with the north Atlantic Ocean, and was not known to exist in north Pacific waters, indicating that deep sea exploration in this region is still in its infancy.4 Cold water sponges are amongst the simplest animals on earth, lacking internal organs and unable to move. They are [...] These “gorgonians” include three Families: Paragorgia (Paragorgiidae), Primnoa (Primnoidae), and",0.0,1
GL_BROAD_SED_SUSPENDED_01,SED_SUSPENDED,broad_web,BROAD_WEB,Unrestricted public web,Tavily Search API,2026-08-13,2026-08-13T23:00:33+00:00,"(coral OR corals OR octocoral OR gorgonian OR ""sea pen"" OR scleractinian OR antipatharian OR ""black coral"" OR sponge OR sponges OR Porifera OR demosponge OR hexactinellid OR ""glass sponge"" OR ""deep-sea sponge"" OR ""cold-water sponge"") (""suspended sediment"" OR ""suspended solids"" OR turbidity OR resuspension OR ""sediment plume"") (report OR ""technical report"" OR ""monitoring report"" OR assessment OR ""environmental impact statement"" OR EIS OR thesis OR dissertation OR proceedings OR ""regulatory submission"" OR ""operator report"") filetype:pdf",,8,Deep-sea Sponge Ecosystems: Knowledge-based Approach Towards Sustainable Management and Conservation | Frontiers Research Topic,https://www.frontiersin.org/research-topics/12822/deep-sea-sponge-ecosystems-knowledge-based-approach-towards-sustainable-management-and-conservation/magazine,frontiersin.org,0.44116792,,"Title: Deep-sea Sponge Ecosystems: Knowledge-based Approach Towards Sustainable Management and Conservation | Frontiers Research Topic # Deep-sea Sponge Ecosystems: Knowledge-based Approach Towards Sustainable Management and Conservation. Cover image for research topic. Editorial: Deep-sea sponge ecosystems: Knowledge-based approach towards sustainable management and conservation. Interdisciplinary Center for Marine and Environmental Research, University of Porto. Harbor Branch Oceanographic Institute, Charles E. Schmidt College of Science, Florida Atlantic University. Bedford Institute of Oce",0.0,1
GL_BROAD_SED_SUSPENDED_01,SED_SUSPENDED,broad_web,BROAD_WEB,Unrestricted public web,Tavily Search API,2026-08-13,2026-08-13T23:00:33+00:00,"(coral OR corals OR octocoral OR gorgonian OR ""sea pen"" OR scleractinian OR antipatharian OR ""black coral"" OR sponge OR sponges OR Porifera OR demosponge OR hexactinellid OR ""glass sponge"" OR ""deep-sea sponge"" OR ""cold-water sponge"") (""suspended sediment"" OR ""suspended solids"" OR turbidity OR resuspension OR ""sediment plume"") (report OR ""technical report"" OR ""monitoring report"" OR assessment OR ""environmental impact statement"" OR EIS OR thesis OR dissertation OR proceedings OR ""regulatory submission"" OR ""operator report"") filetype:pdf",,9,Mediterranean Coral Provinces as a Sponge Diversity Reservoir: Is There a Mediterranean Cold-Water Coral Sponge Fauna?,https://www.academia.edu/161256480/Mediterranean_Coral_Provinces_as_a_Sponge_Diversity_Reservoir_Is_There_a_Mediterranean_Cold_Water_Coral_Sponge_Fauna,academia.edu,0.41948205,,"Title: Mediterranean Coral Provinces as a Sponge Diversity Reservoir: Is There a Mediterranean Cold-Water Coral Sponge Fauna? (PDF) Mediterranean Coral Provinces as a Sponge Diversity Reservoir: Is There a Mediterranean Cold-Water Coral Sponge Fauna? Image 6: First page of “Mediterranean Coral Provinces as a Sponge Diversity Reservoir: Is There a Mediterranean Cold-Water Coral Sponge Fauna?”Image 7: PDF Icon. Cold-water coral reefs (CWC) are known to be biodiversity hotspots, however, the sponge assemblages found to dwell within these habitats haven not been studied in depth to date in the Med",0.0,1
GL_BROAD_SED_SUSPENDED_01,SED_SUSPENDED,broad_web,BROAD_WEB,Unrestricted public web,Tavily Search API,2026-08-13,2026-08-13T23:00:33+00:00,"(coral OR corals OR octocoral OR gorgonian OR ""sea pen"" OR scleractinian OR antipatharian OR ""black coral"" OR sponge OR sponges OR Porifera OR demosponge OR hexactinellid OR ""glass sponge"" OR ""deep-sea sponge"" OR ""cold-water sponge"") (""suspended sediment"" OR ""suspended solids"" OR turbidity OR resuspension OR ""sediment plume"") (report OR ""technical report"" OR ""monitoring report"" OR assessment OR ""environmental impact statement"" OR EIS OR thesis OR dissertation OR proceedings OR ""regulatory submission"" OR ""operator report"") filetype:pdf",,10,Effects of sediment resuspension on the larval stage of the model sponge Carteriospongia foliascens - ScienceDirect,https://www.sciencedirect.com/science/article/abs/pii/S0048969719337842,sciencedirect.com,0.40627348,,"# Effects of sediment resuspension on the larval stage of the model sponge *Carteriospongia foliascens*. The increase in sediment in the marine environment is a growing concern for the health of ecosystems, but scarce information exists on the effects of sediment on sponge larvae. Sponges are key components of marine benthic communities, from tropical coral reefs, to temperate and polar seabeds, and can form impressive aggregations and dominate communities in abundance and biomass (Heyward et al., 2010; Dayton et al., 2016; Maldonado et al., 2017). The increase in sediment in the marine enviro",0.0,1
GL_BROAD_SED_SUSPENDED_01,SED_SUSPENDED,broad_web,BROAD_WEB,Unrestricted public web,Tavily Search API,2026-08-13,2026-08-13T23:00:33+00:00,"(coral OR corals OR octocoral OR gorgonian OR ""sea pen"" OR scleractinian OR antipatharian OR ""black coral"" OR sponge OR sponges OR Porifera OR demosponge OR hexactinellid OR ""glass sponge"" OR ""deep-sea sponge"" OR ""cold-water sponge"") (""suspended sediment"" OR ""suspended solids"" OR turbidity OR resuspension OR ""sediment plume"") (report OR ""technical report"" OR ""monitoring report"" OR assessment OR ""environmental impact statement"" OR EIS OR thesis OR dissertation OR proceedings OR ""regulatory submission"" OR ""operator report"") filetype:pdf",,11,"1,074 Sea Sponge High Res Illustrations - Getty Images",https://www.gettyimages.com/illustrations/sea-sponge,gettyimages.com,0.3849127,,"Antique illustration of Sea animals Representatives of the Phyla Porifera, Coelenterata and Mollusca Engraving Antique Illustration, Published 1851 Representatives of the Phyla Porifera, Coelenterata and Mollusca Engraving Antique Illustration, Published 1851 Cross section illustration of internal anatomy of Sponge Marine aquarium, Zoological Station Naples, Italy, chromolitograph, published in 1897 Black and White Sea life engraving Deep sea fauna, lithograph, published in 1897 Oculina Virginea, Representatives of the Phyla Porifera, Coelenterata and Mollusca Engraving Antique Illustration, P",0.0,1
GL_BROAD_SED_SUSPENDED_01,SED_SUSPENDED,broad_web,BROAD_WEB,Unrestricted public web,Tavily Search API,2026-08-13,2026-08-13T23:00:33+00:00,"(coral OR corals OR octocoral OR gorgonian OR ""sea pen"" OR scleractinian OR antipatharian OR ""black coral"" OR sponge OR sponges OR Porifera OR demosponge OR hexactinellid OR ""glass sponge"" OR ""deep-sea sponge"" OR ""cold-water sponge"") (""suspended sediment"" OR ""suspended solids"" OR turbidity OR resuspension OR ""sediment plume"") (report OR ""technical report"" OR ""monitoring report"" OR assessment OR ""environmental impact statement"" OR EIS OR thesis OR dissertation OR proceedings OR ""regulatory submission"" OR ""operator report"") filetype:pdf",,12,New Report Documents Amazing U.S. Deep-Sea Coral and Sponge Ecosystems | NOAA Fisheries,https://www.fisheries.noaa.gov/feature-story/new-report-documents-amazing-us-deep-sea-coral-and-sponge-ecosystems,fisheries.noaa.gov,0.3706587,,"Six additional articles focus on cross-cutting topics including species discovery, interactions between fishing gear and corals/sponges, management of black coral harvests, improvements in habitat modeling, advances in coral ageing and growth rate research, and current knowledge of coral genetics and reproduction. Research presented in this report consolidates our understanding of how deep-sea corals and sponges contribute to resilient ecosystems and sustainable fisheries. [...] NOAA’s new report, State of Deep-Sea Coral and Sponge Ecosystems of the United States (PDF, 467 pages), explains adv",0.0,1
GL_BROAD_SED_SUSPENDED_01,SED_SUSPENDED,broad_web,BROAD_WEB,Unrestricted public web,Tavily Search API,2026-08-13,2026-08-13T23:00:33+00:00,"(coral OR corals OR octocoral OR gorgonian OR ""sea pen"" OR scleractinian OR antipatharian OR ""black coral"" OR sponge OR sponges OR Porifera OR demosponge OR hexactinellid OR ""glass sponge"" OR ""deep-sea sponge"" OR ""cold-water sponge"") (""suspended sediment"" OR ""suspended solids"" OR turbidity OR resuspension OR ""sediment plume"") (report OR ""technical report"" OR ""monitoring report"" OR assessment OR ""environmental impact statement"" OR EIS OR thesis OR dissertation OR proceedings OR ""regulatory submission"" OR ""operator report"") filetype:pdf",,13,Delineation of Coral and Sponge Significant Benthic Areas in ...,https://waves-vagues.dfo-mpo.gc.ca/Library/40577806.pdf,waves-vagues.dfo-mpo.gc.ca,0.32691628,,Gorgonian Corals ....................................................................................................54 Small Gorgonian Corals ....................................................................................................60 HUDSON STRAIT .................................................................................................................65 Sponges (Porifera) [...] of small gorgonian corals identified by KDE are shown in yellow outline. 65 HUDSON STRAIT In this biogeographic zone there were too few records to apply KDE to the large or small gorgonian corals and,0.0,1
GL_BROAD_SED_SUSPENDED_01,SED_SUSPENDED,broad_web,BROAD_WEB,Unrestricted public web,Tavily Search API,2026-08-13,2026-08-13T23:00:33+00:00,"(coral OR corals OR octocoral OR gorgonian OR ""sea pen"" OR scleractinian OR antipatharian OR ""black coral"" OR sponge OR sponges OR Porifera OR demosponge OR hexactinellid OR ""glass sponge"" OR ""deep-sea sponge"" OR ""cold-water sponge"") (""suspended sediment"" OR ""suspended solids"" OR turbidity OR resuspension OR ""sediment plume"") (report OR ""technical report"" OR ""monitoring report"" OR assessment OR ""environmental impact statement"" OR EIS OR thesis OR dissertation OR proceedings OR ""regulatory submission"" OR ""operator report"") filetype:pdf",,14,"13,800+ Sponge Coral Stock Photos, Pictures & Royalty-Free Images - iStock",https://www.istockphoto.com/photos/sponge-coral,istockphoto.com,0.3159264,,"North east side of Nusa Laut, Indonesia, 3°38'52.8396 S 128°49'0.7902 E at 20m depth Colorful red finger sponge and brown tube sponges on Belize reef Set of corals and algaes. Set of isolated colorful corals and algaes on a white background. South West side of Pura Island, Pantar Strait, Alor, Indonesia, 8°19'8"" S 124°20"" E at 8m depth Image for your design projects Set of corals on a white background Set of different kinds of tropical coral reefs. Vector illustration on a white background Set of marine hand drawn corals. Set of marine hand drawn corals, Black and white, vector illustration Oc",0.0,1
GL_BROAD_SED_SUSPENDED_01,SED_SUSPENDED,broad_web,BROAD_WEB,Unrestricted public web,Tavily Search API,2026-08-13,2026-08-13T23:00:33+00:00,"(coral OR corals OR octocoral OR gorgonian OR ""sea pen"" OR scleractinian OR antipatharian OR ""black coral"" OR sponge OR sponges OR Porifera OR demosponge OR hexactinellid OR ""glass sponge"" OR ""deep-sea sponge"" OR ""cold-water sponge"") (""suspended sediment"" OR ""suspended solids"" OR turbidity OR resuspension OR ""sediment plume"") (report OR ""technical report"" OR ""monitoring report"" OR assessment OR ""environmental impact statement"" OR EIS OR thesis OR dissertation OR proceedings OR ""regulatory submission"" OR ""operator report"") filetype:pdf",,15,Deep-sea coral research and technology program: Alaska deep-sea coral and sponge initiative final report | U.S. Geological Survey,https://www.usgs.gov/publications/deep-sea-coral-research-and-technology-program-alaska-deep-sea-coral-and-sponge,usgs.gov,0.3124544,,| Series Number | NMFS-OHC-2 | | Index ID | 70190750 | | Record Source | USGS Publications Warehouse | | USGS Organization | Leetown Science Center | [...] ## Citation Information [...] Wetland and Aquatic Research Center Email ademopoulos@usgs.gov Phone 352-264-3490 Was this page helpful?,0.0,1
GL_BROAD_SED_SUSPENDED_01,SED_SUSPENDED,broad_web,BROAD_WEB,Unrestricted public web,Tavily Search API,2026-08-13,2026-08-13T23:00:33+00:00,"(coral OR corals OR octocoral OR gorgonian OR ""sea pen"" OR scleractinian OR antipatharian OR ""black coral"" OR sponge OR sponges OR Porifera OR demosponge OR hexactinellid OR ""glass sponge"" OR ""deep-sea sponge"" OR ""cold-water sponge"") (""suspended sediment"" OR ""suspended solids"" OR turbidity OR resuspension OR ""sediment plume"") (report OR ""technical report"" OR ""monitoring report"" OR assessment OR ""environmental impact statement"" OR EIS OR thesis OR dissertation OR proceedings OR ""regulatory submission"" OR ""operator report"") filetype:pdf",,16,Pacific Islands Deep-Sea Coral and Sponge Initiative Final Report | NOAA Fisheries,https://www.fisheries.noaa.gov/resource/document/pacific-islands-deep-sea-coral-and-sponge-initiative-final-report,fisheries.noaa.gov,0.29404312,,"Between 2015–2017 they provided a first look at deep-sea coral and sponge ecosystems in the marine monuments throughout the region, and in other areas of interest such as hydrothermal vents and seeps, isolated seamounts, and mid-water biological and chemical characterization. This report only covers the deep-sea coral and sponge research. [...] Internet Explorer lacks support for the features of this website. For the best experience, please use a modern browser such as Chrome, Firefox, or Edge. U.S. flag A .gov website belongs to an official government organization in the United States. A",0.0,1
GL_BROAD_SED_SUSPENDED_01,SED_SUSPENDED,broad_web,BROAD_WEB,Unrestricted public web,Tavily Search API,2026-08-13,2026-08-13T23:00:33+00:00,"(coral OR corals OR octocoral OR gorgonian OR ""sea pen"" OR scleractinian OR antipatharian OR ""black coral"" OR sponge OR sponges OR Porifera OR demosponge OR hexactinellid OR ""glass sponge"" OR ""deep-sea sponge"" OR ""cold-water sponge"") (""suspended sediment"" OR ""suspended solids"" OR turbidity OR resuspension OR ""sediment plume"") (report OR ""technical report"" OR ""monitoring report"" OR assessment OR ""environmental impact statement"" OR EIS OR thesis OR dissertation OR proceedings OR ""regulatory submission"" OR ""operator report"") filetype:pdf",,17,Deep-sea coral research and technology program: Alaska deep-sea coral and sponge initiative final report - ADS,https://ui.adsabs.harvard.edu/abs/2017usgs.rept....2R/abstract,ui.adsabs.harvard.edu,0.25557163,,"Title: Deep-sea coral research and technology program: Alaska deep-sea coral and sponge initiative final report - ADS ## ADS. ## Deep-sea coral research and technology program: Alaska deep-sea coral and sponge initiative final report. #### Abstract. Deep-sea coral and sponge ecosystems are widespread throughout most of Alaska's marine waters. In some places, such as the central and western Aleutian Islands, deep-sea coral and sponge resources can be extremely diverse and may rank among the most abundant deep-sea coral and sponge communities in the world. Many different species of fishes and in",0.0,1
GL_BROAD_SED_SUSPENDED_01,SED_SUSPENDED,broad_web,BROAD_WEB,Unrestricted public web,Tavily Search API,2026-08-13,2026-08-13T23:00:33+00:00,"(coral OR corals OR octocoral OR gorgonian OR ""sea pen"" OR scleractinian OR antipatharian OR ""black coral"" OR sponge OR sponges OR Porifera OR demosponge OR hexactinellid OR ""glass sponge"" OR ""deep-sea sponge"" OR ""cold-water sponge"") (""suspended sediment"" OR ""suspended solids"" OR turbidity OR resuspension OR ""sediment plume"") (report OR ""technical report"" OR ""monitoring report"" OR assessment OR ""environmental impact statement"" OR EIS OR thesis OR dissertation OR proceedings OR ""regulatory submission"" OR ""operator report"") filetype:pdf",,18,Report Available on West Coast Deep-Sea Coral and Sponge Survey – SIMoN,https://sanctuarysimon.org/2022/12/report-available-on-west-coast-deep-sea-coral-and-sponge-survey,sanctuarysimon.org,0.24792866,,"Skip to content Sanctuary Integrated Monitoring Network ### Featured News # Report Available on West Coast Deep-Sea Coral and Sponge Survey [...] of Submerged Systems); a multi-year, multi-institution cooperative research campaign in deep sea areas of California, Oregon, and Washington, including the continental shelf and slope. [...] As part of the west-coast wide survey, three sites were surveyed in Monterey Bay National Marine Sanctuary: Cabrillo Canyon; West Carmel Canyon; and Point Sur Slot Canyons (all recently reopened Essential Fish Habitat Conservation Areas). This survey serves as",0.0,1
GL_BROAD_SED_SUSPENDED_01,SED_SUSPENDED,broad_web,BROAD_WEB,Unrestricted public web,Tavily Search API,2026-08-13,2026-08-13T23:00:33+00:00,"(coral OR corals OR octocoral OR gorgonian OR ""sea pen"" OR scleractinian OR antipatharian OR ""black coral"" OR sponge OR sponges OR Porifera OR demosponge OR hexactinellid OR ""glass sponge"" OR ""deep-sea sponge"" OR ""cold-water sponge"") (""suspended sediment"" OR ""suspended solids"" OR turbidity OR resuspension OR ""sediment plume"") (report OR ""technical report"" OR ""monitoring report"" OR assessment OR ""environmental impact statement"" OR EIS OR thesis OR dissertation OR proceedings OR ""regulatory submission"" OR ""operator report"") filetype:pdf",,19,Science Plan for the Alaska Deep-Sea Coral and Sponge Initiative - (AKCSI): 2020-2023,https://www.readkong.com/page/science-plan-for-the-alaska-deep-sea-coral-and-sponge-8130036,readkong.com,0.21206917,,"the sponge taxa in the EBS (demosponges plus unidentified hexactinellid sponges) total more than twice currently known for the GOA and approximately half as many as the AI region. The AKCSI conducted a significant field study in 2014 based on a request from the NPFMC to validate areas of coral concentrations for possible management measures for the conservation and management of deep-sea corals in Pribilof and Zhemchug canyons. A towed drift camera study was conducted at 250 random locations [...] corals and sponges exist on continental shelves, slopes, canyons, and seamounts. Their full geogr",0.0,1
GL_BROAD_SED_SUSPENDED_01,SED_SUSPENDED,broad_web,BROAD_WEB,Unrestricted public web,Tavily Search API,2026-08-13,2026-08-13T23:00:33+00:00,"(coral OR corals OR octocoral OR gorgonian OR ""sea pen"" OR scleractinian OR antipatharian OR ""black coral"" OR sponge OR sponges OR Porifera OR demosponge OR hexactinellid OR ""glass sponge"" OR ""deep-sea sponge"" OR ""cold-water sponge"") (""suspended sediment"" OR ""suspended solids"" OR turbidity OR resuspension OR ""sediment plume"") (report OR ""technical report"" OR ""monitoring report"" OR assessment OR ""environmental impact statement"" OR EIS OR thesis OR dissertation OR proceedings OR ""regulatory submission"" OR ""operator report"") filetype:pdf",,20,New Version of the NOAA Deep-Sea Coral & Sponge Map Portal Released | News | National Centers for Environmental Information (NCEI),https://www.ncei.noaa.gov/news/new-version-noaa-deep-sea-coral-sponge-map,ncei.noaa.gov,0.18207656,,"Like deep-sea corals, deep-sea sponges come in a variety of shapes, sizes and colors. They also provide habitats for invertebrates and fish. Some sponges even form symbiotic relationships with other species. The Venus flower basket glass sponge often houses two small, shrimp-like Stenopodidea, a male and a female, who live out their lives inside the sponge. The sponge provides food and shelter for the shrimp, and the shrimp keep their glass house clean in return. [...] Deep-sea corals, like their shallow-water cousins, are animals composed of a single polyp (solitary corals) or colony of polyp",0.0,1
GL_BROAD_SED_SUSPENDED_02,SED_SUSPENDED,broad_web,BROAD_WEB,Unrestricted public web,Tavily Search API,2026-08-13,2026-08-13T23:00:38+00:00,"(coral OR corals OR octocoral OR gorgonian OR ""sea pen"" OR scleractinian OR antipatharian OR ""black coral"" OR sponge OR sponges OR Porifera OR demosponge OR hexactinellid OR ""glass sponge"" OR ""deep-sea sponge"" OR ""cold-water sponge"") (""suspended sediment"" OR ""suspended solids"" OR turbidity OR resuspension OR ""sediment plume"") government regulator monitoring technical report environmental assessment thesis dissertation proceedings operator report",,1,Cold-water corals and sponges,http://woa.un.org/third-world-ocean-assessment/changes-second-world-ocean-assessment/habitats/chapter-5-subchapter-5e-cold-water-corals-and-sponges,woa.un.org,0.962751196476353,,"The present subchapter will focus on CWCS, the habitats they form and the services they provide in the deep sea (at depths of below 200 m). This includes many of the habitat-forming corals that create vulnerable marine ecosystems, including scleractinian stony corals, antipatharian black corals, octocorals and stylasterid lace corals, and habitat-forming sponges. The baseline state of CWCS has declined since the second World Ocean Assessment. Fishing in deep waters continues around the world, [...] provide insights into how present-day reefs can survive in sub-optimal conditions (e.g. low oxyg",2.23,1
GL_BROAD_SED_SUSPENDED_02,SED_SUSPENDED,broad_web,BROAD_WEB,Unrestricted public web,Tavily Search API,2026-08-13,2026-08-13T23:00:38+00:00,"(coral OR corals OR octocoral OR gorgonian OR ""sea pen"" OR scleractinian OR antipatharian OR ""black coral"" OR sponge OR sponges OR Porifera OR demosponge OR hexactinellid OR ""glass sponge"" OR ""deep-sea sponge"" OR ""cold-water sponge"") (""suspended sediment"" OR ""suspended solids"" OR turbidity OR resuspension OR ""sediment plume"") government regulator monitoring technical report environmental assessment thesis dissertation proceedings operator report",,2,New Report Documents Amazing U.S. Deep-Sea Coral and Sponge Ecosystems | NOAA Fisheries,https://www.fisheries.noaa.gov/feature-story/new-report-documents-amazing-us-deep-sea-coral-and-sponge-ecosystems,fisheries.noaa.gov,0.9554483149484166,,"NOAA’s new report, State of Deep-Sea Coral and Sponge Ecosystems of the United States (PDF, 467 pages), explains advances in deep-sea coral research over the past decade and how this new information is shaping deep-sea conservation. Each of the report’s 13 peer-reviewed chapters was written by leading U.S. researchers. Six regional chapters summarize new research—much of it led by NOAA—and explain how results have led to improvements in deep-sea management. It also shares an understanding of [...] These chapters serve as a ten-year update to the first State of Deep Coral Ecosystems of the Unit",2.23,1
GL_BROAD_SED_SUSPENDED_02,SED_SUSPENDED,broad_web,BROAD_WEB,Unrestricted public web,Tavily Search API,2026-08-13,2026-08-13T23:00:38+00:00,"(coral OR corals OR octocoral OR gorgonian OR ""sea pen"" OR scleractinian OR antipatharian OR ""black coral"" OR sponge OR sponges OR Porifera OR demosponge OR hexactinellid OR ""glass sponge"" OR ""deep-sea sponge"" OR ""cold-water sponge"") (""suspended sediment"" OR ""suspended solids"" OR turbidity OR resuspension OR ""sediment plume"") government regulator monitoring technical report environmental assessment thesis dissertation proceedings operator report",,3,Regional guidance on measures to protect corals and sponges during exploratory drilling,https://www.dfo-mpo.gc.ca/publications/pnw-ppe/coral-sponge-caraux-eponges/nfl-guidance-directives-report-rapport-tnl-eng.html,dfo-mpo.gc.ca,0.9547971333120402,,"water column, which elevates their susceptibility to risks associated with increased suspended sediments. Sedimentation reduces the ability of corals to feed and in some cases could lead to polyp mortality (Brooke et al., 2009; Gass & Roberts, 2006; Liefmann et al., 2018). Cordes et al. (2016), Fang et al. (2018), and Grant et al. (2019) report on the impacts of sediment resuspension and drill cuttings on coral and sponge communities, with effects that include: [...] Large gorgonian (bubblegum coral Paragorgia sp.), Northeast (NE) Saglek Bank. Large gorgonian (popcorn coral Primnoa sp.), NE S",2.23,1
GL_BROAD_SED_SUSPENDED_02,SED_SUSPENDED,broad_web,BROAD_WEB,Unrestricted public web,Tavily Search API,2026-08-13,2026-08-13T23:00:38+00:00,"(coral OR corals OR octocoral OR gorgonian OR ""sea pen"" OR scleractinian OR antipatharian OR ""black coral"" OR sponge OR sponges OR Porifera OR demosponge OR hexactinellid OR ""glass sponge"" OR ""deep-sea sponge"" OR ""cold-water sponge"") (""suspended sediment"" OR ""suspended solids"" OR turbidity OR resuspension OR ""sediment plume"") government regulator monitoring technical report environmental assessment thesis dissertation proceedings operator report",,4,Sediment tolerance mechanisms identified in sponges using ...,https://pmc.ncbi.nlm.nih.gov/articles/PMC5694653,pmc.ncbi.nlm.nih.gov,0.9518026935622894,,"by BW Strehlow · 2017 · Cited by 38 — Terrestrial runoff, resuspension events and dredging can affect filter-feeding sponges by elevating the concentration of suspended sediments",2.23,1
GL_BROAD_SED_SUSPENDED_02,SED_SUSPENDED,broad_web,BROAD_WEB,Unrestricted public web,Tavily Search API,2026-08-13,2026-08-13T23:00:38+00:00,"(coral OR corals OR octocoral OR gorgonian OR ""sea pen"" OR scleractinian OR antipatharian OR ""black coral"" OR sponge OR sponges OR Porifera OR demosponge OR hexactinellid OR ""glass sponge"" OR ""deep-sea sponge"" OR ""cold-water sponge"") (""suspended sediment"" OR ""suspended solids"" OR turbidity OR resuspension OR ""sediment plume"") government regulator monitoring technical report environmental assessment thesis dissertation proceedings operator report",,5,Fishing activity near marine protected areas affects ...,https://www.mbari.org/news/fishing-activity-near-marine-protected-areas-affects-the-feeding-ability-of-sponges,mbari.org,0.9500390861188893,,"May 9, 2019 — A plume of suspended sediments obscures the view of Farrea occa and Heterochone calyx. Although sponges need sediment to survive, some can",2.23,1
GL_BROAD_SED_SUSPENDED_02,SED_SUSPENDED,broad_web,BROAD_WEB,Unrestricted public web,Tavily Search API,2026-08-13,2026-08-13T23:00:38+00:00,"(coral OR corals OR octocoral OR gorgonian OR ""sea pen"" OR scleractinian OR antipatharian OR ""black coral"" OR sponge OR sponges OR Porifera OR demosponge OR hexactinellid OR ""glass sponge"" OR ""deep-sea sponge"" OR ""cold-water sponge"") (""suspended sediment"" OR ""suspended solids"" OR turbidity OR resuspension OR ""sediment plume"") government regulator monitoring technical report environmental assessment thesis dissertation proceedings operator report",,6,Short-term physiological responses of the New Zealand ...,https://www.sciencedirect.com/science/article/abs/pii/S0022098121000691,sciencedirect.com,0.9429322681031387,,by V Mobilia · 2021 · Cited by 20 — Sponges are important components of deep-sea ecosystems and can be particularly sensitive to elevated suspended sediment concentrations.,2.23,1
GL_BROAD_SED_SUSPENDED_02,SED_SUSPENDED,broad_web,BROAD_WEB,Unrestricted public web,Tavily Search API,2026-08-13,2026-08-13T23:00:38+00:00,"(coral OR corals OR octocoral OR gorgonian OR ""sea pen"" OR scleractinian OR antipatharian OR ""black coral"" OR sponge OR sponges OR Porifera OR demosponge OR hexactinellid OR ""glass sponge"" OR ""deep-sea sponge"" OR ""cold-water sponge"") (""suspended sediment"" OR ""suspended solids"" OR turbidity OR resuspension OR ""sediment plume"") government regulator monitoring technical report environmental assessment thesis dissertation proceedings operator report",,7,Foldscope Explores... Sea Sponges,https://foldscope.com/blogs/blog/foldscope-explores-sea-sponges,foldscope.com,0.9245547828799474,,"Instagram: @teamfoldscope Threads: @teamfoldscope Sources: #### Related Blog Posts Fast & Curious 2026 - Houston, Texas #### Fast & Curious 2026 - Houston, Texas Foldscope In The Classroom: In The Garden 10: Year End Reflection #### Foldscope In The Classroom: In The Garden 10: Year End Reflection Map showing tour locations #### Fast and Curious Tour 2025 [...] Sea sponges are animals that belong to the Phylum Porifera. As the name suggests, sponges are porous creatures that can be found in saltwater and freshwater environments. According to the fossil record, sea sp",2.23,1
GL_BROAD_SED_SUSPENDED_02,SED_SUSPENDED,broad_web,BROAD_WEB,Unrestricted public web,Tavily Search API,2026-08-13,2026-08-13T23:00:38+00:00,"(coral OR corals OR octocoral OR gorgonian OR ""sea pen"" OR scleractinian OR antipatharian OR ""black coral"" OR sponge OR sponges OR Porifera OR demosponge OR hexactinellid OR ""glass sponge"" OR ""deep-sea sponge"" OR ""cold-water sponge"") (""suspended sediment"" OR ""suspended solids"" OR turbidity OR resuspension OR ""sediment plume"") government regulator monitoring technical report environmental assessment thesis dissertation proceedings operator report",,8,Avoidance and Mitigation of Coral and Sponge Species ...,https://publications.gc.ca/collections/collection_2022/mpo-dfo/fs70-5/Fs70-5-2022-059-eng.pdf,publications.gc.ca,0.9193562855746541,,"Continue to publication To request an alternate format of a publication, complete the Government of Canada Publications email form. Use the form’s “question or comment” field to specify the requested publication. [...] Gouvernement du Canada Symbole du gouvernement du Canada # Information archivée dans le Web / Information Archived on the Web ## Publications du gouvernement du Canada Continuer vers la publication Pour demander une publication dans un format alternatif, remplissez le formulaire électronique des publications du gouvernement du Canada. Utilisez le champ du formulaire «questi",2.23,1
GL_BROAD_SED_SUSPENDED_02,SED_SUSPENDED,broad_web,BROAD_WEB,Unrestricted public web,Tavily Search API,2026-08-13,2026-08-13T23:00:38+00:00,"(coral OR corals OR octocoral OR gorgonian OR ""sea pen"" OR scleractinian OR antipatharian OR ""black coral"" OR sponge OR sponges OR Porifera OR demosponge OR hexactinellid OR ""glass sponge"" OR ""deep-sea sponge"" OR ""cold-water sponge"") (""suspended sediment"" OR ""suspended solids"" OR turbidity OR resuspension OR ""sediment plume"") government regulator monitoring technical report environmental assessment thesis dissertation proceedings operator report",,9,Describing New Deep-Sea Corals and Sponges,https://ocean.si.edu/ecosystems/coral-reefs/describing-new-deep-sea-corals-and-sponges,ocean.si.edu,0.8881361168456624,,"Sponges and corals provide habitats for other animals in the deep by building structure through reefs, filtering water, and providing nutrients to other animals",2.23,1
GL_BROAD_SED_SUSPENDED_02,SED_SUSPENDED,broad_web,BROAD_WEB,Unrestricted public web,Tavily Search API,2026-08-13,2026-08-13T23:00:38+00:00,"(coral OR corals OR octocoral OR gorgonian OR ""sea pen"" OR scleractinian OR antipatharian OR ""black coral"" OR sponge OR sponges OR Porifera OR demosponge OR hexactinellid OR ""glass sponge"" OR ""deep-sea sponge"" OR ""cold-water sponge"") (""suspended sediment"" OR ""suspended solids"" OR turbidity OR resuspension OR ""sediment plume"") government regulator monitoring technical report environmental assessment thesis dissertation proceedings operator report",,10,Sponges are ancient animals that... - NOAA Ocean Exploration,https://www.facebook.com/OceanExplorationResearch/posts/sponges-are-ancient-animals-that-may-appear-simplistic-but-are-really-quite-comp/1381290740706345,facebook.com,0.8873531529387605,,"Narwhal Greenland ALL IS LINK TOGETHER , Except Only Human (only dstroy for …own very thick pockets) 🚼🪃😈 🌱🌱🌱🌱🌱🌏🌎🌍🌞 18w Narwhal Greenland WHOLE WORLD “POURING BLACK WATER” INTO THE SEA 24 HOURS , Soon All Sea Life Sure No More (i believe) 🚼🪃🚯. 🌱🌱🌱🌱🌱🌏🌎🌍🌞 18w Narwhal Greenland Humans are creating a new world from advanced brains 🧠💰🧠 , making soil, water and wind full of chemicals around the world (tomorrow more worsts) 🚼🪃⚰️. 🌱🌱🌱🌱🌱🌏🌎🌍🌞 18w [...] stop-opacity='0'/%3E%3C/radialGradient%3E%3ClinearGradient id='paint0_linear_15251_63610' x1='2.3989' y1='2.3999' x2='13.5983' y2='13.5993' gra",2.23,1
GL_BROAD_SED_DEPOSITION_01,SED_DEPOSITION,broad_web,BROAD_WEB,Unrestricted public web,Tavily Search API,2026-08-13,2026-08-13T23:00:44+00:00,"(coral OR corals OR octocoral OR gorgonian OR ""sea pen"" OR scleractinian OR antipatharian OR ""black coral"" OR sponge OR sponges OR Porifera OR demosponge OR hexactinellid OR ""glass sponge"" OR ""deep-sea sponge"" OR ""cold-water sponge"") (""sediment deposition"" OR ""sediment accumulation"" OR burial OR smothering OR ""sediment cover"" OR ""deposition rate"") (report OR ""technical report"" OR ""monitoring report"" OR assessment OR ""environmental impact statement"" OR EIS OR thesis OR dissertation OR proceedings OR ""regulatory submission"" OR ""operator report"") filetype:pdf",,1,"Sponges, cup corals and anthozoans on shaded or ...",https://www.marlin.ac.uk/habitats/detail/175/sponges_cup_corals_and_anthozoans_on_shaded_or_overhanging_circalittoral_rock,marlin.ac.uk,0.9776417765836594,,"corals to sediment resuspension from bottom trawling in the Mediterranean and found that, compared to cup coral and octocoral, which did not exhibit symptoms of distress, colonial scleractinian corals and black coral, which experienced substantial polyp mortality in enhanced suspended sediment concentration treatments, are more vulnerable. The indirect impact of bottom trawling could therefore contribute to structural simplification of cold-water coral communities towards cup coral or octocoral [...] trawling in the Mediterranean and found that, compared to cup coral and octocoral, which did n",3.3,1
GL_BROAD_SED_DEPOSITION_01,SED_DEPOSITION,broad_web,BROAD_WEB,Unrestricted public web,Tavily Search API,2026-08-13,2026-08-13T23:00:44+00:00,"(coral OR corals OR octocoral OR gorgonian OR ""sea pen"" OR scleractinian OR antipatharian OR ""black coral"" OR sponge OR sponges OR Porifera OR demosponge OR hexactinellid OR ""glass sponge"" OR ""deep-sea sponge"" OR ""cold-water sponge"") (""sediment deposition"" OR ""sediment accumulation"" OR burial OR smothering OR ""sediment cover"" OR ""deposition rate"") (report OR ""technical report"" OR ""monitoring report"" OR assessment OR ""environmental impact statement"" OR EIS OR thesis OR dissertation OR proceedings OR ""regulatory submission"" OR ""operator report"") filetype:pdf",,2,"[PDF] Effects of Sediment on Glass Sponges (Porifera, Hexactinellida) and ...",https://leyslab.weebly.com/uploads/5/4/9/4/54947267/effects_of_sediment_on_glass_sponges__porifera_hexactinellida__and_projected_effects_on_glass_sponge_reefs.pdf,leyslab.weebly.com,0.9696451925292301,,"M., Swalwell, J.E., Tortell, P.D. and Armbrust, E.V. 2010. Unveiling a phytoplankton hotspot at a narrow boundary between coastal and offshore waters. Proceedings of the National Academy of Sciences 107:16571-16576. Rice, A.L., Billet, D.S.M., Fry, J., John, A.W.G., Lampitt, R.S., Mantoura, R.G.C., Morris, R.J. 1986. Seasonal deposition of phytodetritus to the deep-sea floor. Proceedings of the Royal Society of Edinburgh 88B:265-279. Roberts, D., Davis, A. and Cummins, S. 2006. Experimental [...] shape recent deep-water coral reefs. Sedimentary geology 125:1-8. Gerrodette, T. and Flechsig, A.O",3.3,1
GL_BROAD_SED_DEPOSITION_01,SED_DEPOSITION,broad_web,BROAD_WEB,Unrestricted public web,Tavily Search API,2026-08-13,2026-08-13T23:00:44+00:00,"(coral OR corals OR octocoral OR gorgonian OR ""sea pen"" OR scleractinian OR antipatharian OR ""black coral"" OR sponge OR sponges OR Porifera OR demosponge OR hexactinellid OR ""glass sponge"" OR ""deep-sea sponge"" OR ""cold-water sponge"") (""sediment deposition"" OR ""sediment accumulation"" OR burial OR smothering OR ""sediment cover"" OR ""deposition rate"") (report OR ""technical report"" OR ""monitoring report"" OR assessment OR ""environmental impact statement"" OR EIS OR thesis OR dissertation OR proceedings OR ""regulatory submission"" OR ""operator report"") filetype:pdf",,3,NOAA Deep Sea Coral and Sponge Map | National Centers for Environmental Information (NCEI),https://www.ncei.noaa.gov/products/noaa-deep-sea-coral-and-sponge-map,ncei.noaa.gov,0.9676684486587943,,"July 16, 2026 ### ENSO Detection and Monitoring Depends on Data Read More Photo of a CTD device in the Gulf of Mexico from NOAA June 17, 2026 ### Tracking the Gulf Dead Zone Read More Image of a Bathymetric map. April 22, 2026 ### Explore the Sea Floor with NCEI’s Modernized Portal Read More [...] Interactive Map Project Site Data Access ## Resources AGOL Item NOAA Deep Sea Coral Data Page ## Data Layers Exclusive Economic Zones Bathymetric Contours National Marine Sanctuary Boundaries Site Characterizations []( Deep Sea Coral Interactive Map ## Related News A brig",3.3,1
GL_BROAD_SED_DEPOSITION_01,SED_DEPOSITION,broad_web,BROAD_WEB,Unrestricted public web,Tavily Search API,2026-08-13,2026-08-13T23:00:44+00:00,"(coral OR corals OR octocoral OR gorgonian OR ""sea pen"" OR scleractinian OR antipatharian OR ""black coral"" OR sponge OR sponges OR Porifera OR demosponge OR hexactinellid OR ""glass sponge"" OR ""deep-sea sponge"" OR ""cold-water sponge"") (""sediment deposition"" OR ""sediment accumulation"" OR burial OR smothering OR ""sediment cover"" OR ""deposition rate"") (report OR ""technical report"" OR ""monitoring report"" OR assessment OR ""environmental impact statement"" OR EIS OR thesis OR dissertation OR proceedings OR ""regulatory submission"" OR ""operator report"") filetype:pdf",,4,Characterizing U.S. Deep-Sea Corals and Sponges,https://storymaps.arcgis.com/stories/cf7a5b4691e54ae59e1573d594a421c4,storymaps.arcgis.com,0.9589482279677671,,## Alaska #### Deep-Sea Corals and Sponges of Alaska Surveying expeditions conducted in the Bering Sea and the Aleutian Islands to identify the presence of deep sea coral and sponge habitat. ### Aleutian Islands Site Characterization Report [...] ## Learn More NOAA Deep Sea Coral Research and Technology Program The State of Deep-Sea Coral and Sponge Ecosystems of the United States: 2017 An Introduction to NOAA’s National Database for Deep-Sea Corals and Sponges (pdf) Science: Characterization (National Marine Sanctuaries) #### NCEI Story Maps Gallery A gallery of Story Maps d,3.3,1
GL_BROAD_SED_DEPOSITION_01,SED_DEPOSITION,broad_web,BROAD_WEB,Unrestricted public web,Tavily Search API,2026-08-13,2026-08-13T23:00:44+00:00,"(coral OR corals OR octocoral OR gorgonian OR ""sea pen"" OR scleractinian OR antipatharian OR ""black coral"" OR sponge OR sponges OR Porifera OR demosponge OR hexactinellid OR ""glass sponge"" OR ""deep-sea sponge"" OR ""cold-water sponge"") (""sediment deposition"" OR ""sediment accumulation"" OR burial OR smothering OR ""sediment cover"" OR ""deposition rate"") (report OR ""technical report"" OR ""monitoring report"" OR assessment OR ""environmental impact statement"" OR EIS OR thesis OR dissertation OR proceedings OR ""regulatory submission"" OR ""operator report"") filetype:pdf",,5,Alaska deep-sea coral and sponge assemblages are well ...,https://www.int-res.com/journals/meps/articles/meps14317,int-res.com,0.9483566878250521,,"by MF Sigler · 2023 · Cited by 10 — We describe the zoogeography of deep-sea corals and sponges in Alaska, USA, and identify the environmental factors structuring these",3.3,1
GL_BROAD_SED_DEPOSITION_01,SED_DEPOSITION,broad_web,BROAD_WEB,Unrestricted public web,Tavily Search API,2026-08-13,2026-08-13T23:00:44+00:00,"(coral OR corals OR octocoral OR gorgonian OR ""sea pen"" OR scleractinian OR antipatharian OR ""black coral"" OR sponge OR sponges OR Porifera OR demosponge OR hexactinellid OR ""glass sponge"" OR ""deep-sea sponge"" OR ""cold-water sponge"") (""sediment deposition"" OR ""sediment accumulation"" OR burial OR smothering OR ""sediment cover"" OR ""deposition rate"") (report OR ""technical report"" OR ""monitoring report"" OR assessment OR ""environmental impact statement"" OR EIS OR thesis OR dissertation OR proceedings OR ""regulatory submission"" OR ""operator report"") filetype:pdf",,6,Sponge Contributions to the Geology and Biology of Reefs,https://www.bio.fsu.edu/~wulff/Wulff%202016%20Coral%20Reefs%20at%20the%20Crossroads%20Ch%205%20Sponges.pdf,bio.fsu.edu,0.9441428656346919,,"gaps between them, thus helping to hold the framework together (Adachi et al. 2011). These sponges may have also served as bafﬂes encouraging deposition of sediment, and subsequent lithiﬁcation. In the Mesozoic, lithistid sponges contributed especially to Jurassic reefs of the Tethys Sea, but lithistids diminished dramatically in the Cretaceous and early Tertiary and became largely conﬁned to deep water (Maldonado et al. 1999). Experimental support for the idea that these reef-builders [...] Neigel J, Sides EM (1981) Hurricane Allen’s impact on Jamaican coral reefs. Science 214:749–755 W€ orhe",3.3,1
GL_BROAD_SED_DEPOSITION_01,SED_DEPOSITION,broad_web,BROAD_WEB,Unrestricted public web,Tavily Search API,2026-08-13,2026-08-13T23:00:44+00:00,"(coral OR corals OR octocoral OR gorgonian OR ""sea pen"" OR scleractinian OR antipatharian OR ""black coral"" OR sponge OR sponges OR Porifera OR demosponge OR hexactinellid OR ""glass sponge"" OR ""deep-sea sponge"" OR ""cold-water sponge"") (""sediment deposition"" OR ""sediment accumulation"" OR burial OR smothering OR ""sediment cover"" OR ""deposition rate"") (report OR ""technical report"" OR ""monitoring report"" OR assessment OR ""environmental impact statement"" OR EIS OR thesis OR dissertation OR proceedings OR ""regulatory submission"" OR ""operator report"") filetype:pdf",,7,Reduced Diversity and High Sponge Abundance on a Sedimented Indo-Pacific Reef System: Implications for Future Changes in Environmental Quality - PMC,https://pmc.ncbi.nlm.nih.gov/articles/PMC3901660,pmc.ncbi.nlm.nih.gov,0.9390929833776596,,"sponge abundance was just as high as at sites with high levels of coral cover. Given the low coral cover at the high sediment sites, that have previously had much higher levels of coral cover (30–35% in 2002) (#pone.0085253-McMellor2), we propose that some sponge species have the potential dominate sites where environmental quality has declined. It has been proposed that many coral reefs may become sponge reefs in the future in response to ocean warming and acidification (#pone.0085253-Bell2). [...] highly correlated (R2>0.9) with sediment levels. The following 10 variables were considered in",3.3,1
GL_BROAD_SED_DEPOSITION_01,SED_DEPOSITION,broad_web,BROAD_WEB,Unrestricted public web,Tavily Search API,2026-08-13,2026-08-13T23:00:44+00:00,"(coral OR corals OR octocoral OR gorgonian OR ""sea pen"" OR scleractinian OR antipatharian OR ""black coral"" OR sponge OR sponges OR Porifera OR demosponge OR hexactinellid OR ""glass sponge"" OR ""deep-sea sponge"" OR ""cold-water sponge"") (""sediment deposition"" OR ""sediment accumulation"" OR burial OR smothering OR ""sediment cover"" OR ""deposition rate"") (report OR ""technical report"" OR ""monitoring report"" OR assessment OR ""environmental impact statement"" OR EIS OR thesis OR dissertation OR proceedings OR ""regulatory submission"" OR ""operator report"") filetype:pdf",,8,Fine‐grained sediment production by endolithic sponges on ...,https://aslopubs.onlinelibrary.wiley.com/doi/10.1002/lno.12640,aslopubs.onlinelibrary.wiley.com,0.9265419945828668,,"Jul 24, 2024 — Fine-grained sediment production by endolithic sponges on Caribbean coral reefs ... Sponge cover was collected from a total of 50 reef sites.Read more",3.3,1
GL_BROAD_SED_DEPOSITION_01,SED_DEPOSITION,broad_web,BROAD_WEB,Unrestricted public web,Tavily Search API,2026-08-13,2026-08-13T23:00:44+00:00,"(coral OR corals OR octocoral OR gorgonian OR ""sea pen"" OR scleractinian OR antipatharian OR ""black coral"" OR sponge OR sponges OR Porifera OR demosponge OR hexactinellid OR ""glass sponge"" OR ""deep-sea sponge"" OR ""cold-water sponge"") (""sediment deposition"" OR ""sediment accumulation"" OR burial OR smothering OR ""sediment cover"" OR ""deposition rate"") (report OR ""technical report"" OR ""monitoring report"" OR assessment OR ""environmental impact statement"" OR EIS OR thesis OR dissertation OR proceedings OR ""regulatory submission"" OR ""operator report"") filetype:pdf",,9,Ocean Census,https://www.facebook.com/oceancensus/posts/anchored-into-soft-seafloor-sediment-sea-pens-form-an-important-structural-compo/934252806258318,facebook.com,0.9242169690281435,,"Anchored into soft seafloor sediment, sea pens form an important structural component of deep-sea ecosystems, increasing the complexity of soft- ...Read more",3.3,1
GL_BROAD_SED_DEPOSITION_01,SED_DEPOSITION,broad_web,BROAD_WEB,Unrestricted public web,Tavily Search API,2026-08-13,2026-08-13T23:00:44+00:00,"(coral OR corals OR octocoral OR gorgonian OR ""sea pen"" OR scleractinian OR antipatharian OR ""black coral"" OR sponge OR sponges OR Porifera OR demosponge OR hexactinellid OR ""glass sponge"" OR ""deep-sea sponge"" OR ""cold-water sponge"") (""sediment deposition"" OR ""sediment accumulation"" OR burial OR smothering OR ""sediment cover"" OR ""deposition rate"") (report OR ""technical report"" OR ""monitoring report"" OR assessment OR ""environmental impact statement"" OR EIS OR thesis OR dissertation OR proceedings OR ""regulatory submission"" OR ""operator report"") filetype:pdf",,10,What do glass sponges do when no one is looking? ...,https://www.sciencedirect.com/science/article/abs/pii/S0967063724001584,sciencedirect.com,0.8949709286163192,,"by J Grinyó · 2024 · Cited by 3 — Sediment was cleared from its surface within 72 h, this sponge species can cope with high suspended sediment concentrations.",3.3,1
GL_BROAD_SED_DEPOSITION_02,SED_DEPOSITION,broad_web,BROAD_WEB,Unrestricted public web,Tavily Search API,2026-08-13,2026-08-13T23:00:50+00:00,"(coral OR corals OR octocoral OR gorgonian OR ""sea pen"" OR scleractinian OR antipatharian OR ""black coral"" OR sponge OR sponges OR Porifera OR demosponge OR hexactinellid OR ""glass sponge"" OR ""deep-sea sponge"" OR ""cold-water sponge"") (""sediment deposition"" OR ""sediment accumulation"" OR burial OR smothering OR ""sediment cover"" OR ""deposition rate"") government regulator monitoring technical report environmental assessment thesis dissertation proceedings operator report",,1,"[PDF] Effects of Sediment on Glass Sponges (Porifera, Hexactinellida) and ...",https://leyslab.weebly.com/uploads/5/4/9/4/54947267/effects_of_sediment_on_glass_sponges__porifera_hexactinellida__and_projected_effects_on_glass_sponge_reefs.pdf,leyslab.weebly.com,0.9702291869888553,,"sponges occur in high densities, and in these instances there is a balance between high turbidity (suspended particulates in the water column some of which settle) and current which prevents accumulation of sediment. In the Porcupine Sea Bight, west of Ireland, Pheronema carpenteri lives in densities of 1.5 per m2 on slopes. Observations of resuspension of material from upper slopes suggest they may benefit from increased food, but by their location on the slopes they avoid burial (Lampitt, [...] M., Swalwell, J.E., Tortell, P.D. and Armbrust, E.V. 2010. Unveiling a phytoplankton hotspot at a",4.53,1
GL_BROAD_SED_DEPOSITION_02,SED_DEPOSITION,broad_web,BROAD_WEB,Unrestricted public web,Tavily Search API,2026-08-13,2026-08-13T23:00:50+00:00,"(coral OR corals OR octocoral OR gorgonian OR ""sea pen"" OR scleractinian OR antipatharian OR ""black coral"" OR sponge OR sponges OR Porifera OR demosponge OR hexactinellid OR ""glass sponge"" OR ""deep-sea sponge"" OR ""cold-water sponge"") (""sediment deposition"" OR ""sediment accumulation"" OR burial OR smothering OR ""sediment cover"" OR ""deposition rate"") government regulator monitoring technical report environmental assessment thesis dissertation proceedings operator report",,2,Frontiers | Mine Waste and Acute Warming Induce Energetic Stress in the Deep-Sea Sponge Geodia atlantica and Coral Primnoa resedeaformis; Results From a Mesocosm Study,https://www.frontiersin.org/journals/marine-science/articles/10.3389/fmars.2018.00129,frontiersin.org,0.9670673826556706,,"Excess suspended sediment can influence the distribution and growth of shallow water scleractinian coral reefs (Stoddart, 1969; Hubbard and Pocock, 1972; Rogers, 1990). It's been suggested that gorgonian corals are more tolerant to suspended sediment compared to scleractin corals because their tree-like morphology helps to prevent the accumulation of sediment on polyps (Marszalek, 1981). We did not compare the relative resilience of P. resedaeformis to other types of deep-sea corals, however, [...] 71 PurserA.ThomsenL. (2012). Monitoring strategies for drill cutting discharge in the vicinity",4.53,1
GL_BROAD_SED_DEPOSITION_02,SED_DEPOSITION,broad_web,BROAD_WEB,Unrestricted public web,Tavily Search API,2026-08-13,2026-08-13T23:00:50+00:00,"(coral OR corals OR octocoral OR gorgonian OR ""sea pen"" OR scleractinian OR antipatharian OR ""black coral"" OR sponge OR sponges OR Porifera OR demosponge OR hexactinellid OR ""glass sponge"" OR ""deep-sea sponge"" OR ""cold-water sponge"") (""sediment deposition"" OR ""sediment accumulation"" OR burial OR smothering OR ""sediment cover"" OR ""deposition rate"") government regulator monitoring technical report environmental assessment thesis dissertation proceedings operator report",,3,Frontiers | Mine Waste and Acute Warming Induce Energetic Stress in the Deep-Sea Sponge Geodia atlantica and Coral Primnoa resedeaformis; Results From a Mesocosm Study,https://www.frontiersin.org/journals/marine-science/articles/10.3389/fmars.2018.00129/full,frontiersin.org,0.9670673826556706,,"Excess suspended sediment can influence the distribution and growth of shallow water scleractinian coral reefs (Stoddart, 1969; Hubbard and Pocock, 1972; Rogers, 1990). It's been suggested that gorgonian corals are more tolerant to suspended sediment compared to scleractin corals because their tree-like morphology helps to prevent the accumulation of sediment on polyps (Marszalek, 1981). We did not compare the relative resilience of P. resedaeformis to other types of deep-sea corals, however, [...] 71 PurserA.ThomsenL. (2012). Monitoring strategies for drill cutting discharge in the vicinity",4.53,1
GL_BROAD_SED_DEPOSITION_02,SED_DEPOSITION,broad_web,BROAD_WEB,Unrestricted public web,Tavily Search API,2026-08-13,2026-08-13T23:00:50+00:00,"(coral OR corals OR octocoral OR gorgonian OR ""sea pen"" OR scleractinian OR antipatharian OR ""black coral"" OR sponge OR sponges OR Porifera OR demosponge OR hexactinellid OR ""glass sponge"" OR ""deep-sea sponge"" OR ""cold-water sponge"") (""sediment deposition"" OR ""sediment accumulation"" OR burial OR smothering OR ""sediment cover"" OR ""deposition rate"") government regulator monitoring technical report environmental assessment thesis dissertation proceedings operator report",,4,A National Monitoring Framework for Coral and Sponge Areas ...,https://waves-vagues.dfo-mpo.gc.ca/library-bibliotheque/41021605.pdf,waves-vagues.dfo-mpo.gc.ca,0.964346166130851,,"sampling National Capital Region National monitoring framework for coral and sponge other effective area based conservation measures 17 Indicator Gorgonians Sea pens Soft corals Cup corals Black corals Reef–forming corals Glass sponges (reef) Glass sponges (non-reef) Astrophorid sponges (e.g., Geodia) Mixed sponges Purpose / Strengths Limitations Preferred tools Indirect BCBs X X X X X X X X X X • Species associations • Infauna diversity • Sponge filtration rate • Contribution to biogeochemical [...] Canadian Science Advisory Secretariat National Capital Region Science Advisory Report 2021/048",4.53,1
GL_BROAD_SED_DEPOSITION_02,SED_DEPOSITION,broad_web,BROAD_WEB,Unrestricted public web,Tavily Search API,2026-08-13,2026-08-13T23:00:50+00:00,"(coral OR corals OR octocoral OR gorgonian OR ""sea pen"" OR scleractinian OR antipatharian OR ""black coral"" OR sponge OR sponges OR Porifera OR demosponge OR hexactinellid OR ""glass sponge"" OR ""deep-sea sponge"" OR ""cold-water sponge"") (""sediment deposition"" OR ""sediment accumulation"" OR burial OR smothering OR ""sediment cover"" OR ""deposition rate"") government regulator monitoring technical report environmental assessment thesis dissertation proceedings operator report",,5,New Report Documents Amazing U.S. Deep-Sea Coral and Sponge Ecosystems | NOAA Fisheries,https://www.fisheries.noaa.gov/feature-story/new-report-documents-amazing-us-deep-sea-coral-and-sponge-ecosystems,fisheries.noaa.gov,0.9623454034034739,,"Six additional articles focus on cross-cutting topics including species discovery, interactions between fishing gear and corals/sponges, management of black coral harvests, improvements in habitat modeling, advances in coral ageing and growth rate research, and current knowledge of coral genetics and reproduction. Research presented in this report consolidates our understanding of how deep-sea corals and sponges contribute to resilient ecosystems and sustainable fisheries. [...] Highlights of the report include the following: Deep-sea corals and sponges are extremely vulnerable to human activ",4.53,1
GL_BROAD_SED_DEPOSITION_02,SED_DEPOSITION,broad_web,BROAD_WEB,Unrestricted public web,Tavily Search API,2026-08-13,2026-08-13T23:00:50+00:00,"(coral OR corals OR octocoral OR gorgonian OR ""sea pen"" OR scleractinian OR antipatharian OR ""black coral"" OR sponge OR sponges OR Porifera OR demosponge OR hexactinellid OR ""glass sponge"" OR ""deep-sea sponge"" OR ""cold-water sponge"") (""sediment deposition"" OR ""sediment accumulation"" OR burial OR smothering OR ""sediment cover"" OR ""deposition rate"") government regulator monitoring technical report environmental assessment thesis dissertation proceedings operator report",,6,Mediterranean Coral Provinces as a Sponge Diversity Reservoir: Is There a Mediterranean Cold-Water Coral Sponge Fauna?,https://www.academia.edu/161256480/Mediterranean_Coral_Provinces_as_a_Sponge_Diversity_Reservoir_Is_There_a_Mediterranean_Cold_Water_Coral_Sponge_Fauna,academia.edu,0.96197472936598,,"142. Sitjà, C. (2020). The bathyal connections between the Mediterranean Sea and the Northeastern Atlantic Ocean: an assessment using deep-water sponges as a case study. Ph. D. thesis. Barcelona: Universitat de Barcelona, 360. 143. Sitjà, C., and Maldonado, M. (2014). New and rare sponges from the deep shelf of the Alboran Island (Alboran Sea, Western Mediterranean). Zootaxa 3760, 141-179. doi: 10.11646/zootaxa.3760.2.2 [...] 47. FAO (2008). Report of the Technical Consultation on International Guidelines for the Management of Deep-sea Fisheries in the High Seas. Rome, 4-8 February and 2",4.53,1
GL_BROAD_SED_DEPOSITION_02,SED_DEPOSITION,broad_web,BROAD_WEB,Unrestricted public web,Tavily Search API,2026-08-13,2026-08-13T23:00:50+00:00,"(coral OR corals OR octocoral OR gorgonian OR ""sea pen"" OR scleractinian OR antipatharian OR ""black coral"" OR sponge OR sponges OR Porifera OR demosponge OR hexactinellid OR ""glass sponge"" OR ""deep-sea sponge"" OR ""cold-water sponge"") (""sediment deposition"" OR ""sediment accumulation"" OR burial OR smothering OR ""sediment cover"" OR ""deposition rate"") government regulator monitoring technical report environmental assessment thesis dissertation proceedings operator report",,7,"""Kawaii Sea Sponge Sticker Pack – Colorful Deep Sea Sponges, Natural Ocean Sea Sponge Art, Glass Sponge & Coral Inspired Cute Marine Designs"" Duvet Cover for Sale by Patternrealm | Redbubble",https://redbubble.com/i/duvet-cover/Kawaii-Sea-Sponge-Sticker-Pack-Colorful-Deep-Sea-Sponges-Natural-Ocean-Sea-Sponge-Art-Glass-Sponge-and-Coral-Inspired-Cute-Marine-Designs-by-Patternrealm/180194844/v62y,redbubble.com,0.9613309869820215,,"Sell your art Login Retro mountain with trees Top artists # Kawaii Sea Sponge Sticker Pack – Colorful Deep Sea Sponges, Natural Ocean Sea Sponge Art, Glass Sponge & Coral Inspired Cute Marine Designs Duvet Cover Designed and sold by Patternrealm $107.08 ~~$125.98~~ (15% off) 15% off ends soon $107.08 ~~$125.98~~ (15% off) Super-easy returnsProblem? No problem. We’ll fix it, fast. ## Product features [...] 100% Secure Payment with 256-bit SSL encryption Learn more- opens in new window or tab Free Return ###### Free Return Exchange or money back guarantee for all order",4.53,1
GL_BROAD_SED_DEPOSITION_02,SED_DEPOSITION,broad_web,BROAD_WEB,Unrestricted public web,Tavily Search API,2026-08-13,2026-08-13T23:00:50+00:00,"(coral OR corals OR octocoral OR gorgonian OR ""sea pen"" OR scleractinian OR antipatharian OR ""black coral"" OR sponge OR sponges OR Porifera OR demosponge OR hexactinellid OR ""glass sponge"" OR ""deep-sea sponge"" OR ""cold-water sponge"") (""sediment deposition"" OR ""sediment accumulation"" OR burial OR smothering OR ""sediment cover"" OR ""deposition rate"") government regulator monitoring technical report environmental assessment thesis dissertation proceedings operator report",,8,New Version of the NOAA Deep-Sea Coral & Sponge Map Portal Released | News | National Centers for Environmental Information (NCEI),https://www.ncei.noaa.gov/news/new-version-noaa-deep-sea-coral-sponge-map,ncei.noaa.gov,0.9598212939872576,,"July 16, 2026 ### ENSO Detection and Monitoring Depends on Data Read More Photo of a CTD device in the Gulf of Mexico from NOAA June 17, 2026 ### Tracking the Gulf Dead Zone Read More Image of a Bathymetric map. April 22, 2026 ### Explore the Sea Floor with NCEI’s Modernized Portal Read More [...] Deep-Sea Coral Research and Technology Program The Ocean’s Secret Gardens: Discovering Deep-Sea Corals with NCEI Exploring U.S. Deep-Sea Corals and Sponges Story Map ### Article Tags Oceans Animals Aquatic Sciences Corals Ecosystems Maps ## Related News A bright red/orange band",4.53,1
GL_BROAD_SED_DEPOSITION_02,SED_DEPOSITION,broad_web,BROAD_WEB,Unrestricted public web,Tavily Search API,2026-08-13,2026-08-13T23:00:50+00:00,"(coral OR corals OR octocoral OR gorgonian OR ""sea pen"" OR scleractinian OR antipatharian OR ""black coral"" OR sponge OR sponges OR Porifera OR demosponge OR hexactinellid OR ""glass sponge"" OR ""deep-sea sponge"" OR ""cold-water sponge"") (""sediment deposition"" OR ""sediment accumulation"" OR burial OR smothering OR ""sediment cover"" OR ""deposition rate"") government regulator monitoring technical report environmental assessment thesis dissertation proceedings operator report",,9,Hexactinellid - Wikipedia,https://en.wikipedia.org/wiki/Hexactinellida,en.wikipedia.org,0.9588082956649586,,"**Hexactinellid sponges** are sponges with a skeleton made of four- and/or six-pointed siliceous spicules ""Spicule (sponge)""), often referred to as **glass sponges**. Glass sponges are relatively uncommon and are mostly found at depths from 450 to 900 metres (1,480 to 2,950 ft) below sea level. Some species of glass sponges are capable of fusing together to create reefs or bioherms. Another glass sponge species in the same experiment of *R. Bodies of glass sponges are different from those of other sponges in various other ways. The sclerocytes that build spicules have multiple nuclei, and in g",4.53,1
GL_BROAD_SED_DEPOSITION_02,SED_DEPOSITION,broad_web,BROAD_WEB,Unrestricted public web,Tavily Search API,2026-08-13,2026-08-13T23:00:50+00:00,"(coral OR corals OR octocoral OR gorgonian OR ""sea pen"" OR scleractinian OR antipatharian OR ""black coral"" OR sponge OR sponges OR Porifera OR demosponge OR hexactinellid OR ""glass sponge"" OR ""deep-sea sponge"" OR ""cold-water sponge"") (""sediment deposition"" OR ""sediment accumulation"" OR burial OR smothering OR ""sediment cover"" OR ""deposition rate"") government regulator monitoring technical report environmental assessment thesis dissertation proceedings operator report",,10,Hexactinellid - Wikipedia,https://en.wikipedia.org/wiki/Glass_Sponge,en.wikipedia.org,0.9570224656666041,,"Title: Hexactinellid - Wikipedia | Glass sponges Temporal range: Late Ediacaran–present PreꞒ Ꞓ O S D C P T J K Pg N |. **Hexactinellid sponges** are sponges with a skeleton made of four- and/or six-pointed siliceous spicules ""Spicule (sponge)""), often referred to as **glass sponges**. Some experts believe that glass sponges are the longest-lived animals on earth; these scientists tentatively estimate a maximum age of up to 15,000 years. Glass sponges are relatively uncommon and are mostly found at depths from 450 to 900 metres (1,480 to 2,950 ft) below sea level. Some species of gl",4.53,1
GL_BROAD_SED_DEPOSITION_02,SED_DEPOSITION,broad_web,BROAD_WEB,Unrestricted public web,Tavily Search API,2026-08-13,2026-08-13T23:00:50+00:00,"(coral OR corals OR octocoral OR gorgonian OR ""sea pen"" OR scleractinian OR antipatharian OR ""black coral"" OR sponge OR sponges OR Porifera OR demosponge OR hexactinellid OR ""glass sponge"" OR ""deep-sea sponge"" OR ""cold-water sponge"") (""sediment deposition"" OR ""sediment accumulation"" OR burial OR smothering OR ""sediment cover"" OR ""deposition rate"") government regulator monitoring technical report environmental assessment thesis dissertation proceedings operator report",,11,"13,800+ Sponge Coral Stock Photos, Pictures & Royalty-Free Images - iStock",https://www.istockphoto.com/photos/sponge-coral,istockphoto.com,0.9549528855745109,,"Image 20: Sea corals, seaweed and ocean bottom sponge Sea corals, reef sponges and seaweeds. Ocean bottom life, marine animals and plants, topical undersea flora species. Monochrome vector black, stellar and gorgonian corals, acropora polyps sponge coral stock illustrations Sea corals, seaweed and ocean bottom sponge Sea corals, reef sponges and seaweeds. Ocean bottom life, marine animals and plants, topical undersea flora species. Monochrome vector black, stellar and gorgonian corals, acropora [...] Sea corals, seaweed and ocean bottom sponge Sea corals, reef sponges and seaweeds. Ocean bott",4.53,1
GL_BROAD_SED_DEPOSITION_02,SED_DEPOSITION,broad_web,BROAD_WEB,Unrestricted public web,Tavily Search API,2026-08-13,2026-08-13T23:00:50+00:00,"(coral OR corals OR octocoral OR gorgonian OR ""sea pen"" OR scleractinian OR antipatharian OR ""black coral"" OR sponge OR sponges OR Porifera OR demosponge OR hexactinellid OR ""glass sponge"" OR ""deep-sea sponge"" OR ""cold-water sponge"") (""sediment deposition"" OR ""sediment accumulation"" OR burial OR smothering OR ""sediment cover"" OR ""deposition rate"") government regulator monitoring technical report environmental assessment thesis dissertation proceedings operator report",,12,351 Sea Sponge High Res Illustrations - Getty Images,https://www.gettyimages.com/illustrations/sea-sponge,gettyimages.com,0.9486635903135644,,Image 59: the venus' flower basket (euplectella aspergillum) is a hexactinellid sponge in the phylum porifera inhabiting the deep ocean - sea sponge stock illustrations the venus' flower basket (euplectella aspergillum) is a hexactinellid sponge in the phylum porifera inhabiting the deep ocean - sea sponge stock illustrations The Venus' flower basket (Euplectella aspergillum) is a hexactinellid sponge in the phylum Porifera inhabiting the deep ocean [...] Pterygotus swimming in prehistoric waters. Image 51: hexactinellid sponges - sea sponge stock illustrations hexactinellid sponges - sea sp,4.53,1
GL_BROAD_SED_DEPOSITION_02,SED_DEPOSITION,broad_web,BROAD_WEB,Unrestricted public web,Tavily Search API,2026-08-13,2026-08-13T23:00:50+00:00,"(coral OR corals OR octocoral OR gorgonian OR ""sea pen"" OR scleractinian OR antipatharian OR ""black coral"" OR sponge OR sponges OR Porifera OR demosponge OR hexactinellid OR ""glass sponge"" OR ""deep-sea sponge"" OR ""cold-water sponge"") (""sediment deposition"" OR ""sediment accumulation"" OR burial OR smothering OR ""sediment cover"" OR ""deposition rate"") government regulator monitoring technical report environmental assessment thesis dissertation proceedings operator report",,13,Delineation of Coral and Sponge Significant Benthic Areas in ...,https://waves-vagues.dfo-mpo.gc.ca/Library/40577806.pdf,waves-vagues.dfo-mpo.gc.ca,0.9480258114559194,,"corals and absence). A very large catch of large gorgonian corals from the Fisheries Observer Program (triangle) was positioned in this area and provided independent confirmation of the SBA. EEZ of Canada is shown by the dashed line in the inset box. 121 Figure 102. Location of sponge (black outline), sea pen (yellow outline), large gorgonian (red outline) and small gorgonian coral (green outline) SBAs as determined from KDE analyses and random forest SDM based on presence-absence (large [...] Gorgonian Corals ....................................................................................",4.53,1
GL_BROAD_SED_DEPOSITION_02,SED_DEPOSITION,broad_web,BROAD_WEB,Unrestricted public web,Tavily Search API,2026-08-13,2026-08-13T23:00:50+00:00,"(coral OR corals OR octocoral OR gorgonian OR ""sea pen"" OR scleractinian OR antipatharian OR ""black coral"" OR sponge OR sponges OR Porifera OR demosponge OR hexactinellid OR ""glass sponge"" OR ""deep-sea sponge"" OR ""cold-water sponge"") (""sediment deposition"" OR ""sediment accumulation"" OR burial OR smothering OR ""sediment cover"" OR ""deposition rate"") government regulator monitoring technical report environmental assessment thesis dissertation proceedings operator report",,14,Pacific Islands Deep-Sea Coral and Sponge Initiative Final Report | NOAA Fisheries,https://www.fisheries.noaa.gov/resource/document/pacific-islands-deep-sea-coral-and-sponge-initiative-final-report,fisheries.noaa.gov,0.9455961511426105,,"Parke M, Kelley C, Putts M, Moriwaki V, Bingo S, Elliot K, Smith J, Montgomery A, Parrish F, Kahng S, et al. 2021. Deep-Sea Coral Research and Technology Program: Pacific Islands Deep-Sea Coral and Sponge Initiative Final Report. U.S. Dept. of Commerce, NOAA Technical Memorandum NOAA-TM-NMFS-PIFSC-117, 123 p. Last updated by Pacific Islands Fisheries Science Center on 09/29/2025 ## More Information Scroll to Top Icon Sign Up Mail Button NOAA Logo [...] Internet Explorer lacks support for the features of this website. For the best experience, please use a modern browser such as Chrome, Fir",4.53,1
GL_BROAD_SED_DEPOSITION_02,SED_DEPOSITION,broad_web,BROAD_WEB,Unrestricted public web,Tavily Search API,2026-08-13,2026-08-13T23:00:50+00:00,"(coral OR corals OR octocoral OR gorgonian OR ""sea pen"" OR scleractinian OR antipatharian OR ""black coral"" OR sponge OR sponges OR Porifera OR demosponge OR hexactinellid OR ""glass sponge"" OR ""deep-sea sponge"" OR ""cold-water sponge"") (""sediment deposition"" OR ""sediment accumulation"" OR burial OR smothering OR ""sediment cover"" OR ""deposition rate"") government regulator monitoring technical report environmental assessment thesis dissertation proceedings operator report",,15,Guest Post: The Secret to Flexibility in a Glass Sponge | Deep Sea News,https://deepseanews.com/2010/12/guest-post-the-secret-to-flexibility-in-a-glass-sponge,deepseanews.com,0.9427010774434303,,"Skip to content Wednesday, August 05, 2026 Twitter Facebook Pinterest Tumblr Deep Sea News ## Deep Sea News All the news on the Earth's largest environment. Deep Sea News Adaptations Evolution New Research # Guest Post: The Secret to Flexibility in a Glass Sponge Kevin Zelnio December 7, 2010 aquanautixbiomaterialsBiomimeticsBioprospectingGlass SpongeHyalonemaPoriferaSpiculessponge [...] Hexactinellid (glass) sponges are phylogenetically the oldest living organisms, dating back to the Cambrian period, 600 million years ago. Silica-collagen-based biomaterials are therefore highly",4.53,1
GL_BROAD_SED_DEPOSITION_02,SED_DEPOSITION,broad_web,BROAD_WEB,Unrestricted public web,Tavily Search API,2026-08-13,2026-08-13T23:00:50+00:00,"(coral OR corals OR octocoral OR gorgonian OR ""sea pen"" OR scleractinian OR antipatharian OR ""black coral"" OR sponge OR sponges OR Porifera OR demosponge OR hexactinellid OR ""glass sponge"" OR ""deep-sea sponge"" OR ""cold-water sponge"") (""sediment deposition"" OR ""sediment accumulation"" OR burial OR smothering OR ""sediment cover"" OR ""deposition rate"") government regulator monitoring technical report environmental assessment thesis dissertation proceedings operator report",,16,Science Plan for the Alaska Deep-Sea Coral and Sponge Initiative - (AKCSI): 2020-2023,https://www.readkong.com/page/science-plan-for-the-alaska-deep-sea-coral-and-sponge-8130036,readkong.com,0.9413848114315596,,"and growth. Environmental DNA (eDNA) samples will be collected on research expeditions and be used to make presence/absence comparisons with visual observations of coral, sponge, and fish. Subsequent to analyses, images, and other data (environmental, navigation and mapping) will be archived at the NOAA National Centers for Environmental Information (NCEI). Observations of corals and sponges will be archived and distributed through NOAA’s National Database of Deep-Sea Corals and Sponges. [...] and deep-sea corals and sponges, all of which were identified as priority areas of research for the 2",4.53,1
GL_BROAD_SED_DEPOSITION_02,SED_DEPOSITION,broad_web,BROAD_WEB,Unrestricted public web,Tavily Search API,2026-08-13,2026-08-13T23:00:50+00:00,"(coral OR corals OR octocoral OR gorgonian OR ""sea pen"" OR scleractinian OR antipatharian OR ""black coral"" OR sponge OR sponges OR Porifera OR demosponge OR hexactinellid OR ""glass sponge"" OR ""deep-sea sponge"" OR ""cold-water sponge"") (""sediment deposition"" OR ""sediment accumulation"" OR burial OR smothering OR ""sediment cover"" OR ""deposition rate"") government regulator monitoring technical report environmental assessment thesis dissertation proceedings operator report",,17,Sponges | NOAA Fisheries,https://www.fisheries.noaa.gov/tags/sponges,fisheries.noaa.gov,0.9331334700488999,,### Innovation to Learn More About Alaska's Deep-Sea Corals and the Species that Live There Post #4 Innovation to Learn About Deep-Sea Coral Communities in the Gulf of Alaska A sea floor of soft sediment covered in venus flytrap sea anenomes and other invertebrates such as brittle stars. Credit: NMFS/NOAA ### Researchers Find Massive Rare Sponge Mounds Hiding in the Deep Sea An isolated living white glass sponge on the seafloor [...] U.S. flag A .gov website belongs to an official government organization in the United States. A lock ( Lock Locked padlock icon ) or means you’ve safely,4.53,1
GL_BROAD_SED_DEPOSITION_02,SED_DEPOSITION,broad_web,BROAD_WEB,Unrestricted public web,Tavily Search API,2026-08-13,2026-08-13T23:00:50+00:00,"(coral OR corals OR octocoral OR gorgonian OR ""sea pen"" OR scleractinian OR antipatharian OR ""black coral"" OR sponge OR sponges OR Porifera OR demosponge OR hexactinellid OR ""glass sponge"" OR ""deep-sea sponge"" OR ""cold-water sponge"") (""sediment deposition"" OR ""sediment accumulation"" OR burial OR smothering OR ""sediment cover"" OR ""deposition rate"") government regulator monitoring technical report environmental assessment thesis dissertation proceedings operator report",,18,Deep-sea Sponge Ecosystems: Knowledge-based Approach Towards Sustainable Management and Conservation | Frontiers Research Topic,https://www.frontiersin.org/research-topics/12822/deep-sea-sponge-ecosystems-knowledge-based-approach-towards-sustainable-management-and-conservation/magazine,frontiersin.org,0.9215418962532858,,"# Deep-sea Sponge Ecosystems: Knowledge-based Approach Towards Sustainable Management and Conservation # Deep-sea Sponge Ecosystems: Knowledge-based Approach Towards Sustainable Management and Conservation Cover image for research topic ""Deep-sea Sponge Ecosystems: Knowledge-based Approach Towards Sustainable Management and Conservation"" Cover image for ""Deep-sea Sponge Ecosystems: Knowledge-based Approach Towards Sustainable Management and Conservation"" [...] # Deep-sea Sponge Ecosystems: Knowledge-based Approach Towards Sustainable Management and Conservation Journal Thumbnail",4.53,1
GL_BROAD_SED_DEPOSITION_02,SED_DEPOSITION,broad_web,BROAD_WEB,Unrestricted public web,Tavily Search API,2026-08-13,2026-08-13T23:00:50+00:00,"(coral OR corals OR octocoral OR gorgonian OR ""sea pen"" OR scleractinian OR antipatharian OR ""black coral"" OR sponge OR sponges OR Porifera OR demosponge OR hexactinellid OR ""glass sponge"" OR ""deep-sea sponge"" OR ""cold-water sponge"") (""sediment deposition"" OR ""sediment accumulation"" OR burial OR smothering OR ""sediment cover"" OR ""deposition rate"") government regulator monitoring technical report environmental assessment thesis dissertation proceedings operator report",,19,The sponge microbiome within the greater coral reef microbial metacommunity | Nature Communications,https://www.nature.com/articles/s41467-019-09537-8,nature.com,0.9137415813178861,,"In this study, we applied high-throughput 16S rRNA gene sequencing analysis to simultaneously assess the diversity of 216 prokaryote communities (Supplementary Data 1) from the following 14 biotopes: algae, chitons, stony corals, sea cucumber gut, sea cucumber mantle, sponge denizens (organisms that live on or within sponges), flatworms, nudibranch gut, nudibranch mantle, soft corals, sponges, sea urchins, seawater and sediment (Fig. 1). The abundance of Planctomycetes, for example, was significantly higher in sediment, and the sea cucumber gut and mantle than the nudibranch gut and mantle and",4.53,1
GL_BROAD_SED_DEPOSITION_02,SED_DEPOSITION,broad_web,BROAD_WEB,Unrestricted public web,Tavily Search API,2026-08-13,2026-08-13T23:00:50+00:00,"(coral OR corals OR octocoral OR gorgonian OR ""sea pen"" OR scleractinian OR antipatharian OR ""black coral"" OR sponge OR sponges OR Porifera OR demosponge OR hexactinellid OR ""glass sponge"" OR ""deep-sea sponge"" OR ""cold-water sponge"") (""sediment deposition"" OR ""sediment accumulation"" OR burial OR smothering OR ""sediment cover"" OR ""deposition rate"") government regulator monitoring technical report environmental assessment thesis dissertation proceedings operator report",,20,Sponge spawning and larval responses to sediment 2018 | AIMS,https://www.aims.gov.au/2018-seasim-spawning-research/-/asset_publisher/utzQibOL9UXk/content/sponge-spawning-and-larval-responses-to-sediment,aims.gov.au,0.9096443680846903,,"Title: Sponge spawning and larval responses to sediment 2018 | AIMS pink coral image with fish. # Sponge spawning and larval responses to sediment 2018. There are more than 9000 species of sponges in the world and in some parts of Australia, they are an important part of the seabed in tropical ecosystems. Sponges provide structure and habitat in areas where corals are less prominent, such as in deeper waters and turbid environments, where they can from sponge gardens. However, fundamental questions such as “When and how do they reproduce?”, “How far do larvae travel?” and “How do larvae and ju",4.53,1
GL_BROAD_SED_DRILLING_01,SED_DRILLING,broad_web,BROAD_WEB,Unrestricted public web,Tavily Search API,2026-08-13,2026-08-13T23:00:59+00:00,"(coral OR corals OR octocoral OR gorgonian OR ""sea pen"" OR scleractinian OR antipatharian OR ""black coral"" OR sponge OR sponges OR Porifera OR demosponge OR hexactinellid OR ""glass sponge"" OR ""deep-sea sponge"" OR ""cold-water sponge"") (""drill cuttings"" OR ""drilling mud"" OR ""drilling fluid"" OR ""drilling discharge"" OR ""cuttings pile"" OR ""offshore drilling"") (report OR ""technical report"" OR ""monitoring report"" OR assessment OR ""environmental impact statement"" OR EIS OR thesis OR dissertation OR proceedings OR ""regulatory submission"" OR ""operator report"") filetype:pdf",,1,Potential impacts of offshore oil and gas activities on deep-sea ...,https://www.pure.ed.ac.uk/ws/files/50841106/SpongeReview_FinalDraft.pdf,pure.ed.ac.uk,0.9676020378452674,,"inhibit the filtration systems of deep-sea sponges, while the discharge of produced water and. 497 drill cuttings could lead to bioaccumulation of hydrocarbons",3.17,1
GL_BROAD_SED_DRILLING_01,SED_DRILLING,broad_web,BROAD_WEB,Unrestricted public web,Tavily Search API,2026-08-13,2026-08-13T23:00:59+00:00,"(coral OR corals OR octocoral OR gorgonian OR ""sea pen"" OR scleractinian OR antipatharian OR ""black coral"" OR sponge OR sponges OR Porifera OR demosponge OR hexactinellid OR ""glass sponge"" OR ""deep-sea sponge"" OR ""cold-water sponge"") (""drill cuttings"" OR ""drilling mud"" OR ""drilling fluid"" OR ""drilling discharge"" OR ""cuttings pile"" OR ""offshore drilling"") (report OR ""technical report"" OR ""monitoring report"" OR assessment OR ""environmental impact statement"" OR EIS OR thesis OR dissertation OR proceedings OR ""regulatory submission"" OR ""operator report"") filetype:pdf",,2,Regional guidance on measures to protect corals and ...,https://www.dfo-mpo.gc.ca/publications/pnw-ppe/coral-sponge-caraux-eponges/nfl-guidance-directives-report-rapport-tnl-eng.html,dfo-mpo.gc.ca,0.966345641167381,,"- slurrification and reuse as spud mud: drill cuttings are processed by grinding to finer particles, and mixed with water and chemicals to meet specifications of drilling fluid (DNV, 2013); or - coarse slurrification of separated cuttings for disposal at the sea floor: consists of a combination of CTS and mud recovery techniques (DNV, 2013). [...] DNV. (2013). Guideline: Monitoring of drilling activities in areas with presence of cold water corals. Norwegian Oil and Gas Association. handbook-shec-mapping-assessment-and-monitoring-v0-final-signed.pdf DNV. (2019). Species and habitats of envir",3.17,1
GL_BROAD_SED_DRILLING_01,SED_DRILLING,broad_web,BROAD_WEB,Unrestricted public web,Tavily Search API,2026-08-13,2026-08-13T23:00:59+00:00,"(coral OR corals OR octocoral OR gorgonian OR ""sea pen"" OR scleractinian OR antipatharian OR ""black coral"" OR sponge OR sponges OR Porifera OR demosponge OR hexactinellid OR ""glass sponge"" OR ""deep-sea sponge"" OR ""cold-water sponge"") (""drill cuttings"" OR ""drilling mud"" OR ""drilling fluid"" OR ""drilling discharge"" OR ""cuttings pile"" OR ""offshore drilling"") (report OR ""technical report"" OR ""monitoring report"" OR assessment OR ""environmental impact statement"" OR EIS OR thesis OR dissertation OR proceedings OR ""regulatory submission"" OR ""operator report"") filetype:pdf",,3,New Report Documents Amazing U.S. Deep-Sea Coral and Sponge Ecosystems | NOAA Fisheries,https://www.fisheries.noaa.gov/feature-story/new-report-documents-amazing-us-deep-sea-coral-and-sponge-ecosystems,fisheries.noaa.gov,0.9617576434325535,,"NOAA’s new report, State of Deep-Sea Coral and Sponge Ecosystems of the United States (PDF, 467 pages), explains advances in deep-sea coral research over the past decade and how this new information is shaping deep-sea conservation. Each of the report’s 13 peer-reviewed chapters was written by leading U.S. researchers. Six regional chapters summarize new research—much of it led by NOAA—and explain how results have led to improvements in deep-sea management. It also shares an understanding of [...] These chapters serve as a ten-year update to the first State of Deep Coral Ecosystems of the Unit",3.17,1
GL_BROAD_SED_DRILLING_01,SED_DRILLING,broad_web,BROAD_WEB,Unrestricted public web,Tavily Search API,2026-08-13,2026-08-13T23:00:59+00:00,"(coral OR corals OR octocoral OR gorgonian OR ""sea pen"" OR scleractinian OR antipatharian OR ""black coral"" OR sponge OR sponges OR Porifera OR demosponge OR hexactinellid OR ""glass sponge"" OR ""deep-sea sponge"" OR ""cold-water sponge"") (""drill cuttings"" OR ""drilling mud"" OR ""drilling fluid"" OR ""drilling discharge"" OR ""cuttings pile"" OR ""offshore drilling"") (report OR ""technical report"" OR ""monitoring report"" OR assessment OR ""environmental impact statement"" OR EIS OR thesis OR dissertation OR proceedings OR ""regulatory submission"" OR ""operator report"") filetype:pdf",,4,Avoidance and Mitigation of Coral and Sponge Species ...,https://www.researchgate.net/publication/370426457_Avoidance_and_Mitigation_of_Coral_and_Sponge_Species_During_Exploratory_Drilling_Activities_Offshore_Newfoundland_and_Labrador,researchgate.net,0.9528826996993589,,"site and/or platform in the form of drilling mud, contaminated drill cuttings, and concrete. Exposure to these chemicals also pose potential risks to coral, but",3.17,1
GL_BROAD_SED_DRILLING_01,SED_DRILLING,broad_web,BROAD_WEB,Unrestricted public web,Tavily Search API,2026-08-13,2026-08-13T23:00:59+00:00,"(coral OR corals OR octocoral OR gorgonian OR ""sea pen"" OR scleractinian OR antipatharian OR ""black coral"" OR sponge OR sponges OR Porifera OR demosponge OR hexactinellid OR ""glass sponge"" OR ""deep-sea sponge"" OR ""cold-water sponge"") (""drill cuttings"" OR ""drilling mud"" OR ""drilling fluid"" OR ""drilling discharge"" OR ""cuttings pile"" OR ""offshore drilling"") (report OR ""technical report"" OR ""monitoring report"" OR assessment OR ""environmental impact statement"" OR EIS OR thesis OR dissertation OR proceedings OR ""regulatory submission"" OR ""operator report"") filetype:pdf",,5,Impacts of barite and bentonite sedimentation on the ...,https://www.sciencedirect.com/science/article/abs/pii/S0967064525000852,sciencedirect.com,0.952480481739375,,"by K Murray · 2025 · Cited by 1 — One of the main wastes of offshore drilling is the discharge of drill muds, commonly including barite and bentonite clay. ... drill cuttings in",3.17,1
GL_BROAD_SED_DRILLING_01,SED_DRILLING,broad_web,BROAD_WEB,Unrestricted public web,Tavily Search API,2026-08-13,2026-08-13T23:00:59+00:00,"(coral OR corals OR octocoral OR gorgonian OR ""sea pen"" OR scleractinian OR antipatharian OR ""black coral"" OR sponge OR sponges OR Porifera OR demosponge OR hexactinellid OR ""glass sponge"" OR ""deep-sea sponge"" OR ""cold-water sponge"") (""drill cuttings"" OR ""drilling mud"" OR ""drilling fluid"" OR ""drilling discharge"" OR ""cuttings pile"" OR ""offshore drilling"") (report OR ""technical report"" OR ""monitoring report"" OR assessment OR ""environmental impact statement"" OR EIS OR thesis OR dissertation OR proceedings OR ""regulatory submission"" OR ""operator report"") filetype:pdf",,6,Review_PrePrint.docx,https://nora.nerc.ac.uk/id/eprint/519585/1/Review_PrePrint.docx,nora.nerc.ac.uk,0.9489284663099271,,physical disturbance and discharge of drill muds have been shown to decrease diversity and density of organisms associated with deep-sea sponge grounds.,3.17,1
GL_BROAD_SED_DRILLING_01,SED_DRILLING,broad_web,BROAD_WEB,Unrestricted public web,Tavily Search API,2026-08-13,2026-08-13T23:00:59+00:00,"(coral OR corals OR octocoral OR gorgonian OR ""sea pen"" OR scleractinian OR antipatharian OR ""black coral"" OR sponge OR sponges OR Porifera OR demosponge OR hexactinellid OR ""glass sponge"" OR ""deep-sea sponge"" OR ""cold-water sponge"") (""drill cuttings"" OR ""drilling mud"" OR ""drilling fluid"" OR ""drilling discharge"" OR ""cuttings pile"" OR ""offshore drilling"") (report OR ""technical report"" OR ""monitoring report"" OR assessment OR ""environmental impact statement"" OR EIS OR thesis OR dissertation OR proceedings OR ""regulatory submission"" OR ""operator report"") filetype:pdf",,7,Sea Sponges - USVI,https://www.snorkelstj.com/sponges_gallery.html,snorkelstj.com,0.9454643137229676,,(6 photos) Red Blister Sponge - Monanchora arbuscula / unguifera #### Red Encrusting Sponges (20 photos) Fire Sponge #### Volcano / Fire Sponge (15 photos) Star Encrusting Sponge #### Star Encrusting Sponge (13 photos) Coral Encrusting Sponge #### Coral Encrusting Sponge (11 photos) Pink Encrusting Sponge #### Pink Encrusting Sponge (9 photos) Black Pinnacle Sponge #### Black Pinnacle Sponge (9 photos) Bell Sponge - Ircinia campana #### Bell Sponge ( photos) [...] (13 photos) Fungus Spongei - Dictyonella funicularis #### Fungus Sponge (5 photos) Pink and Red Encrustin,3.17,1
GL_BROAD_SED_DRILLING_01,SED_DRILLING,broad_web,BROAD_WEB,Unrestricted public web,Tavily Search API,2026-08-13,2026-08-13T23:00:59+00:00,"(coral OR corals OR octocoral OR gorgonian OR ""sea pen"" OR scleractinian OR antipatharian OR ""black coral"" OR sponge OR sponges OR Porifera OR demosponge OR hexactinellid OR ""glass sponge"" OR ""deep-sea sponge"" OR ""cold-water sponge"") (""drill cuttings"" OR ""drilling mud"" OR ""drilling fluid"" OR ""drilling discharge"" OR ""cuttings pile"" OR ""offshore drilling"") (report OR ""technical report"" OR ""monitoring report"" OR assessment OR ""environmental impact statement"" OR EIS OR thesis OR dissertation OR proceedings OR ""regulatory submission"" OR ""operator report"") filetype:pdf",,8,Pre-drilling June 2022 Seabed Investigation Video Analysis Report,https://www.bp.com/api/files/6cqieuqhq4no/master/PtXtpbZgwGxUdEzcUX9AS/b08166eecb6c2e284645bd1e5735339d/pre-drilling-june-2022-seabed-investigation-video-analysis-report.pdf,bp.com,0.9450718457371834,,Sea pen density within the drill cutting zone (greater than 1.5 mm PNET) were mainly between 0.02 ind./m2 to 0.64 ind./m2 with one instance of 0.67 ind./m2,3.17,1
GL_BROAD_SED_DRILLING_01,SED_DRILLING,broad_web,BROAD_WEB,Unrestricted public web,Tavily Search API,2026-08-13,2026-08-13T23:00:59+00:00,"(coral OR corals OR octocoral OR gorgonian OR ""sea pen"" OR scleractinian OR antipatharian OR ""black coral"" OR sponge OR sponges OR Porifera OR demosponge OR hexactinellid OR ""glass sponge"" OR ""deep-sea sponge"" OR ""cold-water sponge"") (""drill cuttings"" OR ""drilling mud"" OR ""drilling fluid"" OR ""drilling discharge"" OR ""cuttings pile"" OR ""offshore drilling"") (report OR ""technical report"" OR ""monitoring report"" OR assessment OR ""environmental impact statement"" OR EIS OR thesis OR dissertation OR proceedings OR ""regulatory submission"" OR ""operator report"") filetype:pdf",,9,Sponges :: Welcome to the Coral Digest,https://www.coraldigest.org/reef_inhabitants/sponges/index.html,coraldigest.org,0.9443070302780487,,"sponge is a dried demosponge. (/reef_inhabitants/sponges/index.html) [...] ## Glass Sponges Glass sponges are not found in coral reefs. Instead, they exist mainly in deep Arctic waters.(/reef_inhabitants/sponges/index.html) They are composed of silica, the same chemical compound that makes up glass. Their spicules are fused in large complicated patterns. (/reef_inhabitants/sponges/index.html) ## Homoscleromorpha [...] # Sponges Sponge Photos Sponges may have been the first animal on Earth. A 2016 study showed a connection between a molecule produced by sponges and a similar molecule found",3.17,1
GL_BROAD_SED_DRILLING_01,SED_DRILLING,broad_web,BROAD_WEB,Unrestricted public web,Tavily Search API,2026-08-13,2026-08-13T23:00:59+00:00,"(coral OR corals OR octocoral OR gorgonian OR ""sea pen"" OR scleractinian OR antipatharian OR ""black coral"" OR sponge OR sponges OR Porifera OR demosponge OR hexactinellid OR ""glass sponge"" OR ""deep-sea sponge"" OR ""cold-water sponge"") (""drill cuttings"" OR ""drilling mud"" OR ""drilling fluid"" OR ""drilling discharge"" OR ""cuttings pile"" OR ""offshore drilling"") (report OR ""technical report"" OR ""monitoring report"" OR assessment OR ""environmental impact statement"" OR EIS OR thesis OR dissertation OR proceedings OR ""regulatory submission"" OR ""operator report"") filetype:pdf",,10,Describing New Deep-Sea Corals and Sponges,https://ocean.si.edu/ecosystems/coral-reefs/describing-new-deep-sea-corals-and-sponges,ocean.si.edu,0.9366630242502247,,"Sponges and corals provide habitats for other animals in the deep by building structure through reefs, filtering water, and providing nutrients to other animals",3.17,1
GL_BROAD_SED_DRILLING_01,SED_DRILLING,broad_web,BROAD_WEB,Unrestricted public web,Tavily Search API,2026-08-13,2026-08-13T23:00:59+00:00,"(coral OR corals OR octocoral OR gorgonian OR ""sea pen"" OR scleractinian OR antipatharian OR ""black coral"" OR sponge OR sponges OR Porifera OR demosponge OR hexactinellid OR ""glass sponge"" OR ""deep-sea sponge"" OR ""cold-water sponge"") (""drill cuttings"" OR ""drilling mud"" OR ""drilling fluid"" OR ""drilling discharge"" OR ""cuttings pile"" OR ""offshore drilling"") (report OR ""technical report"" OR ""monitoring report"" OR assessment OR ""environmental impact statement"" OR EIS OR thesis OR dissertation OR proceedings OR ""regulatory submission"" OR ""operator report"") filetype:pdf",,11,Identifying the sponge signature on coral reefs,https://www.youtube.com/watch?v=9fGFI0q9_6g,youtube.com,0.9231235978143555,,"Sponges can filter most of the water on coral reefs. Cara Fiore wants to find out how sponges influence the water chemistry on coral reefs,",3.17,1
GL_BROAD_SED_DRILLING_01,SED_DRILLING,broad_web,BROAD_WEB,Unrestricted public web,Tavily Search API,2026-08-13,2026-08-13T23:00:59+00:00,"(coral OR corals OR octocoral OR gorgonian OR ""sea pen"" OR scleractinian OR antipatharian OR ""black coral"" OR sponge OR sponges OR Porifera OR demosponge OR hexactinellid OR ""glass sponge"" OR ""deep-sea sponge"" OR ""cold-water sponge"") (""drill cuttings"" OR ""drilling mud"" OR ""drilling fluid"" OR ""drilling discharge"" OR ""cuttings pile"" OR ""offshore drilling"") (report OR ""technical report"" OR ""monitoring report"" OR assessment OR ""environmental impact statement"" OR EIS OR thesis OR dissertation OR proceedings OR ""regulatory submission"" OR ""operator report"") filetype:pdf",,12,"Drill, Baby, Drill: Sponges Bore Into Shells Twice as Fast in Acidic Seawater",https://www.smithsonianmag.com/science-nature/drill-baby-drill-sponges-bore-into-shells-twice-as-fast-in-acidic-seawater-796124,smithsonianmag.com,0.9227595403692798,,"The sponges weren’t entirely thrilled by the water’s higher acidity, which killed 20% of the them (although the researchers aren’t sure why). Despite this loss, 80% of the sponges doing twice as much drilling meant more damage to shelled organisms in total. Temperature did not affect sponge behavior at all. [...] Smithsonian Magazine white logo Search Shop Newsletters Renew Give a Gift Subscribe Membership Subscribe to Smithsonian magazine and get a FREE tote. # Drill, Baby, Drill: Sponges Bore Into Shells Twice as Fast in Acidic Seawater ## In acidic water, drilling sponges damage scallop",3.17,1
GL_BROAD_SED_DRILLING_01,SED_DRILLING,broad_web,BROAD_WEB,Unrestricted public web,Tavily Search API,2026-08-13,2026-08-13T23:00:59+00:00,"(coral OR corals OR octocoral OR gorgonian OR ""sea pen"" OR scleractinian OR antipatharian OR ""black coral"" OR sponge OR sponges OR Porifera OR demosponge OR hexactinellid OR ""glass sponge"" OR ""deep-sea sponge"" OR ""cold-water sponge"") (""drill cuttings"" OR ""drilling mud"" OR ""drilling fluid"" OR ""drilling discharge"" OR ""cuttings pile"" OR ""offshore drilling"") (report OR ""technical report"" OR ""monitoring report"" OR assessment OR ""environmental impact statement"" OR EIS OR thesis OR dissertation OR proceedings OR ""regulatory submission"" OR ""operator report"") filetype:pdf",,13,Sponges,https://www.shapeoflife.org/phyla/sponges,shapeoflife.org,0.9162047709684964,,And with increasing ocean acidification the calcium carbonate on the reef will be easier for the boring sponge to excavate. Glass sponge reefs may be suffering.,3.17,1
GL_BROAD_SED_DRILLING_01,SED_DRILLING,broad_web,BROAD_WEB,Unrestricted public web,Tavily Search API,2026-08-13,2026-08-13T23:00:59+00:00,"(coral OR corals OR octocoral OR gorgonian OR ""sea pen"" OR scleractinian OR antipatharian OR ""black coral"" OR sponge OR sponges OR Porifera OR demosponge OR hexactinellid OR ""glass sponge"" OR ""deep-sea sponge"" OR ""cold-water sponge"") (""drill cuttings"" OR ""drilling mud"" OR ""drilling fluid"" OR ""drilling discharge"" OR ""cuttings pile"" OR ""offshore drilling"") (report OR ""technical report"" OR ""monitoring report"" OR assessment OR ""environmental impact statement"" OR EIS OR thesis OR dissertation OR proceedings OR ""regulatory submission"" OR ""operator report"") filetype:pdf",,14,MyFWC Florida Fish and Wildlife,https://www.facebook.com/MyFWC/posts/power-of-the-spongesponges-like-coral-are-living-multicellular-organisms-they-co/543096104519101,facebook.com,0.85549173395148,,stop-opacity='0'/%3E%3C/radialGradient%3E%3ClinearGradient id='paint0_linear_15251_63610' x1='2.3989' y1='2.3999' x2='13.5983' y2='13.5993' gradientUnits='userSpaceOnUse'%3E%3Cstop stop-color='%2302ADFC'/%3E%3Cstop offset='.5' stop-color='%230866FF'/%3E%3Cstop offset='1' stop-color='%232B7EFF'/%3E%3C/linearGradient%3E%3C/defs%3E%3C/svg%3E) [...] stop-opacity='0'/%3E%3C/radialGradient%3E%3ClinearGradient id='paint0_linear_15251_63610' x1='2.3989' y1='2.3999' x2='13.5983' y2='13.5993' gradientUnits='userSpaceOnUse'%3E%3Cstop stop-color='%2302ADFC'/%3E%3Cstop offset='.5' stop-color='%230866FF'/%3,3.17,1
GL_BROAD_SED_DRILLING_01,SED_DRILLING,broad_web,BROAD_WEB,Unrestricted public web,Tavily Search API,2026-08-13,2026-08-13T23:00:59+00:00,"(coral OR corals OR octocoral OR gorgonian OR ""sea pen"" OR scleractinian OR antipatharian OR ""black coral"" OR sponge OR sponges OR Porifera OR demosponge OR hexactinellid OR ""glass sponge"" OR ""deep-sea sponge"" OR ""cold-water sponge"") (""drill cuttings"" OR ""drilling mud"" OR ""drilling fluid"" OR ""drilling discharge"" OR ""cuttings pile"" OR ""offshore drilling"") (report OR ""technical report"" OR ""monitoring report"" OR assessment OR ""environmental impact statement"" OR EIS OR thesis OR dissertation OR proceedings OR ""regulatory submission"" OR ""operator report"") filetype:pdf",,15,Coral Sponge: The Guide to Recognizing it While Diving,https://www.dresseldivers.com/blog/coral-sponge-guide,dresseldivers.com,0.8466721924438461,,"Learn what a coral sponge is, how to tell it apart from coral, and why it's key to reef life. Fun facts, types, and the best dive spots!",3.17,1
GL_BROAD_SED_DRILLING_01,SED_DRILLING,broad_web,BROAD_WEB,Unrestricted public web,Tavily Search API,2026-08-13,2026-08-13T23:00:59+00:00,"(coral OR corals OR octocoral OR gorgonian OR ""sea pen"" OR scleractinian OR antipatharian OR ""black coral"" OR sponge OR sponges OR Porifera OR demosponge OR hexactinellid OR ""glass sponge"" OR ""deep-sea sponge"" OR ""cold-water sponge"") (""drill cuttings"" OR ""drilling mud"" OR ""drilling fluid"" OR ""drilling discharge"" OR ""cuttings pile"" OR ""offshore drilling"") (report OR ""technical report"" OR ""monitoring report"" OR assessment OR ""environmental impact statement"" OR EIS OR thesis OR dissertation OR proceedings OR ""regulatory submission"" OR ""operator report"") filetype:pdf",,16,"Sponge, coral...nothing?",https://www.thefossilforum.com/topic/63135-sponge-coralnothing,thefossilforum.com,0.8335181202639749,,It looks like worm tubes not a sponge. Does it fizz in HCl? If yes than it is calcite? I found this Informative 1.,3.17,1
GL_BROAD_SED_DRILLING_01,SED_DRILLING,broad_web,BROAD_WEB,Unrestricted public web,Tavily Search API,2026-08-13,2026-08-13T23:00:59+00:00,"(coral OR corals OR octocoral OR gorgonian OR ""sea pen"" OR scleractinian OR antipatharian OR ""black coral"" OR sponge OR sponges OR Porifera OR demosponge OR hexactinellid OR ""glass sponge"" OR ""deep-sea sponge"" OR ""cold-water sponge"") (""drill cuttings"" OR ""drilling mud"" OR ""drilling fluid"" OR ""drilling discharge"" OR ""cuttings pile"" OR ""offshore drilling"") (report OR ""technical report"" OR ""monitoring report"" OR assessment OR ""environmental impact statement"" OR EIS OR thesis OR dissertation OR proceedings OR ""regulatory submission"" OR ""operator report"") filetype:pdf",,17,Sponge Science - I care about coral,https://icareaboutcoral.org/sponge-science,icareaboutcoral.org,0.8282952276104597,,"Spicules provide rigidity to the sponge, like the bones in our body, and are made of silica or calcium carbonate. Holding these spicules",3.17,1
GL_BROAD_SED_DRILLING_01,SED_DRILLING,broad_web,BROAD_WEB,Unrestricted public web,Tavily Search API,2026-08-13,2026-08-13T23:00:59+00:00,"(coral OR corals OR octocoral OR gorgonian OR ""sea pen"" OR scleractinian OR antipatharian OR ""black coral"" OR sponge OR sponges OR Porifera OR demosponge OR hexactinellid OR ""glass sponge"" OR ""deep-sea sponge"" OR ""cold-water sponge"") (""drill cuttings"" OR ""drilling mud"" OR ""drilling fluid"" OR ""drilling discharge"" OR ""cuttings pile"" OR ""offshore drilling"") (report OR ""technical report"" OR ""monitoring report"" OR assessment OR ""environmental impact statement"" OR EIS OR thesis OR dissertation OR proceedings OR ""regulatory submission"" OR ""operator report"") filetype:pdf",,18,Stunning Sponges of BIOT (KSLOF),https://www.livingoceansfoundation.org/stunning-sponges,livingoceansfoundation.org,0.822240094871867,,In competition for space they produce acid metabolites which enable the sponge to bore into corals by dissolving their calcium carbonate,3.17,1
GL_BROAD_SED_DRILLING_01,SED_DRILLING,broad_web,BROAD_WEB,Unrestricted public web,Tavily Search API,2026-08-13,2026-08-13T23:00:59+00:00,"(coral OR corals OR octocoral OR gorgonian OR ""sea pen"" OR scleractinian OR antipatharian OR ""black coral"" OR sponge OR sponges OR Porifera OR demosponge OR hexactinellid OR ""glass sponge"" OR ""deep-sea sponge"" OR ""cold-water sponge"") (""drill cuttings"" OR ""drilling mud"" OR ""drilling fluid"" OR ""drilling discharge"" OR ""cuttings pile"" OR ""offshore drilling"") (report OR ""technical report"" OR ""monitoring report"" OR assessment OR ""environmental impact statement"" OR EIS OR thesis OR dissertation OR proceedings OR ""regulatory submission"" OR ""operator report"") filetype:pdf",,19,Avoidance and Mitigation of Coral and Sponge Species ...,https://publications.gc.ca/collections/collection_2022/mpo-dfo/fs70-5/Fs70-5-2022-059-eng.pdf,publications.gc.ca,0.786705961174856,,"Continue to publication To request an alternate format of a publication, complete the Government of Canada Publications email form. Use the form’s “question or comment” field to specify the requested publication. [...] Gouvernement du Canada Symbole du gouvernement du Canada # Information archivée dans le Web / Information Archived on the Web ## Publications du gouvernement du Canada Continuer vers la publication Pour demander une publication dans un format alternatif, remplissez le formulaire électronique des publications du gouvernement du Canada. Utilisez le champ du formulaire «questi",3.17,1
GL_BROAD_SED_DRILLING_02,SED_DRILLING,broad_web,BROAD_WEB,Unrestricted public web,Tavily Search API,2026-08-13,2026-08-13T23:01:08+00:00,"(coral OR corals OR octocoral OR gorgonian OR ""sea pen"" OR scleractinian OR antipatharian OR ""black coral"" OR sponge OR sponges OR Porifera OR demosponge OR hexactinellid OR ""glass sponge"" OR ""deep-sea sponge"" OR ""cold-water sponge"") (""drill cuttings"" OR ""drilling mud"" OR ""drilling fluid"" OR ""drilling discharge"" OR ""cuttings pile"" OR ""offshore drilling"") government regulator monitoring technical report environmental assessment thesis dissertation proceedings operator report",,1,Regional guidance on measures to protect corals and ...,https://www.dfo-mpo.gc.ca/publications/pnw-ppe/coral-sponge-caraux-eponges/nfl-guidance-directives-report-rapport-tnl-eng.html,dfo-mpo.gc.ca,0.9662076768463309,,"- slurrification and reuse as spud mud: drill cuttings are processed by grinding to finer particles, and mixed with water and chemicals to meet specifications of drilling fluid (DNV, 2013); or - coarse slurrification of separated cuttings for disposal at the sea floor: consists of a combination of CTS and mud recovery techniques (DNV, 2013). [...] DNV. (2013). Guideline: Monitoring of drilling activities in areas with presence of cold water corals. Norwegian Oil and Gas Association. handbook-shec-mapping-assessment-and-monitoring-v0-final-signed.pdf DNV. (2019). Species and habitats of envir",3.52,1
GL_BROAD_SED_DRILLING_02,SED_DRILLING,broad_web,BROAD_WEB,Unrestricted public web,Tavily Search API,2026-08-13,2026-08-13T23:01:08+00:00,"(coral OR corals OR octocoral OR gorgonian OR ""sea pen"" OR scleractinian OR antipatharian OR ""black coral"" OR sponge OR sponges OR Porifera OR demosponge OR hexactinellid OR ""glass sponge"" OR ""deep-sea sponge"" OR ""cold-water sponge"") (""drill cuttings"" OR ""drilling mud"" OR ""drilling fluid"" OR ""drilling discharge"" OR ""cuttings pile"" OR ""offshore drilling"") government regulator monitoring technical report environmental assessment thesis dissertation proceedings operator report",,2,New Report Documents Amazing U.S. Deep-Sea Coral and Sponge Ecosystems | NOAA Fisheries,https://www.fisheries.noaa.gov/feature-story/new-report-documents-amazing-us-deep-sea-coral-and-sponge-ecosystems,fisheries.noaa.gov,0.9569299745749797,,"NOAA’s new report, State of Deep-Sea Coral and Sponge Ecosystems of the United States (PDF, 467 pages), explains advances in deep-sea coral research over the past decade and how this new information is shaping deep-sea conservation. Each of the report’s 13 peer-reviewed chapters was written by leading U.S. researchers. Six regional chapters summarize new research—much of it led by NOAA—and explain how results have led to improvements in deep-sea management. It also shares an understanding of [...] Six additional articles focus on cross-cutting topics including species discovery, interactions b",3.52,1
GL_BROAD_SED_DRILLING_02,SED_DRILLING,broad_web,BROAD_WEB,Unrestricted public web,Tavily Search API,2026-08-13,2026-08-13T23:01:08+00:00,"(coral OR corals OR octocoral OR gorgonian OR ""sea pen"" OR scleractinian OR antipatharian OR ""black coral"" OR sponge OR sponges OR Porifera OR demosponge OR hexactinellid OR ""glass sponge"" OR ""deep-sea sponge"" OR ""cold-water sponge"") (""drill cuttings"" OR ""drilling mud"" OR ""drilling fluid"" OR ""drilling discharge"" OR ""cuttings pile"" OR ""offshore drilling"") government regulator monitoring technical report environmental assessment thesis dissertation proceedings operator report",,3,Avoidance and Mitigation of Coral and Sponge Species ...,https://www.researchgate.net/publication/370426457_Avoidance_and_Mitigation_of_Coral_and_Sponge_Species_During_Exploratory_Drilling_Activities_Offshore_Newfoundland_and_Labrador,researchgate.net,0.9518933230383231,,"site and/or platform in the form of drilling mud, contaminated drill cuttings, and concrete. Exposure to these chemicals also pose potential risks to coral, but ...Read more",3.52,1
GL_BROAD_SED_DRILLING_02,SED_DRILLING,broad_web,BROAD_WEB,Unrestricted public web,Tavily Search API,2026-08-13,2026-08-13T23:01:08+00:00,"(coral OR corals OR octocoral OR gorgonian OR ""sea pen"" OR scleractinian OR antipatharian OR ""black coral"" OR sponge OR sponges OR Porifera OR demosponge OR hexactinellid OR ""glass sponge"" OR ""deep-sea sponge"" OR ""cold-water sponge"") (""drill cuttings"" OR ""drilling mud"" OR ""drilling fluid"" OR ""drilling discharge"" OR ""cuttings pile"" OR ""offshore drilling"") government regulator monitoring technical report environmental assessment thesis dissertation proceedings operator report",,4,Review_PrePrint.docx,https://nora.nerc.ac.uk/id/eprint/519585/1/Review_PrePrint.docx,nora.nerc.ac.uk,0.9500545818320363,,physical disturbance and discharge of drill muds have been shown to decrease diversity and density of organisms associated with deep-sea sponge grounds.,3.52,1
GL_BROAD_SED_DRILLING_02,SED_DRILLING,broad_web,BROAD_WEB,Unrestricted public web,Tavily Search API,2026-08-13,2026-08-13T23:01:08+00:00,"(coral OR corals OR octocoral OR gorgonian OR ""sea pen"" OR scleractinian OR antipatharian OR ""black coral"" OR sponge OR sponges OR Porifera OR demosponge OR hexactinellid OR ""glass sponge"" OR ""deep-sea sponge"" OR ""cold-water sponge"") (""drill cuttings"" OR ""drilling mud"" OR ""drilling fluid"" OR ""drilling discharge"" OR ""cuttings pile"" OR ""offshore drilling"") government regulator monitoring technical report environmental assessment thesis dissertation proceedings operator report",,5,Pre-drilling June 2022 Seabed Investigation Video Analysis Report,https://www.bp.com/api/files/6cqieuqhq4no/master/PtXtpbZgwGxUdEzcUX9AS/b08166eecb6c2e284645bd1e5735339d/pre-drilling-june-2022-seabed-investigation-video-analysis-report.pdf,bp.com,0.9442640565267596,,Sea pen density within the drill cutting zone (greater than 1.5 mm PNET) were mainly between 0.02 ind./m2 to 0.64 ind./m2 with one instance of 0.67 ind./m2,3.52,1
GL_BROAD_SED_DRILLING_02,SED_DRILLING,broad_web,BROAD_WEB,Unrestricted public web,Tavily Search API,2026-08-13,2026-08-13T23:01:08+00:00,"(coral OR corals OR octocoral OR gorgonian OR ""sea pen"" OR scleractinian OR antipatharian OR ""black coral"" OR sponge OR sponges OR Porifera OR demosponge OR hexactinellid OR ""glass sponge"" OR ""deep-sea sponge"" OR ""cold-water sponge"") (""drill cuttings"" OR ""drilling mud"" OR ""drilling fluid"" OR ""drilling discharge"" OR ""cuttings pile"" OR ""offshore drilling"") government regulator monitoring technical report environmental assessment thesis dissertation proceedings operator report",,6,Avoidance and Mitigation of Coral and Sponge Species ...,https://publications.gc.ca/collections/collection_2022/mpo-dfo/fs70-5/Fs70-5-2022-059-eng.pdf,publications.gc.ca,0.908813466614314,,"Continue to publication To request an alternate format of a publication, complete the Government of Canada Publications email form. Use the form’s “question or comment” field to specify the requested publication. [...] Gouvernement du Canada Symbole du gouvernement du Canada # Information archivée dans le Web / Information Archived on the Web ## Publications du gouvernement du Canada Continuer vers la publication Pour demander une publication dans un format alternatif, remplissez le formulaire électronique des publications du gouvernement du Canada. Utilisez le champ du formulaire «questi",3.52,1
GL_BROAD_SED_DRILLING_02,SED_DRILLING,broad_web,BROAD_WEB,Unrestricted public web,Tavily Search API,2026-08-13,2026-08-13T23:01:08+00:00,"(coral OR corals OR octocoral OR gorgonian OR ""sea pen"" OR scleractinian OR antipatharian OR ""black coral"" OR sponge OR sponges OR Porifera OR demosponge OR hexactinellid OR ""glass sponge"" OR ""deep-sea sponge"" OR ""cold-water sponge"") (""drill cuttings"" OR ""drilling mud"" OR ""drilling fluid"" OR ""drilling discharge"" OR ""cuttings pile"" OR ""offshore drilling"") government regulator monitoring technical report environmental assessment thesis dissertation proceedings operator report",,7,"Sponge, coral...nothing?",https://www.thefossilforum.com/topic/63135-sponge-coralnothing,thefossilforum.com,0.8876202235864583,,"Image 8: post-19830-0-87959500-1457315528_thumb.jpeg Posted March 7, 2016 It looks like worm tubes not a sponge. Does it fizz in HCl? If yes than it is calcite? Image 13: I found this Informative 1 My goal is to leave no stone or fossil unturned. See my Arizona Paleontology Guidelink The best single resource for Arizona paleontology anywhere. Posted March 7, 2016 It appears to be pumice. Is it light weight comparable to it's size? Jess B. Posted March 7, 2016 [...] The bright yellow boring sponge _Cliona celata_ may attack living or non-living shells or pebbles, making r",3.52,1
GL_BROAD_SED_DRILLING_02,SED_DRILLING,broad_web,BROAD_WEB,Unrestricted public web,Tavily Search API,2026-08-13,2026-08-13T23:01:08+00:00,"(coral OR corals OR octocoral OR gorgonian OR ""sea pen"" OR scleractinian OR antipatharian OR ""black coral"" OR sponge OR sponges OR Porifera OR demosponge OR hexactinellid OR ""glass sponge"" OR ""deep-sea sponge"" OR ""cold-water sponge"") (""drill cuttings"" OR ""drilling mud"" OR ""drilling fluid"" OR ""drilling discharge"" OR ""cuttings pile"" OR ""offshore drilling"") government regulator monitoring technical report environmental assessment thesis dissertation proceedings operator report",,8,MyFWC Florida Fish and Wildlife,https://www.facebook.com/MyFWC/posts/power-of-the-spongesponges-like-coral-are-living-multicellular-organisms-they-co/543096104519101,facebook.com,0.8641899455118314,,stop-opacity='0'/%3E%3C/radialGradient%3E%3ClinearGradient id='paint0_linear_15251_63610' x1='2.3989' y1='2.3999' x2='13.5983' y2='13.5993' gradientUnits='userSpaceOnUse'%3E%3Cstop stop-color='%2302ADFC'/%3E%3Cstop offset='.5' stop-color='%230866FF'/%3E%3Cstop offset='1' stop-color='%232B7EFF'/%3E%3C/linearGradient%3E%3C/defs%3E%3C/svg%3E) [...] stop-opacity='0'/%3E%3C/radialGradient%3E%3ClinearGradient id='paint0_linear_15251_63610' x1='2.3989' y1='2.3999' x2='13.5983' y2='13.5993' gradientUnits='userSpaceOnUse'%3E%3Cstop stop-color='%2302ADFC'/%3E%3Cstop offset='.5' stop-color='%230866FF'/%3,3.52,1
GL_BROAD_SED_DRILLING_02,SED_DRILLING,broad_web,BROAD_WEB,Unrestricted public web,Tavily Search API,2026-08-13,2026-08-13T23:01:08+00:00,"(coral OR corals OR octocoral OR gorgonian OR ""sea pen"" OR scleractinian OR antipatharian OR ""black coral"" OR sponge OR sponges OR Porifera OR demosponge OR hexactinellid OR ""glass sponge"" OR ""deep-sea sponge"" OR ""cold-water sponge"") (""drill cuttings"" OR ""drilling mud"" OR ""drilling fluid"" OR ""drilling discharge"" OR ""cuttings pile"" OR ""offshore drilling"") government regulator monitoring technical report environmental assessment thesis dissertation proceedings operator report",,9,Coral Sponge: The Guide to Recognizing it While Diving,https://www.dresseldivers.com/blog/coral-sponge-guide,dresseldivers.com,0.8527716663171248,,"May 15, 2025 — Learn what a coral sponge is, how to tell it apart from coral, and why it's key to reef life. Fun facts, types, and the best dive spots!",3.52,1
GL_BROAD_SED_DRILLING_02,SED_DRILLING,broad_web,BROAD_WEB,Unrestricted public web,Tavily Search API,2026-08-13,2026-08-13T23:01:08+00:00,"(coral OR corals OR octocoral OR gorgonian OR ""sea pen"" OR scleractinian OR antipatharian OR ""black coral"" OR sponge OR sponges OR Porifera OR demosponge OR hexactinellid OR ""glass sponge"" OR ""deep-sea sponge"" OR ""cold-water sponge"") (""drill cuttings"" OR ""drilling mud"" OR ""drilling fluid"" OR ""drilling discharge"" OR ""cuttings pile"" OR ""offshore drilling"") government regulator monitoring technical report environmental assessment thesis dissertation proceedings operator report",,10,Sponge Science - I care about coral,https://icareaboutcoral.org/sponge-science,icareaboutcoral.org,0.8314693030721527,,"Aug 20, 2025 — Spicules provide rigidity to the sponge, like the bones in our body, and are made of silica or calcium carbonate. Holding these spicules ...Read more",3.52,1
GL_BROAD_SED_DREDGING_02,SED_DREDGING,broad_web,BROAD_WEB,Unrestricted public web,Tavily Search API,2026-08-13,2026-08-13T23:01:26+00:00,"(coral OR corals OR octocoral OR gorgonian OR ""sea pen"" OR scleractinian OR antipatharian OR ""black coral"" OR sponge OR sponges OR Porifera OR demosponge OR hexactinellid OR ""glass sponge"" OR ""deep-sea sponge"" OR ""cold-water sponge"") (dredging OR ""dredge plume"" OR ""dredged material"" OR ""spoil disposal"" OR ""resuspended sediment"") government regulator monitoring technical report environmental assessment thesis dissertation proceedings operator report",,1,New Report Documents Amazing U.S. Deep-Sea Coral and Sponge Ecosystems | NOAA Fisheries,https://www.fisheries.noaa.gov/feature-story/new-report-documents-amazing-us-deep-sea-coral-and-sponge-ecosystems,fisheries.noaa.gov,0.9546265453417558,,"Six additional articles focus on cross-cutting topics including species discovery, interactions between fishing gear and corals/sponges, management of black coral harvests, improvements in habitat modeling, advances in coral ageing and growth rate research, and current knowledge of coral genetics and reproduction. Research presented in this report consolidates our understanding of how deep-sea corals and sponges contribute to resilient ecosystems and sustainable fisheries. [...] These chapters serve as a ten-year update to the first State of Deep Coral Ecosystems of the United States report, p",5.08,1
GL_BROAD_SED_DREDGING_02,SED_DREDGING,broad_web,BROAD_WEB,Unrestricted public web,Tavily Search API,2026-08-13,2026-08-13T23:01:26+00:00,"(coral OR corals OR octocoral OR gorgonian OR ""sea pen"" OR scleractinian OR antipatharian OR ""black coral"" OR sponge OR sponges OR Porifera OR demosponge OR hexactinellid OR ""glass sponge"" OR ""deep-sea sponge"" OR ""cold-water sponge"") (dredging OR ""dredge plume"" OR ""dredged material"" OR ""spoil disposal"" OR ""resuspended sediment"") government regulator monitoring technical report environmental assessment thesis dissertation proceedings operator report",,2,Effects of suspended sediments on the sponge holobiont ...,https://www.nature.com/articles/s41598-017-05241-z,nature.com,0.9485668549882443,,"by MC Pineda · 2017 · Cited by 75 — Dredging can cause high suspended sediment concentrations (SSC) in the water column, posing a hazard to filter feeding organisms like sponges",5.08,1
GL_BROAD_SED_DREDGING_02,SED_DREDGING,broad_web,BROAD_WEB,Unrestricted public web,Tavily Search API,2026-08-13,2026-08-13T23:01:26+00:00,"(coral OR corals OR octocoral OR gorgonian OR ""sea pen"" OR scleractinian OR antipatharian OR ""black coral"" OR sponge OR sponges OR Porifera OR demosponge OR hexactinellid OR ""glass sponge"" OR ""deep-sea sponge"" OR ""cold-water sponge"") (dredging OR ""dredge plume"" OR ""dredged material"" OR ""spoil disposal"" OR ""resuspended sediment"") government regulator monitoring technical report environmental assessment thesis dissertation proceedings operator report",,3,Sponges | Zoology | Research Starters,https://www.ebsco.com/research-starters/zoology/sponges,ebsco.com,0.9303870159206561,,"In deep waters, suited sponge divers descend into the sea to dredge sponges. In shallow waters off Florida, glass-bottomed boats from a mother ship are used. A pole ending in a pronged hook loosens sponges sighted and brings them to the surface. On return to the mother ship, sponges are spread on deck until their flesh decays, hung to dry in the rigging, or kept in seaside pens, which tides fill and empty, removing sponge tissues and leaving skeletons. ### Principal Terms [...] In deep waters, suited sponge divers descend into the sea to dredge sponges. In shallow waters off Florida, glass-bo",5.08,1
GL_BROAD_SED_DREDGING_02,SED_DREDGING,broad_web,BROAD_WEB,Unrestricted public web,Tavily Search API,2026-08-13,2026-08-13T23:01:26+00:00,"(coral OR corals OR octocoral OR gorgonian OR ""sea pen"" OR scleractinian OR antipatharian OR ""black coral"" OR sponge OR sponges OR Porifera OR demosponge OR hexactinellid OR ""glass sponge"" OR ""deep-sea sponge"" OR ""cold-water sponge"") (dredging OR ""dredge plume"" OR ""dredged material"" OR ""spoil disposal"" OR ""resuspended sediment"") government regulator monitoring technical report environmental assessment thesis dissertation proceedings operator report",,4,Sponges :: Welcome to the Coral Digest,https://www.coraldigest.org/reef_inhabitants/sponges/index.html,coraldigest.org,0.9193581763777204,,"sponge is a dried demosponge. (/reef_inhabitants/sponges/index.html) [...] ## Glass Sponges Glass sponges are not found in coral reefs. Instead, they exist mainly in deep Arctic waters.(/reef_inhabitants/sponges/index.html) They are composed of silica, the same chemical compound that makes up glass. Their spicules are fused in large complicated patterns. (/reef_inhabitants/sponges/index.html) ## Homoscleromorpha [...] ## Habitat Sponges are found most abundantly in coral reefs. Demosponges are the primary reef inhabitants, while Glass sponges are never seen. Most sponges will attach to a ha",5.08,1
GL_BROAD_SED_DREDGING_02,SED_DREDGING,broad_web,BROAD_WEB,Unrestricted public web,Tavily Search API,2026-08-13,2026-08-13T23:01:26+00:00,"(coral OR corals OR octocoral OR gorgonian OR ""sea pen"" OR scleractinian OR antipatharian OR ""black coral"" OR sponge OR sponges OR Porifera OR demosponge OR hexactinellid OR ""glass sponge"" OR ""deep-sea sponge"" OR ""cold-water sponge"") (dredging OR ""dredge plume"" OR ""dredged material"" OR ""spoil disposal"" OR ""resuspended sediment"") government regulator monitoring technical report environmental assessment thesis dissertation proceedings operator report",,5,Avoidance and Mitigation of Coral and Sponge Species ...,https://publications.gc.ca/collections/collection_2022/mpo-dfo/fs70-5/Fs70-5-2022-059-eng.pdf,publications.gc.ca,0.8873930410530865,,"Continue to publication To request an alternate format of a publication, complete the Government of Canada Publications email form. Use the form’s “question or comment” field to specify the requested publication. [...] Gouvernement du Canada Symbole du gouvernement du Canada # Information archivée dans le Web / Information Archived on the Web ## Publications du gouvernement du Canada Continuer vers la publication Pour demander une publication dans un format alternatif, remplissez le formulaire électronique des publications du gouvernement du Canada. Utilisez le champ du formulaire «questi",5.08,1
GL_BROAD_SED_DREDGING_02,SED_DREDGING,broad_web,BROAD_WEB,Unrestricted public web,Tavily Search API,2026-08-13,2026-08-13T23:01:26+00:00,"(coral OR corals OR octocoral OR gorgonian OR ""sea pen"" OR scleractinian OR antipatharian OR ""black coral"" OR sponge OR sponges OR Porifera OR demosponge OR hexactinellid OR ""glass sponge"" OR ""deep-sea sponge"" OR ""cold-water sponge"") (dredging OR ""dredge plume"" OR ""dredged material"" OR ""spoil disposal"" OR ""resuspended sediment"") government regulator monitoring technical report environmental assessment thesis dissertation proceedings operator report",,6,Creature Comparison: Corals and Sponges,https://innerspacecenter.org/2017/10/creature-comparison-corals-and-sponges,innerspacecenter.org,0.8858262504324462,,"Oct 6, 2017 — Similar to coral, severed portions of a sponge may also be able to regrow if they are reattached to the substrate.",5.08,1
GL_BROAD_SED_DREDGING_02,SED_DREDGING,broad_web,BROAD_WEB,Unrestricted public web,Tavily Search API,2026-08-13,2026-08-13T23:01:26+00:00,"(coral OR corals OR octocoral OR gorgonian OR ""sea pen"" OR scleractinian OR antipatharian OR ""black coral"" OR sponge OR sponges OR Porifera OR demosponge OR hexactinellid OR ""glass sponge"" OR ""deep-sea sponge"" OR ""cold-water sponge"") (dredging OR ""dredge plume"" OR ""dredged material"" OR ""spoil disposal"" OR ""resuspended sediment"") government regulator monitoring technical report environmental assessment thesis dissertation proceedings operator report",,7,Sponges: Heroes of Coral Reefs | Shape of Life,https://www.shapeoflife.org/blog/sponges-heroes-coral-reefs,shapeoflife.org,0.8678609992248496,,"Some sponges make carbon biologically available for other organisms through their sponge poop thereby fueling productivity throughout the ecosystem. Sponges efficiently filter bacteria and tiny plankton from the seawater. They also consume organic material sloughed off of various marine organisms, technically named dissolved organic matter (DOM). Sponges and their symbionts transform the DOM into sponge biomass. Then, very rapid cell cycling in the sponges results in the shedding of cells that [...] Sponge Reef Repair In addition to their recycling and seawater cleaning roles, sponges are key",5.08,1
GL_BROAD_SED_DREDGING_02,SED_DREDGING,broad_web,BROAD_WEB,Unrestricted public web,Tavily Search API,2026-08-13,2026-08-13T23:01:26+00:00,"(coral OR corals OR octocoral OR gorgonian OR ""sea pen"" OR scleractinian OR antipatharian OR ""black coral"" OR sponge OR sponges OR Porifera OR demosponge OR hexactinellid OR ""glass sponge"" OR ""deep-sea sponge"" OR ""cold-water sponge"") (dredging OR ""dredge plume"" OR ""dredged material"" OR ""spoil disposal"" OR ""resuspended sediment"") government regulator monitoring technical report environmental assessment thesis dissertation proceedings operator report",,8,MyFWC Florida Fish and Wildlife,https://www.facebook.com/MyFWC/posts/power-of-the-spongesponges-like-coral-are-living-multicellular-organisms-they-co/543096104519101,facebook.com,0.8451615862660118,,stop-opacity='0'/%3E%3C/radialGradient%3E%3ClinearGradient id='paint0_linear_15251_63610' x1='2.3989' y1='2.3999' x2='13.5983' y2='13.5993' gradientUnits='userSpaceOnUse'%3E%3Cstop stop-color='%2302ADFC'/%3E%3Cstop offset='.5' stop-color='%230866FF'/%3E%3Cstop offset='1' stop-color='%232B7EFF'/%3E%3C/linearGradient%3E%3C/defs%3E%3C/svg%3E) [...] stop-opacity='0'/%3E%3C/radialGradient%3E%3ClinearGradient id='paint0_linear_15251_63610' x1='2.3989' y1='2.3999' x2='13.5983' y2='13.5993' gradientUnits='userSpaceOnUse'%3E%3Cstop stop-color='%2302ADFC'/%3E%3Cstop offset='.5' stop-color='%230866FF'/%3,5.08,1
GL_BROAD_SED_DREDGING_02,SED_DREDGING,broad_web,BROAD_WEB,Unrestricted public web,Tavily Search API,2026-08-13,2026-08-13T23:01:26+00:00,"(coral OR corals OR octocoral OR gorgonian OR ""sea pen"" OR scleractinian OR antipatharian OR ""black coral"" OR sponge OR sponges OR Porifera OR demosponge OR hexactinellid OR ""glass sponge"" OR ""deep-sea sponge"" OR ""cold-water sponge"") (dredging OR ""dredge plume"" OR ""dredged material"" OR ""spoil disposal"" OR ""resuspended sediment"") government regulator monitoring technical report environmental assessment thesis dissertation proceedings operator report",,9,Coral or Sponge?,https://www.thefossilforum.com/topic/78624-coral-or-sponge,thefossilforum.com,0.7374847501714294,,"Oct 16, 2017 — Hello, I received this specimen that I believe is a fossilized coral or perhaps a fossilized sponge and am looking for help in identifying",5.08,1
GL_BROAD_SED_DREDGING_02,SED_DREDGING,broad_web,BROAD_WEB,Unrestricted public web,Tavily Search API,2026-08-13,2026-08-13T23:01:26+00:00,"(coral OR corals OR octocoral OR gorgonian OR ""sea pen"" OR scleractinian OR antipatharian OR ""black coral"" OR sponge OR sponges OR Porifera OR demosponge OR hexactinellid OR ""glass sponge"" OR ""deep-sea sponge"" OR ""cold-water sponge"") (dredging OR ""dredge plume"" OR ""dredged material"" OR ""spoil disposal"" OR ""resuspended sediment"") government regulator monitoring technical report environmental assessment thesis dissertation proceedings operator report",,10,Sponge-derived matter is assimilated by coral holobionts - PMC,https://pmc.ncbi.nlm.nih.gov/articles/PMC10837432,pmc.ncbi.nlm.nih.gov,0.7263752375247852,,by AM Reigel · 2024 · Cited by 10 — We sought to determine if sponge-coral nutrient exchange is reciprocal using a stable isotope 'pulse-chase' experiment to trace the uptake of 13C and 15N sponge ...Read more,5.08,1
GL_BROAD_SED_TAILINGS_01,SED_TAILINGS,broad_web,BROAD_WEB,Unrestricted public web,Tavily Search API,2026-08-13,2026-08-13T23:01:35+00:00,"(coral OR corals OR octocoral OR gorgonian OR ""sea pen"" OR scleractinian OR antipatharian OR ""black coral"" OR sponge OR sponges OR Porifera OR demosponge OR hexactinellid OR ""glass sponge"" OR ""deep-sea sponge"" OR ""cold-water sponge"") (""mine tailings"" OR ""submarine tailings"" OR ""deep-sea mining"" OR ""deep sea mining"" OR ""mining plume"" OR ""marine disposal"") (report OR ""technical report"" OR ""monitoring report"" OR assessment OR ""environmental impact statement"" OR EIS OR thesis OR dissertation OR proceedings OR ""regulatory submission"" OR ""operator report"") filetype:pdf",,1,Applying the OSPAR habitat definition of deep-sea sponge ...,https://data.jncc.gov.uk/data/788783fe-0c27-4faf-9fc3-6b1b1ad3bf78/JNCC-Report-508-FINAL-WEB.pdf,data.jncc.gov.uk,0.9654721006518372,,"substrata in waters averaging 8°C (Howell et al 2007, 2010). Psolus were often found in these assemblages, along with the bright orange anemone Phelliactis, and occasionally with scleractinian corals including Lophelia, Madrepora and solitary corals as well as the coiled red-orange antipatharian Stichopathes. Although this overlap with indicator species of cold-water coral reefs or coral gardens might seem to preclude these assemblages as deep-sea sponge aggregations, SIMPER identified sponges [...] grounds of the Flemish Cap, Flemish Pass and the Grand Banks of Newfoundland (Northwest Atlanti",2.25,1
GL_BROAD_SED_TAILINGS_01,SED_TAILINGS,broad_web,BROAD_WEB,Unrestricted public web,Tavily Search API,2026-08-13,2026-08-13T23:01:35+00:00,"(coral OR corals OR octocoral OR gorgonian OR ""sea pen"" OR scleractinian OR antipatharian OR ""black coral"" OR sponge OR sponges OR Porifera OR demosponge OR hexactinellid OR ""glass sponge"" OR ""deep-sea sponge"" OR ""cold-water sponge"") (""mine tailings"" OR ""submarine tailings"" OR ""deep-sea mining"" OR ""deep sea mining"" OR ""mining plume"" OR ""marine disposal"") (report OR ""technical report"" OR ""monitoring report"" OR assessment OR ""environmental impact statement"" OR EIS OR thesis OR dissertation OR proceedings OR ""regulatory submission"" OR ""operator report"") filetype:pdf",,2,Characterizing U.S. Deep-Sea Corals and Sponges,https://storymaps.arcgis.com/stories/cf7a5b4691e54ae59e1573d594a421c4,storymaps.arcgis.com,0.9596133963853241,,## Learn More NOAA Deep Sea Coral Research and Technology Program The State of Deep-Sea Coral and Sponge Ecosystems of the United States: 2017 An Introduction to NOAA’s National Database for Deep-Sea Corals and Sponges (pdf) Science: Characterization (National Marine Sanctuaries) #### NCEI Story Maps Gallery A gallery of Story Maps developed by NOAA National Centers for Environmental Information. #### Credits [...] Skip to content Image 1: NOAA National Centers for Environmental InformationCharacterizing U.S. Deep-Sea Corals and Sponges Share More actions # Characterizing U,2.25,1
GL_BROAD_SED_TAILINGS_01,SED_TAILINGS,broad_web,BROAD_WEB,Unrestricted public web,Tavily Search API,2026-08-13,2026-08-13T23:01:35+00:00,"(coral OR corals OR octocoral OR gorgonian OR ""sea pen"" OR scleractinian OR antipatharian OR ""black coral"" OR sponge OR sponges OR Porifera OR demosponge OR hexactinellid OR ""glass sponge"" OR ""deep-sea sponge"" OR ""cold-water sponge"") (""mine tailings"" OR ""submarine tailings"" OR ""deep-sea mining"" OR ""deep sea mining"" OR ""mining plume"" OR ""marine disposal"") (report OR ""technical report"" OR ""monitoring report"" OR assessment OR ""environmental impact statement"" OR EIS OR thesis OR dissertation OR proceedings OR ""regulatory submission"" OR ""operator report"") filetype:pdf",,3,Fine-scale spatial organisation of deep-sea sea pens in a ...,https://www.nature.com/articles/s41598-025-13327-2,nature.com,0.959224621054176,,"m and < 0.3 m distances, respectively, as seen through the overdispersion in the bivariate pattern. However, crucially, overdispersion did not show in the univariate patterns, suggesting local competition or, possibly, allelopathy, the latter documented in numerous octocoral species71: Allelopathic effects on selected scleractinian corals. Coral Reefs. 1, 173–178 (1983).""),72.""),73.""). Research in the NE Atlantic48 of conservation interest in the submarine canyons of the South West approaches [...] Cold-Water Coral (CWC) reefs, sea pen fields, and deep-sea sponge aggregations. Not all VMEs, ho",2.25,1
GL_BROAD_SED_TAILINGS_01,SED_TAILINGS,broad_web,BROAD_WEB,Unrestricted public web,Tavily Search API,2026-08-13,2026-08-13T23:01:35+00:00,"(coral OR corals OR octocoral OR gorgonian OR ""sea pen"" OR scleractinian OR antipatharian OR ""black coral"" OR sponge OR sponges OR Porifera OR demosponge OR hexactinellid OR ""glass sponge"" OR ""deep-sea sponge"" OR ""cold-water sponge"") (""mine tailings"" OR ""submarine tailings"" OR ""deep-sea mining"" OR ""deep sea mining"" OR ""mining plume"" OR ""marine disposal"") (report OR ""technical report"" OR ""monitoring report"" OR assessment OR ""environmental impact statement"" OR EIS OR thesis OR dissertation OR proceedings OR ""regulatory submission"" OR ""operator report"") filetype:pdf",,4,A Deep-Sea Sponge Loop? Sponges Transfer Dissolved ...,https://www.frontiersin.org/journals/marine-science/articles/10.3389/fmars.2021.604879/full,frontiersin.org,0.9584164757791293,,"(Rüggeberg et al., 2011; Rovelli et al., 2015). This cold-water coral reef is characterized by the presence of the reef framework-forming scleractinian coral Lophelia pertusa and reef-associated fauna such as sponges, crustaceans, and other corals (Rovelli et al., 2015). [...] 39 MillerR. J.HocevarJ.StoneR. P.FedorovD. V. (2012). Structure-forming corals and sponges and their use as fish habitat in Bering Sea submarine canyons.PLoS One.7:e33885. 10.1371/journal.pone.0033885 40 MorisonG. W. (1979). Studies on the Ecology of the Sub-Antarctic ophiuroid Ophionotus Hexactis. [M. Phil. Thesis].[",2.25,1
GL_BROAD_SED_TAILINGS_01,SED_TAILINGS,broad_web,BROAD_WEB,Unrestricted public web,Tavily Search API,2026-08-13,2026-08-13T23:01:35+00:00,"(coral OR corals OR octocoral OR gorgonian OR ""sea pen"" OR scleractinian OR antipatharian OR ""black coral"" OR sponge OR sponges OR Porifera OR demosponge OR hexactinellid OR ""glass sponge"" OR ""deep-sea sponge"" OR ""cold-water sponge"") (""mine tailings"" OR ""submarine tailings"" OR ""deep-sea mining"" OR ""deep sea mining"" OR ""mining plume"" OR ""marine disposal"") (report OR ""technical report"" OR ""monitoring report"" OR assessment OR ""environmental impact statement"" OR EIS OR thesis OR dissertation OR proceedings OR ""regulatory submission"" OR ""operator report"") filetype:pdf",,5,"#DeepSea #sponges like these, which we explored in the ...",https://www.facebook.com/nautiluslive/videos/deepsea-sponges-like-these-which-we-explored-in-the-waters-of-the-marshallisland/858969730385001,facebook.com,0.9577203414828686,,"Corals and sponges need hard substrate for attachment, so seamounts, rocky ridges, and submarine … to deep-sea mining,",2.25,1
GL_BROAD_SED_TAILINGS_01,SED_TAILINGS,broad_web,BROAD_WEB,Unrestricted public web,Tavily Search API,2026-08-13,2026-08-13T23:01:35+00:00,"(coral OR corals OR octocoral OR gorgonian OR ""sea pen"" OR scleractinian OR antipatharian OR ""black coral"" OR sponge OR sponges OR Porifera OR demosponge OR hexactinellid OR ""glass sponge"" OR ""deep-sea sponge"" OR ""cold-water sponge"") (""mine tailings"" OR ""submarine tailings"" OR ""deep-sea mining"" OR ""deep sea mining"" OR ""mining plume"" OR ""marine disposal"") (report OR ""technical report"" OR ""monitoring report"" OR assessment OR ""environmental impact statement"" OR EIS OR thesis OR dissertation OR proceedings OR ""regulatory submission"" OR ""operator report"") filetype:pdf",,6,New Report Documents Amazing U.S. Deep-Sea Coral and Sponge Ecosystems | NOAA Fisheries,https://www.fisheries.noaa.gov/feature-story/new-report-documents-amazing-us-deep-sea-coral-and-sponge-ecosystems,fisheries.noaa.gov,0.9544160981811899,,"Six additional articles focus on cross-cutting topics including species discovery, interactions between fishing gear and corals/sponges, management of black coral harvests, improvements in habitat modeling, advances in coral ageing and growth rate research, and current knowledge of coral genetics and reproduction. Research presented in this report consolidates our understanding of how deep-sea corals and sponges contribute to resilient ecosystems and sustainable fisheries. [...] NOAA’s new report, State of Deep-Sea Coral and Sponge Ecosystems of the United States (PDF, 467 pages), explains adv",2.25,1
GL_BROAD_SED_TAILINGS_01,SED_TAILINGS,broad_web,BROAD_WEB,Unrestricted public web,Tavily Search API,2026-08-13,2026-08-13T23:01:35+00:00,"(coral OR corals OR octocoral OR gorgonian OR ""sea pen"" OR scleractinian OR antipatharian OR ""black coral"" OR sponge OR sponges OR Porifera OR demosponge OR hexactinellid OR ""glass sponge"" OR ""deep-sea sponge"" OR ""cold-water sponge"") (""mine tailings"" OR ""submarine tailings"" OR ""deep-sea mining"" OR ""deep sea mining"" OR ""mining plume"" OR ""marine disposal"") (report OR ""technical report"" OR ""monitoring report"" OR assessment OR ""environmental impact statement"" OR EIS OR thesis OR dissertation OR proceedings OR ""regulatory submission"" OR ""operator report"") filetype:pdf",,7,Exploring Sur Ridge’s Coral Gardens • MBARI,https://www.mbari.org/know-your-ocean/revealing-the-secrets-of-sur-ridge/exploring-sur-ridges-coral-gardens,mbari.org,0.9354236935022318,,"Burton, E.J., L.A. Kuhnz, A.P. DeVogelaere, and J.P. Barry. 2017. Sur Ridge Field Guide: Monterey Bay National Marine Sanctuary. Marine Sanctuaries Conservation Series ONMS-17-10. U.S. Department of Commerce. National Oceanic and Atmospheric Administration, Office of National Marine Sanctuaries, Silver Spring, MD: 122. ## Stay Connected Receive the latest MBARI News 7700 Sandholdt Road, Moss Landing, California 95039 © 2026 MBARI Website by Visceral [...] Coral Cam Sediment traps sinking from the surface. Corals and sponges thrive where currents continually sweep in new water rich with ma",2.25,1
GL_BROAD_SED_TAILINGS_01,SED_TAILINGS,broad_web,BROAD_WEB,Unrestricted public web,Tavily Search API,2026-08-13,2026-08-13T23:01:35+00:00,"(coral OR corals OR octocoral OR gorgonian OR ""sea pen"" OR scleractinian OR antipatharian OR ""black coral"" OR sponge OR sponges OR Porifera OR demosponge OR hexactinellid OR ""glass sponge"" OR ""deep-sea sponge"" OR ""cold-water sponge"") (""mine tailings"" OR ""submarine tailings"" OR ""deep-sea mining"" OR ""deep sea mining"" OR ""mining plume"" OR ""marine disposal"") (report OR ""technical report"" OR ""monitoring report"" OR assessment OR ""environmental impact statement"" OR EIS OR thesis OR dissertation OR proceedings OR ""regulatory submission"" OR ""operator report"") filetype:pdf",,8,growth rates and seasonality in deep water sponges,https://www.sciencedirect.com/science/article/abs/pii/S0022098198000884,sciencedirect.com,0.9257476711084757,,by SP Leys · 1998 · Cited by 187 — These data suggest that hexactinellid sponges have life history strategies and growth rates similar to those of massive tropical and temperate demosponges and,2.25,1
GL_BROAD_SED_TAILINGS_01,SED_TAILINGS,broad_web,BROAD_WEB,Unrestricted public web,Tavily Search API,2026-08-13,2026-08-13T23:01:35+00:00,"(coral OR corals OR octocoral OR gorgonian OR ""sea pen"" OR scleractinian OR antipatharian OR ""black coral"" OR sponge OR sponges OR Porifera OR demosponge OR hexactinellid OR ""glass sponge"" OR ""deep-sea sponge"" OR ""cold-water sponge"") (""mine tailings"" OR ""submarine tailings"" OR ""deep-sea mining"" OR ""deep sea mining"" OR ""mining plume"" OR ""marine disposal"") (report OR ""technical report"" OR ""monitoring report"" OR assessment OR ""environmental impact statement"" OR EIS OR thesis OR dissertation OR proceedings OR ""regulatory submission"" OR ""operator report"") filetype:pdf",,9,"While exploring Vogt Seamount, our #CorpsofExploration ...",https://www.tiktok.com/@nautiluslive/video/7516669781576092959,tiktok.com,0.8904769177913922,,"# While exploring Vogt Seamount, our #CorpsofExploration encountered multiple deep-sea #sponges and their associated species. Dead sponge stalks provide habitat for associates, such as worms and #Venusflytrapanemones (Actinoscyphia aurelia), which use their height to catch prey floating by in the water column. Previous dives here have documented high abundance and diversity of #deepsea corals and sponges, and this follow-up did not disappoint. Check out a bunch of unique creatures, #hydroids, [...] video-cover [...] #hydroids, #nudibranchs, and even #carnivoroussponges! #NautilusLive",2.25,1
GL_BROAD_SED_TAILINGS_01,SED_TAILINGS,broad_web,BROAD_WEB,Unrestricted public web,Tavily Search API,2026-08-13,2026-08-13T23:01:35+00:00,"(coral OR corals OR octocoral OR gorgonian OR ""sea pen"" OR scleractinian OR antipatharian OR ""black coral"" OR sponge OR sponges OR Porifera OR demosponge OR hexactinellid OR ""glass sponge"" OR ""deep-sea sponge"" OR ""cold-water sponge"") (""mine tailings"" OR ""submarine tailings"" OR ""deep-sea mining"" OR ""deep sea mining"" OR ""mining plume"" OR ""marine disposal"") (report OR ""technical report"" OR ""monitoring report"" OR assessment OR ""environmental impact statement"" OR EIS OR thesis OR dissertation OR proceedings OR ""regulatory submission"" OR ""operator report"") filetype:pdf",,10,Describing New Deep-Sea Corals and Sponges,https://ocean.si.edu/ecosystems/coral-reefs/describing-new-deep-sea-corals-and-sponges,ocean.si.edu,0.8765597002718952,,Finding corals and sponges on the seafloor usually means the ecosystem is healthy— lots of other deep-sea life will be found nearby.,2.25,1
GL_BROAD_SED_TAILINGS_02,SED_TAILINGS,broad_web,BROAD_WEB,Unrestricted public web,Tavily Search API,2026-08-13,2026-08-13T23:01:42+00:00,"(coral OR corals OR octocoral OR gorgonian OR ""sea pen"" OR scleractinian OR antipatharian OR ""black coral"" OR sponge OR sponges OR Porifera OR demosponge OR hexactinellid OR ""glass sponge"" OR ""deep-sea sponge"" OR ""cold-water sponge"") (""mine tailings"" OR ""submarine tailings"" OR ""deep-sea mining"" OR ""deep sea mining"" OR ""mining plume"" OR ""marine disposal"") government regulator monitoring technical report environmental assessment thesis dissertation proceedings operator report",,1,"13,800+ Sponge Coral Stock Photos, Pictures & Royalty-Free Images - iStock",https://www.istockphoto.com/photos/sponge-coral,istockphoto.com,0.9618600560993076,,"Glass sponge, Sea life Salp and orange Sea sponge from scuba... Glass sponge, Sea life Salp and Orange Sea sponge from scuba diver point of view Image 9: Set of marine hand drawn corals. Black and white Set of marine hand drawn corals, Black and white, vector illustration sponge coral stock illustrations Set of marine hand drawn corals. Black and white Set of marine hand drawn corals, Black and white, vector illustration sponge coral stock illustrations [...] Image 20: Sea corals, seaweed and ocean bottom sponge Sea corals, reef sponges and seaweeds. Ocean bottom life, marine animals and pla",6.14,1
GL_BROAD_SED_TAILINGS_02,SED_TAILINGS,broad_web,BROAD_WEB,Unrestricted public web,Tavily Search API,2026-08-13,2026-08-13T23:01:42+00:00,"(coral OR corals OR octocoral OR gorgonian OR ""sea pen"" OR scleractinian OR antipatharian OR ""black coral"" OR sponge OR sponges OR Porifera OR demosponge OR hexactinellid OR ""glass sponge"" OR ""deep-sea sponge"" OR ""cold-water sponge"") (""mine tailings"" OR ""submarine tailings"" OR ""deep-sea mining"" OR ""deep sea mining"" OR ""mining plume"" OR ""marine disposal"") government regulator monitoring technical report environmental assessment thesis dissertation proceedings operator report",,2,Deep-sea dives reveal an unexpected hexactinellid sponge garden on the Rio Grande Rise (SW Atlantic). A mimicking habitat? - ScienceDirect,https://www.sciencedirect.com/science/article/abs/pii/S0967064517304149,sciencedirect.com,0.9572917221356728,,"Title: Deep-sea dives reveal an unexpected hexactinellid sponge garden on the Rio Grande Rise (SW Atlantic). A mimicking habitat? - ScienceDirect # Deep-sea dives reveal an unexpected hexactinellid sponge garden on the Rio Grande Rise (SW Atlantic). Here we report a new hexactinellid sponge garden found by the Shinkai 6500 manned submersible on the Rio Grande Rise, a prominent topographic feature of the deep SW Atlantic. Deep water corals and sponges comprise important habitat forming structures in deep-sea environments (Fuller et al., 2008), commonly associated with biodiversity hotspots (Fre",6.14,1
GL_BROAD_SED_TAILINGS_02,SED_TAILINGS,broad_web,BROAD_WEB,Unrestricted public web,Tavily Search API,2026-08-13,2026-08-13T23:01:42+00:00,"(coral OR corals OR octocoral OR gorgonian OR ""sea pen"" OR scleractinian OR antipatharian OR ""black coral"" OR sponge OR sponges OR Porifera OR demosponge OR hexactinellid OR ""glass sponge"" OR ""deep-sea sponge"" OR ""cold-water sponge"") (""mine tailings"" OR ""submarine tailings"" OR ""deep-sea mining"" OR ""deep sea mining"" OR ""mining plume"" OR ""marine disposal"") government regulator monitoring technical report environmental assessment thesis dissertation proceedings operator report",,3,"""Kawaii Sea Sponge Sticker Pack – Colorful Deep Sea Sponges, Natural Ocean Sea Sponge Art, Glass Sponge & Coral Inspired Cute Marine Designs"" Duvet Cover for Sale by Patternrealm | Redbubble",https://redbubble.com/i/duvet-cover/Kawaii-Sea-Sponge-Sticker-Pack-Colorful-Deep-Sea-Sponges-Natural-Ocean-Sea-Sponge-Art-Glass-Sponge-and-Coral-Inspired-Cute-Marine-Designs-by-Patternrealm/180194844/v62y,redbubble.com,0.955568833071606,,"Sell your art Login Retro mountain with trees Top artists # Kawaii Sea Sponge Sticker Pack – Colorful Deep Sea Sponges, Natural Ocean Sea Sponge Art, Glass Sponge & Coral Inspired Cute Marine Designs Duvet Cover Designed and sold by Patternrealm $107.08 ~~$125.98~~ (15% off) 15% off ends soon $107.08 ~~$125.98~~ (15% off) Super-easy returnsProblem? No problem. We’ll fix it, fast. ## Product features [...] Artwork thumbnail, Kawaii Sea Sponge Sticker Pack – Colorful Deep Sea Sponges, Natural Ocean Sea Sponge Art, Glass Sponge & Coral Inspired Cute Marine Designs by Patternrealm",6.14,1
GL_BROAD_SED_TAILINGS_02,SED_TAILINGS,broad_web,BROAD_WEB,Unrestricted public web,Tavily Search API,2026-08-13,2026-08-13T23:01:42+00:00,"(coral OR corals OR octocoral OR gorgonian OR ""sea pen"" OR scleractinian OR antipatharian OR ""black coral"" OR sponge OR sponges OR Porifera OR demosponge OR hexactinellid OR ""glass sponge"" OR ""deep-sea sponge"" OR ""cold-water sponge"") (""mine tailings"" OR ""submarine tailings"" OR ""deep-sea mining"" OR ""deep sea mining"" OR ""mining plume"" OR ""marine disposal"") government regulator monitoring technical report environmental assessment thesis dissertation proceedings operator report",,4,New Version of the NOAA Deep-Sea Coral & Sponge Map Portal Released | News | National Centers for Environmental Information (NCEI),https://www.ncei.noaa.gov/news/new-version-noaa-deep-sea-coral-sponge-map,ncei.noaa.gov,0.9541108382793435,,"July 16, 2026 ### ENSO Detection and Monitoring Depends on Data Read More Photo of a CTD device in the Gulf of Mexico from NOAA June 17, 2026 ### Tracking the Gulf Dead Zone Read More Image of a Bathymetric map. April 22, 2026 ### Explore the Sea Floor with NCEI’s Modernized Portal Read More [...] Like deep-sea corals, deep-sea sponges come in a variety of shapes, sizes and colors. They also provide habitats for invertebrates and fish. Some sponges even form symbiotic relationships with other species. The Venus flower basket glass sponge often houses two small, shrimp-like Stenopodi",6.14,1
GL_BROAD_SED_TAILINGS_02,SED_TAILINGS,broad_web,BROAD_WEB,Unrestricted public web,Tavily Search API,2026-08-13,2026-08-13T23:01:42+00:00,"(coral OR corals OR octocoral OR gorgonian OR ""sea pen"" OR scleractinian OR antipatharian OR ""black coral"" OR sponge OR sponges OR Porifera OR demosponge OR hexactinellid OR ""glass sponge"" OR ""deep-sea sponge"" OR ""cold-water sponge"") (""mine tailings"" OR ""submarine tailings"" OR ""deep-sea mining"" OR ""deep sea mining"" OR ""mining plume"" OR ""marine disposal"") government regulator monitoring technical report environmental assessment thesis dissertation proceedings operator report",,5,Mediterranean Coral Provinces as a Sponge Diversity Reservoir: Is There a Mediterranean Cold-Water Coral Sponge Fauna?,https://www.academia.edu/161256480/Mediterranean_Coral_Provinces_as_a_Sponge_Diversity_Reservoir_Is_There_a_Mediterranean_Cold_Water_Coral_Sponge_Fauna,academia.edu,0.9523125302819634,,"142. Sitjà, C. (2020). The bathyal connections between the Mediterranean Sea and the Northeastern Atlantic Ocean: an assessment using deep-water sponges as a case study. Ph. D. thesis. Barcelona: Universitat de Barcelona, 360. 143. Sitjà, C., and Maldonado, M. (2014). New and rare sponges from the deep shelf of the Alboran Island (Alboran Sea, Western Mediterranean). Zootaxa 3760, 141-179. doi: 10.11646/zootaxa.3760.2.2 [...] species: one foraminiferan (Planogypsina?); the sponges Stylocordyla pellita, Sphinctrella gracilis and Siphonidium ramosum; a bioluminescent zoantharian (still unide",6.14,1
GL_BROAD_SED_TAILINGS_02,SED_TAILINGS,broad_web,BROAD_WEB,Unrestricted public web,Tavily Search API,2026-08-13,2026-08-13T23:01:42+00:00,"(coral OR corals OR octocoral OR gorgonian OR ""sea pen"" OR scleractinian OR antipatharian OR ""black coral"" OR sponge OR sponges OR Porifera OR demosponge OR hexactinellid OR ""glass sponge"" OR ""deep-sea sponge"" OR ""cold-water sponge"") (""mine tailings"" OR ""submarine tailings"" OR ""deep-sea mining"" OR ""deep sea mining"" OR ""mining plume"" OR ""marine disposal"") government regulator monitoring technical report environmental assessment thesis dissertation proceedings operator report",,6,"1,074 Sea Sponge High Res Illustrations - Getty Images",https://www.gettyimages.com/illustrations/sea-sponge,gettyimages.com,0.9486249448712272,,Image 59: the venus' flower basket (euplectella aspergillum) is a hexactinellid sponge in the phylum porifera inhabiting the deep ocean - sea sponge stock illustrations the venus' flower basket (euplectella aspergillum) is a hexactinellid sponge in the phylum porifera inhabiting the deep ocean - sea sponge stock illustrations The Venus' flower basket (Euplectella aspergillum) is a hexactinellid sponge in the phylum Porifera inhabiting the deep ocean [...] Pterygotus swimming in prehistoric waters. Image 51: hexactinellid sponges - sea sponge stock illustrations hexactinellid sponges - sea sp,6.14,1
GL_BROAD_SED_TAILINGS_02,SED_TAILINGS,broad_web,BROAD_WEB,Unrestricted public web,Tavily Search API,2026-08-13,2026-08-13T23:01:42+00:00,"(coral OR corals OR octocoral OR gorgonian OR ""sea pen"" OR scleractinian OR antipatharian OR ""black coral"" OR sponge OR sponges OR Porifera OR demosponge OR hexactinellid OR ""glass sponge"" OR ""deep-sea sponge"" OR ""cold-water sponge"") (""mine tailings"" OR ""submarine tailings"" OR ""deep-sea mining"" OR ""deep sea mining"" OR ""mining plume"" OR ""marine disposal"") government regulator monitoring technical report environmental assessment thesis dissertation proceedings operator report",,7,Deep-sea coral research and technology program: Alaska deep-sea coral and sponge initiative final report,https://pubs.usgs.gov/publication/70190750,pubs.usgs.gov,0.9458063733221935,,"| | | --- | | Publication type | Report | | Publication Subtype | Other Government Series | | Title | Deep-sea coral research and technology program: Alaska deep-sea coral and sponge initiative final report | | Series title | NOAA Technical Memorandum | | Series number | NMFS-OHC-2 | | Year Published | 2017 | | Language | English | | Publisher | National Oceanic and Atmospheric Administration | | Contributing office(s) | Leetown Science Center | | Description | x, 65 p. | [...] #### Suggested Citation Rooper, C., Stone, R.P., Etnoyer, P., Conrath, C., Reynolds, J., Greene, H.G., Williams,",6.14,1
GL_BROAD_SED_TAILINGS_02,SED_TAILINGS,broad_web,BROAD_WEB,Unrestricted public web,Tavily Search API,2026-08-13,2026-08-13T23:01:42+00:00,"(coral OR corals OR octocoral OR gorgonian OR ""sea pen"" OR scleractinian OR antipatharian OR ""black coral"" OR sponge OR sponges OR Porifera OR demosponge OR hexactinellid OR ""glass sponge"" OR ""deep-sea sponge"" OR ""cold-water sponge"") (""mine tailings"" OR ""submarine tailings"" OR ""deep-sea mining"" OR ""deep sea mining"" OR ""mining plume"" OR ""marine disposal"") government regulator monitoring technical report environmental assessment thesis dissertation proceedings operator report",,8,Publications | Deep-Sea Coral Portal,https://deepseacoraldata.noaa.gov/index.php/publications?page=6,deepseacoraldata.noaa.gov,0.9455769663834878,,"Title: Publications | Deep-Sea Coral Portal In addition to providing valuable information on the habitats and species in these MPAs, CAPSTONE also aims to contribute publicly accessible baseline data and critical information needed to respond to emerging regional issues such as deep-sea mining, sustainable deep-sea fisheries, and potential US ECS designation. Geological Interpretation of Volcanism and Segmentation of the Mariana Back-Arc Spreading Center Between 12.7°N and 18.3°N. The relationships between tectonic processes, magmatism, and hydrothermal venting along ∼600 km of the slow-spread",6.14,1
GL_BROAD_SED_TAILINGS_02,SED_TAILINGS,broad_web,BROAD_WEB,Unrestricted public web,Tavily Search API,2026-08-13,2026-08-13T23:01:42+00:00,"(coral OR corals OR octocoral OR gorgonian OR ""sea pen"" OR scleractinian OR antipatharian OR ""black coral"" OR sponge OR sponges OR Porifera OR demosponge OR hexactinellid OR ""glass sponge"" OR ""deep-sea sponge"" OR ""cold-water sponge"") (""mine tailings"" OR ""submarine tailings"" OR ""deep-sea mining"" OR ""deep sea mining"" OR ""mining plume"" OR ""marine disposal"") government regulator monitoring technical report environmental assessment thesis dissertation proceedings operator report",,9,New Report Documents Amazing U.S. Deep-Sea Coral and Sponge Ecosystems | NOAA Fisheries,https://www.fisheries.noaa.gov/feature-story/new-report-documents-amazing-us-deep-sea-coral-and-sponge-ecosystems,fisheries.noaa.gov,0.9445483401960884,,"Six additional articles focus on cross-cutting topics including species discovery, interactions between fishing gear and corals/sponges, management of black coral harvests, improvements in habitat modeling, advances in coral ageing and growth rate research, and current knowledge of coral genetics and reproduction. Research presented in this report consolidates our understanding of how deep-sea corals and sponges contribute to resilient ecosystems and sustainable fisheries. [...] Highlights of the report include the following: Deep-sea corals and sponges are extremely vulnerable to human activ",6.14,1
GL_BROAD_SED_TAILINGS_02,SED_TAILINGS,broad_web,BROAD_WEB,Unrestricted public web,Tavily Search API,2026-08-13,2026-08-13T23:01:42+00:00,"(coral OR corals OR octocoral OR gorgonian OR ""sea pen"" OR scleractinian OR antipatharian OR ""black coral"" OR sponge OR sponges OR Porifera OR demosponge OR hexactinellid OR ""glass sponge"" OR ""deep-sea sponge"" OR ""cold-water sponge"") (""mine tailings"" OR ""submarine tailings"" OR ""deep-sea mining"" OR ""deep sea mining"" OR ""mining plume"" OR ""marine disposal"") government regulator monitoring technical report environmental assessment thesis dissertation proceedings operator report",,10,Deep-sea coral research and technology program: Alaska deep-sea coral and sponge initiative final report | U.S. Geological Survey,https://www.usgs.gov/publications/deep-sea-coral-research-and-technology-program-alaska-deep-sea-coral-and-sponge,usgs.gov,0.9434961421914893,,"| | | --- | | Publication Year | 2017 | | Title | Deep-sea coral research and technology program: Alaska deep-sea coral and sponge initiative final report | | Authors | Chris Rooper, Robert P. Stone, Peter Etnoyer, Christina Conrath, Jennifer Reynolds, H. Gary Greene, Branwen Williams, Enrique Salgado, Cheryl L. Morrison, Rhian G. Waller, Amanda W.J. Demopoulos | | Publication Type | Report | | Publication Subtype | Other Government Series | | Series Title | NOAA Technical Memorandum | [...] U.S. flag An official website of the United States government Here's how you know Dot gov Offici",6.14,1
GL_BROAD_SED_TAILINGS_02,SED_TAILINGS,broad_web,BROAD_WEB,Unrestricted public web,Tavily Search API,2026-08-13,2026-08-13T23:01:42+00:00,"(coral OR corals OR octocoral OR gorgonian OR ""sea pen"" OR scleractinian OR antipatharian OR ""black coral"" OR sponge OR sponges OR Porifera OR demosponge OR hexactinellid OR ""glass sponge"" OR ""deep-sea sponge"" OR ""cold-water sponge"") (""mine tailings"" OR ""submarine tailings"" OR ""deep-sea mining"" OR ""deep sea mining"" OR ""mining plume"" OR ""marine disposal"") government regulator monitoring technical report environmental assessment thesis dissertation proceedings operator report",,11,Science Plan for the Alaska Deep-Sea Coral and Sponge Initiative - (AKCSI): 2020-2023,https://www.readkong.com/page/science-plan-for-the-alaska-deep-sea-coral-and-sponge-8130036,readkong.com,0.9400104555815254,,"and deep-sea corals and sponges, all of which were identified as priority areas of research for the 2020-2023 AKCSI. This project will also support the Canadian objective to collect baseline comparative data from seamounts outside Canada’s marine protected areas that are still potentially experiencing fishing pressures. Design and Approach The fieldwork proposed here is designed to provide an assessment of the distribution of corals and sponges on a region-wide scale for seamounts of the North [...] RULES FOR STATUTORY SURVEY OF SEA-GOING SHIPS - ENVIRONMENTAL PROTECTION PART IX - Polski Rejes",6.14,1
GL_BROAD_SED_TAILINGS_02,SED_TAILINGS,broad_web,BROAD_WEB,Unrestricted public web,Tavily Search API,2026-08-13,2026-08-13T23:01:42+00:00,"(coral OR corals OR octocoral OR gorgonian OR ""sea pen"" OR scleractinian OR antipatharian OR ""black coral"" OR sponge OR sponges OR Porifera OR demosponge OR hexactinellid OR ""glass sponge"" OR ""deep-sea sponge"" OR ""cold-water sponge"") (""mine tailings"" OR ""submarine tailings"" OR ""deep-sea mining"" OR ""deep sea mining"" OR ""mining plume"" OR ""marine disposal"") government regulator monitoring technical report environmental assessment thesis dissertation proceedings operator report",,12,Mysteries of the deep sea captured by a sponge | Current Conservation,https://www.currentconservation.org/mysteries-of-the-deep-sea-captured-by-the-mouth-of-a-sponge,currentconservation.org,0.9381867722357714,,"Title: Mysteries of the deep sea captured by a sponge | Current Conservation # Mysteries of the deep sea captured by a sponge. However, a recent study by Ramón Gallego and colleagues, published in *Communications Biology* found that sea sponges can hold a genetic catalogue of deep, salty secrets. Without this knowledge, rare and fragile habitats—including cold-water coral and sponge gardens—are threatened by overexploitation, bottom trawling, oil site prospecting, and deep-sea mining of rare metals. In recent years, a relatively low-budget approach to collecting genetic data from seawater has",6.14,1
GL_BROAD_SED_TAILINGS_02,SED_TAILINGS,broad_web,BROAD_WEB,Unrestricted public web,Tavily Search API,2026-08-13,2026-08-13T23:01:42+00:00,"(coral OR corals OR octocoral OR gorgonian OR ""sea pen"" OR scleractinian OR antipatharian OR ""black coral"" OR sponge OR sponges OR Porifera OR demosponge OR hexactinellid OR ""glass sponge"" OR ""deep-sea sponge"" OR ""cold-water sponge"") (""mine tailings"" OR ""submarine tailings"" OR ""deep-sea mining"" OR ""deep sea mining"" OR ""mining plume"" OR ""marine disposal"") government regulator monitoring technical report environmental assessment thesis dissertation proceedings operator report",,13,Report Available on West Coast Deep-Sea Coral and Sponge Survey – SIMoN,https://sanctuarysimon.org/2022/12/report-available-on-west-coast-deep-sea-coral-and-sponge-survey,sanctuarysimon.org,0.9349223451398622,,"Skip to content Sanctuary Integrated Monitoring Network ### Featured News # Report Available on West Coast Deep-Sea Coral and Sponge Survey [...] As part of the west-coast wide survey, three sites were surveyed in Monterey Bay National Marine Sanctuary: Cabrillo Canyon; West Carmel Canyon; and Point Sur Slot Canyons (all recently reopened Essential Fish Habitat Conservation Areas). This survey serves as a basic characterization, and can be referred to on future visits. A NOAA Technical Memo is now available (Laidig et al. 2022), summarizing the 2019 west coast ROV survey off Washington, Or",6.14,1
GL_BROAD_SED_TAILINGS_02,SED_TAILINGS,broad_web,BROAD_WEB,Unrestricted public web,Tavily Search API,2026-08-13,2026-08-13T23:01:42+00:00,"(coral OR corals OR octocoral OR gorgonian OR ""sea pen"" OR scleractinian OR antipatharian OR ""black coral"" OR sponge OR sponges OR Porifera OR demosponge OR hexactinellid OR ""glass sponge"" OR ""deep-sea sponge"" OR ""cold-water sponge"") (""mine tailings"" OR ""submarine tailings"" OR ""deep-sea mining"" OR ""deep sea mining"" OR ""mining plume"" OR ""marine disposal"") government regulator monitoring technical report environmental assessment thesis dissertation proceedings operator report",,14,NOAA Deep Sea Coral and Sponge Map | National Centers for Environmental Information (NCEI),http://www.ncei.noaa.gov/products/noaa-deep-sea-coral-and-sponge-map,ncei.noaa.gov,0.9335334790236708,,"Title: NOAA Deep Sea Coral and Sponge Map | National Centers for Environmental Information (NCEI) An official website of the United States government. Here's how you know. **The .gov means it’s official.**. Federal government websites often end in .gov or .mil. Before sharing sensitive information, make sure you’re on a federal government site. The **https://** ensures that you are connecting to the official website and that any information you provide is encrypted and transmitted securely. National Centers for Environmental Information logo. Click to run NCEI search. # NOAA Deep Sea Coral and",6.14,1
GL_BROAD_SED_TAILINGS_02,SED_TAILINGS,broad_web,BROAD_WEB,Unrestricted public web,Tavily Search API,2026-08-13,2026-08-13T23:01:42+00:00,"(coral OR corals OR octocoral OR gorgonian OR ""sea pen"" OR scleractinian OR antipatharian OR ""black coral"" OR sponge OR sponges OR Porifera OR demosponge OR hexactinellid OR ""glass sponge"" OR ""deep-sea sponge"" OR ""cold-water sponge"") (""mine tailings"" OR ""submarine tailings"" OR ""deep-sea mining"" OR ""deep sea mining"" OR ""mining plume"" OR ""marine disposal"") government regulator monitoring technical report environmental assessment thesis dissertation proceedings operator report",,15,"Observations of Deep-Sea Coral and Sponge Occurrences from the NOAA National Deep-Sea Coral and Sponge Database, 1842-Present, version 20250903-0 (NCEI Accession 0145037) - Catalog",https://catalog.data.gov/dataset/observations-of-deep-sea-coral-and-sponge-occurrences-from-the-noaa-national-deep-sea-coral-and,catalog.data.gov,0.9288657996464664,,"Title: Observations of Deep-Sea Coral and Sponge Occurrences from the NOAA National Deep-Sea Coral and Sponge Database, 1842-Present, version 20250903-0 (NCEI Accession 0145037) - Catalog An official website of the United States government. **.gov** website belongs to an official government. **Secure .gov websites use HTTPS**. Share sensitive information only on official,. Try the next-generation Data Catalog at catalog-beta.data.gov and help shape it with your feedback. # Data Catalog. # Observations of Deep-Sea Coral and Sponge Occurrences from the NOAA National Deep-Sea Coral and Sponge Dat",6.14,1
GL_BROAD_SED_TAILINGS_02,SED_TAILINGS,broad_web,BROAD_WEB,Unrestricted public web,Tavily Search API,2026-08-13,2026-08-13T23:01:42+00:00,"(coral OR corals OR octocoral OR gorgonian OR ""sea pen"" OR scleractinian OR antipatharian OR ""black coral"" OR sponge OR sponges OR Porifera OR demosponge OR hexactinellid OR ""glass sponge"" OR ""deep-sea sponge"" OR ""cold-water sponge"") (""mine tailings"" OR ""submarine tailings"" OR ""deep-sea mining"" OR ""deep sea mining"" OR ""mining plume"" OR ""marine disposal"") government regulator monitoring technical report environmental assessment thesis dissertation proceedings operator report",,16,Mysteries of the deep sea captured by a sponge | Current Conservation,https://www.currentconservation.org/mysteries-of-the-deep-sea-captured-by-a-sponge,currentconservation.org,0.9271727351813229,,"Despite these difficulties, it is crucial to know which species live on the seafloor and where. Without this knowledge, rare and fragile habitats—including cold-water coral and sponge gardens—are threatened by overexploitation, bottom trawling, oil site prospecting, and deep-sea mining of rare metals. [...] Looking ahead, the team aims to identify which species of sponge capture and store the most eDNA. They hope this will enable even more detailed data collection and further improve cost efficiency for deep-sea biodiversity monitoring. Further Reading Cai, W., L. R. Harper, E. F. Neave, P.",6.14,1
GL_BROAD_SED_TAILINGS_02,SED_TAILINGS,broad_web,BROAD_WEB,Unrestricted public web,Tavily Search API,2026-08-13,2026-08-13T23:01:42+00:00,"(coral OR corals OR octocoral OR gorgonian OR ""sea pen"" OR scleractinian OR antipatharian OR ""black coral"" OR sponge OR sponges OR Porifera OR demosponge OR hexactinellid OR ""glass sponge"" OR ""deep-sea sponge"" OR ""cold-water sponge"") (""mine tailings"" OR ""submarine tailings"" OR ""deep-sea mining"" OR ""deep sea mining"" OR ""mining plume"" OR ""marine disposal"") government regulator monitoring technical report environmental assessment thesis dissertation proceedings operator report",,17,Pacific Islands Deep-Sea Coral and Sponge Initiative Final Report | NOAA Fisheries,https://www.fisheries.noaa.gov/resource/document/pacific-islands-deep-sea-coral-and-sponge-initiative-final-report,fisheries.noaa.gov,0.9217195027101386,,"Between 2015–2017 they provided a first look at deep-sea coral and sponge ecosystems in the marine monuments throughout the region, and in other areas of interest such as hydrothermal vents and seeps, isolated seamounts, and mid-water biological and chemical characterization. This report only covers the deep-sea coral and sponge research. [...] Parke M, Kelley C, Putts M, Moriwaki V, Bingo S, Elliot K, Smith J, Montgomery A, Parrish F, Kahng S, et al. 2021. Deep-Sea Coral Research and Technology Program: Pacific Islands Deep-Sea Coral and Sponge Initiative Final Report. U.S. Dept. of Commerce",6.14,1
GL_BROAD_SED_TAILINGS_02,SED_TAILINGS,broad_web,BROAD_WEB,Unrestricted public web,Tavily Search API,2026-08-13,2026-08-13T23:01:42+00:00,"(coral OR corals OR octocoral OR gorgonian OR ""sea pen"" OR scleractinian OR antipatharian OR ""black coral"" OR sponge OR sponges OR Porifera OR demosponge OR hexactinellid OR ""glass sponge"" OR ""deep-sea sponge"" OR ""cold-water sponge"") (""mine tailings"" OR ""submarine tailings"" OR ""deep-sea mining"" OR ""deep sea mining"" OR ""mining plume"" OR ""marine disposal"") government regulator monitoring technical report environmental assessment thesis dissertation proceedings operator report",,18,Arctic sponge survival in the extreme deep sea - NIOZ,https://www.nioz.nl/en/news/arctic-sponge-survival-in-the-extreme-deep-sea,nioz.nl,0.918137747847023,,"NewsArctic sponge survival in the extreme deep sea. # Arctic sponge survival in the extreme deep sea. For the first time, researchers from the SponGES project collected year-round video footage and hydrodynamic data from the mysterious world of a deep-sea sponge ground in the Arctic. Deep sea sponge grounds are often compared to the rich ecosystems of coral reefs and form true oases. With over 700 hundred hours of footage and data on food supply, temperature, oxygen concentration, and currents, NIOZ scientists Ulrike Hanz and Furu Mienis found clues that could help find some answers. ‘The deep",6.14,1
GL_BROAD_SED_TAILINGS_02,SED_TAILINGS,broad_web,BROAD_WEB,Unrestricted public web,Tavily Search API,2026-08-13,2026-08-13T23:01:42+00:00,"(coral OR corals OR octocoral OR gorgonian OR ""sea pen"" OR scleractinian OR antipatharian OR ""black coral"" OR sponge OR sponges OR Porifera OR demosponge OR hexactinellid OR ""glass sponge"" OR ""deep-sea sponge"" OR ""cold-water sponge"") (""mine tailings"" OR ""submarine tailings"" OR ""deep-sea mining"" OR ""deep sea mining"" OR ""mining plume"" OR ""marine disposal"") government regulator monitoring technical report environmental assessment thesis dissertation proceedings operator report",,19,Summer Expeditions will Explore Widespread Deep-Sea Coral and Sponge Communities in Alaska | NOAA Fisheries,https://www.fisheries.noaa.gov/feature-story/summer-expeditions-will-explore-widespread-deep-sea-coral-and-sponge-communities,fisheries.noaa.gov,0.8972417685564341,,"Title: Summer Expeditions will Explore Widespread Deep-Sea Coral and Sponge Communities in Alaska | NOAA Fisheries # Summer Expeditions will Explore Widespread Deep-Sea Coral and Sponge Communities in Alaska. They will complete a series of expeditions focused in part on deep-sea coral and sponge communities. These coral communities are widespread throughout most of Alaska’s marine waters. However, deep-sea coral and sponge habitats are vastly unexplored, particularly in the deeper waters off the Aleutian Islands and in the Gulf of Alaska. This year’s expeditions will likely uncover new deep-se",6.14,1
GL_BROAD_SED_TAILINGS_02,SED_TAILINGS,broad_web,BROAD_WEB,Unrestricted public web,Tavily Search API,2026-08-13,2026-08-13T23:01:42+00:00,"(coral OR corals OR octocoral OR gorgonian OR ""sea pen"" OR scleractinian OR antipatharian OR ""black coral"" OR sponge OR sponges OR Porifera OR demosponge OR hexactinellid OR ""glass sponge"" OR ""deep-sea sponge"" OR ""cold-water sponge"") (""mine tailings"" OR ""submarine tailings"" OR ""deep-sea mining"" OR ""deep sea mining"" OR ""mining plume"" OR ""marine disposal"") government regulator monitoring technical report environmental assessment thesis dissertation proceedings operator report",,20,Deep-sea Sponge Ecosystems: Knowledge-based Approach Towards Sustainable Management and Conservation | Frontiers Research Topic,https://www.frontiersin.org/research-topics/12822/deep-sea-sponge-ecosystems-knowledge-based-approach-towards-sustainable-management-and-conservation/magazine,frontiersin.org,0.7114581409686235,,"# Deep-sea Sponge Ecosystems: Knowledge-based Approach Towards Sustainable Management and Conservation # Deep-sea Sponge Ecosystems: Knowledge-based Approach Towards Sustainable Management and Conservation Cover image for research topic ""Deep-sea Sponge Ecosystems: Knowledge-based Approach Towards Sustainable Management and Conservation"" Cover image for ""Deep-sea Sponge Ecosystems: Knowledge-based Approach Towards Sustainable Management and Conservation"" [...] # Deep-sea Sponge Ecosystems: Knowledge-based Approach Towards Sustainable Management and Conservation Journal Thumbnail",6.14,1
GL_BROAD_MECH_FEEDING_MUCUS_CORAL_01,MECH_FEEDING_MUCUS_CORAL,broad_web,BROAD_WEB,Unrestricted public web,Tavily Search API,2026-08-13,2026-08-13T23:01:53+00:00,"(coral OR corals OR octocoral OR gorgonian OR ""sea pen"" OR scleractinian OR antipatharian OR ""black coral"") (sediment OR turbidity OR burial OR ""drill cuttings"") (mucus OR mucociliary OR ""sediment rejection"" OR ""sediment clearance"" OR feeding OR ""food capture"" OR ""polyp activity"") (report OR ""technical report"" OR ""monitoring report"" OR assessment OR ""environmental impact statement"" OR EIS OR thesis OR dissertation OR proceedings OR ""regulatory submission"" OR ""operator report"") filetype:pdf",,1,[PDF] EL1165B Drill Cuttings Monitoring Report,https://exploration.exxonmobilcanada.ca/s/EL1165B-Drill-Cuttings-Monitoring-Report-final.pdf,exploration.exxonmobilcanada.ca,0.9734335352903594,,of the follow-up monitoring program as set out in the Eastern Newfoundland Offshore Exploration Drilling Project Environment Impact Statement (EIS) (EMCL 2017) as well as requirements set out in the Canadian Environmental Assessment Act (2012) Decision Statement (CEA Agency 2019). The follow-up program is based upon a regulatory agency approved monitoring plan (EMCL 2020) that was submitted in March 2020. The follow-up monitoring results are reported as part of a series of reports. The Drill [...] and Monitoring 2020 Report (Final) Wood Project #: TA1913215 23 February 2021 Environment & Infra,4.46,1
GL_BROAD_MECH_FEEDING_MUCUS_CORAL_01,MECH_FEEDING_MUCUS_CORAL,broad_web,BROAD_WEB,Unrestricted public web,Tavily Search API,2026-08-13,2026-08-13T23:01:53+00:00,"(coral OR corals OR octocoral OR gorgonian OR ""sea pen"" OR scleractinian OR antipatharian OR ""black coral"") (sediment OR turbidity OR burial OR ""drill cuttings"") (mucus OR mucociliary OR ""sediment rejection"" OR ""sediment clearance"" OR feeding OR ""food capture"" OR ""polyp activity"") (report OR ""technical report"" OR ""monitoring report"" OR assessment OR ""environmental impact statement"" OR EIS OR thesis OR dissertation OR proceedings OR ""regulatory submission"" OR ""operator report"") filetype:pdf",,2,"""Sensitivity of Corals to Turbidity and Sedimentation from Dredging: A "" by Paul. L. A. Erftemeijer and Bernhard Riegl",https://nsuworks.nova.edu/occ_facpresentations/99,nsuworks.nova.edu,0.9713412692393979,,"Home > HCAS > HCAS\_FAC\_PUBS > Marine and Environmental Sciences > Proceedings, Presentations, Speeches, Lectures > 99. ## Marine & Environmental Sciences Faculty Proceedings, Presentations, Speeches, Lectures. # Sensitivity of Corals to Turbidity and Sedimentation from Dredging: A Review. ## Document Type. ## Presenters / Authors. A review of published literature on sensitivity of corals to turbidity and sedimentation is presented with an emphasis on effects of dredging. Risks and severity of impact from dredging on corals are related to both intensity and duration of exposure to increased t",4.46,1
GL_BROAD_MECH_FEEDING_MUCUS_CORAL_01,MECH_FEEDING_MUCUS_CORAL,broad_web,BROAD_WEB,Unrestricted public web,Tavily Search API,2026-08-13,2026-08-13T23:01:53+00:00,"(coral OR corals OR octocoral OR gorgonian OR ""sea pen"" OR scleractinian OR antipatharian OR ""black coral"") (sediment OR turbidity OR burial OR ""drill cuttings"") (mucus OR mucociliary OR ""sediment rejection"" OR ""sediment clearance"" OR feeding OR ""food capture"" OR ""polyp activity"") (report OR ""technical report"" OR ""monitoring report"" OR assessment OR ""environmental impact statement"" OR EIS OR thesis OR dissertation OR proceedings OR ""regulatory submission"" OR ""operator report"") filetype:pdf",,3,Turbidity in coral reef habitats during Port of Miami Expansion dredging | Environmental Monitoring and Assessment | Springer Nature Link,https://link.springer.com/article/10.1007/s10661-025-14590-6,link.springer.com,0.9550307035447007,,"Title: Turbidity in coral reef habitats during Port of Miami Expansion dredging | Environmental Monitoring and Assessment | Springer Nature Link # Turbidity in coral reef habitats during Port of Miami Expansion dredging. Coral reefs are invaluable to Florida’s ecology and economy, yet turbidity and sediment deposition generated by major dredging projects threaten coral health, survival, and recovery. The Port of Miami (POM) Expansion, completed in 2015, resulted in severe sediment impacts to nearby coral reefs as shown in prior studies, despite virtually no recorded exceedances above the regul",4.46,1
GL_BROAD_MECH_FEEDING_MUCUS_CORAL_01,MECH_FEEDING_MUCUS_CORAL,broad_web,BROAD_WEB,Unrestricted public web,Tavily Search API,2026-08-13,2026-08-13T23:01:53+00:00,"(coral OR corals OR octocoral OR gorgonian OR ""sea pen"" OR scleractinian OR antipatharian OR ""black coral"") (sediment OR turbidity OR burial OR ""drill cuttings"") (mucus OR mucociliary OR ""sediment rejection"" OR ""sediment clearance"" OR feeding OR ""food capture"" OR ""polyp activity"") (report OR ""technical report"" OR ""monitoring report"" OR assessment OR ""environmental impact statement"" OR EIS OR thesis OR dissertation OR proceedings OR ""regulatory submission"" OR ""operator report"") filetype:pdf",,4,Vulnerability of six cold-water corals to sediment resuspension from bottom trawling fishing - ScienceDirect,https://www.sciencedirect.com/science/article/pii/S0025326X23008573,sciencedirect.com,0.9506926853856037,,"Title: Vulnerability of six cold-water corals to sediment resuspension from bottom trawling fishing - ScienceDirect ## Marine Pollution Bulletin. Volume 196, November 2023, 115423. # Vulnerability of six cold-water corals to sediment resuspension from bottom trawling fishing. Author links open overlay panel, , , , , , , ,. https://doi.org/10.1016/j.marpolbul.2023.115423Get rights and content. Under a Creative Commons license. ## Highlights. CWCs show species-specific responses to increased suspended sediment concentration. Photogrammetry method applied to non-scleractinians in experimental con",4.46,1
GL_BROAD_MECH_FEEDING_MUCUS_CORAL_01,MECH_FEEDING_MUCUS_CORAL,broad_web,BROAD_WEB,Unrestricted public web,Tavily Search API,2026-08-13,2026-08-13T23:01:53+00:00,"(coral OR corals OR octocoral OR gorgonian OR ""sea pen"" OR scleractinian OR antipatharian OR ""black coral"") (sediment OR turbidity OR burial OR ""drill cuttings"") (mucus OR mucociliary OR ""sediment rejection"" OR ""sediment clearance"" OR feeding OR ""food capture"" OR ""polyp activity"") (report OR ""technical report"" OR ""monitoring report"" OR assessment OR ""environmental impact statement"" OR EIS OR thesis OR dissertation OR proceedings OR ""regulatory submission"" OR ""operator report"") filetype:pdf",,5,The Effects of Suspended Sediment for Caribbean Endangered Species Act and/or SCTLD Susceptible Corals | Harte Research Institute,https://harteresearch.org/project/effects-suspended-sediment-caribbean-endangered-species-act-andor-sctld-susceptible-corals,harteresearch.org,0.9503527066916981,,"# The Effects of Suspended Sediment for Caribbean Endangered Species Act and/or SCTLD Susceptible Corals. Coral Reef and Ocean Health. Coral reefs provide economic and environmental services (e.g., food production, tourism, wave protection, etc.) for millions of people; however, reefs are undergoing significant ecological change due to anthropogenic disturbances. Recent studies have established a connection between coral losses and high-sedimentation activities in Florida, such as dredging and beach renourishment. These activities not only physically damage corals but smother them with sedimen",4.46,1
GL_BROAD_MECH_FEEDING_MUCUS_CORAL_01,MECH_FEEDING_MUCUS_CORAL,broad_web,BROAD_WEB,Unrestricted public web,Tavily Search API,2026-08-13,2026-08-13T23:01:53+00:00,"(coral OR corals OR octocoral OR gorgonian OR ""sea pen"" OR scleractinian OR antipatharian OR ""black coral"") (sediment OR turbidity OR burial OR ""drill cuttings"") (mucus OR mucociliary OR ""sediment rejection"" OR ""sediment clearance"" OR feeding OR ""food capture"" OR ""polyp activity"") (report OR ""technical report"" OR ""monitoring report"" OR assessment OR ""environmental impact statement"" OR EIS OR thesis OR dissertation OR proceedings OR ""regulatory submission"" OR ""operator report"") filetype:pdf",,6,The Effects of Suspended Sediment for Caribbean Endangered Species Act and/or SCTLD Susceptible Corals | Harte Research Institute,https://www.harteresearch.org/project/effects-suspended-sediment-caribbean-endangered-species-act-andor-sctld-susceptible-corals,harteresearch.org,0.9490844414060136,,"Title: The Effects of Suspended Sediment for Caribbean Endangered Species Act and/or SCTLD Susceptible Corals | Harte Research Institute # The Effects of Suspended Sediment for Caribbean Endangered Species Act and/or SCTLD Susceptible Corals. Coral Reef and Ocean Health. Coral reefs provide economic and environmental services (e.g., food production, tourism, wave protection, etc.) for millions of people; however, reefs are undergoing significant ecological change due to anthropogenic disturbances. Recent studies have established a connection between coral losses and high-sedimentation activiti",4.46,1
GL_BROAD_MECH_FEEDING_MUCUS_CORAL_01,MECH_FEEDING_MUCUS_CORAL,broad_web,BROAD_WEB,Unrestricted public web,Tavily Search API,2026-08-13,2026-08-13T23:01:53+00:00,"(coral OR corals OR octocoral OR gorgonian OR ""sea pen"" OR scleractinian OR antipatharian OR ""black coral"") (sediment OR turbidity OR burial OR ""drill cuttings"") (mucus OR mucociliary OR ""sediment rejection"" OR ""sediment clearance"" OR feeding OR ""food capture"" OR ""polyp activity"") (report OR ""technical report"" OR ""monitoring report"" OR assessment OR ""environmental impact statement"" OR EIS OR thesis OR dissertation OR proceedings OR ""regulatory submission"" OR ""operator report"") filetype:pdf",,7,[PDF] Active sediment rejection efficiency of five scleractinian coral ... - NUS,https://lkcnhm.nus.edu.sg/wp-content/uploads/sites/10/2021/06/NIS-2021-0051.pdf,lkcnhm.nus.edu.sg,0.9476741715967548,,"(Babcock & Davies, 1991; Bauman et al., 2015). Sediment clearance off coral surfaces can be a passive and/or active process (Stafford-Smith, 1993). Passive rejection is reliant on coral morphology; for example, sediments tend to fall off branching colonies more readily than laminar ones. Active rejection mechanisms include localised tissue expansion, tentacular action, ciliary beating, mucus secretion and extrusion of mesenteries (Stafford-Smith & Ormond, 1992). However, active sediment [...] (Stafford-Smith, 1993; Riegl & Branch, 1995). Podabacia crustacea exhibited relatively high levels of",4.46,1
GL_BROAD_MECH_FEEDING_MUCUS_CORAL_01,MECH_FEEDING_MUCUS_CORAL,broad_web,BROAD_WEB,Unrestricted public web,Tavily Search API,2026-08-13,2026-08-13T23:01:53+00:00,"(coral OR corals OR octocoral OR gorgonian OR ""sea pen"" OR scleractinian OR antipatharian OR ""black coral"") (sediment OR turbidity OR burial OR ""drill cuttings"") (mucus OR mucociliary OR ""sediment rejection"" OR ""sediment clearance"" OR feeding OR ""food capture"" OR ""polyp activity"") (report OR ""technical report"" OR ""monitoring report"" OR assessment OR ""environmental impact statement"" OR EIS OR thesis OR dissertation OR proceedings OR ""regulatory submission"" OR ""operator report"") filetype:pdf",,8,Sneezing corals: Mucous sheets and sediment exposure | AIMS,https://www.aims.gov.au/information-centre/news-and-stories/sneezing-corals-mucous-sheets-and-sediment-exposure,aims.gov.au,0.9465067545133523,,"Title: Sneezing corals: Mucous sheets and sediment exposure | AIMS # Sneezing corals: Mucous sheets and sediment exposure. > This small coral fragment, housed in the SeaSim, has produced a mucus sheet to trap and remove fine sediment and reveal clean colony underneath. Scientists from the Western Australia Marine Science Institute (WAMSI) have discovered a new bioindicator to assist with monitoring sediment-related stress in corals - mucus. Field observations and laboratory tests have shown a strong relationship between the increased prevalence of mucus – or coral snot – produced by boulder co",4.46,1
GL_BROAD_MECH_FEEDING_MUCUS_CORAL_01,MECH_FEEDING_MUCUS_CORAL,broad_web,BROAD_WEB,Unrestricted public web,Tavily Search API,2026-08-13,2026-08-13T23:01:53+00:00,"(coral OR corals OR octocoral OR gorgonian OR ""sea pen"" OR scleractinian OR antipatharian OR ""black coral"") (sediment OR turbidity OR burial OR ""drill cuttings"") (mucus OR mucociliary OR ""sediment rejection"" OR ""sediment clearance"" OR feeding OR ""food capture"" OR ""polyp activity"") (report OR ""technical report"" OR ""monitoring report"" OR assessment OR ""environmental impact statement"" OR EIS OR thesis OR dissertation OR proceedings OR ""regulatory submission"" OR ""operator report"") filetype:pdf",,9,Effects of sediment on the energy budgets of four scleractinian (Bourne 1900) and five alcyonacean (Lamouroux 1816) corals,https://www.sciencedirect.com/science/article/pii/0022098194001649,sciencedirect.com,0.944852792721551,,"to explain substantial differences in sensitivity between different coral species include the growth form of coral colonies and the size of the coral polyp or calyx. The validity of these hypotheses was tested on the basis of 77 published studies on the effects of turbidity and sedimentation on 89 coral species. The results of this analysis reveal a significant relationship of coral sensitivity to turbidity and sedimentation with growth form, but not with calyx size. Some of the variation in [...] 2012, Marine Pollution Bulletin Show abstract A review of published literature on the sensitivit",4.46,1
GL_BROAD_MECH_FEEDING_MUCUS_CORAL_01,MECH_FEEDING_MUCUS_CORAL,broad_web,BROAD_WEB,Unrestricted public web,Tavily Search API,2026-08-13,2026-08-13T23:01:53+00:00,"(coral OR corals OR octocoral OR gorgonian OR ""sea pen"" OR scleractinian OR antipatharian OR ""black coral"") (sediment OR turbidity OR burial OR ""drill cuttings"") (mucus OR mucociliary OR ""sediment rejection"" OR ""sediment clearance"" OR feeding OR ""food capture"" OR ""polyp activity"") (report OR ""technical report"" OR ""monitoring report"" OR assessment OR ""environmental impact statement"" OR EIS OR thesis OR dissertation OR proceedings OR ""regulatory submission"" OR ""operator report"") filetype:pdf",,10,Photophysiological stress in scleractinian corals in response to short-term sedimentation - ScienceDirect,http://www.sciencedirect.com/science/article/pii/S0022098102004951,sciencedirect.com,0.9433127971615426,,"## Article preview. Volume 287, Issue 1, 26 February 2003, Pages 57-78. peltiformis* declined linearly in relation to both the amount of sediment deposited per unit surface area and the duration of exposure. Our results suggest that anthropogenic sediment deposition can negatively affect the photosynthetic activity of zooxanthellae and thus the viability of corals. Some species are able to clean off deposits efficiently and show no damage due to sedimentation Abdel-Salam and Porter, 1988, Stafford-Smith, 1993, Riegl, 1995, Wesseling et al., 1999. This instrument has previously been used on cor",4.46,1
GL_BROAD_MECH_FEEDING_MUCUS_CORAL_01,MECH_FEEDING_MUCUS_CORAL,broad_web,BROAD_WEB,Unrestricted public web,Tavily Search API,2026-08-13,2026-08-13T23:01:53+00:00,"(coral OR corals OR octocoral OR gorgonian OR ""sea pen"" OR scleractinian OR antipatharian OR ""black coral"") (sediment OR turbidity OR burial OR ""drill cuttings"") (mucus OR mucociliary OR ""sediment rejection"" OR ""sediment clearance"" OR feeding OR ""food capture"" OR ""polyp activity"") (report OR ""technical report"" OR ""monitoring report"" OR assessment OR ""environmental impact statement"" OR EIS OR thesis OR dissertation OR proceedings OR ""regulatory submission"" OR ""operator report"") filetype:pdf",,11,Sediment rejection by reef corals: The roles of behavior and morphology in Montastrea cavernosa (Linnaeus) - ScienceDirect,https://www.sciencedirect.com/science/article/pii/0022098180901392,sciencedirect.com,0.9423735826117826,,"# Sediment rejection by reef corals: The roles of behavior and morphology in *Montastrea cavernosa* (Linnaeus). ### Coral populations and growth patterns: responses to sedimentation and turbidity associated with dredging. A few coral species, such as Montastraea cavernosa and Astrangia poculata, can tolerate sedimentation rates as high as 600–1380 mg cm−2 d−1 (Lasker, 1980; Peters and Pilson, 1985). This wide range demonstrates that different coral species and corals in different geographic regions may respond differently to increased amounts and rates of sedimentation. A review of published l",4.46,1
GL_BROAD_MECH_FEEDING_MUCUS_CORAL_01,MECH_FEEDING_MUCUS_CORAL,broad_web,BROAD_WEB,Unrestricted public web,Tavily Search API,2026-08-13,2026-08-13T23:01:53+00:00,"(coral OR corals OR octocoral OR gorgonian OR ""sea pen"" OR scleractinian OR antipatharian OR ""black coral"") (sediment OR turbidity OR burial OR ""drill cuttings"") (mucus OR mucociliary OR ""sediment rejection"" OR ""sediment clearance"" OR feeding OR ""food capture"" OR ""polyp activity"") (report OR ""technical report"" OR ""monitoring report"" OR assessment OR ""environmental impact statement"" OR EIS OR thesis OR dissertation OR proceedings OR ""regulatory submission"" OR ""operator report"") filetype:pdf",,12,Mushroom corals overcome live burial through pulsed inflation | Coral Reefs | Springer Nature Link,https://doi.org/10.1007/s00338-011-0862-z,doi.org,0.9418692744946854,,"# Mushroom corals overcome live burial through pulsed inflation. Fungiid corals appear to be an exception, as they can remove sediments through substantial polyp inflation (up to five times their normal size) in addition to mucus entanglement and ciliary action (Schuhmacher 1977 Ability in fungiid corals to overcome sedimentation. Proc 3rd Int Coral Reef Symp 1:503–509"")). Using time-lapse photography (speeding up time 300×), we observed that this inflation occurs in rhythmic pulses (Fig. 1), allowing corals to completely exhume themselves after becoming covered in sand. Specimens of *Lobactis",4.46,1
GL_BROAD_MECH_FEEDING_MUCUS_CORAL_01,MECH_FEEDING_MUCUS_CORAL,broad_web,BROAD_WEB,Unrestricted public web,Tavily Search API,2026-08-13,2026-08-13T23:01:53+00:00,"(coral OR corals OR octocoral OR gorgonian OR ""sea pen"" OR scleractinian OR antipatharian OR ""black coral"") (sediment OR turbidity OR burial OR ""drill cuttings"") (mucus OR mucociliary OR ""sediment rejection"" OR ""sediment clearance"" OR feeding OR ""food capture"" OR ""polyp activity"") (report OR ""technical report"" OR ""monitoring report"" OR assessment OR ""environmental impact statement"" OR EIS OR thesis OR dissertation OR proceedings OR ""regulatory submission"" OR ""operator report"") filetype:pdf",,13,Sediment-rejection efficiency of 22 species of Australian scleractinian corals | Marine Biology | Springer Nature Link,https://link.springer.com/article/10.1007/BF00346340,link.springer.com,0.941741531819523,,"Title: Sediment-rejection efficiency of 22 species of Australian scleractinian corals | Marine Biology | Springer Nature Link # Sediment-rejection efficiency of 22 species of Australian scleractinian corals. Sediment-rejection rates of 22 Australian midshelf coral species were studied in situ between March and July 1988 at Lizard Island, Great Barrier Reef. Rejection rates of non-branching species were positively correlated with calice size and were faster for fine (63 to 250 μm) than for coarse (500 to 1000 μm) sediment at influxes of 200 mg/cm2. Increasing water turbulence was a more importa",4.46,1
GL_BROAD_MECH_FEEDING_MUCUS_CORAL_01,MECH_FEEDING_MUCUS_CORAL,broad_web,BROAD_WEB,Unrestricted public web,Tavily Search API,2026-08-13,2026-08-13T23:01:53+00:00,"(coral OR corals OR octocoral OR gorgonian OR ""sea pen"" OR scleractinian OR antipatharian OR ""black coral"") (sediment OR turbidity OR burial OR ""drill cuttings"") (mucus OR mucociliary OR ""sediment rejection"" OR ""sediment clearance"" OR feeding OR ""food capture"" OR ""polyp activity"") (report OR ""technical report"" OR ""monitoring report"" OR assessment OR ""environmental impact statement"" OR EIS OR thesis OR dissertation OR proceedings OR ""regulatory submission"" OR ""operator report"") filetype:pdf",,14,Sneezing corals: Mucous sheets and sediment exposure,https://www.linkedin.com/pulse/sneezing-corals-mucous-sheets-sediment-exposure-wamsi-dsn,linkedin.com,0.9384734073212966,,## Sign in to view more content. # Sneezing corals: Mucous sheets and sediment exposure. Scientists from the Western Australia Marine Science Institute (WAMSI)have discovered a new bioindicator to assist with monitoring sediment-related stress in corals - mucus. Field observations and laboratory tests have shown a strong relationship between the increased prevalence of mucus – or coral snot – produced by boulder corals when exposed to high sediment levels near dredging activity. “Our study shows strong evidence that these boulder corals produce mucous sheets when exposed to high sediment level,4.46,1
GL_BROAD_MECH_FEEDING_MUCUS_CORAL_01,MECH_FEEDING_MUCUS_CORAL,broad_web,BROAD_WEB,Unrestricted public web,Tavily Search API,2026-08-13,2026-08-13T23:01:53+00:00,"(coral OR corals OR octocoral OR gorgonian OR ""sea pen"" OR scleractinian OR antipatharian OR ""black coral"") (sediment OR turbidity OR burial OR ""drill cuttings"") (mucus OR mucociliary OR ""sediment rejection"" OR ""sediment clearance"" OR feeding OR ""food capture"" OR ""polyp activity"") (report OR ""technical report"" OR ""monitoring report"" OR assessment OR ""environmental impact statement"" OR EIS OR thesis OR dissertation OR proceedings OR ""regulatory submission"" OR ""operator report"") filetype:pdf",,15,The influence of different deep-sea coral habitats on sediment macrofaunal community structure and function | U.S. Geological Survey,https://www.usgs.gov/publications/influence-different-deep-sea-coral-habitats-sediment-macrofaunal-community-structure,usgs.gov,0.9331488640172955,,"Title: The influence of different deep-sea coral habitats on sediment macrofaunal community structure and function | U.S. Geological Survey An official website of the United States government. A **.gov** website belongs to an official government organization in the United States. A **lock ()** or **https://** means you’ve safely connected to the .gov website. Share sensitive information only on official, secure websites. # The influence of different deep-sea coral habitats on sediment macrofaunal community structure and function. Infaunal communities adjacent to different coral types, includin",4.46,1
GL_BROAD_MECH_FEEDING_MUCUS_CORAL_01,MECH_FEEDING_MUCUS_CORAL,broad_web,BROAD_WEB,Unrestricted public web,Tavily Search API,2026-08-13,2026-08-13T23:01:53+00:00,"(coral OR corals OR octocoral OR gorgonian OR ""sea pen"" OR scleractinian OR antipatharian OR ""black coral"") (sediment OR turbidity OR burial OR ""drill cuttings"") (mucus OR mucociliary OR ""sediment rejection"" OR ""sediment clearance"" OR feeding OR ""food capture"" OR ""polyp activity"") (report OR ""technical report"" OR ""monitoring report"" OR assessment OR ""environmental impact statement"" OR EIS OR thesis OR dissertation OR proceedings OR ""regulatory submission"" OR ""operator report"") filetype:pdf",,16,"Effects of dissolved nickel and nickel-contaminated suspended sediment on the scleractinian coral, Acropora muricata - R Discovery",https://discovery.researcher.life/article/effects-of-dissolved-nickel-and-nickel-contaminated-suspended-sediment-on-the-scleractinian-coral-acropora-muricata/b8e77108efe03450b3cf5974e6dc051c,discovery.researcher.life,0.9215937659210509,,"Title: Effects of dissolved nickel and nickel-contaminated suspended sediment on the scleractinian coral, Acropora muricata - R Discovery * Effects of dissolved nickel and nickel-contaminated suspended sediment on the scleractinian coral, Acropora muricata. # Effects of dissolved nickel and nickel-contaminated suspended sediment on the scleractinian coral, Acropora muricata. Significant bleaching and accumulation of nickel in coral tissue was observed only after exposure to high dissolved nickel concentrations and nickel-spiked suspended sediment. This study demonstrates that bioavailability o",4.46,1
GL_BROAD_MECH_FEEDING_MUCUS_CORAL_01,MECH_FEEDING_MUCUS_CORAL,broad_web,BROAD_WEB,Unrestricted public web,Tavily Search API,2026-08-13,2026-08-13T23:01:53+00:00,"(coral OR corals OR octocoral OR gorgonian OR ""sea pen"" OR scleractinian OR antipatharian OR ""black coral"") (sediment OR turbidity OR burial OR ""drill cuttings"") (mucus OR mucociliary OR ""sediment rejection"" OR ""sediment clearance"" OR feeding OR ""food capture"" OR ""polyp activity"") (report OR ""technical report"" OR ""monitoring report"" OR assessment OR ""environmental impact statement"" OR EIS OR thesis OR dissertation OR proceedings OR ""regulatory submission"" OR ""operator report"") filetype:pdf",,17,The comparative effects of chronic microplastic and sediment deposition on the scleractinian coral Merulina ampliata - ScienceDirect,https://www.sciencedirect.com/science/article/abs/pii/S0141113623002635,sciencedirect.com,0.9057539442375461,,Title: The comparative effects of chronic microplastic and sediment deposition on the scleractinian coral Merulina ampliata - ScienceDirect # The comparative effects of chronic microplastic and sediment deposition on the scleractinian coral *Merulina ampliata*. The effects of microplastics and sediments on *Merulina ampliata* were compared. Coral fragments were exposed to high and low deposition levels. No significant stress responses between sediment and microplastic exposure. ampliata* appears to be able to cope with both microplastic and sediment stress. Despite increasing research into the,4.46,1
GL_BROAD_MECH_FEEDING_MUCUS_CORAL_01,MECH_FEEDING_MUCUS_CORAL,broad_web,BROAD_WEB,Unrestricted public web,Tavily Search API,2026-08-13,2026-08-13T23:01:53+00:00,"(coral OR corals OR octocoral OR gorgonian OR ""sea pen"" OR scleractinian OR antipatharian OR ""black coral"") (sediment OR turbidity OR burial OR ""drill cuttings"") (mucus OR mucociliary OR ""sediment rejection"" OR ""sediment clearance"" OR feeding OR ""food capture"" OR ""polyp activity"") (report OR ""technical report"" OR ""monitoring report"" OR assessment OR ""environmental impact statement"" OR EIS OR thesis OR dissertation OR proceedings OR ""regulatory submission"" OR ""operator report"") filetype:pdf",,18,"(PDF) Experimental investigation into the effects of suspended sediment on fertilisation, larval survival and settlement in a scleractinian coral",https://www.academia.edu/59711172/Experimental_investigation_into_the_effects_of_suspended_sediment_on_fertilisation_larval_survival_and_settlement_in_a_scleractinian_coral,academia.edu,0.9008089914491293,,"The introduction of an additional stress in the form of high levels of suspended sediments coupled with naturally high variability in recruitment may have a considerable eect on the successful supply and settlement of coral larvae to a reef. Effects of terrigenous sediment on settlement and survival of the reef coral Pocillopora damicornis. The lowest sediment exposure levels that caused adverse effects in corals were well below the levels previously described as 'normal' on reefs: for deposited sediment, adverse effects occurred as low as 1 mg/cm 2 / day for larvae (limited settlement rates)",4.46,1
GL_BROAD_MECH_FEEDING_MUCUS_CORAL_01,MECH_FEEDING_MUCUS_CORAL,broad_web,BROAD_WEB,Unrestricted public web,Tavily Search API,2026-08-13,2026-08-13T23:01:53+00:00,"(coral OR corals OR octocoral OR gorgonian OR ""sea pen"" OR scleractinian OR antipatharian OR ""black coral"") (sediment OR turbidity OR burial OR ""drill cuttings"") (mucus OR mucociliary OR ""sediment rejection"" OR ""sediment clearance"" OR feeding OR ""food capture"" OR ""polyp activity"") (report OR ""technical report"" OR ""monitoring report"" OR assessment OR ""environmental impact statement"" OR EIS OR thesis OR dissertation OR proceedings OR ""regulatory submission"" OR ""operator report"") filetype:pdf",,19,(PDF) Effect of suspended sediment on fertilization success in the scleractinian coral Pectinia lactuca,https://www.academia.edu/66435264/Effect_of_suspended_sediment_on_fertilization_success_in_the_scleractinian_coral_Pectinia_lactuca,academia.edu,0.8788678849120114,,"The effect of increased levels of suspended sediment on fertilization success in the scleractinian coral Pectinia lactuca was investigated in a laboratory experiment following a mass coral spawning event on reefs off Singapore. Suspended sediment prolongs larval development in a coral reef fish. While recent research has demonstrated that suspended sediment can have negative impacts on post-settlement coral reef fishes, its effect on larval development has not been investigated. In this study, we tested the effects of different levels of suspended sediment on larval growth and development time",4.46,1
GL_BROAD_MECH_FEEDING_MUCUS_CORAL_02,MECH_FEEDING_MUCUS_CORAL,broad_web,BROAD_WEB,Unrestricted public web,Tavily Search API,2026-08-13,2026-08-13T23:02:01+00:00,"(coral OR corals OR octocoral OR gorgonian OR ""sea pen"" OR scleractinian OR antipatharian OR ""black coral"") (sediment OR turbidity OR burial OR ""drill cuttings"") (mucus OR mucociliary OR ""sediment rejection"" OR ""sediment clearance"" OR feeding OR ""food capture"" OR ""polyp activity"") government regulator monitoring technical report environmental assessment thesis dissertation proceedings operator report",,1,Ecophysiological and behavioural response of juveniles of the Chilean cold-water coral Caryophyllia (Caryophyllia) huinayensis to increasing sediment loads - PMC,https://pmc.ncbi.nlm.nih.gov/articles/PMC10700329,pmc.ncbi.nlm.nih.gov,0.42620277,,"Title: Ecophysiological and behavioural response of juveniles of the Chilean cold-water coral Caryophyllia (Caryophyllia) huinayensis to increasing sediment loads - PMC huinayensis* (CWC) Juveniles | Wadden Sea benthic sediment (Spieka-Neufeld) Freeze dried and boiled with H202 1.6 (C)/160 (T1)/1600 mg L−1 (T2) Grain size < 200 µm | 12 w Suspended sediment | · Under T2 decreased growth rate, polyp extension, tissue retraction · Decreased metabolic rate with increasing sediment load · Evidence of mucus production, mesenterial filaments extruded | This study |. pertusum* (CWC) | Natural b",4.36,1
GL_BROAD_MECH_FEEDING_MUCUS_CORAL_02,MECH_FEEDING_MUCUS_CORAL,broad_web,BROAD_WEB,Unrestricted public web,Tavily Search API,2026-08-13,2026-08-13T23:02:01+00:00,"(coral OR corals OR octocoral OR gorgonian OR ""sea pen"" OR scleractinian OR antipatharian OR ""black coral"") (sediment OR turbidity OR burial OR ""drill cuttings"") (mucus OR mucociliary OR ""sediment rejection"" OR ""sediment clearance"" OR feeding OR ""food capture"" OR ""polyp activity"") government regulator monitoring technical report environmental assessment thesis dissertation proceedings operator report",,2,[PDF] Active sediment rejection efficiency of five scleractinian coral ... - NUS,https://lkcnhm.nus.edu.sg/wp-content/uploads/sites/10/2021/06/NIS-2021-0051.pdf,lkcnhm.nus.edu.sg,0.37236878,,"on their surfaces within three hours, regardless of sediment treatment (Fig. 2). The percentage area of sediment cleared from the controls was found to be only less than one percent of the total sediment deposited (Fig. 3). Further, the results for Diploastrea heliopora align very closely with the findings of Lui et al. (2012), who used a similar approach, but in an aquarium setting. Thus, it is probable that the sediment clearance observed in the current study was primarily due to the corals [...] efficiency of corals varied significantly among species and between sediment treatments. Overall",4.36,1
GL_BROAD_MECH_FEEDING_MUCUS_CORAL_02,MECH_FEEDING_MUCUS_CORAL,broad_web,BROAD_WEB,Unrestricted public web,Tavily Search API,2026-08-13,2026-08-13T23:02:01+00:00,"(coral OR corals OR octocoral OR gorgonian OR ""sea pen"" OR scleractinian OR antipatharian OR ""black coral"") (sediment OR turbidity OR burial OR ""drill cuttings"") (mucus OR mucociliary OR ""sediment rejection"" OR ""sediment clearance"" OR feeding OR ""food capture"" OR ""polyp activity"") government regulator monitoring technical report environmental assessment thesis dissertation proceedings operator report",,3,Sediment rejection by reef corals: The roles of behavior and morphology in Montastrea cavernosa (Linnaeus) - ScienceDirect,https://www.sciencedirect.com/science/article/pii/0022098180901392,sciencedirect.com,0.35053307,,"# Sediment rejection by reef corals: The roles of behavior and morphology in *Montastrea cavernosa* (Linnaeus). ### Coral populations and growth patterns: responses to sedimentation and turbidity associated with dredging. A few coral species, such as Montastraea cavernosa and Astrangia poculata, can tolerate sedimentation rates as high as 600–1380 mg cm−2 d−1 (Lasker, 1980; Peters and Pilson, 1985). This wide range demonstrates that different coral species and corals in different geographic regions may respond differently to increased amounts and rates of sedimentation. A review of published l",4.36,1
GL_BROAD_MECH_FEEDING_MUCUS_CORAL_02,MECH_FEEDING_MUCUS_CORAL,broad_web,BROAD_WEB,Unrestricted public web,Tavily Search API,2026-08-13,2026-08-13T23:02:01+00:00,"(coral OR corals OR octocoral OR gorgonian OR ""sea pen"" OR scleractinian OR antipatharian OR ""black coral"") (sediment OR turbidity OR burial OR ""drill cuttings"") (mucus OR mucociliary OR ""sediment rejection"" OR ""sediment clearance"" OR feeding OR ""food capture"" OR ""polyp activity"") government regulator monitoring technical report environmental assessment thesis dissertation proceedings operator report",,4,Mushroom corals overcome live burial through pulsed inflation | Coral Reefs | Springer Nature Link,https://doi.org/10.1007/s00338-011-0862-z,doi.org,0.34283602,,"# Mushroom corals overcome live burial through pulsed inflation. Fungiid corals appear to be an exception, as they can remove sediments through substantial polyp inflation (up to five times their normal size) in addition to mucus entanglement and ciliary action (Schuhmacher 1977 Ability in fungiid corals to overcome sedimentation. Proc 3rd Int Coral Reef Symp 1:503–509"")). Using time-lapse photography (speeding up time 300×), we observed that this inflation occurs in rhythmic pulses (Fig. 1), allowing corals to completely exhume themselves after becoming covered in sand. Specimens of *Lobactis",4.36,1
GL_BROAD_MECH_FEEDING_MUCUS_CORAL_02,MECH_FEEDING_MUCUS_CORAL,broad_web,BROAD_WEB,Unrestricted public web,Tavily Search API,2026-08-13,2026-08-13T23:02:01+00:00,"(coral OR corals OR octocoral OR gorgonian OR ""sea pen"" OR scleractinian OR antipatharian OR ""black coral"") (sediment OR turbidity OR burial OR ""drill cuttings"") (mucus OR mucociliary OR ""sediment rejection"" OR ""sediment clearance"" OR feeding OR ""food capture"" OR ""polyp activity"") government regulator monitoring technical report environmental assessment thesis dissertation proceedings operator report",,5,Sneezing corals: Mucous sheets and sediment exposure,https://www.linkedin.com/pulse/sneezing-corals-mucous-sheets-sediment-exposure-wamsi-dsn,linkedin.com,0.32101336,,## Sign in to view more content. # Sneezing corals: Mucous sheets and sediment exposure. Scientists from the Western Australia Marine Science Institute (WAMSI)have discovered a new bioindicator to assist with monitoring sediment-related stress in corals - mucus. Field observations and laboratory tests have shown a strong relationship between the increased prevalence of mucus – or coral snot – produced by boulder corals when exposed to high sediment levels near dredging activity. “Our study shows strong evidence that these boulder corals produce mucous sheets when exposed to high sediment level,4.36,1
GL_BROAD_MECH_FEEDING_MUCUS_CORAL_02,MECH_FEEDING_MUCUS_CORAL,broad_web,BROAD_WEB,Unrestricted public web,Tavily Search API,2026-08-13,2026-08-13T23:02:01+00:00,"(coral OR corals OR octocoral OR gorgonian OR ""sea pen"" OR scleractinian OR antipatharian OR ""black coral"") (sediment OR turbidity OR burial OR ""drill cuttings"") (mucus OR mucociliary OR ""sediment rejection"" OR ""sediment clearance"" OR feeding OR ""food capture"" OR ""polyp activity"") government regulator monitoring technical report environmental assessment thesis dissertation proceedings operator report",,6,"""Sensitivity of Corals to Turbidity and Sedimentation from Dredging: A "" by Paul. L. A. Erftemeijer and Bernhard Riegl",https://nsuworks.nova.edu/occ_facpresentations/99,nsuworks.nova.edu,0.30797216,,"Hypotheses to explain substantial differences in sensitivity between different coral species include the growth form and orientation of coral colonies, the ability to actively reject sediment (polyp inflation, mucus production, ciliary and tentacular action) and the size of the coral polyp/calice. Validity of these hypotheses was tested on the basis of 53 published studies on effects of turbidity and sedimentation on 85 coral species, the results of which will be presented. [...] experienced. Corals experience stress from high suspended sediment concentrations (polyp) and their effects on ligh",4.36,1
GL_BROAD_MECH_FEEDING_MUCUS_CORAL_02,MECH_FEEDING_MUCUS_CORAL,broad_web,BROAD_WEB,Unrestricted public web,Tavily Search API,2026-08-13,2026-08-13T23:02:01+00:00,"(coral OR corals OR octocoral OR gorgonian OR ""sea pen"" OR scleractinian OR antipatharian OR ""black coral"") (sediment OR turbidity OR burial OR ""drill cuttings"") (mucus OR mucociliary OR ""sediment rejection"" OR ""sediment clearance"" OR feeding OR ""food capture"" OR ""polyp activity"") government regulator monitoring technical report environmental assessment thesis dissertation proceedings operator report",,7,Effect of suspended sediment on fertilization success in the scleractinian coral Pectinia lactuca,https://www.academia.edu/66435264/Effect_of_suspended_sediment_on_fertilization_success_in_the_scleractinian_coral_Pectinia_lactuca,academia.edu,0.29695538,,"rather than carbonate sediments. Once transferred into sediment-free seawater, functional~36-hold embryos began emerging from the cocoons, coinciding with cilia development. Ciliated (> 36-hold) larvae exposed to suspended sediments for 60 h were also observed to secrete mucus and were similarly unaffected by suspended sediment concentrations to~800 mg L-1. This study provides evidence that mucous secretion and cilia beating effectively protect coral embryos and larvae from suspended sediment [...] L-1. However, some embryos exhibited a previously undescribed response to dynamically suspended",4.36,1
GL_BROAD_MECH_FEEDING_MUCUS_CORAL_02,MECH_FEEDING_MUCUS_CORAL,broad_web,BROAD_WEB,Unrestricted public web,Tavily Search API,2026-08-13,2026-08-13T23:02:01+00:00,"(coral OR corals OR octocoral OR gorgonian OR ""sea pen"" OR scleractinian OR antipatharian OR ""black coral"") (sediment OR turbidity OR burial OR ""drill cuttings"") (mucus OR mucociliary OR ""sediment rejection"" OR ""sediment clearance"" OR feeding OR ""food capture"" OR ""polyp activity"") government regulator monitoring technical report environmental assessment thesis dissertation proceedings operator report",,8,Sneezing corals: Mucous sheets and sediment exposure | AIMS,https://www.aims.gov.au/information-centre/news-and-stories/sneezing-corals-mucous-sheets-and-sediment-exposure,aims.gov.au,0.28642413,,"Title: Sneezing corals: Mucous sheets and sediment exposure | AIMS # Sneezing corals: Mucous sheets and sediment exposure. > This small coral fragment, housed in the SeaSim, has produced a mucus sheet to trap and remove fine sediment and reveal clean colony underneath. Scientists from the Western Australia Marine Science Institute (WAMSI) have discovered a new bioindicator to assist with monitoring sediment-related stress in corals - mucus. Field observations and laboratory tests have shown a strong relationship between the increased prevalence of mucus – or coral snot – produced by boulder co",4.36,1
GL_BROAD_MECH_FEEDING_MUCUS_CORAL_02,MECH_FEEDING_MUCUS_CORAL,broad_web,BROAD_WEB,Unrestricted public web,Tavily Search API,2026-08-13,2026-08-13T23:02:01+00:00,"(coral OR corals OR octocoral OR gorgonian OR ""sea pen"" OR scleractinian OR antipatharian OR ""black coral"") (sediment OR turbidity OR burial OR ""drill cuttings"") (mucus OR mucociliary OR ""sediment rejection"" OR ""sediment clearance"" OR feeding OR ""food capture"" OR ""polyp activity"") government regulator monitoring technical report environmental assessment thesis dissertation proceedings operator report",,9,Effects of sediment on the energy budgets of four scleractinian (Bourne 1900) and five alcyonacean (Lamouroux 1816) corals - ScienceDirect,https://www.sciencedirect.com/science/article/pii/0022098194001649,sciencedirect.com,0.269157,,"exposure (days) to suspended-sediment concentrations as high as 1000 mg L−1 while others show mortality after exposure (weeks) to concentrations as low as 30 mg L−1. The duration that corals can survive high turbidities ranges from several days (sensitive species) to at least 5–6 weeks (tolerant species). Increased sedimentation can cause smothering and burial of coral polyps, shading, tissue necrosis and population explosions of bacteria in coral mucus. Fine sediments tend to have greater [...] were documented. The study showed that the corals responded differentially to microplastics. Cleani",4.36,1
GL_BROAD_MECH_FEEDING_MUCUS_CORAL_02,MECH_FEEDING_MUCUS_CORAL,broad_web,BROAD_WEB,Unrestricted public web,Tavily Search API,2026-08-13,2026-08-13T23:02:01+00:00,"(coral OR corals OR octocoral OR gorgonian OR ""sea pen"" OR scleractinian OR antipatharian OR ""black coral"") (sediment OR turbidity OR burial OR ""drill cuttings"") (mucus OR mucociliary OR ""sediment rejection"" OR ""sediment clearance"" OR feeding OR ""food capture"" OR ""polyp activity"") government regulator monitoring technical report environmental assessment thesis dissertation proceedings operator report",,10,The comparative effects of chronic microplastic and sediment deposition on the scleractinian coral Merulina ampliata,https://www.sciencedirect.com/science/article/abs/pii/S0141113623002635,sciencedirect.com,0.25001034,,"As a major component of reef systems, stony corals (Order: Scleractinia) are especially exposed to the effects of microplastic pollution. Although scleractinian corals can employ sediment-rejection strategies such as mucus secretion (Stafford-Smith and Ormond, 1992) to reject microplastic particles (Corinaldesi et al., 2021), prolonged exposure can result in lower growth and photosynthetic declines (Reichert et al., 2019), comparable to extended stress from calcium carbonate sediments (Flores [...] The Indo-Pacific plating coral _Merulina ampliata_ (Ellis and Solander, 1786) is a generalist sp",4.36,1
GL_BROAD_MECH_FEEDING_MUCUS_CORAL_02,MECH_FEEDING_MUCUS_CORAL,broad_web,BROAD_WEB,Unrestricted public web,Tavily Search API,2026-08-13,2026-08-13T23:02:01+00:00,"(coral OR corals OR octocoral OR gorgonian OR ""sea pen"" OR scleractinian OR antipatharian OR ""black coral"") (sediment OR turbidity OR burial OR ""drill cuttings"") (mucus OR mucociliary OR ""sediment rejection"" OR ""sediment clearance"" OR feeding OR ""food capture"" OR ""polyp activity"") government regulator monitoring technical report environmental assessment thesis dissertation proceedings operator report",,11,Sediment-rejection efficiency of 22 species of Australian scleractinian corals | Marine Biology | Springer Nature Link,https://link.springer.com/article/10.1007/BF00346340,link.springer.com,0.20510544,,"Title: Sediment-rejection efficiency of 22 species of Australian scleractinian corals | Marine Biology | Springer Nature Link # Sediment-rejection efficiency of 22 species of Australian scleractinian corals. Sediment-rejection rates of 22 Australian midshelf coral species were studied in situ between March and July 1988 at Lizard Island, Great Barrier Reef. Rejection rates of non-branching species were positively correlated with calice size and were faster for fine (63 to 250 μm) than for coarse (500 to 1000 μm) sediment at influxes of 200 mg/cm2. Increasing water turbulence was a more importa",4.36,1
GL_BROAD_MECH_FEEDING_MUCUS_CORAL_02,MECH_FEEDING_MUCUS_CORAL,broad_web,BROAD_WEB,Unrestricted public web,Tavily Search API,2026-08-13,2026-08-13T23:02:01+00:00,"(coral OR corals OR octocoral OR gorgonian OR ""sea pen"" OR scleractinian OR antipatharian OR ""black coral"") (sediment OR turbidity OR burial OR ""drill cuttings"") (mucus OR mucociliary OR ""sediment rejection"" OR ""sediment clearance"" OR feeding OR ""food capture"" OR ""polyp activity"") government regulator monitoring technical report environmental assessment thesis dissertation proceedings operator report",,12,Effects of sand deposition on scleractinian and alcyonacean corals | Marine Biology | Springer Nature Link,https://doi.org/10.1007/BF00349461,doi.org,0.192646,,"Title: Effects of sand deposition on scleractinian and alcyonacean corals | Marine Biology | Springer Nature Link # Effects of sand deposition on scleractinian and alcyonacean corals. Abdel-Salam HA, Porter JW (1988) Physiological effects of sediment rejection on photosynthesis and respiration in three Caribbean reef corals. Proc 6th int coral Reef Symp 2:285–292 [Choat JH et al. In: Ginsburg RN (ed) Proceedings of the coloquium on global aspects of coral reefs: health, hazards and history, 1993. Dai CF (1993) Patterns of coral distribution and benthic space partitioning on the fringing reefs",4.36,1
GL_BROAD_MECH_FEEDING_MUCUS_CORAL_02,MECH_FEEDING_MUCUS_CORAL,broad_web,BROAD_WEB,Unrestricted public web,Tavily Search API,2026-08-13,2026-08-13T23:02:01+00:00,"(coral OR corals OR octocoral OR gorgonian OR ""sea pen"" OR scleractinian OR antipatharian OR ""black coral"") (sediment OR turbidity OR burial OR ""drill cuttings"") (mucus OR mucociliary OR ""sediment rejection"" OR ""sediment clearance"" OR feeding OR ""food capture"" OR ""polyp activity"") government regulator monitoring technical report environmental assessment thesis dissertation proceedings operator report",,13,The influence of different deep-sea coral habitats on sediment macrofaunal community structure and function | U.S. Geological Survey,https://www.usgs.gov/publications/influence-different-deep-sea-coral-habitats-sediment-macrofaunal-community-structure,usgs.gov,0.16571489,,"Deep-sea corals can create a highly complex, three-dimensional structure that facilitates sediment accumulation and influences adjacent sediment environments through altered hydrodynamic regimes. Infaunal communities adjacent to different coral types, including reef-building scleractinian corals and individual colonies of octocorals, are known to exhibit higher macrofaunal densities and distinct community structure when compared to non-coral soft-sediment communities. However, the coral types [...] Deep-sea corals can create a highly complex, three-dimensional structure that facilitates sedime",4.36,1
GL_BROAD_MECH_FEEDING_MUCUS_CORAL_02,MECH_FEEDING_MUCUS_CORAL,broad_web,BROAD_WEB,Unrestricted public web,Tavily Search API,2026-08-13,2026-08-13T23:02:01+00:00,"(coral OR corals OR octocoral OR gorgonian OR ""sea pen"" OR scleractinian OR antipatharian OR ""black coral"") (sediment OR turbidity OR burial OR ""drill cuttings"") (mucus OR mucociliary OR ""sediment rejection"" OR ""sediment clearance"" OR feeding OR ""food capture"" OR ""polyp activity"") government regulator monitoring technical report environmental assessment thesis dissertation proceedings operator report",,14,Partial mortality in massive reef corals as an indicator of sediment stress on coral reefs - ScienceDirect,https://www.sciencedirect.com/science/article/pii/S0025326X02004022,sciencedirect.com,0.1638601,,"## Marine Pollution Bulletin. # Partial mortality in massive reef corals as an indicator of sediment stress on coral reefs. ### Lethal and sublethal effects of dredging on reef corals. ### Marine Pollution Bulletin. ### Assessing the effects of “stress” on reef corals. ### Advances in Marine Biology. ### A global assessment of human effects on coral reefs. ### Marine Pollution Bulletin. ### Abundance, distribution and partial mortality of the Massive Coral *Siderastrea siderea* on degrading coral reefs at Barbados, West Indies. ### Marine Pollution Bulletin. ### Coral colony tissue damage in s",4.36,1
GL_BROAD_MECH_FEEDING_MUCUS_CORAL_02,MECH_FEEDING_MUCUS_CORAL,broad_web,BROAD_WEB,Unrestricted public web,Tavily Search API,2026-08-13,2026-08-13T23:02:01+00:00,"(coral OR corals OR octocoral OR gorgonian OR ""sea pen"" OR scleractinian OR antipatharian OR ""black coral"") (sediment OR turbidity OR burial OR ""drill cuttings"") (mucus OR mucociliary OR ""sediment rejection"" OR ""sediment clearance"" OR feeding OR ""food capture"" OR ""polyp activity"") government regulator monitoring technical report environmental assessment thesis dissertation proceedings operator report",,15,Photophysiological stress in scleractinian corals in response to short-term sedimentation - ScienceDirect,http://www.sciencedirect.com/science/article/pii/S0022098102004951,sciencedirect.com,0.15044051,,"## Article preview. Volume 287, Issue 1, 26 February 2003, Pages 57-78. peltiformis* declined linearly in relation to both the amount of sediment deposited per unit surface area and the duration of exposure. Our results suggest that anthropogenic sediment deposition can negatively affect the photosynthetic activity of zooxanthellae and thus the viability of corals. Some species are able to clean off deposits efficiently and show no damage due to sedimentation Abdel-Salam and Porter, 1988, Stafford-Smith, 1993, Riegl, 1995, Wesseling et al., 1999. This instrument has previously been used on cor",4.36,1
GL_BROAD_MECH_FEEDING_MUCUS_CORAL_02,MECH_FEEDING_MUCUS_CORAL,broad_web,BROAD_WEB,Unrestricted public web,Tavily Search API,2026-08-13,2026-08-13T23:02:01+00:00,"(coral OR corals OR octocoral OR gorgonian OR ""sea pen"" OR scleractinian OR antipatharian OR ""black coral"") (sediment OR turbidity OR burial OR ""drill cuttings"") (mucus OR mucociliary OR ""sediment rejection"" OR ""sediment clearance"" OR feeding OR ""food capture"" OR ""polyp activity"") government regulator monitoring technical report environmental assessment thesis dissertation proceedings operator report",,16,Vulnerability of six cold-water corals to sediment resuspension from bottom trawling fishing - ScienceDirect,https://www.sciencedirect.com/science/article/pii/S0025326X23008573,sciencedirect.com,0.14145951,,"Title: Vulnerability of six cold-water corals to sediment resuspension from bottom trawling fishing - ScienceDirect ## Marine Pollution Bulletin. Volume 196, November 2023, 115423. # Vulnerability of six cold-water corals to sediment resuspension from bottom trawling fishing. Author links open overlay panel, , , , , , , ,. https://doi.org/10.1016/j.marpolbul.2023.115423Get rights and content. Under a Creative Commons license. ## Highlights. CWCs show species-specific responses to increased suspended sediment concentration. Photogrammetry method applied to non-scleractinians in experimental con",4.36,1
GL_BROAD_MECH_FEEDING_MUCUS_CORAL_02,MECH_FEEDING_MUCUS_CORAL,broad_web,BROAD_WEB,Unrestricted public web,Tavily Search API,2026-08-13,2026-08-13T23:02:01+00:00,"(coral OR corals OR octocoral OR gorgonian OR ""sea pen"" OR scleractinian OR antipatharian OR ""black coral"") (sediment OR turbidity OR burial OR ""drill cuttings"") (mucus OR mucociliary OR ""sediment rejection"" OR ""sediment clearance"" OR feeding OR ""food capture"" OR ""polyp activity"") government regulator monitoring technical report environmental assessment thesis dissertation proceedings operator report",,17,Photophysiological stress in scleractinian corals in response to short-term sedimentation - ScienceDirect,https://www.sciencedirect.com/science/article/pii/S0022098102004951,sciencedirect.com,0.11067306,,"Title: Photophysiological stress in scleractinian corals in response to short-term sedimentation - ScienceDirect ## Article preview. Volume 287, Issue 1, 26 February 2003, Pages 57-78. Effects of short-term sedimentation on common coastal coral species were investigated in laboratory and field experiments on the Great Barrier Reef (GBR) using pulse-amplitude modulated (PAM) chlorophyll fluorometry. Zooxanthellae densities and chlorophyll concentrations per unit area of sediment-treated corals decreased in the same manner, however, their responses were not quite as strong as the changes in *F*v",4.36,1
GL_BROAD_MECH_FEEDING_MUCUS_CORAL_02,MECH_FEEDING_MUCUS_CORAL,broad_web,BROAD_WEB,Unrestricted public web,Tavily Search API,2026-08-13,2026-08-13T23:02:01+00:00,"(coral OR corals OR octocoral OR gorgonian OR ""sea pen"" OR scleractinian OR antipatharian OR ""black coral"") (sediment OR turbidity OR burial OR ""drill cuttings"") (mucus OR mucociliary OR ""sediment rejection"" OR ""sediment clearance"" OR feeding OR ""food capture"" OR ""polyp activity"") government regulator monitoring technical report environmental assessment thesis dissertation proceedings operator report",,18,"Effects of dissolved nickel and nickel-contaminated suspended sediment on the scleractinian coral, Acropora muricata - R Discovery",https://discovery.researcher.life/article/effects-of-dissolved-nickel-and-nickel-contaminated-suspended-sediment-on-the-scleractinian-coral-acropora-muricata/b8e77108efe03450b3cf5974e6dc051c,discovery.researcher.life,0.08440987,,"Title: Effects of dissolved nickel and nickel-contaminated suspended sediment on the scleractinian coral, Acropora muricata - R Discovery * Effects of dissolved nickel and nickel-contaminated suspended sediment on the scleractinian coral, Acropora muricata. # Effects of dissolved nickel and nickel-contaminated suspended sediment on the scleractinian coral, Acropora muricata. Significant bleaching and accumulation of nickel in coral tissue was observed only after exposure to high dissolved nickel concentrations and nickel-spiked suspended sediment. This study demonstrates that bioavailability o",4.36,1
GL_BROAD_MECH_FEEDING_MUCUS_CORAL_02,MECH_FEEDING_MUCUS_CORAL,broad_web,BROAD_WEB,Unrestricted public web,Tavily Search API,2026-08-13,2026-08-13T23:02:01+00:00,"(coral OR corals OR octocoral OR gorgonian OR ""sea pen"" OR scleractinian OR antipatharian OR ""black coral"") (sediment OR turbidity OR burial OR ""drill cuttings"") (mucus OR mucociliary OR ""sediment rejection"" OR ""sediment clearance"" OR feeding OR ""food capture"" OR ""polyp activity"") government regulator monitoring technical report environmental assessment thesis dissertation proceedings operator report",,19,"(PDF) Experimental investigation into the effects of suspended sediment on fertilisation, larval survival and settlement in a scleractinian coral",https://www.academia.edu/59711172/Experimental_investigation_into_the_effects_of_suspended_sediment_on_fertilisation_larval_survival_and_settlement_in_a_scleractinian_coral,academia.edu,0.08111866,,"The introduction of an additional stress in the form of high levels of suspended sediments coupled with naturally high variability in recruitment may have a considerable eect on the successful supply and settlement of coral larvae to a reef. Effects of terrigenous sediment on settlement and survival of the reef coral Pocillopora damicornis. The lowest sediment exposure levels that caused adverse effects in corals were well below the levels previously described as 'normal' on reefs: for deposited sediment, adverse effects occurred as low as 1 mg/cm 2 / day for larvae (limited settlement rates)",4.36,1
GL_BROAD_MECH_FEEDING_PUMPING_SPONGE_01,MECH_FEEDING_PUMPING_SPONGE,broad_web,BROAD_WEB,Unrestricted public web,Tavily Search API,2026-08-13,2026-08-13T23:02:09+00:00,"(sponge OR sponges OR Porifera OR demosponge OR hexactinellid OR ""glass sponge"" OR ""deep-sea sponge"" OR ""cold-water sponge"") (sediment OR turbidity OR ""suspended solids"" OR ""drill cuttings"") (pumping OR filtration OR clogging OR ""feeding current"" OR ""food capture"" OR ""clearance rate"") (report OR ""technical report"" OR ""monitoring report"" OR assessment OR ""environmental impact statement"" OR EIS OR thesis OR dissertation OR proceedings OR ""regulatory submission"" OR ""operator report"") filetype:pdf",,1,"[PDF] Effects of Sediment on Glass Sponges (Porifera, Hexactinellida) and ...",https://leyslab.weebly.com/uploads/5/4/9/4/54947267/effects_of_sediment_on_glass_sponges__porifera_hexactinellida__and_projected_effects_on_glass_sponge_reefs.pdf,leyslab.weebly.com,0.6161283,,"of the filtration system (in demosponges) or sensory tissues and electrical signalling to arrest the feeding current (in hexactinellids = glass sponges). Sponges are suspension feeders: they draw water through pores in their surface tissues, into canals to chambers of choanocytes where food is captured. They extract bacteria (0.2-1µm) and picoplankton (0.2-10µm) (e.g. unicellular algae). Clearance studies show sponges preferentially take up smaller particles (0-8µm), but are selective feeders – [...] sponge body due to clogging, the sponge would not meet its energetic requirements. 4. SEDIMENT",3.39,1
GL_BROAD_MECH_FEEDING_PUMPING_SPONGE_01,MECH_FEEDING_PUMPING_SPONGE,broad_web,BROAD_WEB,Unrestricted public web,Tavily Search API,2026-08-13,2026-08-13T23:02:09+00:00,"(sponge OR sponges OR Porifera OR demosponge OR hexactinellid OR ""glass sponge"" OR ""deep-sea sponge"" OR ""cold-water sponge"") (sediment OR turbidity OR ""suspended solids"" OR ""drill cuttings"") (pumping OR filtration OR clogging OR ""feeding current"" OR ""food capture"" OR ""clearance rate"") (report OR ""technical report"" OR ""monitoring report"" OR assessment OR ""environmental impact statement"" OR EIS OR thesis OR dissertation OR proceedings OR ""regulatory submission"" OR ""operator report"") filetype:pdf",,2,Geodia and other massive sponges on Atlanto-Arctic upper bathyal mixed sediment - MarLIN - The Marine Life Information Network,https://www.marlin.ac.uk/habitats/detail/1199/geodia_and_other_massive_sponges_on_atlanto-arctic_upper_bathyal_mixed_sediment,marlin.ac.uk,0.49787658,,"## Citation This review can be cited as: Last, E.K., Ferguson, M., Serpetti, N., Narayanaswamy, B.E., Hughes, D.J. 2020. Geodia and other massive sponges on Atlanto-Arctic upper bathyal mixed sediment. In Tyler-Walters H. Marine Life Information Network: Biology and Sensitivity Key Information Reviews, [on-line]. Plymouth: Marine Biological Association of the United Kingdom. [cited 13-08-2026]. Available from: Last Updated: 09/01/2020 1. Geodia 2. deep-sea 3. sponge Skip to footer [...] pumping rates. In addition, stress effects are known to affect filter-feeding in deep-sea sponges (Rob",3.39,1
GL_BROAD_MECH_FEEDING_PUMPING_SPONGE_01,MECH_FEEDING_PUMPING_SPONGE,broad_web,BROAD_WEB,Unrestricted public web,Tavily Search API,2026-08-13,2026-08-13T23:02:09+00:00,"(sponge OR sponges OR Porifera OR demosponge OR hexactinellid OR ""glass sponge"" OR ""deep-sea sponge"" OR ""cold-water sponge"") (sediment OR turbidity OR ""suspended solids"" OR ""drill cuttings"") (pumping OR filtration OR clogging OR ""feeding current"" OR ""food capture"" OR ""clearance rate"") (report OR ""technical report"" OR ""monitoring report"" OR assessment OR ""environmental impact statement"" OR EIS OR thesis OR dissertation OR proceedings OR ""regulatory submission"" OR ""operator report"") filetype:pdf",,3,The Hexactinellid Deep-Water Sponge Vazella pourtalesii ...,https://www.frontiersin.org/journals/marine-science/articles/10.3389/fmars.2021.611539/full,frontiersin.org,0.491725,,"24 GrantN.MatveevE.KahnA. S.ArcherS. K.DunhamA.BannisterR. J.et al (2019). Effect of suspended sediments on the pumping rates of three species of glass sponge in situ.Mar. Ecol. Prog. Ser.61579–100. 10.3354/meps12939 25 HanzU.BeazleyL.KenchingtonE.DuineveldG.RappH. T.MienisF. (2021). Seasonal variability in near-bed environmental conditions in the Vazella pourtalesii glass sponge grounds of the Scotian Shelf.Front. Mar. Sci.7:1179. 10.3389/fmars.2020.597682 26 [...] In this aquaria-based ex situ study, V. pourtalesii was found to cope with increased levels of natural suspended sediment for",3.39,1
GL_BROAD_MECH_FEEDING_PUMPING_SPONGE_01,MECH_FEEDING_PUMPING_SPONGE,broad_web,BROAD_WEB,Unrestricted public web,Tavily Search API,2026-08-13,2026-08-13T23:02:09+00:00,"(sponge OR sponges OR Porifera OR demosponge OR hexactinellid OR ""glass sponge"" OR ""deep-sea sponge"" OR ""cold-water sponge"") (sediment OR turbidity OR ""suspended solids"" OR ""drill cuttings"") (pumping OR filtration OR clogging OR ""feeding current"" OR ""food capture"" OR ""clearance rate"") (report OR ""technical report"" OR ""monitoring report"" OR assessment OR ""environmental impact statement"" OR EIS OR thesis OR dissertation OR proceedings OR ""regulatory submission"" OR ""operator report"") filetype:pdf",,4,Deep-sea sponge grounds,https://pure.uva.nl/ws/files/1302977/93777_Deep_sea_sponge_grounds.pdf,pure.uva.nl,0.47022632,,"Drill cuttings: Inert pieces of rock, gravel and sand removed from a well during drilling. Drilling fluid/drilling mud: Fluid pumped down a well bore during drilling; has multiple functions such as to cool and lubricate the drill, inhibit corrosion and remove drill cut -tings from the hole. Ecological engineering: The ability of certain marine organisms such as corals and sponges to form or modify structural habitat. [...] the sediment, some even grow on other sponges: Tetilla leptoderma, for example, can grow on Rossella nuda and Anoxycalyx joubini. Some hexactinellid sponge species are known",3.39,1
GL_BROAD_MECH_FEEDING_PUMPING_SPONGE_01,MECH_FEEDING_PUMPING_SPONGE,broad_web,BROAD_WEB,Unrestricted public web,Tavily Search API,2026-08-13,2026-08-13T23:02:09+00:00,"(sponge OR sponges OR Porifera OR demosponge OR hexactinellid OR ""glass sponge"" OR ""deep-sea sponge"" OR ""cold-water sponge"") (sediment OR turbidity OR ""suspended solids"" OR ""drill cuttings"") (pumping OR filtration OR clogging OR ""feeding current"" OR ""food capture"" OR ""clearance rate"") (report OR ""technical report"" OR ""monitoring report"" OR assessment OR ""environmental impact statement"" OR EIS OR thesis OR dissertation OR proceedings OR ""regulatory submission"" OR ""operator report"") filetype:pdf",,5,A Multi-Species Investigation of Sponges’ Filtering Activity towards Marine Microalgae,https://pmc.ncbi.nlm.nih.gov/articles/PMC8781895,pmc.ncbi.nlm.nih.gov,0.44985238,,"Sponges (Porifera), the oldest extant filter-feeding macroinvertebrates , have recently been viewed as promising candidates for IMTA scenarios [8,9] due to their capability to filter large volumes of water [10,11,12] and retain microorganisms or other particles of various sizes, ranging from 0.1 to 50 μm [13,14,15], with high efficiency (75–99%) [11,14,16,17]. Having developed intricate patterns of symbiotic associations with microbial communities, sponges are among the most diverse and complex [...] ### 3.6. Data Analysis Clearance rate (_c_) is a measure that indirectly quantifies the filte",3.39,1
GL_BROAD_MECH_FEEDING_PUMPING_SPONGE_01,MECH_FEEDING_PUMPING_SPONGE,broad_web,BROAD_WEB,Unrestricted public web,Tavily Search API,2026-08-13,2026-08-13T23:02:09+00:00,"(sponge OR sponges OR Porifera OR demosponge OR hexactinellid OR ""glass sponge"" OR ""deep-sea sponge"" OR ""cold-water sponge"") (sediment OR turbidity OR ""suspended solids"" OR ""drill cuttings"") (pumping OR filtration OR clogging OR ""feeding current"" OR ""food capture"" OR ""clearance rate"") (report OR ""technical report"" OR ""monitoring report"" OR assessment OR ""environmental impact statement"" OR EIS OR thesis OR dissertation OR proceedings OR ""regulatory submission"" OR ""operator report"") filetype:pdf",,6,"Effects of Sediment on Glass Sponges (Porifera, ...",https://www.dfo-mpo.gc.ca/csas-sccs/Publications/ResDocs-DocRech/2013/2013_074-eng.html,dfo-mpo.gc.ca,0.4450718,,Clogging by sediment reduces filtration in the glass reef sponge by 50-80% of normal levels. Glass reef sponges rely on induced current to,3.39,1
GL_BROAD_MECH_FEEDING_PUMPING_SPONGE_01,MECH_FEEDING_PUMPING_SPONGE,broad_web,BROAD_WEB,Unrestricted public web,Tavily Search API,2026-08-13,2026-08-13T23:02:09+00:00,"(sponge OR sponges OR Porifera OR demosponge OR hexactinellid OR ""glass sponge"" OR ""deep-sea sponge"" OR ""cold-water sponge"") (sediment OR turbidity OR ""suspended solids"" OR ""drill cuttings"") (pumping OR filtration OR clogging OR ""feeding current"" OR ""food capture"" OR ""clearance rate"") (report OR ""technical report"" OR ""monitoring report"" OR assessment OR ""environmental impact statement"" OR EIS OR thesis OR dissertation OR proceedings OR ""regulatory submission"" OR ""operator report"") filetype:pdf",,7,Feeding in deep-sea demosponges: Influence of abiotic and biotic factors,https://www.sciencedirect.com/science/article/abs/pii/S096706371730119X,sciencedirect.com,0.4237686,,"on demosponges collected from the continental slope of eastern Canada at ~ 1000 m depth. Filtration rates (as clearance of phytoplankton cells) at holding temperature (6°C) were positively correlated with food particle concentration, ranging on average from 18.8 to 160.6 cells ml−1 h−1 at nominal concentrations of 10,000–40,000 cells ml−1. Cell clearance was not significantly affected by decreasing seawater temperature, from 6°C to 3°C or 0°C, although two of the sponges showed decreased [...] ## References (60) K.S.P. Gale _et al._ ### Trophic ecology of deep-sea Asteroidea (Echinodermata",3.39,1
GL_BROAD_MECH_FEEDING_PUMPING_SPONGE_01,MECH_FEEDING_PUMPING_SPONGE,broad_web,BROAD_WEB,Unrestricted public web,Tavily Search API,2026-08-13,2026-08-13T23:02:09+00:00,"(sponge OR sponges OR Porifera OR demosponge OR hexactinellid OR ""glass sponge"" OR ""deep-sea sponge"" OR ""cold-water sponge"") (sediment OR turbidity OR ""suspended solids"" OR ""drill cuttings"") (pumping OR filtration OR clogging OR ""feeding current"" OR ""food capture"" OR ""clearance rate"") (report OR ""technical report"" OR ""monitoring report"" OR assessment OR ""environmental impact statement"" OR EIS OR thesis OR dissertation OR proceedings OR ""regulatory submission"" OR ""operator report"") filetype:pdf",,8,Foldscope Explores... Sea Sponges,https://foldscope.com/blogs/blog/foldscope-explores-sea-sponges,foldscope.com,0.39215115,,"Sea sponges are animals that belong to the Phylum Porifera. As the name suggests, sponges are porous creatures that can be found in saltwater and freshwater environments. According to the fossil record, sea sponges have been in existence for approximately 600 million years! The approximately 8,550 species of sponges are differentiated by their skeletons, which can be either mineral or protein based. [...] sea sponge viewed under a Foldscope 2.0 at 50X magnification (left) and 50X magnification plus 5X zoom on phone (right) Figure 2. Picture of sea sponge viewed under a Foldscope 2.0 at 50X ma",3.39,1
GL_BROAD_MECH_FEEDING_PUMPING_SPONGE_01,MECH_FEEDING_PUMPING_SPONGE,broad_web,BROAD_WEB,Unrestricted public web,Tavily Search API,2026-08-13,2026-08-13T23:02:09+00:00,"(sponge OR sponges OR Porifera OR demosponge OR hexactinellid OR ""glass sponge"" OR ""deep-sea sponge"" OR ""cold-water sponge"") (sediment OR turbidity OR ""suspended solids"" OR ""drill cuttings"") (pumping OR filtration OR clogging OR ""feeding current"" OR ""food capture"" OR ""clearance rate"") (report OR ""technical report"" OR ""monitoring report"" OR assessment OR ""environmental impact statement"" OR EIS OR thesis OR dissertation OR proceedings OR ""regulatory submission"" OR ""operator report"") filetype:pdf",,9,The Boundary Reefs: Glass Sponge (Porifera,https://repository.library.noaa.gov/view/noaa/788/noaa_788_DS1.pdf,repository.library.noaa.gov,0.37401357,,by RP Stone · 2014 · Cited by 11 — Tidal currents are thought to provide accessory feeding opportunities to sponges ・ ambient currents augment sponge feeding by inducing currents through the,3.39,1
GL_BROAD_MECH_FEEDING_PUMPING_SPONGE_01,MECH_FEEDING_PUMPING_SPONGE,broad_web,BROAD_WEB,Unrestricted public web,Tavily Search API,2026-08-13,2026-08-13T23:02:09+00:00,"(sponge OR sponges OR Porifera OR demosponge OR hexactinellid OR ""glass sponge"" OR ""deep-sea sponge"" OR ""cold-water sponge"") (sediment OR turbidity OR ""suspended solids"" OR ""drill cuttings"") (pumping OR filtration OR clogging OR ""feeding current"" OR ""food capture"" OR ""clearance rate"") (report OR ""technical report"" OR ""monitoring report"" OR assessment OR ""environmental impact statement"" OR EIS OR thesis OR dissertation OR proceedings OR ""regulatory submission"" OR ""operator report"") filetype:pdf",,10,Deep–Sea Sponges of the Indian Ocean,https://openknowledge.fao.org/bitstreams/5c0a8163-3ee2-48fd-b92b-34ffb3eb3f63/download,openknowledge.fao.org,0.3308283,,"in sediment. Sponges feed by filtering sea-water to capture food particles and oxygen, but an unusual group, the. 'carnivorous sponges', feed directly on",3.39,1
GL_BROAD_MECH_FEEDING_PUMPING_SPONGE_01,MECH_FEEDING_PUMPING_SPONGE,broad_web,BROAD_WEB,Unrestricted public web,Tavily Search API,2026-08-13,2026-08-13T23:02:09+00:00,"(sponge OR sponges OR Porifera OR demosponge OR hexactinellid OR ""glass sponge"" OR ""deep-sea sponge"" OR ""cold-water sponge"") (sediment OR turbidity OR ""suspended solids"" OR ""drill cuttings"") (pumping OR filtration OR clogging OR ""feeding current"" OR ""food capture"" OR ""clearance rate"") (report OR ""technical report"" OR ""monitoring report"" OR assessment OR ""environmental impact statement"" OR EIS OR thesis OR dissertation OR proceedings OR ""regulatory submission"" OR ""operator report"") filetype:pdf",,11,Sponges: Filter Feeding Made Visible | Shape of Life,https://www.shapeoflife.org/video/sponges-filter-feeding-made-visible,shapeoflife.org,0.2677343,,# Sponges: Filter Feeding Made Visible A florescent dye is injected next to a sponge and the sponge quickly pumps the dye through its body. This demonstrates that sponges actively pump large quantities of water through their bodies in order to extract tiny organisms for food from the water.,3.39,1
GL_BROAD_MECH_FEEDING_PUMPING_SPONGE_01,MECH_FEEDING_PUMPING_SPONGE,broad_web,BROAD_WEB,Unrestricted public web,Tavily Search API,2026-08-13,2026-08-13T23:02:09+00:00,"(sponge OR sponges OR Porifera OR demosponge OR hexactinellid OR ""glass sponge"" OR ""deep-sea sponge"" OR ""cold-water sponge"") (sediment OR turbidity OR ""suspended solids"" OR ""drill cuttings"") (pumping OR filtration OR clogging OR ""feeding current"" OR ""food capture"" OR ""clearance rate"") (report OR ""technical report"" OR ""monitoring report"" OR assessment OR ""environmental impact statement"" OR EIS OR thesis OR dissertation OR proceedings OR ""regulatory submission"" OR ""operator report"") filetype:pdf",,12,Actual and Model-Predicted Growth of Sponges—With a ...,https://orbit.dtu.dk/files/278233855/jmse_10_00607_v3.pdf,orbit.dtu.dk,0.25058758,,"by HU Riisgard · 2022 · Cited by 9 — While the filtration (pumping) rates of many sponge species have been measured as a function of their size, little is known about their rate of",3.39,1
GL_BROAD_MECH_FEEDING_PUMPING_SPONGE_01,MECH_FEEDING_PUMPING_SPONGE,broad_web,BROAD_WEB,Unrestricted public web,Tavily Search API,2026-08-13,2026-08-13T23:02:09+00:00,"(sponge OR sponges OR Porifera OR demosponge OR hexactinellid OR ""glass sponge"" OR ""deep-sea sponge"" OR ""cold-water sponge"") (sediment OR turbidity OR ""suspended solids"" OR ""drill cuttings"") (pumping OR filtration OR clogging OR ""feeding current"" OR ""food capture"" OR ""clearance rate"") (report OR ""technical report"" OR ""monitoring report"" OR assessment OR ""environmental impact statement"" OR EIS OR thesis OR dissertation OR proceedings OR ""regulatory submission"" OR ""operator report"") filetype:pdf",,13,Study reveals important role of sea sponges as marine ...,https://www.youtube.com/watch?v=KhbBvbWssxU,youtube.com,0.19260046,,A new report into sea sponges reveals that these little organisms play a big role in filtering millions of cubic metres of our oceans. In,3.39,1
GL_BROAD_MECH_FEEDING_PUMPING_SPONGE_01,MECH_FEEDING_PUMPING_SPONGE,broad_web,BROAD_WEB,Unrestricted public web,Tavily Search API,2026-08-13,2026-08-13T23:02:09+00:00,"(sponge OR sponges OR Porifera OR demosponge OR hexactinellid OR ""glass sponge"" OR ""deep-sea sponge"" OR ""cold-water sponge"") (sediment OR turbidity OR ""suspended solids"" OR ""drill cuttings"") (pumping OR filtration OR clogging OR ""feeding current"" OR ""food capture"" OR ""clearance rate"") (report OR ""technical report"" OR ""monitoring report"" OR assessment OR ""environmental impact statement"" OR EIS OR thesis OR dissertation OR proceedings OR ""regulatory submission"" OR ""operator report"") filetype:pdf",,14,UCI Machine Learning Repository,https://archive.ics.uci.edu/ml/datasets/sponge,archive.ics.uci.edu,0.1732186,,"Data on sponges; Attributes in spanish # Dataset Characteristics Multivariate # Subject Area Biology # Associated Tasks Clustering # Feature Type Categorical, Integer # # Instances 76 # # Features - # Dataset Information Additional Information These are atlantic-mediterranean marine sponges that belong to O.Hadromerida (Demospongiae.Porifera). Has Missing Values? Yes # Variables Table [...] # Dataset Files | File | Size | --- | | sponge.data | 35.5 KB | | sponge.info | 12.5 KB | | Index | 110 Bytes | Download (7.4 KB) Install the ucimlrepo package ``` pip install ucimlre",3.39,1
GL_BROAD_MECH_FEEDING_PUMPING_SPONGE_01,MECH_FEEDING_PUMPING_SPONGE,broad_web,BROAD_WEB,Unrestricted public web,Tavily Search API,2026-08-13,2026-08-13T23:02:09+00:00,"(sponge OR sponges OR Porifera OR demosponge OR hexactinellid OR ""glass sponge"" OR ""deep-sea sponge"" OR ""cold-water sponge"") (sediment OR turbidity OR ""suspended solids"" OR ""drill cuttings"") (pumping OR filtration OR clogging OR ""feeding current"" OR ""food capture"" OR ""clearance rate"") (report OR ""technical report"" OR ""monitoring report"" OR assessment OR ""environmental impact statement"" OR EIS OR thesis OR dissertation OR proceedings OR ""regulatory submission"" OR ""operator report"") filetype:pdf",,15,Do all sponges filter water? | Experiment,https://experiment.com/u/48sEOQ,experiment.com,0.14188701,,"Sponges are nature's filtration systems; they can filter up to 50,000 times their own volume in a day. Changes to coral ecosystems from climate change make reef sponges increasingly important. This project takes one of the first steps to explore the impact of sponges on nutrient availability on coral reefs. [...] #### 0 lab notes Funded How do sponges influence the availability of nutrients on coral reefs? A biology project funded by 54 people [...] Cara Fiore Cara Fiore Feb 09, 2015 456 1 7 Denny LuanKathy MorrisAlan ChenOscar JasklowskiDenny, Kathy, and 5 others like this. Please w",3.39,1
GL_BROAD_MECH_FEEDING_PUMPING_SPONGE_01,MECH_FEEDING_PUMPING_SPONGE,broad_web,BROAD_WEB,Unrestricted public web,Tavily Search API,2026-08-13,2026-08-13T23:02:09+00:00,"(sponge OR sponges OR Porifera OR demosponge OR hexactinellid OR ""glass sponge"" OR ""deep-sea sponge"" OR ""cold-water sponge"") (sediment OR turbidity OR ""suspended solids"" OR ""drill cuttings"") (pumping OR filtration OR clogging OR ""feeding current"" OR ""food capture"" OR ""clearance rate"") (report OR ""technical report"" OR ""monitoring report"" OR assessment OR ""environmental impact statement"" OR EIS OR thesis OR dissertation OR proceedings OR ""regulatory submission"" OR ""operator report"") filetype:pdf",,16,Quick facts about this unique and primitive phylum of mostly ...,https://www.facebook.com/deepmarinescenesofficial/videos/facts-sponges/713095760062524,facebook.com,0.11501327,,"They live on hard surfaces or soft sediments. The water brings in tiny food particles like bacteria, plankton, and detritus. capture small prey",3.39,1
GL_BROAD_MECH_FEEDING_PUMPING_SPONGE_01,MECH_FEEDING_PUMPING_SPONGE,broad_web,BROAD_WEB,Unrestricted public web,Tavily Search API,2026-08-13,2026-08-13T23:02:09+00:00,"(sponge OR sponges OR Porifera OR demosponge OR hexactinellid OR ""glass sponge"" OR ""deep-sea sponge"" OR ""cold-water sponge"") (sediment OR turbidity OR ""suspended solids"" OR ""drill cuttings"") (pumping OR filtration OR clogging OR ""feeding current"" OR ""food capture"" OR ""clearance rate"") (report OR ""technical report"" OR ""monitoring report"" OR assessment OR ""environmental impact statement"" OR EIS OR thesis OR dissertation OR proceedings OR ""regulatory submission"" OR ""operator report"") filetype:pdf",,17,𝐓𝐇𝐄 𝐒𝐂𝐈𝐄𝐍𝐂𝐄 𝐎𝐅... - National Museum of the Philippines,https://www.facebook.com/nationalmuseumofthephilippines/posts/%F0%9D%90%93%F0%9D%90%87%F0%9D%90%84-%F0%9D%90%92%F0%9D%90%82%F0%9D%90%88%F0%9D%90%84%F0%9D%90%8D%F0%9D%90%82%F0%9D%90%84-%F0%9D%90%8E%F0%9D%90%85-%F0%9D%90%92%F0%9D%90%8F%F0%9D%90%8E%F0%9D%90%8D%F0%9D%90%86%F0%9D%90%84%F0%9D%90%92%F0%9D%90%92%F0%9D%90%8F%F0%9D%90%8E%F0%9D%90%8D%F0%9D%90%86%F0%9D%90%84%F0%9D%90%92-may-appear-to-be-simple-porous-animals-of-the-sea-/1110614884427123,facebook.com,0.11465593,,"Taxonomy is the foundation for all sponge-related studies. Accurate identification and classification are critical for ecological studies because they help scientists understand the specific roles that different sponge species play within ecosystems, such as coral reefs. Sponges contribute significantly to water filtration and nutrient cycling and provide habitats for various marine life. [...] Investing in sponge research and taxonomy is not just an academic pursuit. It is a crucial effort that enhances our understanding of marine ecosystems, aids in the discovery of novel pharmaceuticals, an",3.39,1
GL_BROAD_MECH_FEEDING_PUMPING_SPONGE_01,MECH_FEEDING_PUMPING_SPONGE,broad_web,BROAD_WEB,Unrestricted public web,Tavily Search API,2026-08-13,2026-08-13T23:02:09+00:00,"(sponge OR sponges OR Porifera OR demosponge OR hexactinellid OR ""glass sponge"" OR ""deep-sea sponge"" OR ""cold-water sponge"") (sediment OR turbidity OR ""suspended solids"" OR ""drill cuttings"") (pumping OR filtration OR clogging OR ""feeding current"" OR ""food capture"" OR ""clearance rate"") (report OR ""technical report"" OR ""monitoring report"" OR assessment OR ""environmental impact statement"" OR EIS OR thesis OR dissertation OR proceedings OR ""regulatory submission"" OR ""operator report"") filetype:pdf",,18,Avoidance and Mitigation of Coral and Sponge Species ...,https://publications.gc.ca/collections/collection_2022/mpo-dfo/fs70-5/Fs70-5-2022-059-eng.pdf,publications.gc.ca,0.07154592,,"Gouvernement du Canada Symbole du gouvernement du Canada # Information archivée dans le Web / Information Archived on the Web ## Publications du gouvernement du Canada Continuer vers la publication Pour demander une publication dans un format alternatif, remplissez le formulaire électronique des publications du gouvernement du Canada. Utilisez le champ du formulaire «question ou commentaire» pour spécifier la publication demandée. ## Government of Canada Publications [...] Continue to publication To request an alternate format of a publication, complete the Government of Canada Publicati",3.39,1
GL_BROAD_MECH_FEEDING_PUMPING_SPONGE_02,MECH_FEEDING_PUMPING_SPONGE,broad_web,BROAD_WEB,Unrestricted public web,Tavily Search API,2026-08-13,2026-08-13T23:02:17+00:00,"(sponge OR sponges OR Porifera OR demosponge OR hexactinellid OR ""glass sponge"" OR ""deep-sea sponge"" OR ""cold-water sponge"") (sediment OR turbidity OR ""suspended solids"" OR ""drill cuttings"") (pumping OR filtration OR clogging OR ""feeding current"" OR ""food capture"" OR ""clearance rate"") government regulator monitoring technical report environmental assessment thesis dissertation proceedings operator report",,1,"[PDF] Effects of Sediment on Glass Sponges (Porifera, Hexactinellida) and ...",https://leyslab.weebly.com/uploads/5/4/9/4/54947267/effects_of_sediment_on_glass_sponges__porifera_hexactinellida__and_projected_effects_on_glass_sponge_reefs.pdf,leyslab.weebly.com,0.53648347,,"sponge body due to clogging, the sponge would not meet its energetic requirements. 4. SEDIMENT AND GLASS SPONGES 4.1. SEDIMENT AT GLASS SPONGE HABITATS Glass sponge habitats range from clear to turbid (turbidity is a measure of suspended solids in the water). Antarctic water and deep sea habitats are nutrient poor and ‘clear’ but experience periodic fallout from phytoplankton blooms. Disturbance by fish or currents, or by slumps (e.g. Porcupine Sea Bight – Pheronema) can resuspend sediment and [...] of the filtration system (in demosponges) or sensory tissues and electrical signalling to arres",1.67,1
GL_BROAD_MECH_FEEDING_PUMPING_SPONGE_02,MECH_FEEDING_PUMPING_SPONGE,broad_web,BROAD_WEB,Unrestricted public web,Tavily Search API,2026-08-13,2026-08-13T23:02:17+00:00,"(sponge OR sponges OR Porifera OR demosponge OR hexactinellid OR ""glass sponge"" OR ""deep-sea sponge"" OR ""cold-water sponge"") (sediment OR turbidity OR ""suspended solids"" OR ""drill cuttings"") (pumping OR filtration OR clogging OR ""feeding current"" OR ""food capture"" OR ""clearance rate"") government regulator monitoring technical report environmental assessment thesis dissertation proceedings operator report",,2,What is a sponge?,https://oceanservice.noaa.gov/facts/sponge.html,oceanservice.noaa.gov,0.46264356,,"Sponges have been around for a very long time, with certain species having a fossil record that dates back approximately 600 million years to the earliest (Precambrian) period of Earth’s history. The approximately 8,550 living sponge species are scientifically classified in the phylum Porifera, which is comprised of four distinct classes: the Demospongiae (the most diverse, containing 90 percent of all living sponges), Hexactinellida (the rare glass sponges), Calcarea (calcareous sponges), and [...] As water filters through a sponge’s porous exterior, the sponge gains some motion, receives foo",1.67,1
GL_BROAD_MECH_FEEDING_PUMPING_SPONGE_02,MECH_FEEDING_PUMPING_SPONGE,broad_web,BROAD_WEB,Unrestricted public web,Tavily Search API,2026-08-13,2026-08-13T23:02:17+00:00,"(sponge OR sponges OR Porifera OR demosponge OR hexactinellid OR ""glass sponge"" OR ""deep-sea sponge"" OR ""cold-water sponge"") (sediment OR turbidity OR ""suspended solids"" OR ""drill cuttings"") (pumping OR filtration OR clogging OR ""feeding current"" OR ""food capture"" OR ""clearance rate"") government regulator monitoring technical report environmental assessment thesis dissertation proceedings operator report",,3,"Effects of Sediment on Glass Sponges (Porifera, ...",https://www.dfo-mpo.gc.ca/csas-sccs/Publications/ResDocs-DocRech/2013/2013_074-eng.html,dfo-mpo.gc.ca,0.35541737,,"Apr 11, 2013 — Clogging by sediment reduces filtration in the glass reef sponge by 50-80% of normal levels. Glass reef sponges rely on induced current to ...Read more",1.67,1
GL_BROAD_MECH_FEEDING_PUMPING_SPONGE_02,MECH_FEEDING_PUMPING_SPONGE,broad_web,BROAD_WEB,Unrestricted public web,Tavily Search API,2026-08-13,2026-08-13T23:02:17+00:00,"(sponge OR sponges OR Porifera OR demosponge OR hexactinellid OR ""glass sponge"" OR ""deep-sea sponge"" OR ""cold-water sponge"") (sediment OR turbidity OR ""suspended solids"" OR ""drill cuttings"") (pumping OR filtration OR clogging OR ""feeding current"" OR ""food capture"" OR ""clearance rate"") government regulator monitoring technical report environmental assessment thesis dissertation proceedings operator report",,4,The Sponge Pump: The Role of Current Induced Flow in ...,https://reidenbach.evsc.virginia.edu/files/reidenbach/files/leys_et_al_2011.pdf,reidenbach.evsc.virginia.edu,0.34099028,,"take advantage of passive flow – water filtration driven by the physical properties of the flow itself [4,5,6]– and in some instances passive flow appears to reduce the energetic costs of feeding . This is especially apparent in the case of sponges (Porifera), where the amount of food available is directly proportional to the amount it can pump. [...] If, as suggested by our measurements, water pumping and filtration is an expensive process for sponges, mechanisms that adjust the flow rate in response to the metabolic needs and the availability of food would have high adaptive value when food",1.67,1
GL_BROAD_MECH_FEEDING_PUMPING_SPONGE_02,MECH_FEEDING_PUMPING_SPONGE,broad_web,BROAD_WEB,Unrestricted public web,Tavily Search API,2026-08-13,2026-08-13T23:02:17+00:00,"(sponge OR sponges OR Porifera OR demosponge OR hexactinellid OR ""glass sponge"" OR ""deep-sea sponge"" OR ""cold-water sponge"") (sediment OR turbidity OR ""suspended solids"" OR ""drill cuttings"") (pumping OR filtration OR clogging OR ""feeding current"" OR ""food capture"" OR ""clearance rate"") government regulator monitoring technical report environmental assessment thesis dissertation proceedings operator report",,5,Facts: Sponges,https://www.facebook.com/deepmarinescenesofficial/videos/facts-sponges/713095760062524,facebook.com,0.26342097,,"They live on hard surfaces or soft sediments. The water brings in tiny food particles like bacteria, plankton, and detritus. threads to capture",1.67,1
GL_BROAD_MECH_FEEDING_PUMPING_SPONGE_02,MECH_FEEDING_PUMPING_SPONGE,broad_web,BROAD_WEB,Unrestricted public web,Tavily Search API,2026-08-13,2026-08-13T23:02:17+00:00,"(sponge OR sponges OR Porifera OR demosponge OR hexactinellid OR ""glass sponge"" OR ""deep-sea sponge"" OR ""cold-water sponge"") (sediment OR turbidity OR ""suspended solids"" OR ""drill cuttings"") (pumping OR filtration OR clogging OR ""feeding current"" OR ""food capture"" OR ""clearance rate"") government regulator monitoring technical report environmental assessment thesis dissertation proceedings operator report",,6,Number of body volumes that sponge can filter - Sponges phylum Porifera - BNID 113270,https://bionumbers.hms.harvard.edu/bionumber.aspx?s=n&v=0&id=113270,bionumbers.hms.harvard.edu,0.2424257,,"| Primary Source | Weisz, J. B., Lindquist, N., and Martens, C. S. (2008). Do associated microbial abundances impact marine demosponge pumping rates and tissue densities?. Oecologia 155, 367–376. doi: 10.1007/s00442-007-0910-910PubMed ID18030495 | [...] | Comments | P.1 left column top paragraph: ""Sponges (phylum Porifera) are evolutionarily ancient metazoans, populating all aquatic habitats (Taylor et al., 2007). They are filter-feeders that can filter up to 50,000 times their body volume in 24 h (primary source). The high water volume passing through sponges from the surrounding environment",1.67,1
GL_BROAD_MECH_FEEDING_PUMPING_SPONGE_02,MECH_FEEDING_PUMPING_SPONGE,broad_web,BROAD_WEB,Unrestricted public web,Tavily Search API,2026-08-13,2026-08-13T23:02:17+00:00,"(sponge OR sponges OR Porifera OR demosponge OR hexactinellid OR ""glass sponge"" OR ""deep-sea sponge"" OR ""cold-water sponge"") (sediment OR turbidity OR ""suspended solids"" OR ""drill cuttings"") (pumping OR filtration OR clogging OR ""feeding current"" OR ""food capture"" OR ""clearance rate"") government regulator monitoring technical report environmental assessment thesis dissertation proceedings operator report",,7,Sampling Glass Sponges in the Olympic Coast National Marine Sanctuary | Nautilus Live,https://nautiluslive.org/video/2020/11/19/sampling-glass-sponges-olympic-coast-national-marine-sanctuary,nautiluslive.org,0.16059518,,"While diving in this biologically diverse region, our team explored the aptly named “Sponge Garden” to collect glass sponges, a distinct group most common in the deep, dark, and cold water environments that we dive in. [...] Our team also spotted a “quesadilla” sponge with webbing located between its two sides that resemble cheese spreading from a tortilla. These filter-feeding organisms pick out organic particles suspended in the water column and pump water through their mesh-like tissues to extract food and other metabolites necessary for survival in extreme environments. Olympic Coast wall",1.67,1
GL_BROAD_MECH_FEEDING_PUMPING_SPONGE_02,MECH_FEEDING_PUMPING_SPONGE,broad_web,BROAD_WEB,Unrestricted public web,Tavily Search API,2026-08-13,2026-08-13T23:02:17+00:00,"(sponge OR sponges OR Porifera OR demosponge OR hexactinellid OR ""glass sponge"" OR ""deep-sea sponge"" OR ""cold-water sponge"") (sediment OR turbidity OR ""suspended solids"" OR ""drill cuttings"") (pumping OR filtration OR clogging OR ""feeding current"" OR ""food capture"" OR ""clearance rate"") government regulator monitoring technical report environmental assessment thesis dissertation proceedings operator report",,8,Do all sponges filter water?,https://experiment.com/u/48sEOQ,experiment.com,0.11645239,,"Sponges are nature's filtration systems; they can filter up to 50,000 times their own volume in a day. Changes to coral ecosystems from climate change make reef sponges increasingly important. This project takes one of the first steps to explore the impact of sponges on nutrient availability on coral reefs. [...] Cara Fiore Cara Fiore Feb 09, 2015 456 1 7 Denny LuanKathy MorrisAlan ChenOscar JasklowskiDenny, Kathy, and 5 others like this. Please wait... #### About This Project How do sponges influence the availability of nutrients on coral reefs? Woods Hole Oceanographic Institutio",1.67,1
GL_BROAD_MECH_FEEDING_PUMPING_SPONGE_02,MECH_FEEDING_PUMPING_SPONGE,broad_web,BROAD_WEB,Unrestricted public web,Tavily Search API,2026-08-13,2026-08-13T23:02:17+00:00,"(sponge OR sponges OR Porifera OR demosponge OR hexactinellid OR ""glass sponge"" OR ""deep-sea sponge"" OR ""cold-water sponge"") (sediment OR turbidity OR ""suspended solids"" OR ""drill cuttings"") (pumping OR filtration OR clogging OR ""feeding current"" OR ""food capture"" OR ""clearance rate"") government regulator monitoring technical report environmental assessment thesis dissertation proceedings operator report",,9,Trophic ecology of glass sponge reefs in the Strait of Georgia ...,https://pmc.ncbi.nlm.nih.gov/articles/PMC5768768,pmc.ncbi.nlm.nih.gov,0.0657788,,"by AS Kahn · 2018 · Cited by 43 — Glass sponge reefs on the continental shelf of western Canada have extremely high grazing rates, consuming seven times more particulate carbon ...Read more",1.67,1
GL_BROAD_MECH_FEEDING_PUMPING_SPONGE_02,MECH_FEEDING_PUMPING_SPONGE,broad_web,BROAD_WEB,Unrestricted public web,Tavily Search API,2026-08-13,2026-08-13T23:02:17+00:00,"(sponge OR sponges OR Porifera OR demosponge OR hexactinellid OR ""glass sponge"" OR ""deep-sea sponge"" OR ""cold-water sponge"") (sediment OR turbidity OR ""suspended solids"" OR ""drill cuttings"") (pumping OR filtration OR clogging OR ""feeding current"" OR ""food capture"" OR ""clearance rate"") government regulator monitoring technical report environmental assessment thesis dissertation proceedings operator report",,10,Marine sponge aquaculture towards drug development,https://www.sciencedirect.com/science/article/pii/S2352513421002295,sciencedirect.com,0.05880369,,"by M Maslin · 2021 · Cited by 57 — This review presents sponge farming methods that were tested, ecosystem functions such as shelter, food or regulating substrate settlement",1.67,1
GL_BROAD_RESP_THRESHOLD_RECOVERY_01,RESP_THRESHOLD_RECOVERY,broad_web,BROAD_WEB,Unrestricted public web,Tavily Search API,2026-08-13,2026-08-13T23:02:23+00:00,"(coral OR corals OR octocoral OR gorgonian OR ""sea pen"" OR scleractinian OR antipatharian OR ""black coral"" OR sponge OR sponges OR Porifera OR demosponge OR hexactinellid OR ""glass sponge"" OR ""deep-sea sponge"" OR ""cold-water sponge"") (""suspended sediment"" OR ""sediment deposition"" OR turbidity OR burial OR smothering OR ""drill cuttings"" OR ""sediment plume"") (threshold OR tolerance OR sensitivity OR ""dose response"" OR ""exposure response"" OR recovery OR mortality OR survival) (report OR ""technical report"" OR ""monitoring report"" OR assessment OR ""environmental impact statement"" OR EIS OR thesis OR dissertation OR proceedings OR ""regulatory submission"" OR ""operator report"") filetype:pdf",,1,VME indicators | Vulnerable Marine Ecosystems | Food and Agriculture Organization of the United Nations,https://www.fao.org/in-action/vulnerable-marine-ecosystems/vme-indicators/en,fao.org,0.6347929,,Title: VME indicators | Vulnerable Marine Ecosystems | Food and Agriculture Organization of the United Nations | **South Pacific** SPRFMO CMM 3-2019 | **Annex 5** Sponges (Porifera: Demospongiae and Hexactinellidae) Stony corals (Scleractinia: Solenosmilia; Goniocorella; Oculina; Enallopsammia; Madrepora; Lophelia) Black corals (Antipatharia) True soft corals (Alcyonacea: all taxa excluding Gorgonacea) Sea fans octocorals (Informal group Gorgonacea: Holaxonia; Calaxonia; Scleraxonia) Sea pens (Pennatulacea) Anemones (Actiniaria) Hydrocorals (Stylasteridae) | **Annex 6A** one tow for,0.0,1
GL_BROAD_RESP_THRESHOLD_RECOVERY_01,RESP_THRESHOLD_RECOVERY,broad_web,BROAD_WEB,Unrestricted public web,Tavily Search API,2026-08-13,2026-08-13T23:02:23+00:00,"(coral OR corals OR octocoral OR gorgonian OR ""sea pen"" OR scleractinian OR antipatharian OR ""black coral"" OR sponge OR sponges OR Porifera OR demosponge OR hexactinellid OR ""glass sponge"" OR ""deep-sea sponge"" OR ""cold-water sponge"") (""suspended sediment"" OR ""sediment deposition"" OR turbidity OR burial OR smothering OR ""drill cuttings"" OR ""sediment plume"") (threshold OR tolerance OR sensitivity OR ""dose response"" OR ""exposure response"" OR recovery OR mortality OR survival) (report OR ""technical report"" OR ""monitoring report"" OR assessment OR ""environmental impact statement"" OR EIS OR thesis OR dissertation OR proceedings OR ""regulatory submission"" OR ""operator report"") filetype:pdf",,2,VME indicators | Vulnerable Marine Ecosystems | منظمة الأغذية والزراعة للأمم المتحدة,https://www.fao.org/in-action/vulnerable-marine-ecosystems/vme-indicators/ar,fao.org,0.62687886,,Title: VME indicators | Vulnerable Marine Ecosystems | منظمة الأغذية والزراعة للأمم المتحدة | **South Pacific** SPRFMO CMM 3-2019 | **Annex 5** Sponges (Porifera: Demospongiae and Hexactinellidae) Stony corals (Scleractinia: Solenosmilia; Goniocorella; Oculina; Enallopsammia; Madrepora; Lophelia) Black corals (Antipatharia) True soft corals (Alcyonacea: all taxa excluding Gorgonacea) Sea fans octocorals (Informal group Gorgonacea: Holaxonia; Calaxonia; Scleraxonia) Sea pens (Pennatulacea) Anemones (Actiniaria) Hydrocorals (Stylasteridae) | **Annex 6A** one tow for a single VME indica,0.0,1
GL_BROAD_RESP_THRESHOLD_RECOVERY_01,RESP_THRESHOLD_RECOVERY,broad_web,BROAD_WEB,Unrestricted public web,Tavily Search API,2026-08-13,2026-08-13T23:02:23+00:00,"(coral OR corals OR octocoral OR gorgonian OR ""sea pen"" OR scleractinian OR antipatharian OR ""black coral"" OR sponge OR sponges OR Porifera OR demosponge OR hexactinellid OR ""glass sponge"" OR ""deep-sea sponge"" OR ""cold-water sponge"") (""suspended sediment"" OR ""sediment deposition"" OR turbidity OR burial OR smothering OR ""drill cuttings"" OR ""sediment plume"") (threshold OR tolerance OR sensitivity OR ""dose response"" OR ""exposure response"" OR recovery OR mortality OR survival) (report OR ""technical report"" OR ""monitoring report"" OR assessment OR ""environmental impact statement"" OR EIS OR thesis OR dissertation OR proceedings OR ""regulatory submission"" OR ""operator report"") filetype:pdf",,3,Glass sponges arrest pumping in response to... : Marine Biology,https://www.ovid.com/journals/mabi/fulltext/10.1007/s00227-008-0987-y~glass-sponges-arrest-pumping-in-response-to-sediment,ovid.com,0.47533798,,"Title: Glass sponges arrest pumping in response to... : Marine Biology # **Glass sponges arrest pumping in response to sediment: implications for the physiology of the hexactinellid conduction system**. ### **Abstract**. The hexactinellid sponge *Rhabdocalyptus dawsoni* propagates electrical signals to arrest its feeding current in response to mechanical stimuli and sediment. The deepwater habitat of other species of glass sponge, and the difficulty of working with the tissue in vitro have so far prevented confirmation of electrical signaling in other members of the Class. Here we show in labo",0.0,1
GL_BROAD_RESP_THRESHOLD_RECOVERY_01,RESP_THRESHOLD_RECOVERY,broad_web,BROAD_WEB,Unrestricted public web,Tavily Search API,2026-08-13,2026-08-13T23:02:23+00:00,"(coral OR corals OR octocoral OR gorgonian OR ""sea pen"" OR scleractinian OR antipatharian OR ""black coral"" OR sponge OR sponges OR Porifera OR demosponge OR hexactinellid OR ""glass sponge"" OR ""deep-sea sponge"" OR ""cold-water sponge"") (""suspended sediment"" OR ""sediment deposition"" OR turbidity OR burial OR smothering OR ""drill cuttings"" OR ""sediment plume"") (threshold OR tolerance OR sensitivity OR ""dose response"" OR ""exposure response"" OR recovery OR mortality OR survival) (report OR ""technical report"" OR ""monitoring report"" OR assessment OR ""environmental impact statement"" OR EIS OR thesis OR dissertation OR proceedings OR ""regulatory submission"" OR ""operator report"") filetype:pdf",,4,"Metabolic responses of the deep-water sponge Geodia barretti to suspended bottom sediment, simulated mine tailings and drill cuttings - ScienceDirect",https://www.sciencedirect.com/science/article/pii/S0022098115002117?via%3Dihub=,sciencedirect.com,0.46920466,,"## Article preview. ## Journal of Experimental Marine Biology and Ecology. # Metabolic responses of the deep-water sponge *Geodia barretti* to suspended bottom sediment, simulated mine tailings and drill cuttings. barretti* appears to have well developed mechanisms to resist sediment stress, however, the study demonstrated that operations releasing large amounts of suspended crushed rock such as exploration drilling and submarine tailings disposal near sponge beds should be carefully planned to avoid long-term losses of benthic ecosystem functions, such as organic matter re-mineralization. The",0.0,1
GL_BROAD_RESP_THRESHOLD_RECOVERY_01,RESP_THRESHOLD_RECOVERY,broad_web,BROAD_WEB,Unrestricted public web,Tavily Search API,2026-08-13,2026-08-13T23:02:23+00:00,"(coral OR corals OR octocoral OR gorgonian OR ""sea pen"" OR scleractinian OR antipatharian OR ""black coral"" OR sponge OR sponges OR Porifera OR demosponge OR hexactinellid OR ""glass sponge"" OR ""deep-sea sponge"" OR ""cold-water sponge"") (""suspended sediment"" OR ""sediment deposition"" OR turbidity OR burial OR smothering OR ""drill cuttings"" OR ""sediment plume"") (threshold OR tolerance OR sensitivity OR ""dose response"" OR ""exposure response"" OR recovery OR mortality OR survival) (report OR ""technical report"" OR ""monitoring report"" OR assessment OR ""environmental impact statement"" OR EIS OR thesis OR dissertation OR proceedings OR ""regulatory submission"" OR ""operator report"") filetype:pdf",,5,The Hexactinellid Deep-Water Sponge Vazella pourtalesii ...,https://www.frontiersin.org/journals/marine-science/articles/10.3389/fmars.2021.611539/full,frontiersin.org,0.46380913,,### Suspended Sediment Exposure [...] ### Recovery After Sediment Exposure [...] on glass sponges are at present poorly understood. The present study on the physiological response of V. pourtalesii to a concentration of natural suspended sediment may act as a blueprint for the design of these elaborate experiments.,0.0,1
GL_BROAD_RESP_THRESHOLD_RECOVERY_01,RESP_THRESHOLD_RECOVERY,broad_web,BROAD_WEB,Unrestricted public web,Tavily Search API,2026-08-13,2026-08-13T23:02:23+00:00,"(coral OR corals OR octocoral OR gorgonian OR ""sea pen"" OR scleractinian OR antipatharian OR ""black coral"" OR sponge OR sponges OR Porifera OR demosponge OR hexactinellid OR ""glass sponge"" OR ""deep-sea sponge"" OR ""cold-water sponge"") (""suspended sediment"" OR ""sediment deposition"" OR turbidity OR burial OR smothering OR ""drill cuttings"" OR ""sediment plume"") (threshold OR tolerance OR sensitivity OR ""dose response"" OR ""exposure response"" OR recovery OR mortality OR survival) (report OR ""technical report"" OR ""monitoring report"" OR assessment OR ""environmental impact statement"" OR EIS OR thesis OR dissertation OR proceedings OR ""regulatory submission"" OR ""operator report"") filetype:pdf",,6,"[PDF] Effects of Sediment on Glass Sponges (Porifera, Hexactinellida) and ...",https://leyslab.weebly.com/uploads/5/4/9/4/54947267/effects_of_sediment_on_glass_sponges__porifera_hexactinellida__and_projected_effects_on_glass_sponge_reefs.pdf,leyslab.weebly.com,0.4527543,,"be exposed to fine sediments suspended in the water column as in 4.3.2 (c) below. 4.3.2. Estimated effects on sponge reefs exposed to trawl sediments a) Smothering: Smothering and reduced recruitment. The energetic costs of mucus production by sponges are unknown, yet this is a common physiological response to stress (Weber et al., 2006). Recruitment is reduced when sponges and substrates are covered by sediment. Studies with demosponges show less recruitment on sediment covered panels (see [...] with sediment Five studies have examined recruitment/survival of sponges under different sediment",0.0,1
GL_BROAD_RESP_THRESHOLD_RECOVERY_01,RESP_THRESHOLD_RECOVERY,broad_web,BROAD_WEB,Unrestricted public web,Tavily Search API,2026-08-13,2026-08-13T23:02:23+00:00,"(coral OR corals OR octocoral OR gorgonian OR ""sea pen"" OR scleractinian OR antipatharian OR ""black coral"" OR sponge OR sponges OR Porifera OR demosponge OR hexactinellid OR ""glass sponge"" OR ""deep-sea sponge"" OR ""cold-water sponge"") (""suspended sediment"" OR ""sediment deposition"" OR turbidity OR burial OR smothering OR ""drill cuttings"" OR ""sediment plume"") (threshold OR tolerance OR sensitivity OR ""dose response"" OR ""exposure response"" OR recovery OR mortality OR survival) (report OR ""technical report"" OR ""monitoring report"" OR assessment OR ""environmental impact statement"" OR EIS OR thesis OR dissertation OR proceedings OR ""regulatory submission"" OR ""operator report"") filetype:pdf",,7,Frontiers | Mine Waste and Acute Warming Induce Energetic Stress in the Deep-Sea Sponge Geodia atlantica and Coral Primnoa resedeaformis; Results From a Mesocosm Study,https://www.frontiersin.org/journals/marine-science/articles/10.3389/fmars.2018.00129,frontiersin.org,0.42176673,,"et al., 2016). An increased energetic demand caused by suspended sediment is likely to be associated with the active removal of sediment from the polyps. Corals can achieve this by multiple methods including the use of their tentacles and cilia (Rogers, 1990; Zetsche et al., 2016a), but also the production of mucus to slough sediment off the polyp surface (Hubbard and Pocock, 1972). Other cold water corals like Lophelia pertusa are known to produce mucus (Zetsche et al., 2016b) in response to [...] stressors will often interact in unpredictable ways. Here, we exposed two deep-sea foundation sp",0.0,1
GL_BROAD_RESP_THRESHOLD_RECOVERY_01,RESP_THRESHOLD_RECOVERY,broad_web,BROAD_WEB,Unrestricted public web,Tavily Search API,2026-08-13,2026-08-13T23:02:23+00:00,"(coral OR corals OR octocoral OR gorgonian OR ""sea pen"" OR scleractinian OR antipatharian OR ""black coral"" OR sponge OR sponges OR Porifera OR demosponge OR hexactinellid OR ""glass sponge"" OR ""deep-sea sponge"" OR ""cold-water sponge"") (""suspended sediment"" OR ""sediment deposition"" OR turbidity OR burial OR smothering OR ""drill cuttings"" OR ""sediment plume"") (threshold OR tolerance OR sensitivity OR ""dose response"" OR ""exposure response"" OR recovery OR mortality OR survival) (report OR ""technical report"" OR ""monitoring report"" OR assessment OR ""environmental impact statement"" OR EIS OR thesis OR dissertation OR proceedings OR ""regulatory submission"" OR ""operator report"") filetype:pdf",,8,Frontiers | Mine Waste and Acute Warming Induce Energetic Stress in the Deep-Sea Sponge Geodia atlantica and Coral Primnoa resedeaformis; Results From a Mesocosm Study,https://www.frontiersin.org/journals/marine-science/articles/10.3389/fmars.2018.00129/full,frontiersin.org,0.42176673,,"et al., 2016). An increased energetic demand caused by suspended sediment is likely to be associated with the active removal of sediment from the polyps. Corals can achieve this by multiple methods including the use of their tentacles and cilia (Rogers, 1990; Zetsche et al., 2016a), but also the production of mucus to slough sediment off the polyp surface (Hubbard and Pocock, 1972). Other cold water corals like Lophelia pertusa are known to produce mucus (Zetsche et al., 2016b) in response to [...] stressors will often interact in unpredictable ways. Here, we exposed two deep-sea foundation sp",0.0,1
GL_BROAD_RESP_THRESHOLD_RECOVERY_01,RESP_THRESHOLD_RECOVERY,broad_web,BROAD_WEB,Unrestricted public web,Tavily Search API,2026-08-13,2026-08-13T23:02:23+00:00,"(coral OR corals OR octocoral OR gorgonian OR ""sea pen"" OR scleractinian OR antipatharian OR ""black coral"" OR sponge OR sponges OR Porifera OR demosponge OR hexactinellid OR ""glass sponge"" OR ""deep-sea sponge"" OR ""cold-water sponge"") (""suspended sediment"" OR ""sediment deposition"" OR turbidity OR burial OR smothering OR ""drill cuttings"" OR ""sediment plume"") (threshold OR tolerance OR sensitivity OR ""dose response"" OR ""exposure response"" OR recovery OR mortality OR survival) (report OR ""technical report"" OR ""monitoring report"" OR assessment OR ""environmental impact statement"" OR EIS OR thesis OR dissertation OR proceedings OR ""regulatory submission"" OR ""operator report"") filetype:pdf",,9,A National Monitoring Framework for Coral and Sponge Areas ...,https://waves-vagues.dfo-mpo.gc.ca/library-bibliotheque/41021605.pdf,waves-vagues.dfo-mpo.gc.ca,0.35723165,,"In prep.1). Corals were divided into seven groups: Gorgonian corals; soft corals; sea pens; black corals; reef-building corals; cup corals; and hydrocorals. Sponges were divided into four groups: glass sponge reef species; Vazella sponge grounds; Astrophorid sponge grounds; and mixed sponge habitats. Neves et al. (In prep.)1 includes a detailed overview of Canadian coral and sponge OECMs including their conservation objectives, the represented coral and sponge groups, discussion of the [...] effective area based conservation measures 13 Indicator Gorgonians Sea pens Soft corals Cup corals Blac",0.0,1
GL_BROAD_RESP_THRESHOLD_RECOVERY_01,RESP_THRESHOLD_RECOVERY,broad_web,BROAD_WEB,Unrestricted public web,Tavily Search API,2026-08-13,2026-08-13T23:02:23+00:00,"(coral OR corals OR octocoral OR gorgonian OR ""sea pen"" OR scleractinian OR antipatharian OR ""black coral"" OR sponge OR sponges OR Porifera OR demosponge OR hexactinellid OR ""glass sponge"" OR ""deep-sea sponge"" OR ""cold-water sponge"") (""suspended sediment"" OR ""sediment deposition"" OR turbidity OR burial OR smothering OR ""drill cuttings"" OR ""sediment plume"") (threshold OR tolerance OR sensitivity OR ""dose response"" OR ""exposure response"" OR recovery OR mortality OR survival) (report OR ""technical report"" OR ""monitoring report"" OR assessment OR ""environmental impact statement"" OR EIS OR thesis OR dissertation OR proceedings OR ""regulatory submission"" OR ""operator report"") filetype:pdf",,10,Mediterranean Coral Provinces as a Sponge Diversity Reservoir: Is There a Mediterranean Cold-Water Coral Sponge Fauna?,https://www.academia.edu/161256480/Mediterranean_Coral_Provinces_as_a_Sponge_Diversity_Reservoir_Is_There_a_Mediterranean_Cold_Water_Coral_Sponge_Fauna,academia.edu,0.35595453,,"Image 15: Academia Explore Papers Topics Features Mentions Analytics PDF Packages Advanced Search Search Alerts Journals Academia.edu Journals My submissions Reviewer Hub Why publish with us Testimonials Company About Careers Press Help Center Terms Privacy Copyright Content Policy Image 16: Academia 580 California St., Suite 400 San Francisco, CA, 94104 © 2026 Academia. All rights reserved [...] download Download free PDFView PDF chevron_right Two new species of deep-sea sponges (Porifera, Demospongiae) from subm",0.0,1
GL_BROAD_RESP_THRESHOLD_RECOVERY_01,RESP_THRESHOLD_RECOVERY,broad_web,BROAD_WEB,Unrestricted public web,Tavily Search API,2026-08-13,2026-08-13T23:02:23+00:00,"(coral OR corals OR octocoral OR gorgonian OR ""sea pen"" OR scleractinian OR antipatharian OR ""black coral"" OR sponge OR sponges OR Porifera OR demosponge OR hexactinellid OR ""glass sponge"" OR ""deep-sea sponge"" OR ""cold-water sponge"") (""suspended sediment"" OR ""sediment deposition"" OR turbidity OR burial OR smothering OR ""drill cuttings"" OR ""sediment plume"") (threshold OR tolerance OR sensitivity OR ""dose response"" OR ""exposure response"" OR recovery OR mortality OR survival) (report OR ""technical report"" OR ""monitoring report"" OR assessment OR ""environmental impact statement"" OR EIS OR thesis OR dissertation OR proceedings OR ""regulatory submission"" OR ""operator report"") filetype:pdf",,11,First in-situ monitoring of sponge response and recovery to an industrial sedimentation event - ScienceDirect,https://www.sciencedirect.com/science/article/pii/S0025326X23003016,sciencedirect.com,0.2948039,,"## Marine Pollution Bulletin. Volume 191, June 2023, 114870. # First in-situ monitoring of sponge response and recovery to an industrial sedimentation event. Author links open overlay panel, , ,. Under a Creative Commons license. ## Highlights. We observed a sponge respond to sedimentation from oilfield drilling for 48 days. Pulses of sedimentation occurred over ∼5 days, with ∼40 days recovery time. Sediment accumulated on the sponge, then was cleared. Sponge movement coincided with sediment clearance, changes in currents. ## Abstract. Assessment of risks to seabed habitats from industrial act",0.0,1
GL_BROAD_RESP_THRESHOLD_RECOVERY_01,RESP_THRESHOLD_RECOVERY,broad_web,BROAD_WEB,Unrestricted public web,Tavily Search API,2026-08-13,2026-08-13T23:02:23+00:00,"(coral OR corals OR octocoral OR gorgonian OR ""sea pen"" OR scleractinian OR antipatharian OR ""black coral"" OR sponge OR sponges OR Porifera OR demosponge OR hexactinellid OR ""glass sponge"" OR ""deep-sea sponge"" OR ""cold-water sponge"") (""suspended sediment"" OR ""sediment deposition"" OR turbidity OR burial OR smothering OR ""drill cuttings"" OR ""sediment plume"") (threshold OR tolerance OR sensitivity OR ""dose response"" OR ""exposure response"" OR recovery OR mortality OR survival) (report OR ""technical report"" OR ""monitoring report"" OR assessment OR ""environmental impact statement"" OR EIS OR thesis OR dissertation OR proceedings OR ""regulatory submission"" OR ""operator report"") filetype:pdf",,12,New Report Documents Amazing U.S. Deep-Sea Coral and Sponge Ecosystems | NOAA Fisheries,https://www.fisheries.noaa.gov/feature-story/new-report-documents-amazing-us-deep-sea-coral-and-sponge-ecosystems,fisheries.noaa.gov,0.25700957,,"Highlights of the report include the following: Deep-sea corals and sponges are extremely vulnerable to human activities that damage the seafloor or alter the surrounding environment, and once damaged, may take centuries to recover—if they recover at all. The report serves as a baseline for continued research to further understand and conserve these ecosystems. [...] Six additional articles focus on cross-cutting topics including species discovery, interactions between fishing gear and corals/sponges, management of black coral harvests, improvements in habitat modeling, advances in coral agei",0.0,1
GL_BROAD_RESP_THRESHOLD_RECOVERY_01,RESP_THRESHOLD_RECOVERY,broad_web,BROAD_WEB,Unrestricted public web,Tavily Search API,2026-08-13,2026-08-13T23:02:23+00:00,"(coral OR corals OR octocoral OR gorgonian OR ""sea pen"" OR scleractinian OR antipatharian OR ""black coral"" OR sponge OR sponges OR Porifera OR demosponge OR hexactinellid OR ""glass sponge"" OR ""deep-sea sponge"" OR ""cold-water sponge"") (""suspended sediment"" OR ""sediment deposition"" OR turbidity OR burial OR smothering OR ""drill cuttings"" OR ""sediment plume"") (threshold OR tolerance OR sensitivity OR ""dose response"" OR ""exposure response"" OR recovery OR mortality OR survival) (report OR ""technical report"" OR ""monitoring report"" OR assessment OR ""environmental impact statement"" OR EIS OR thesis OR dissertation OR proceedings OR ""regulatory submission"" OR ""operator report"") filetype:pdf",,13,"13,800+ Sponge Coral Stock Photos, Pictures & Royalty-Free Images - iStock",https://www.istockphoto.com/photos/sponge-coral,istockphoto.com,0.24741007,,"© 2026 iStockphoto LP. The iStock design is a trademark of iStockphoto LP. Browse millions of high-quality stock photos, illustrations, and videos. Do Not Sell or Share [...] Caribbean coral garden gorgonian sea fan Iciligorgia schrammi, common names deepwater sea fan and black sea is a species of gorgonian sea fan in the family Anthothelidae Image 34: Dark Coral Vector Icon Set on White Background Dark Coral Vector Icon Set on White Background sponge coral stock illustrations Dark Coral Vector Icon Set on White Background Dark Coral Vector Icon Set on White Background sponge coral stock il",0.0,1
GL_BROAD_RESP_THRESHOLD_RECOVERY_01,RESP_THRESHOLD_RECOVERY,broad_web,BROAD_WEB,Unrestricted public web,Tavily Search API,2026-08-13,2026-08-13T23:02:23+00:00,"(coral OR corals OR octocoral OR gorgonian OR ""sea pen"" OR scleractinian OR antipatharian OR ""black coral"" OR sponge OR sponges OR Porifera OR demosponge OR hexactinellid OR ""glass sponge"" OR ""deep-sea sponge"" OR ""cold-water sponge"") (""suspended sediment"" OR ""sediment deposition"" OR turbidity OR burial OR smothering OR ""drill cuttings"" OR ""sediment plume"") (threshold OR tolerance OR sensitivity OR ""dose response"" OR ""exposure response"" OR recovery OR mortality OR survival) (report OR ""technical report"" OR ""monitoring report"" OR assessment OR ""environmental impact statement"" OR EIS OR thesis OR dissertation OR proceedings OR ""regulatory submission"" OR ""operator report"") filetype:pdf",,14,Sediment Can Make Glass Sponge Reefs Cough and Choke | CPAWS-BC,https://cpawsbc.org/sediment-can-make-glass-sponge-reefs-cough-and-choke,cpawsbc.org,0.19484265,,"Title: Sediment Can Make Glass Sponge Reefs Cough and Choke | CPAWS-BC Home » Sediment Can Make Glass Sponge Reefs Cough and Choke. # Sediment Can Make Glass Sponge Reefs Cough and Choke. Graduate student Nathan Grant, sponge expert Dr. Sally Leys, and others from the University of Alberta have conducted the first investigations on how reef-forming glass sponges respond to sediment in natural conditions. Since their discovery in 1987, glass sponge reefs have been thought of as the delicate treasure of BC’s coast. Glass sponge reefs were thought to have gone extinct 40 million years ago, and th",0.0,1
GL_BROAD_RESP_THRESHOLD_RECOVERY_01,RESP_THRESHOLD_RECOVERY,broad_web,BROAD_WEB,Unrestricted public web,Tavily Search API,2026-08-13,2026-08-13T23:02:23+00:00,"(coral OR corals OR octocoral OR gorgonian OR ""sea pen"" OR scleractinian OR antipatharian OR ""black coral"" OR sponge OR sponges OR Porifera OR demosponge OR hexactinellid OR ""glass sponge"" OR ""deep-sea sponge"" OR ""cold-water sponge"") (""suspended sediment"" OR ""sediment deposition"" OR turbidity OR burial OR smothering OR ""drill cuttings"" OR ""sediment plume"") (threshold OR tolerance OR sensitivity OR ""dose response"" OR ""exposure response"" OR recovery OR mortality OR survival) (report OR ""technical report"" OR ""monitoring report"" OR assessment OR ""environmental impact statement"" OR EIS OR thesis OR dissertation OR proceedings OR ""regulatory submission"" OR ""operator report"") filetype:pdf",,15,Pacific Islands Deep-Sea Coral and Sponge Initiative Final Report | NOAA Fisheries,https://www.fisheries.noaa.gov/resource/document/pacific-islands-deep-sea-coral-and-sponge-initiative-final-report,fisheries.noaa.gov,0.19114676,,"Internet Explorer lacks support for the features of this website. For the best experience, please use a modern browser such as Chrome, Firefox, or Edge. U.S. flag A .gov website belongs to an official government organization in the United States. A lock ( Lock Locked padlock icon ) or means you’ve safely connected to the .gov website. Share sensitive information only on official, secure websites. NOAA Fisheries emblem # Pacific Islands Deep-Sea Coral and Sponge Initiative Final Report [...] Parke M, Kelley C, Putts M, Moriwaki V, Bingo S, Elliot K, Smith J, Montgomery A, Parrish F, Kah",0.0,1
GL_BROAD_RESP_THRESHOLD_RECOVERY_01,RESP_THRESHOLD_RECOVERY,broad_web,BROAD_WEB,Unrestricted public web,Tavily Search API,2026-08-13,2026-08-13T23:02:23+00:00,"(coral OR corals OR octocoral OR gorgonian OR ""sea pen"" OR scleractinian OR antipatharian OR ""black coral"" OR sponge OR sponges OR Porifera OR demosponge OR hexactinellid OR ""glass sponge"" OR ""deep-sea sponge"" OR ""cold-water sponge"") (""suspended sediment"" OR ""sediment deposition"" OR turbidity OR burial OR smothering OR ""drill cuttings"" OR ""sediment plume"") (threshold OR tolerance OR sensitivity OR ""dose response"" OR ""exposure response"" OR recovery OR mortality OR survival) (report OR ""technical report"" OR ""monitoring report"" OR assessment OR ""environmental impact statement"" OR EIS OR thesis OR dissertation OR proceedings OR ""regulatory submission"" OR ""operator report"") filetype:pdf",,16,Deep-sea coral research and technology program: Alaska deep-sea coral and sponge initiative final report - ADS,https://ui.adsabs.harvard.edu/abs/2017usgs.rept....2R/abstract,ui.adsabs.harvard.edu,0.17856912,,"2012─2015, referred to hereafter as the Alaska Initiative. The priorities for Alaska were derived from ongoing data needs and objectives identified by the DSCRTP, the North Pacific Fishery Management Council (NPFMC), and Essential Fish Habitat-Environmental Impact Statement (EFH-EIS) process. [...] Publication: : USGS Report Pub Date: : 2017 Bibcode: : 2017usgs.rept....2R full text sources Publisher | [...] Now on home page ## ADS ## Deep-sea coral research and technology program: Alaska deep-sea coral and sponge initiative final report Rooper, Chris ; Stone, Robert P. ; Etnoyer",0.0,1
GL_BROAD_RESP_THRESHOLD_RECOVERY_01,RESP_THRESHOLD_RECOVERY,broad_web,BROAD_WEB,Unrestricted public web,Tavily Search API,2026-08-13,2026-08-13T23:02:23+00:00,"(coral OR corals OR octocoral OR gorgonian OR ""sea pen"" OR scleractinian OR antipatharian OR ""black coral"" OR sponge OR sponges OR Porifera OR demosponge OR hexactinellid OR ""glass sponge"" OR ""deep-sea sponge"" OR ""cold-water sponge"") (""suspended sediment"" OR ""sediment deposition"" OR turbidity OR burial OR smothering OR ""drill cuttings"" OR ""sediment plume"") (threshold OR tolerance OR sensitivity OR ""dose response"" OR ""exposure response"" OR recovery OR mortality OR survival) (report OR ""technical report"" OR ""monitoring report"" OR assessment OR ""environmental impact statement"" OR EIS OR thesis OR dissertation OR proceedings OR ""regulatory submission"" OR ""operator report"") filetype:pdf",,17,Report Available on West Coast Deep-Sea Coral and Sponge Survey – SIMoN,https://sanctuarysimon.org/2022/12/report-available-on-west-coast-deep-sea-coral-and-sponge-survey,sanctuarysimon.org,0.17200519,,"Skip to content Sanctuary Integrated Monitoring Network ### Featured News # Report Available on West Coast Deep-Sea Coral and Sponge Survey [...] of Submerged Systems); a multi-year, multi-institution cooperative research campaign in deep sea areas of California, Oregon, and Washington, including the continental shelf and slope. [...] As part of the west-coast wide survey, three sites were surveyed in Monterey Bay National Marine Sanctuary: Cabrillo Canyon; West Carmel Canyon; and Point Sur Slot Canyons (all recently reopened Essential Fish Habitat Conservation Areas). This survey serves as",0.0,1
GL_BROAD_RESP_THRESHOLD_RECOVERY_01,RESP_THRESHOLD_RECOVERY,broad_web,BROAD_WEB,Unrestricted public web,Tavily Search API,2026-08-13,2026-08-13T23:02:23+00:00,"(coral OR corals OR octocoral OR gorgonian OR ""sea pen"" OR scleractinian OR antipatharian OR ""black coral"" OR sponge OR sponges OR Porifera OR demosponge OR hexactinellid OR ""glass sponge"" OR ""deep-sea sponge"" OR ""cold-water sponge"") (""suspended sediment"" OR ""sediment deposition"" OR turbidity OR burial OR smothering OR ""drill cuttings"" OR ""sediment plume"") (threshold OR tolerance OR sensitivity OR ""dose response"" OR ""exposure response"" OR recovery OR mortality OR survival) (report OR ""technical report"" OR ""monitoring report"" OR assessment OR ""environmental impact statement"" OR EIS OR thesis OR dissertation OR proceedings OR ""regulatory submission"" OR ""operator report"") filetype:pdf",,18,Science Plan for the Alaska Deep-Sea Coral and Sponge Initiative - (AKCSI): 2020-2023,https://www.readkong.com/page/science-plan-for-the-alaska-deep-sea-coral-and-sponge-8130036,readkong.com,0.15521957,,the sponge taxa in the EBS (demosponges plus unidentified hexactinellid sponges) total more than twice currently known for the GOA and approximately half as many as the AI region. The AKCSI conducted a significant field study in 2014 based on a request from the NPFMC to validate areas of coral concentrations for possible management measures for the conservation and management of deep-sea corals in Pribilof and Zhemchug canyons. A towed drift camera study was conducted at 250 random locations [...] Corals and Sponges. Efforts will be made to conduct data analyses while at sea or immediately fol,0.0,1
GL_BROAD_RESP_THRESHOLD_RECOVERY_01,RESP_THRESHOLD_RECOVERY,broad_web,BROAD_WEB,Unrestricted public web,Tavily Search API,2026-08-13,2026-08-13T23:02:23+00:00,"(coral OR corals OR octocoral OR gorgonian OR ""sea pen"" OR scleractinian OR antipatharian OR ""black coral"" OR sponge OR sponges OR Porifera OR demosponge OR hexactinellid OR ""glass sponge"" OR ""deep-sea sponge"" OR ""cold-water sponge"") (""suspended sediment"" OR ""sediment deposition"" OR turbidity OR burial OR smothering OR ""drill cuttings"" OR ""sediment plume"") (threshold OR tolerance OR sensitivity OR ""dose response"" OR ""exposure response"" OR recovery OR mortality OR survival) (report OR ""technical report"" OR ""monitoring report"" OR assessment OR ""environmental impact statement"" OR EIS OR thesis OR dissertation OR proceedings OR ""regulatory submission"" OR ""operator report"") filetype:pdf",,19,Sponge spawning and larval responses to sediment 2018 | AIMS,https://www.aims.gov.au/2018-seasim-spawning-research/-/asset_publisher/utzQibOL9UXk/content/sponge-spawning-and-larval-responses-to-sediment,aims.gov.au,0.1406077,,"Title: Sponge spawning and larval responses to sediment 2018 | AIMS pink coral image with fish. # Sponge spawning and larval responses to sediment 2018. There are more than 9000 species of sponges in the world and in some parts of Australia, they are an important part of the seabed in tropical ecosystems. Sponges provide structure and habitat in areas where corals are less prominent, such as in deeper waters and turbid environments, where they can from sponge gardens. However, fundamental questions such as “When and how do they reproduce?”, “How far do larvae travel?” and “How do larvae and ju",0.0,1
GL_BROAD_RESP_THRESHOLD_RECOVERY_01,RESP_THRESHOLD_RECOVERY,broad_web,BROAD_WEB,Unrestricted public web,Tavily Search API,2026-08-13,2026-08-13T23:02:23+00:00,"(coral OR corals OR octocoral OR gorgonian OR ""sea pen"" OR scleractinian OR antipatharian OR ""black coral"" OR sponge OR sponges OR Porifera OR demosponge OR hexactinellid OR ""glass sponge"" OR ""deep-sea sponge"" OR ""cold-water sponge"") (""suspended sediment"" OR ""sediment deposition"" OR turbidity OR burial OR smothering OR ""drill cuttings"" OR ""sediment plume"") (threshold OR tolerance OR sensitivity OR ""dose response"" OR ""exposure response"" OR recovery OR mortality OR survival) (report OR ""technical report"" OR ""monitoring report"" OR assessment OR ""environmental impact statement"" OR EIS OR thesis OR dissertation OR proceedings OR ""regulatory submission"" OR ""operator report"") filetype:pdf",,20,Deep-sea Sponge Ecosystems: Knowledge-based Approach Towards Sustainable Management and Conservation | Frontiers Research Topic,https://www.frontiersin.org/research-topics/12822/deep-sea-sponge-ecosystems-knowledge-based-approach-towards-sustainable-management-and-conservation/magazine,frontiersin.org,0.10372158,,"# Deep-sea Sponge Ecosystems: Knowledge-based Approach Towards Sustainable Management and Conservation Journal Thumbnail [...] # Deep-sea Sponge Ecosystems: Knowledge-based Approach Towards Sustainable Management and Conservation # Deep-sea Sponge Ecosystems: Knowledge-based Approach Towards Sustainable Management and Conservation Cover image for research topic ""Deep-sea Sponge Ecosystems: Knowledge-based Approach Towards Sustainable Management and Conservation"" Cover image for ""Deep-sea Sponge Ecosystems: Knowledge-based Approach Towards Sustainable Management and Conservation""",0.0,1
GL_BROAD_RESP_THRESHOLD_RECOVERY_02,RESP_THRESHOLD_RECOVERY,broad_web,BROAD_WEB,Unrestricted public web,Tavily Search API,2026-08-13,2026-08-13T23:02:28+00:00,"(coral OR corals OR octocoral OR gorgonian OR ""sea pen"" OR scleractinian OR antipatharian OR ""black coral"" OR sponge OR sponges OR Porifera OR demosponge OR hexactinellid OR ""glass sponge"" OR ""deep-sea sponge"" OR ""cold-water sponge"") (""suspended sediment"" OR ""sediment deposition"" OR turbidity OR burial OR smothering OR ""drill cuttings"" OR ""sediment plume"") (threshold OR tolerance OR sensitivity OR ""dose response"" OR ""exposure response"" OR recovery OR mortality OR survival) government regulator monitoring technical report environmental assessment thesis dissertation proceedings operator report",,1,Short-term physiological responses of the New Zealand deep-sea sponge Ecionemia novaezealandiae to elevated concentrations of suspended sediments,https://www.sciencedirect.com/science/article/abs/pii/S0022098121000691,sciencedirect.com,0.48425868,,"and 475 mg l−1) and control conditions (no added sediment) continuously for two weeks. Survival was high (97%), with only one death (at the highest SSC). Half of the sponges in the 475 mg l−1 treatment showed partial necrosis by the end of the two-week exposure. Respiration rates of sponges in the sediment addition treatments decreased relative to control sponges by 27, 37 and 60%, respectively, after day 1; and by 7, 17, and 27%, respectively, after 14 days of suspended sediment exposure. At [...] Following the precautionary principle and the results presented here, it is recommended that the",3.62,1
GL_BROAD_RESP_THRESHOLD_RECOVERY_02,RESP_THRESHOLD_RECOVERY,broad_web,BROAD_WEB,Unrestricted public web,Tavily Search API,2026-08-13,2026-08-13T23:02:28+00:00,"(coral OR corals OR octocoral OR gorgonian OR ""sea pen"" OR scleractinian OR antipatharian OR ""black coral"" OR sponge OR sponges OR Porifera OR demosponge OR hexactinellid OR ""glass sponge"" OR ""deep-sea sponge"" OR ""cold-water sponge"") (""suspended sediment"" OR ""sediment deposition"" OR turbidity OR burial OR smothering OR ""drill cuttings"" OR ""sediment plume"") (threshold OR tolerance OR sensitivity OR ""dose response"" OR ""exposure response"" OR recovery OR mortality OR survival) government regulator monitoring technical report environmental assessment thesis dissertation proceedings operator report",,2,"Sponges, cup corals and anthozoans on shaded or ...",https://www.marlin.ac.uk/habitats/detail/175/sponges_cup_corals_and_anthozoans_on_shaded_or_overhanging_circalittoral_rock,marlin.ac.uk,0.48264915,,"the settlement and migration of some species, for example, Protula tubular (14 m deep in late summer), Apomatus similis (16 m deep in early autumn), and Micromaldane ornithochae (20 m deep in spring) (Hiscock & Hoare 1975). Sensitivity assessment. Whilst some sponges have demonstrated tolerance to short-term hypoxic events, it is likely that significant mortality to the biotope community would occur if exposed to < 2m/l O2 for a week. Given the low-energy nature of the biotope, recovery to [...] coral or octocoral gardens, posing an additional stressor alongside global climate change (Bilan",3.62,1
GL_BROAD_RESP_THRESHOLD_RECOVERY_02,RESP_THRESHOLD_RECOVERY,broad_web,BROAD_WEB,Unrestricted public web,Tavily Search API,2026-08-13,2026-08-13T23:02:28+00:00,"(coral OR corals OR octocoral OR gorgonian OR ""sea pen"" OR scleractinian OR antipatharian OR ""black coral"" OR sponge OR sponges OR Porifera OR demosponge OR hexactinellid OR ""glass sponge"" OR ""deep-sea sponge"" OR ""cold-water sponge"") (""suspended sediment"" OR ""sediment deposition"" OR turbidity OR burial OR smothering OR ""drill cuttings"" OR ""sediment plume"") (threshold OR tolerance OR sensitivity OR ""dose response"" OR ""exposure response"" OR recovery OR mortality OR survival) government regulator monitoring technical report environmental assessment thesis dissertation proceedings operator report",,3,The Hexactinellid Deep-Water Sponge Vazella pourtalesii ...,https://www.frontiersin.org/journals/marine-science/articles/10.3389/fmars.2021.611539/full,frontiersin.org,0.44869256,,### Suspended Sediment Exposure [...] ### Recovery After Sediment Exposure [...] FIGURE 4 FIGURE 4 Individuals of Vazella pourtalesii from the control (left) and the exposure (right) group after 7 days in the experiment. The long spicules and atrial surface of the exposed sponges eventually became densely covered with sediment particles. ### Suspended Sediment Exposure,3.62,1
GL_BROAD_RESP_THRESHOLD_RECOVERY_02,RESP_THRESHOLD_RECOVERY,broad_web,BROAD_WEB,Unrestricted public web,Tavily Search API,2026-08-13,2026-08-13T23:02:28+00:00,"(coral OR corals OR octocoral OR gorgonian OR ""sea pen"" OR scleractinian OR antipatharian OR ""black coral"" OR sponge OR sponges OR Porifera OR demosponge OR hexactinellid OR ""glass sponge"" OR ""deep-sea sponge"" OR ""cold-water sponge"") (""suspended sediment"" OR ""sediment deposition"" OR turbidity OR burial OR smothering OR ""drill cuttings"" OR ""sediment plume"") (threshold OR tolerance OR sensitivity OR ""dose response"" OR ""exposure response"" OR recovery OR mortality OR survival) government regulator monitoring technical report environmental assessment thesis dissertation proceedings operator report",,4,Regional guidance on measures to protect corals and ...,https://www.dfo-mpo.gc.ca/publications/pnw-ppe/coral-sponge-caraux-eponges/nfl-guidance-directives-report-rapport-tnl-eng.html,dfo-mpo.gc.ca,0.42090955,,"Predicted/probable no-effects threshold (PNET): : Drill cuttings dispersion modelling predicts the area where drill cuttings of various thickness will attain PNET. The threshold beyond which benthic species are subject to the adverse effects of burial is the 6.5 mm sediment thickness PNET. A more conservative threshold that pertains to sensitive benthic species such as corals and sponges is the 1.5 mm sediment thickness PNET (Kjeilen-Eilertsen et al., 2004; Smit et al., 2006, 2008). [...] Coral condition: The degree of impact on corals and sponges from smothering is outlined in the DNV handb",3.62,1
GL_BROAD_RESP_THRESHOLD_RECOVERY_02,RESP_THRESHOLD_RECOVERY,broad_web,BROAD_WEB,Unrestricted public web,Tavily Search API,2026-08-13,2026-08-13T23:02:28+00:00,"(coral OR corals OR octocoral OR gorgonian OR ""sea pen"" OR scleractinian OR antipatharian OR ""black coral"" OR sponge OR sponges OR Porifera OR demosponge OR hexactinellid OR ""glass sponge"" OR ""deep-sea sponge"" OR ""cold-water sponge"") (""suspended sediment"" OR ""sediment deposition"" OR turbidity OR burial OR smothering OR ""drill cuttings"" OR ""sediment plume"") (threshold OR tolerance OR sensitivity OR ""dose response"" OR ""exposure response"" OR recovery OR mortality OR survival) government regulator monitoring technical report environmental assessment thesis dissertation proceedings operator report",,5,Coral Sponge: The Guide to Recognizing it While Diving,https://www.dresseldivers.com/blog/coral-sponge-guide,dresseldivers.com,0.3579046,,"Hexactinellida Also known as glass sponges. All marine, all deep-sea dwellers. Their skeletons are made of silica spicules with six rays. Delicate, translucent, and stunning, they’re true wonders of nature. Some can live for hundreds, even thousands of years. They’re built in sycon or leucon form. Demospongiae [...] Today, there are around 8,550 living species of sea sponges. And every single one of them falls under the phylum Porifera. What does that mean? That they’re porous. In other words, their bodies are made up of a network of channels and openings that water f",3.62,1
GL_BROAD_RESP_THRESHOLD_RECOVERY_02,RESP_THRESHOLD_RECOVERY,broad_web,BROAD_WEB,Unrestricted public web,Tavily Search API,2026-08-13,2026-08-13T23:02:28+00:00,"(coral OR corals OR octocoral OR gorgonian OR ""sea pen"" OR scleractinian OR antipatharian OR ""black coral"" OR sponge OR sponges OR Porifera OR demosponge OR hexactinellid OR ""glass sponge"" OR ""deep-sea sponge"" OR ""cold-water sponge"") (""suspended sediment"" OR ""sediment deposition"" OR turbidity OR burial OR smothering OR ""drill cuttings"" OR ""sediment plume"") (threshold OR tolerance OR sensitivity OR ""dose response"" OR ""exposure response"" OR recovery OR mortality OR survival) government regulator monitoring technical report environmental assessment thesis dissertation proceedings operator report",,6,Potential impacts of offshore oil and gas activities on deep-sea ...,https://www.pure.ed.ac.uk/ws/files/50841106/SpongeReview_FinalDraft.pdf,pure.ed.ac.uk,0.3102245,,"Download date: 13. Aug. 2026 Working title of review: 1 Potential impacts of offshore oil and gas activities on deep-sea sponges and the habitats they 2 form. 3 4 Authors: 5 J Vad, G Kazanidis, L-A Henry, D Jones, O Tendall, S Christiansen, T Henry, JM Roberts 6 7 Target Journal: 8 Advances in Marine Biology 9 10 Figures and tables: 11 Figure 1: Deep-sea sponge and sponge grounds 12 Figure 2: Flow chart of oil field development divided in four phases and main activities 13 associated with each [...] transmission 184 cable installations significantly impact local benthic communities inflicting",3.62,1
GL_BROAD_RESP_THRESHOLD_RECOVERY_02,RESP_THRESHOLD_RECOVERY,broad_web,BROAD_WEB,Unrestricted public web,Tavily Search API,2026-08-13,2026-08-13T23:02:28+00:00,"(coral OR corals OR octocoral OR gorgonian OR ""sea pen"" OR scleractinian OR antipatharian OR ""black coral"" OR sponge OR sponges OR Porifera OR demosponge OR hexactinellid OR ""glass sponge"" OR ""deep-sea sponge"" OR ""cold-water sponge"") (""suspended sediment"" OR ""sediment deposition"" OR turbidity OR burial OR smothering OR ""drill cuttings"" OR ""sediment plume"") (threshold OR tolerance OR sensitivity OR ""dose response"" OR ""exposure response"" OR recovery OR mortality OR survival) government regulator monitoring technical report environmental assessment thesis dissertation proceedings operator report",,7,Creature Comparison: Corals and Sponges – Inner Space Center,https://innerspacecenter.org/2017/10/creature-comparison-corals-and-sponges,innerspacecenter.org,0.2717296,,"In contrast to corals, sponges are the simplest multicellular animal, and one of the most ancient animals on Earth. They dominate the phylum Porifera, and have existed for over 500 million years. Most sponges typically have a skeleton of limestone, silica, or collagen. These skeletons are made up of small, fiber-like spicules which often aid scientists in identifying species. Unlike most animals, sponges are asymmetrical, and this varied shape optimizes water flow through passages in their [...] Spicules and fibers bind together to compose the shape of a sponge, in this case, a glass sponge.",3.62,1
GL_BROAD_RESP_THRESHOLD_RECOVERY_02,RESP_THRESHOLD_RECOVERY,broad_web,BROAD_WEB,Unrestricted public web,Tavily Search API,2026-08-13,2026-08-13T23:02:28+00:00,"(coral OR corals OR octocoral OR gorgonian OR ""sea pen"" OR scleractinian OR antipatharian OR ""black coral"" OR sponge OR sponges OR Porifera OR demosponge OR hexactinellid OR ""glass sponge"" OR ""deep-sea sponge"" OR ""cold-water sponge"") (""suspended sediment"" OR ""sediment deposition"" OR turbidity OR burial OR smothering OR ""drill cuttings"" OR ""sediment plume"") (threshold OR tolerance OR sensitivity OR ""dose response"" OR ""exposure response"" OR recovery OR mortality OR survival) government regulator monitoring technical report environmental assessment thesis dissertation proceedings operator report",,8,Characterizing U.S. Deep-Sea Corals and Sponges,https://storymaps.arcgis.com/stories/cf7a5b4691e54ae59e1573d594a421c4,storymaps.arcgis.com,0.2627607,,"The central and western Aleutian Islands may have the most abundant cold-water coral and sponge communities in the world. Covering 64,415 square kilometers, the islands stretch westward from the Alaska Peninsula across the North Pacific Ocean. The chain of islands comprises a series of active volcanoes with a relatively deep continental shelf (250 meters). [...] Deep-sea corals and sponges live mostly unseen and untouched by humans at ocean depths of at least 164 ft (50 m), though most species are found several hundreds of feet deep. As they live in a dark, desolate setting, it would be easy t",3.62,1
GL_BROAD_RESP_THRESHOLD_RECOVERY_02,RESP_THRESHOLD_RECOVERY,broad_web,BROAD_WEB,Unrestricted public web,Tavily Search API,2026-08-13,2026-08-13T23:02:28+00:00,"(coral OR corals OR octocoral OR gorgonian OR ""sea pen"" OR scleractinian OR antipatharian OR ""black coral"" OR sponge OR sponges OR Porifera OR demosponge OR hexactinellid OR ""glass sponge"" OR ""deep-sea sponge"" OR ""cold-water sponge"") (""suspended sediment"" OR ""sediment deposition"" OR turbidity OR burial OR smothering OR ""drill cuttings"" OR ""sediment plume"") (threshold OR tolerance OR sensitivity OR ""dose response"" OR ""exposure response"" OR recovery OR mortality OR survival) government regulator monitoring technical report environmental assessment thesis dissertation proceedings operator report",,9,New Report Documents Amazing U.S. Deep-Sea Coral and Sponge Ecosystems | NOAA Fisheries,https://www.fisheries.noaa.gov/feature-story/new-report-documents-amazing-us-deep-sea-coral-and-sponge-ecosystems,fisheries.noaa.gov,0.25766745,,"Highlights of the report include the following: Deep-sea corals and sponges are extremely vulnerable to human activities that damage the seafloor or alter the surrounding environment, and once damaged, may take centuries to recover—if they recover at all. The report serves as a baseline for continued research to further understand and conserve these ecosystems. [...] Internet Explorer lacks support for the features of this website. For the best experience, please use a modern browser such as Chrome, Firefox, or Edge. U.S. flag A .gov website belongs to an official government organization in",3.62,1
GL_BROAD_RESP_THRESHOLD_RECOVERY_02,RESP_THRESHOLD_RECOVERY,broad_web,BROAD_WEB,Unrestricted public web,Tavily Search API,2026-08-13,2026-08-13T23:02:28+00:00,"(coral OR corals OR octocoral OR gorgonian OR ""sea pen"" OR scleractinian OR antipatharian OR ""black coral"" OR sponge OR sponges OR Porifera OR demosponge OR hexactinellid OR ""glass sponge"" OR ""deep-sea sponge"" OR ""cold-water sponge"") (""suspended sediment"" OR ""sediment deposition"" OR turbidity OR burial OR smothering OR ""drill cuttings"" OR ""sediment plume"") (threshold OR tolerance OR sensitivity OR ""dose response"" OR ""exposure response"" OR recovery OR mortality OR survival) government regulator monitoring technical report environmental assessment thesis dissertation proceedings operator report",,10,Stunning Sponges of BIOT (KSLOF),https://www.livingoceansfoundation.org/stunning-sponges,livingoceansfoundation.org,0.20842086,,"Sponges are simple structured organisms in the phylum Porifera lacking any real organs or tissues. They consist of multiple cells which fulfill different tasks. For instance, the so called flagellated Choanocytes create the interior water flow and trap particles while the mobile Archaeocytes play a crucial role in digestion and cleaning – the latter have the potential to modify themselves into all different cell types existing in the sponge body. It is fascinating that even without any brain or [...] Besides their positive properties some sponges can present a threat to scleractinian corals. I",3.62,1
GL_BROAD_RESP_THRESHOLD_RECOVERY_02,RESP_THRESHOLD_RECOVERY,broad_web,BROAD_WEB,Unrestricted public web,Tavily Search API,2026-08-13,2026-08-13T23:02:28+00:00,"(coral OR corals OR octocoral OR gorgonian OR ""sea pen"" OR scleractinian OR antipatharian OR ""black coral"" OR sponge OR sponges OR Porifera OR demosponge OR hexactinellid OR ""glass sponge"" OR ""deep-sea sponge"" OR ""cold-water sponge"") (""suspended sediment"" OR ""sediment deposition"" OR turbidity OR burial OR smothering OR ""drill cuttings"" OR ""sediment plume"") (threshold OR tolerance OR sensitivity OR ""dose response"" OR ""exposure response"" OR recovery OR mortality OR survival) government regulator monitoring technical report environmental assessment thesis dissertation proceedings operator report",,11,Sea Sponges - USVI,https://www.snorkelstj.com/sponges_gallery.html,snorkelstj.com,0.19594806,,"Some IDs may be right, some wrong. I'm working on collecting more information of various species. In addition to corals being in jeopardy of disappearing because of habitat stresses, so are the sponges. Because they are living creatures that evolved to exist in a specific region of temperature and water chemistry, they too are affected by the changes happening in the coral reef systems. Orange Ball Sponge - Cinachyra allaclada #### Yellow / Orange Ball Sponges (9 photos) ircinia-sponge [...] Sponges are difficult creatures to categorize. There are tube sponges and branching tube sponges,",3.62,1
GL_BROAD_RESP_THRESHOLD_RECOVERY_02,RESP_THRESHOLD_RECOVERY,broad_web,BROAD_WEB,Unrestricted public web,Tavily Search API,2026-08-13,2026-08-13T23:02:28+00:00,"(coral OR corals OR octocoral OR gorgonian OR ""sea pen"" OR scleractinian OR antipatharian OR ""black coral"" OR sponge OR sponges OR Porifera OR demosponge OR hexactinellid OR ""glass sponge"" OR ""deep-sea sponge"" OR ""cold-water sponge"") (""suspended sediment"" OR ""sediment deposition"" OR turbidity OR burial OR smothering OR ""drill cuttings"" OR ""sediment plume"") (threshold OR tolerance OR sensitivity OR ""dose response"" OR ""exposure response"" OR recovery OR mortality OR survival) government regulator monitoring technical report environmental assessment thesis dissertation proceedings operator report",,12,Deep-Sea Corals and Sponges: Foundation Species - Deep Ocean Education Project,https://deep-ocean-education-project.mystagingwebsite.com/resources/deep-sea-corals-and-sponges-foundation-species,deep-ocean-education-project.mystagingwebsite.com,0.17275754,,"and vertebrates. Deep-sea corals and sponges function as foundation species, providing many vital ecosystem services to other organisms. [...] Fact Sheet. Deep-sea corals and sponges exist in a wide variety of shapes, sizes, and colors. The corals and sponges grow upwards, off the seafloor, creating a varied habitat for many other living creatures. Their intricate shapes and structures provide many small spaces for other living creatures within the coral and sponge communities, just as trees create complex habitats for insects, birds, and other animals. Some of these communities are home to th",3.62,1
GL_BROAD_RESP_THRESHOLD_RECOVERY_02,RESP_THRESHOLD_RECOVERY,broad_web,BROAD_WEB,Unrestricted public web,Tavily Search API,2026-08-13,2026-08-13T23:02:28+00:00,"(coral OR corals OR octocoral OR gorgonian OR ""sea pen"" OR scleractinian OR antipatharian OR ""black coral"" OR sponge OR sponges OR Porifera OR demosponge OR hexactinellid OR ""glass sponge"" OR ""deep-sea sponge"" OR ""cold-water sponge"") (""suspended sediment"" OR ""sediment deposition"" OR turbidity OR burial OR smothering OR ""drill cuttings"" OR ""sediment plume"") (threshold OR tolerance OR sensitivity OR ""dose response"" OR ""exposure response"" OR recovery OR mortality OR survival) government regulator monitoring technical report environmental assessment thesis dissertation proceedings operator report",,13,Effects of sediment smothering on the sponge holobiont ...,https://www.nature.com/articles/s41598-017-05243-x,nature.com,0.15894336,,by MC Pineda · 2017 · Cited by 51 — High sediment deposition rates occur during dredging programs as high SSCs are created in sea-states where ambient hydrodynamics cannot support,3.62,1
GL_BROAD_RESP_THRESHOLD_RECOVERY_02,RESP_THRESHOLD_RECOVERY,broad_web,BROAD_WEB,Unrestricted public web,Tavily Search API,2026-08-13,2026-08-13T23:02:28+00:00,"(coral OR corals OR octocoral OR gorgonian OR ""sea pen"" OR scleractinian OR antipatharian OR ""black coral"" OR sponge OR sponges OR Porifera OR demosponge OR hexactinellid OR ""glass sponge"" OR ""deep-sea sponge"" OR ""cold-water sponge"") (""suspended sediment"" OR ""sediment deposition"" OR turbidity OR burial OR smothering OR ""drill cuttings"" OR ""sediment plume"") (threshold OR tolerance OR sensitivity OR ""dose response"" OR ""exposure response"" OR recovery OR mortality OR survival) government regulator monitoring technical report environmental assessment thesis dissertation proceedings operator report",,14,Describing New Deep-Sea Corals and Sponges,https://ocean.si.edu/ecosystems/coral-reefs/describing-new-deep-sea-corals-and-sponges,ocean.si.edu,0.13599934,,"After cutting off a tiny piece of the specimen, the soft outer skin can be dissolved, leaving only the skeletal parts of the coral or sponge for observation.",3.62,1
GL_BROAD_RESP_THRESHOLD_RECOVERY_02,RESP_THRESHOLD_RECOVERY,broad_web,BROAD_WEB,Unrestricted public web,Tavily Search API,2026-08-13,2026-08-13T23:02:28+00:00,"(coral OR corals OR octocoral OR gorgonian OR ""sea pen"" OR scleractinian OR antipatharian OR ""black coral"" OR sponge OR sponges OR Porifera OR demosponge OR hexactinellid OR ""glass sponge"" OR ""deep-sea sponge"" OR ""cold-water sponge"") (""suspended sediment"" OR ""sediment deposition"" OR turbidity OR burial OR smothering OR ""drill cuttings"" OR ""sediment plume"") (threshold OR tolerance OR sensitivity OR ""dose response"" OR ""exposure response"" OR recovery OR mortality OR survival) government regulator monitoring technical report environmental assessment thesis dissertation proceedings operator report",,15,Avoidance and Mitigation of Coral and Sponge Species ...,https://publications.gc.ca/collections/collection_2022/mpo-dfo/fs70-5/Fs70-5-2022-059-eng.pdf,publications.gc.ca,0.12926002,,"Continue to publication To request an alternate format of a publication, complete the Government of Canada Publications email form. Use the form’s “question or comment” field to specify the requested publication. [...] Gouvernement du Canada Symbole du gouvernement du Canada # Information archivée dans le Web / Information Archived on the Web ## Publications du gouvernement du Canada Continuer vers la publication Pour demander une publication dans un format alternatif, remplissez le formulaire électronique des publications du gouvernement du Canada. Utilisez le champ du formulaire «questi",3.62,1
GL_BROAD_RESP_THRESHOLD_RECOVERY_02,RESP_THRESHOLD_RECOVERY,broad_web,BROAD_WEB,Unrestricted public web,Tavily Search API,2026-08-13,2026-08-13T23:02:28+00:00,"(coral OR corals OR octocoral OR gorgonian OR ""sea pen"" OR scleractinian OR antipatharian OR ""black coral"" OR sponge OR sponges OR Porifera OR demosponge OR hexactinellid OR ""glass sponge"" OR ""deep-sea sponge"" OR ""cold-water sponge"") (""suspended sediment"" OR ""sediment deposition"" OR turbidity OR burial OR smothering OR ""drill cuttings"" OR ""sediment plume"") (threshold OR tolerance OR sensitivity OR ""dose response"" OR ""exposure response"" OR recovery OR mortality OR survival) government regulator monitoring technical report environmental assessment thesis dissertation proceedings operator report",,16,What role do sponges play on the coral reef?,https://encounteredu.com/multimedia/videos/learn-about-sponges-with-dr-jasper-de-goeij,encounteredu.com,0.11388496,,"Sponges are the recyclers on the reefs, filtering litres and litres of water a day through their sieve like tissue. Dr. Jasper de Goeij,",3.62,1
GL_BROAD_RESP_THRESHOLD_RECOVERY_02,RESP_THRESHOLD_RECOVERY,broad_web,BROAD_WEB,Unrestricted public web,Tavily Search API,2026-08-13,2026-08-13T23:02:28+00:00,"(coral OR corals OR octocoral OR gorgonian OR ""sea pen"" OR scleractinian OR antipatharian OR ""black coral"" OR sponge OR sponges OR Porifera OR demosponge OR hexactinellid OR ""glass sponge"" OR ""deep-sea sponge"" OR ""cold-water sponge"") (""suspended sediment"" OR ""sediment deposition"" OR turbidity OR burial OR smothering OR ""drill cuttings"" OR ""sediment plume"") (threshold OR tolerance OR sensitivity OR ""dose response"" OR ""exposure response"" OR recovery OR mortality OR survival) government regulator monitoring technical report environmental assessment thesis dissertation proceedings operator report",,17,Metabolic responses of a phototrophic sponge to ... - PMC,https://pmc.ncbi.nlm.nih.gov/articles/PMC5457416,pmc.ncbi.nlm.nih.gov,0.10714773,,by A Biggerstaff · 2017 · Cited by 42 — Our study provides evidence that some sponges can tolerate environments that appear unsuitable to many corals and with increased sedimentation,3.62,1
GL_BROAD_RESP_THRESHOLD_RECOVERY_02,RESP_THRESHOLD_RECOVERY,broad_web,BROAD_WEB,Unrestricted public web,Tavily Search API,2026-08-13,2026-08-13T23:02:28+00:00,"(coral OR corals OR octocoral OR gorgonian OR ""sea pen"" OR scleractinian OR antipatharian OR ""black coral"" OR sponge OR sponges OR Porifera OR demosponge OR hexactinellid OR ""glass sponge"" OR ""deep-sea sponge"" OR ""cold-water sponge"") (""suspended sediment"" OR ""sediment deposition"" OR turbidity OR burial OR smothering OR ""drill cuttings"" OR ""sediment plume"") (threshold OR tolerance OR sensitivity OR ""dose response"" OR ""exposure response"" OR recovery OR mortality OR survival) government regulator monitoring technical report environmental assessment thesis dissertation proceedings operator report",,18,Identifying the sponge signature on coral reefs,https://www.youtube.com/watch?v=9fGFI0q9_6g,youtube.com,0.08459118,,### Transcript: [...] Barrel sponges can filter easily hundreds of liters per hour and so if you think about as you're swimming out on a coral reef at some time fairly recently all of that water has passed through a sponge some sponges are packed full of microbes whereas other sponges have fewer microbes these microbes are also going to be influencing what's in the the water and so that water that leaves the sponge is going to be different from the water that entered the sponge so there may be more nutrients there [...] nutrients there may be fewer nutrients there's probably going to be at lea,3.62,1
GL_BROAD_RESP_THRESHOLD_RECOVERY_02,RESP_THRESHOLD_RECOVERY,broad_web,BROAD_WEB,Unrestricted public web,Tavily Search API,2026-08-13,2026-08-13T23:02:28+00:00,"(coral OR corals OR octocoral OR gorgonian OR ""sea pen"" OR scleractinian OR antipatharian OR ""black coral"" OR sponge OR sponges OR Porifera OR demosponge OR hexactinellid OR ""glass sponge"" OR ""deep-sea sponge"" OR ""cold-water sponge"") (""suspended sediment"" OR ""sediment deposition"" OR turbidity OR burial OR smothering OR ""drill cuttings"" OR ""sediment plume"") (threshold OR tolerance OR sensitivity OR ""dose response"" OR ""exposure response"" OR recovery OR mortality OR survival) government regulator monitoring technical report environmental assessment thesis dissertation proceedings operator report",,19,MyFWC Florida Fish and Wildlife,https://www.facebook.com/MyFWC/posts/power-of-the-spongesponges-like-coral-are-living-multicellular-organisms-they-co/543096104519101,facebook.com,0.050466277,,"Sponges-like coral-are living, multicellular organisms. They come in a variety of shapes and sizes and have the remarkable ability to regenerate! Not only can they grow back broken or damaged parts, but some species can regenerate a whole sponge from small pieces - or even cells! Florida is a primary sponge fishery. When harvesting, divers are required to use a sustainable cutting method to ensure our sponges can continue to bounce back (Hah. Nice one.) and thrive. [...] '/%3E%3Cpath d='M16.0001 7.9996c0 4.418-3.5815 7.9996-7.9995 7.9996S.001 12.4176.001 7.9996 3.5825 0 8.0006 0C12.4186 0 16 3",3.62,1
