corpus_id,title,authors,year,source_title_or_issuer,document_type,doi,url,screening_text,access,access_type,access_url,discovery_systems,document_verification_status,final_inclusion_basis,source_record_id
CWC-59CF454EFFD7,Respiratory responses of three Antarctic ascidians and a sea pen to increased sediment concentrations,Luciana Torre | Natalia Servetto | Matias Leonel Eöry | Fernando Momo | Marcos Tatián | Doris Abele | Ricardo Sahade,2012,Polar Biology,article,10.1007/s00300-012-1208-1,https://doi.org/10.1007/s00300-012-1208-1,"Glacial retreat and subglacial bedrock erosion are consequences of rapid regional warming on the West Antarctic Peninsula. Sedimentation of fine-grained eroded particles can impact the physiology of filter-feeding benthic organisms. We investigated the effect of increasing concentrations of sediment on the oxygen consumption of suspension feeding species, the ascidians Molgula pedunculata, Cnemidocarpa verrucosa, Ascidia challengeri, and the pennatulid Malacobelemnon daytoni in Potter Cove (South Shetland Islands, Antarctica). In A. challengeri and C. verrucosa, oxygen consumption increased gradually up to a critical sediment concentration (C (crit)) where species oxygen consumption was maximal (O (max) in mg O-2 g(-1)dm day(-1)) and further addition of sediments decreased respiration. C (crit) was 200 mg L-1 for A. challengeri (O (max) of 0.651 +/- A 0.238) and between 100 and 200 mg L-1 for C. verrucosa (O (max) of 0.898 +/- A 0.582). Oxygen consumption of M. pedunculata increased significantly even at low sediment concentrations (15-50 mg sediment L-1). Contrary to the ascidians, sediment exposure did not affect oxygen consumption of the sea pen. The tiered response to sedimentation in the four species corroborates recent field observations that detected a reduction in the abundance of the sensitive ascidian M. pedunculata from areas strongly affected by glacial sediment discharge, whereas sea pens are increasing in abundance. Our investigation relates consequences (population shifts in filter-feeder communities) to causes (glacial retreat) and is of importance for modelling of climate change effects in Antarctic shallow coastal areas.",NO,NOT_CONFIRMED,,OpenAlex | Semantic Scholar | Web of Science,VERIFIED_BIBLIOGRAPHIC_DOCUMENT,PRODUCTION_CORE_INCLUDE,PROD-00002
CWC-85AD31107177,Mutualism between the antipatharian Antipathes fiordensis and the ophiuroid Astrobrachion constrictum in New Zealand fjords,K. R. Grange,1991,Hydrobiologia,article,10.1007/bf00026478,https://doi.org/10.1007/bf00026478,"A large and accessible population of the antipatharian Antipathes fiordensis occurs in the fjords of southern New Zealand. Many colonies support specimens of the perching asteroschematid ophiuroid, Astrobrachion constrictum, some of which have been observed in situ for over 5 y. Adult A. constrictum are restricted to A. fiordensis, and have never been found on any other organism. In situ experiments have shown that A. constrictum feeds at night, primarily on mucus produced by A. fiordensis polyps, but also on planktonic prey captured by the antipatharian's nematocysts. Feeding movements of the ophiuroid arms clear the antipatharian colony of suspended material that might smother the polyps. Observations following natural catastrophic events and transplant experiments have shown that survival of A. fiordensis is probably increased if A. constrictum is present.",NO,NOT_CONFIRMED,,OpenAlex | Semantic Scholar | Web of Science,VERIFIED_BIBLIOGRAPHIC_DOCUMENT,PRODUCTION_CORE_INCLUDE,PROD-00018
CWC-C1B7BB939BE8,"Identification of tolerance levels on the cold-water coral Desmophyllum pertusum (Lophelia pertusa) from realistic exposure conditions to suspended bentonite, barite and drill cutting particles",Thierry Baussant | Maj Arnberg | Emily Lyng | Sreerekha Ramanand | Shaw Bamber | Mark Berry | Ingrid Myrnes Hansen | Dick van Oevelen | Peter van Breugel,2022,PLoS ONE,article,10.1371/journal.pone.0263061,https://doi.org/10.1371/journal.pone.0263061,"Cold-water coral (CWC) reefs are numerous and widespread along the Norwegian continental shelf where oil and gas industry operate. Uncertainties exist regarding their impacts from operational discharges to drilling. Effect thresholds obtained from near-realistic exposure of suspended particle concentrations for use in coral risk modeling are particularly needed. Here, nubbins of Desmophyllum pertusum (Lophelia pertusa) were exposed shortly (5 days, 4h repeated pulses) to suspended particles (bentonite BE; barite BA, and drill cuttings DC) in the range of similar to 4 to similar to 60 mg.l(-1) (actual concentration). Physiological responses (respiration rate, growth rate, mucus-related particulate organic carbon OC and particulate organic nitrogen ON) and polyp mortality were then measured 2 and 6 weeks post-exposure to assess long-term effects. Respiration and growth rates were not significantly different in any of the treatments tested compared to control. OC production was not affected in any treatment, but a significant increase of OC:ON in mucus produced by BE-exposed (23 and 48 mg.l(-1)) corals was revealed 2 weeks after exposure. Polyp mortality increased significantly at the two highest DC doses (19 and 49 mg.l(-1)) 2 and 6 weeks post-exposure but no significant difference was observed in any of the other treatments compared to the control. These findings are adding new knowledge on coral resilience to short realistic exposure of suspended drill particles and indicate overall a risk for long-term effects at a threshold of similar to 20 mg.l(-1).",YES,FROZEN_PUBLIC_FULL_TEXT_LOCATION,https://journals.plos.org/plosone/article/file?id=10.1371/journal.pone.0263061&type=printable,Grey literature | OpenAlex | Semantic Scholar | Web of Science,VERIFIED_BIBLIOGRAPHIC_DOCUMENT,PRODUCTION_CORE_INCLUDE,PROD-00027
CWC-C69AD807E3BA,Tolerance to long-term exposure of suspended benthic sediments and drill cuttings in the cold-water coral Lophelia pertusa,Ann I. Larsson | Dick van Oevelen | Autun Purser | Laurenz Thomsen,2013,Marine Pollution Bulletin,article,10.1016/j.marpolbul.2013.02.033,https://doi.org/10.1016/j.marpolbul.2013.02.033,"The cold-water coral Lophelia pertusa was exposed to suspended particles (<63 mu m) for 12 weeks. Skeletal growth was significantly lower under exposure concentrations of similar to 25 mg l(-1) than similar to 5 mg l(-1) and there was a trend of lower growth rates when exposed to water-based drill cuttings than to natural benthic sediment. Polyp extension was less in corals exposed to higher material concentrations, which provides a possible explanation for observed skeletal growth differences between particle concentrations. Particle exposure had no significant impact on respiration or proportions of tissue and fatty acids in corals. The volume of additional cleaning mucus released by exposed corals was low and release did not significantly affect coral energy expenditure. Our results indicate that L. pertusa polyps can deal comparatively well with enhanced particle deposition rates and suspended matter concentrations. However, a small pilot experiment indicated that coral larvae might be particularly vulnerable to high particle concentrations. (c) 2013 Elsevier Ltd. All rights reserved.",NO,NOT_CONFIRMED,,OpenAlex | Semantic Scholar | Web of Science,VERIFIED_BIBLIOGRAPHIC_DOCUMENT,PRODUCTION_CORE_INCLUDE,PROD-00028
CWC-F69FB12668AB,Direct Visualization of Mucus Production by the Cold-Water Coral Lophelia pertusa with Digital Holographic Microscopy,Eva‐Maria Zetsche | Thierry Baussant | Filip J. R. Meysman | Dick van Oevelen,2016,PLoS ONE,article,10.1371/journal.pone.0146766,https://doi.org/10.1371/journal.pone.0146766,"Lophelia pertusa is the dominant reef-building organism of cold-water coral reefs, and is known to produce significant amounts of mucus, which could involve an important metabolic cost. Mucus is involved in particle removal and feeding processes, yet the triggers and dynamics of mucus production are currently still poorly described because the existing tools to study these processes are not appropriate. Using a novel microscopic technique-digital holographic microscopy (DHM)-we studied the mucus release of L. pertusa under various experimental conditions. DHM technology permits mu m-scale observations and allows the visualization of transparent mucoid substances in real time without staining. Fragments of L. pertusa were first maintained in flow-through chambers without stressors and imaged with DHM, then exposed to various stressors (suspended particles, particulate food and air exposure) and re-imaged. Under non-stressed conditions no release of mucus was observed, whilst mucus strings and sheaths were produced in response to suspended particles (activated charcoal and drill cuttings sediment) i.e. in a stressed condition. Mucus strings and so-called 'string balls' were also observed in response to exposure to particulate food (brine shrimp Artemia salina). Upon air-exposure, mucus production was clearly visible once the fragments were returned to the flow chamber. Distinct optical properties such as optical path length difference (OPD) were measured with DHM in response to the various stimuli suggesting that different mucus types are produced by L. pertusa. Mucus produced to reject particles is similar in refractive index to the surrounding seawater, suggesting that the energy content of this mucus is low. In contrast, mucus produced in response to either food particle addition or air exposure had a higher refractive index, suggesting a higher metabolic investment in the production of these mucoid substances. This paper shows for the first time the potential of DHM technology for the detection, characterization and quantification of mucus production through OPD measurements in L. pertusa.",YES,FROZEN_PUBLIC_FULL_TEXT_LOCATION,https://journals.plos.org/plosone/article/file?id=10.1371/journal.pone.0146766&type=printable,OpenAlex | Semantic Scholar | Web of Science,VERIFIED_BIBLIOGRAPHIC_DOCUMENT,PRODUCTION_CORE_INCLUDE,PROD-00029
CWC-7A3BE9870A2A,Sedimentation on the cold-water coral Lophelia pertusa: Cleaning efficiency from natural sediments and drill cuttings,Ann I. Larsson | Autun Purser,2011,Marine Pollution Bulletin,article,10.1016/j.marpolbul.2011.03.041,https://doi.org/10.1016/j.marpolbul.2011.03.041,"Anthropogenic threats to cold-water coral reefs are trawling and hydrocarbon drilling, with both activities causing increased levels of suspended particles. The efficiency of Lophelia pertusa in rejecting local sediments and drill cuttings from the coral surface was evaluated and found not to differ between sediment types. Further results showed that the coral efficiently removed deposited material even after repeated exposures, indicating an efficient cleaning mechanism. In an experiment focusing on burial, fine-fraction drill cuttings were deposited on corals over time. Drill cutting covered coral area increased with repeated depositions, with accumulation mainly occurring on and adjacent to regions of the coral skeleton lacking tissue cover. Tissue was smothered and polyp mortality occurred where polyps became wholly covered by material. Burial of coral by drill cuttings to the current threshold level used in environmental risk assessment models by the offshore industry (6.3 mm) may result in damage to L pertusa colonies. (C) 2011 Elsevier Ltd. All rights reserved.",NO,NOT_CONFIRMED,,OpenAlex | Semantic Scholar | Web of Science,VERIFIED_BIBLIOGRAPHIC_DOCUMENT,PRODUCTION_CORE_INCLUDE,PROD-00032
CWC-EDB1480675F9,"Effects and recovery of larvae of the cold-water coral Lophelia pertusa (Desmophyllum pertusum) exposed to suspended bentonite, barite and drill cuttings",Johanna Järnegren | Sandra Brooke | Henrik Jensen,2020,Marine Environmental Research,article,10.1016/j.marenvres.2020.104996,https://doi.org/10.1016/j.marenvres.2020.104996,"Fossil fuel drilling operations create sediment plumes and release waste materials into the ocean. These operations sometimes occur close to sensitive marine ecosystems, such as cold-water corals. While there have been several studies on the effects of energy industry activities on adult corals, there is very little information on potential impacts to their early life history stages. Larval stages of many marine organisms, including cold-water corals use cilia as a means of feeding and swimming, and if these structures become clogged with suspended particulates, the larvae may sink and be lost to the system. The objective of this study was to understand the response of Lophelia pertusa larvae to a different drilling waste components, and assess post-exposure recovery. Larvae of two ages (eight and 21 days) were exposed to a range of concentrations of bentonite, barite and drill cuttings. Larval sensitivity was assessed using the concentration at which 50% of the larvae showed behavioral effects (EC50) or lethal effects (LC50). Larvae showed greatest sensitivity to bentonite, followed by barite and drill cuttings, and also showed age-related responses that differed among the test materials. Post exposure recovery was variable across materials, with larvae exposed to bentonite having the lowest recovery rates. Understanding the vulnerability of early life history stages to human activities can help inform management strategies to preserve reproductive capacity of important marine ecosystems.",YES,FROZEN_PUBLIC_FULL_TEXT_LOCATION,https://www.sciencedirect.com/science/article/pii/S0141113619307913/pdf,OpenAlex | Semantic Scholar | Web of Science,VERIFIED_BIBLIOGRAPHIC_DOCUMENT,PRODUCTION_CORE_INCLUDE,PROD-00034
CWC-3143828C5285,Mechanical and toxicological effects of deep-sea mining sediment plumes on a habitat-forming cold-water octocoral,Marina Carreiro‐Silva | Inês Martins | Virginie Riou | Joana Raimundo | Miguel Caetano | Raúl Bettencourt | Maria Rakka | Teresa Cerqueira | António Godinho | Telmo Morato | Ana Colaço,2022,Frontiers in Marine Science,article,10.3389/fmars.2022.915650,https://doi.org/10.3389/fmars.2022.915650,"Deep-sea mining activities are expected to impact deep-sea biota through the generation of sediment plumes that disperse across vast areas of the ocean. Benthic sessile suspension-feeding fauna, such as cold-water corals, may be particularly susceptible to increased suspended sediments. Here, we exposed the cold-water octocoral, Dentomuricea aff. meteor to suspended particles generated during potential mining activities in a four weeks experimental study. Corals were exposed to three experimental treatments: (1) control conditions (no added sediments); (2) suspended polymetallic sulphide (PMS) particles; (3) suspended quartz particles. The two particle treatments were designed to distinguish between potential mechanical and toxicological effects of mining particles. PMS particles were obtained by grinding PMS inactive chimney rocks collected at the hydrothermal vent field Lucky Strike. Both particle types were delivered at a concentration of 25 mg L -1 , but achieved suspended concentrations were 2-3 mg L -1 for the PMS and 15-18 mg L -1 for the quartz particles due to the different particle density. Results of the experiment revealed a significant increase in dissolved cobalt, copper and manganese concentrations in the PMS treatment, resulting from the oxidation of sulphides in contact with seawater. Negative effects of PMS exposure included a progressive loss in tissue condition with necrosis and bioaccumulation of copper in coral tissues and skeletons, and death of all coral fragments by the end of the experiment. Physiological changes under PMS exposure, included increased respiration and ammonia excretion rates in corals after 13 days of exposure, indicating physiological stress and potential metabolic exhaustion. Changes in the cellular stress biomarkers and gene expression profiles were more pronounced in corals exposed to quartz particles, suggesting that the mechanical effect of particles although not causing measurable changes in the physiological functions of the coral, can still be detrimental to corals by eliciting cellular stress and immune responses. We hypothesize that the high mortality of corals recorded in the PMS treatment may have resulted from the combined and potentially synergistic mechanical and toxicological effects of the PMS particles. Given the dispersal potential of mining plumes and the highly sensitive nature of octocorals, marine protected areas, buffer areas or non-mining areas may be necessary to protect deep-sea coral communities.",YES,FROZEN_PUBLIC_FULL_TEXT_LOCATION,https://doi.org/10.3389/fmars.2022.915650,OpenAlex | Semantic Scholar | Web of Science,VERIFIED_BIBLIOGRAPHIC_DOCUMENT,PRODUCTION_CORE_INCLUDE,PROD-00046
CWC-65CF36C85E16,Effects of drill cuttings on larvae of the cold-water coral Lophelia pertusa,Johanna Järnegren | Sandra Brooke | Henrik Jensen,2016,Deep Sea Research Part II Topical Studies in Oceanography,article,10.1016/j.dsr2.2016.06.014,https://doi.org/10.1016/j.dsr2.2016.06.014,"Fossil fuel consumption is predicted to dominate energy needs until at least 2040. To make up for reduced production from maturing fields, oil and gas exploration activities on the Norwegian continental shelf have greatly increased over the past several years. Strict emission controls have resulted in a substantial reduction in the release of hazardous chemicals. However, because of the increased exploration the discharges of water-based drill cuttings and muds have increased substantially, temporarily increasing water column sediment loads. The stony coral Lophelia pertusa is the most widely distributed and well-studied of the structure forming cold water corals (CWC) and it thrives in Norwegian waters where many reefs are located in the vicinity of oil platforms or exploration areas. This species provides habitat for a diverse and abundant assemblage of invertebrates and fishes, including commercially valuable species. High sediment loads are known to negatively affect adult corals, but impacts on the early life history stages are unknown. We investigated the effects of a range of drill cutting concentrations (0.5-640 ppm) on larvae of L. pertusa at ages five days and 15-20 days. One set of experiments was conducted in static experimental chambers that exposed larvae to decreasing concentrations over time, and the other maintained continuous drill cutting concentrations for the duration of the experiment (24 h). Increased sediment load for a duration of 24 h caused significant larval mortality, but there was an age-dependent difference in sensitivity of larvae. Younger larvae were significantly more susceptible to lower concentrations of drill cuttings than older larvae, while the older larvae were significantly more affected at higher concentrations. Five day old larvae were affected at treatment concentration 40 ppm. The larval cilia became clogged, preventing the larvae from swimming actively and ultimately causing mortality. Larvae of many species use cilia for swimming and feeding, so negative impacts of increased sediment may not be limited to corals. (C) 2016 Elsevier Ltd. All rights reserved.",NO,NOT_CONFIRMED,,OpenAlex | Semantic Scholar | Web of Science,VERIFIED_BIBLIOGRAPHIC_DOCUMENT,PRODUCTION_CORE_INCLUDE,PROD-00049
CWC-B27727ED4386,Effects of suspended drill cuttings on the coral Lophelia pertusa using pulsed and continuous exposure scenarios,Thierry Baussant | Marianne Nilsen | Elisa Ravagnan | Stig Westerlund | Sreerekha Ramanand,2018,Journal of Toxicology and Environmental Health,article,10.1080/15287394.2018.1444375,https://doi.org/10.1080/15287394.2018.1444375,"ABSTRACT This study aimed at providing confidence in the predictability of the impacts of drill cuttings (DC) discharge on the cold-water coral Lophelia pertusa. L. pertusa was exposed to DC from offshore exploration in the lab with the goal to assess precautionary thresholds of effects. Two exposure scenarios with DC were tested: a long-term (LT) pulsed exposure (12 weeks, peak concentrations: 2–50 mg/L, mean concentrations: 1–25 mg/L) and a short-term (ST) continuous exposure (2.5 weeks, mean concentrations: 4–42 mg/L). After exposure, a recovery period of 16 and 4 weeks was maintained in LT and ST, respectively. While there was an assumption that DC might result in an increase in respiration, decrease in growth, enhanced mucus production, reduced fatty acid content, only a significant rise was noted in skeleton growth at DC 4 mg/L and a significant increase of mucus particulate organic carbon at 25 mg/L at end of the exposure. DC did not markedly reduce prey capture rate consecutive to DC exposure. However, the effect of DC produced an increase of coral polyp activity during exposure and a return to pre-exposure conditions after cessation of DC, and coenosarc was smothered from DC even after a long recovery period (4 weeks). Overall, a DC concentration of 10 mg/L seems to represent a threshold above which changes in coral conditions were observed however with no apparent physiological consequences for the coral within the experimental time scale.",YES,FROZEN_PUBLIC_FULL_TEXT_LOCATION,https://figshare.com/articles/journal_contribution/Effects_of_suspended_drill_cuttings_on_the_coral_i_Lophelia_pertusa_i_using_pulsed_and_continuous_exposure_scenarios/5984998,OpenAlex | Semantic Scholar | Web of Science,VERIFIED_BIBLIOGRAPHIC_DOCUMENT,PRODUCTION_CORE_INCLUDE,PROD-00050
CWC-F4145597F5EA,"Impacts of barite and bentonite sedimentation on the behaviour, mucus production and cnidocytes of the deep-sea coral Flabellum (Ulocyathus) alabastrum",Kenneth A. Murray | Bárbara de Moura Neves | Jean-François Hamel | Johanne Vad | Vonda Hayes | Annie Mercier,2025,Deep Sea Research Part II Topical Studies in Oceanography,article,10.1016/j.dsr2.2025.105536,https://doi.org/10.1016/j.dsr2.2025.105536,"As oil and gas exploration expands in deep-sea environments, understanding the impacts of wastes produced by this industry is urgent. One of the main wastes of offshore drilling is the discharge of drill muds, commonly including barite and bentonite clay. Here, we investigated the effects of these two byproducts on the expansion behaviour, mucus secretion and cnidocyte density of the solitary cup coral Flabellum ( Ulocyathus ) alabastrum . A total of 96 live corals were exposed over 10 days to one of three treatments (barite, bentonite, or barite and bentonite combined) or assigned as an untreated control. Daily waste additions aimed to reach a total sedimentation depth of 6.3 mm (common ‘probable no-effects threshold’). Photography was used to monitor behavioural changes and mucus production, and histology was used to assess changes in tentacle cnidocytes. Overall, responses of F. alabastrum in the form of excessive polyp expansion (swelling) and mucus production were more severe under the barite and bentonite combined treatment, followed by barite alone, bentonite alone and lowest/absent in the control. Moreover, elevated nematocyte densities were measured under exposure to the mix of barite and bentonite. However, F. alabastrum returned to baseline metrics during a 10-day recovery period. The results suggest that sedimentation of common drill mud ingredients to <6.3 mm depth can cause observable and non-lethal responses in F. alabastrum , but remain conservative relative to what may be experienced in situ . As the most adverse effects were observed under the barite and bentonite combination treatment (tested together for the first time here), potential synergistic effects of the two should be considered in future research. Understanding long-term consequences, as well as impacts of more abrasive drilling waste (drill cuttings) on F. alabastrum requires further study.",YES,FROZEN_PUBLIC_FULL_TEXT_LOCATION,https://doi.org/10.1016/j.dsr2.2025.105536,Grey literature | OpenAlex | Semantic Scholar | Web of Science,VERIFIED_BIBLIOGRAPHIC_DOCUMENT,PRODUCTION_CORE_INCLUDE,PROD-00051
CWC-93C925DB4EEE,Resistance of Lophelia pertusa to coverage by sediment and petroleum drill cuttings,Elke Allers | Raeid M. M. Abed | Laura M. Wehrmann | Tao Wang | Ann I. Larsson | Autun Purser | Dirk de Beer,2013,Marine Pollution Bulletin,article,10.1016/j.marpolbul.2013.07.016,https://doi.org/10.1016/j.marpolbul.2013.07.016,"In laboratory experiments, the cold-water coral Lophelia pertusa was exposed to settling particles. The effects of reef sediment, petroleum drill cuttings and a mix of both, on the development of anoxia at the coral surface were studied using O-2, pH and H2S microsensors and by assessing coral polyp mortality. Due to the branching morphology of L pernisa and the release of coral mucus, accumulation rates of settling material on coral branches were low. Microsensors detected H2S production in only a few samples, and sulfate reduction rates of natural reef sediment slurries were low ( 24 h in reef sediment resulted in suffocation. (C) 2013 Elsevier Ltd. All rights reserved.",NO,NOT_CONFIRMED,,OpenAlex | Semantic Scholar | Web of Science,VERIFIED_BIBLIOGRAPHIC_DOCUMENT,PRODUCTION_CORE_INCLUDE,PROD-00053
CWC-06A242DB83C1,An evaluation of coral lophelia pertusa mucus as an analytical matrix for environmental monitoring: A preliminary proteomic study,Fiona Provan | Mari Mæland Nilsen | Eivind Larssen | Kai‐Erik Uleberg | Magne O. Sydnes | Emily Lyng | Kjell Birger Øysæd | Thierry Baussant,2016,Journal of Toxicology and Environmental Health,article,10.1080/15287394.2016.1210494,https://doi.org/10.1080/15287394.2016.1210494,"For the environmental monitoring of coral, mucus appears to be an appropriate biological matrix due to its array of functions in coral biology and the non-intrusive manner in which it can be collected. The aim of the present study was to evaluate the feasibility of using mucus of the stony coral Lophelia pertusa (L. pertusa) as an analytical matrix for discovery of biomarkers used for environmental monitoring. More specifically, to assess whether a mass-spectrometry-based proteomic approach can be applied to characterize the protein composition of coral mucus and changes related to petroleum discharges at the seafloor. Surface-enhanced laser desorption/ionization-time of flight mass spectrometry (SELDI-TOF MS) screening analyses of orange and white L. pertusa showed that the mucosal protein composition varies significantly with color phenotype, a pattern not reported prior to this study. Hence, to reduce variability from phenotype difference, L. pertusa white individuals only were selected to characterize in more detail the basal protein composition in mucus using liquid chromatography, mass spectrometry, mass spectrometry (LC-MS/MS). In total, 297 proteins were identified in L. pertusa mucus of unexposed coral individuals. Individuals exposed to drill cuttings in the range 2 to 12 mg/L showed modifications in coral mucus protein composition compared to unexposed corals. Although the results were somewhat inconsistent between individuals and require further validation in both the lab and the field, this study demonstrated preliminary encouraging results for discovery of protein markers in coral mucus that might provide more comprehensive insight into potential consequences attributed to anthropogenic stressors and may be used in future monitoring of coral health.",NO,NOT_CONFIRMED,,OpenAlex | Semantic Scholar | Web of Science,VERIFIED_BIBLIOGRAPHIC_DOCUMENT,PRODUCTION_CORE_INCLUDE,PROD-00054
CWC-BFB60DE6806C,Impact of excessive sedimentation caused by anthropogenic activities on benthic suspension feeders in the Sea of Marmara,Nur Eda Topçu | Emre Turgay | Remziye Eda Yardımcı | Bülent Topaloğlu | Ahsen Yüksek | Terje M. Steınum | Süheyla Karataş | Bayram Öztürk,2018,Journal of the Marine Biological Association of the United Kingdom,article,10.1017/s0025315418001066,https://doi.org/10.1017/s0025315418001066,"Abstract A massive die-off of benthic suspension feeders (BSF) covered by large amounts of sediments was observed along Prince Islands coasts (north-eastern Sea of Marmara) in August 2015. Alcyonarians, pennatulaceans, bivalves and sponges were severely affected. Many BSF probably died from burial and clogging of their feeding and respiratory apparatus. Of the gorgonian colonies, 66 ± 34% (mean ± SD) were dead, while 15 ± 16% (mean ± SD) displayed recent necrosis on the colony surface. In addition, histopathological and microbial examinations of the affected gorgonians and gold corals ( Savalia savaglia ) suggest that stress caused by sedimentation made them vulnerable to exploitation by consistently isolated opportunistic microorganisms. We isolated Vibrio splendidus and Vibrio neptunius from diseased gold coral colonies, but the bacterial isolates obtained from gorgonians could only be identified to genus Vibrio level. The presumably artificially introduced fungus Mucor circinelloides was common on both gold coral and gorgonians. This mould and opportunistic bacteria may have colonized BSF by taking advantage of low oxygen levels leading to impaired coral immune responses and thereby exacerbated the BSF mortality. Construction and landfill operations at Yassıada seem to be the greatest contributor to the observed sedimentation, as shown by silicate concentrations in nearby waters. These observations imply that preventive measures are necessary when construction operations take place in the vicinity of sensitive marine habitats.",NO,NOT_CONFIRMED,,OpenAlex | Semantic Scholar | Web of Science,VERIFIED_BIBLIOGRAPHIC_DOCUMENT,PRODUCTION_CORE_INCLUDE,PROD-00171
CWC-02937404E634,Deposit feeding:a novel mode of nutrition in the Antarctic colonial soft coral Gersemia antarctica,Marc Slattery | JB McClintock | SS Bowser,1997,Marine Ecology Progress Series,article,10.3354/meps149299,https://doi.org/10.3354/meps149299,"MEPS Marine Ecology Progress Series Contact the journal Facebook Twitter RSS Mailing List Subscribe to our mailing list via Mailchimp HomeLatest VolumeAbout the JournalEditorsTheme Sections MEPS 149:299-304 (1997) - doi:10.3354/meps149299 Deposit feeding: a novel mode of nutrition in the Antarctic colonial soft coral Gersemia antarctica Slattery M, McClintock JB, Bowser SS The colonial nephtheid soft coral Gersemia antarctica is a deposit feeder in the soft sediment communities of McMurdo Sound, Antarctica. This feeding strategy involves coordinated bending of the entire colony against the substrate and is previously undescribed among soft corals. Gut content analyses indicate a mixed diet that includes benthic diatoms, foraminiferans, and particulate organic matter. Soft coral colonies move periodically in an 'inch worm' fashion, presumably to exploit undisturbed sediments. In fact, when colonies encounter previously grazed sediment they contract from the substrate almost immediately. This feeding strategy has likely evolved to supplement the capture of planktonic prey and is of particular importance in the Antarctic, and potentially the deep sea, where water column productivity is seasonally constrained. Deposit feeding · Soft coral · Antarctica · Benthic communities Full text in pdf format PreviousNextExport citation RSS - Facebook - Tweet - linkedIn Cited by Published in MEPS Vol. 149. Publication date: April 10, 1997 Print ISSN:0171-8630; Online ISSN:1616-1599 Copyright © 1997 Inter-Research.",NO,NOT_CONFIRMED,,OpenAlex | Web of Science,VERIFIED_BIBLIOGRAPHIC_DOCUMENT,PRODUCTION_CORE_INCLUDE,PROD-00208
CWC-650B6A791BA4,Feeding strategies and diet composition of four Antarctic cnidarian species,"Orejas, C | Gili, JM | López-González, PJ | Arntz, WE",2001,POLAR BIOLOGY,JOUR,10.1007/s003000100272,https://doi.org/10.1007/s003000100272,"The diet of four species of Antarctic cnidarians, two hydroids and two anthozoans, was investigated. One hydroid, Tubularia ralphii, and one anthozoan, Anthomastus bathyproctus, seem to basically consume zooplankton whereas the other hydroid species, Oswaldella antarctica, has a diet mainly based on the fine fraction of seston. The last cnidarian investigated, the stoloniferan alcyonacean, Clavularia cf. frankliniana, feeds mainly on resuspended material. The wide range of diets of these Antarctic cnidarians indicates opportunistic behaviour by feeding on different sources and taking advantage of the available food sources. Data related to low C/N ratios in the sediment and high NO2 concentrations in areas with dense communities of benthic suspension feeders, along with data on capture rates, lead us to hypothesize that these organisms play an important role in the recycling processes of organic matter in Antarctic benthic ecosystems.",NO,NOT_CONFIRMED,,Web of Science,VERIFIED_BIBLIOGRAPHIC_DOCUMENT,PRODUCTION_CORE_INCLUDE,PROD-00243
CWC-C5790D88C317,Effects of finfish aquaculture waste on the soft coral Gersemia rubiformis and sea anemone Aulactinia stella,Kathryn Murray | Bárbara de Moura Neves | Jean-François Hamel | Daria Gallardi | Annie Mercier,2026,Marine Pollution Bulletin,article,10.1016/j.marpolbul.2026.119264,https://doi.org/10.1016/j.marpolbul.2026.119264,"Finfish aquaculture production in marine habitats can alter benthic communities through the sedimentation of fish feces and excess feed. The direct impacts of aquaculture wastes on habitat-forming species such as cold-water corals, and other benthic megafauna, are not well understood. Here, the soft coral Gersemia rubiformis and the sea anemone Aulactinia stella were exposed twice daily to low (5 g C m −2 d −1 ) or high (10 g C m −2 d −1 ) concentrations of salmon feed/feces, inorganic sediment (0 g C m −2 d −1 ), or no sedimentation over 28 days. Behaviour was recorded using timelapse videos and direct observations, and biochemical analyses were conducted post-trial. When exposed to wastes, G. rubiformis spent more time in an expanded state, which may assist with sediment and/or bacterial removal. Similarly, individuals of A. stella exposed to wastes spent more time with their tentacles extended and showed increased eversion of their pharynx, potentially as feeding mechanisms. Though no change in lipid composition was detected because of aquaculture waste exposure in either species after 28 days, a shift in the overall fatty acid composition was identified for G. rubiformis . As well, tracer fatty acids associated with salmon waste (18:2ω6 and 18:1ω9) were elevated in the biochemical profiles of both species following the low and high-waste treatments, suggesting selective assimilation of salmon feed . This study showed behavioural and biochemical effects in both G. rubiformis and A. stella over a short period of exposure to aquaculture wastes, raising important questions regarding the effects of long-term exposure to wastes.",YES,FROZEN_PUBLIC_FULL_TEXT_LOCATION,https://doi.org/10.1016/j.marpolbul.2026.119264,OpenAlex | Semantic Scholar | Web of Science,VERIFIED_BIBLIOGRAPHIC_DOCUMENT,PRODUCTION_CORE_INCLUDE,PROD-00303
CWC-64D1F1401DD1,Morphological responses of a cup coral to environmental gradients,James J. Bell,2002,Sarsia,article,10.1080/00364820260400825,https://doi.org/10.1080/00364820260400825,"The morphology of the cup coral Caryophyllia smithii was studied under different regimes of water movement at Lough Hyne, Co. Cork, Ireland (51degrees29'N 9degrees18'W). Size was found to be significantly greater in wave sheltered environments than in wave exposed locations. Also, the size of corals decreased significantly with increasing depth, but only at wave sheltered locations. The smaller size of corals on the open coast (exposed) was considered to be a result of higher mortality from dislodgement of corals by intense wave action. The decrease in size with depth at sheltered environments is considered with respect to the increased energetic demand from sediment removal, reducing energy available for growth. An increased coral height for any given calyx width was found with increasing depth at sheltered sites and was higher at all depths than at the wave exposed site (even though actual heights decreased). Taller corals (for any given calyx size) release corals from competition with encrusting sponges and keep the calyx above the sediment surface. Upright forms also reduce the amount of sediment falling on feeding surfaces. It is considered that this morphological adaptation is mediated through initial high growth rates at undisturbed sites or reduced growth rates at disturbed sites. However, once corals reach >8 mm in height, the growth rates are the same at all sites. The morphological adaptation of juvenile corals may have important consequences with respect to adaptation of adult corals, should their environment change.",NO,NOT_CONFIRMED,,OpenAlex | Semantic Scholar | Web of Science,VERIFIED_BIBLIOGRAPHIC_DOCUMENT,PRODUCTION_CORE_INCLUDE,PROD-00568
CWC-EB13663851B4,"Reconstruction of the formation history of the Darwin Mounds, N Rockall Trough: How the dynamics of a sandy contourite affected cold-water coral growth",Lissette Victorero | Dominique Blamart | Edwige Pons‐Branchu | Mark Mavrogordato | Veerle A.I. Huvenne,2015,Marine Geology,article,10.1016/j.margeo.2015.12.001,https://doi.org/10.1016/j.margeo.2015.12.001,"Cold-water coral mounds, formed through a feed-back process of cold-water coral growth and sediment baffling, have been studied all along the NE Atlantic continental margin. However, major questions remain concerning their formation history, especially their initiation and early development in relation to the surrounding sediment dynamics. For the first time, two small mounds located in a sandy contourite have been cored from the top to mound base: here, the formation history of the Darwin Mounds, located in the Northern Rockall Trough was investigated and reconstructed from two piston cores using a multidisciplinary approach. This consisted of CT-scanning for quantifying coral density changes with depth, grain-size analysis to obtain the hydrodynamic trends and radiocarbon and U-series dating to place the results into a wider paleoceanographic context. The results show that the Darwin Mounds formed during the early Holocene (similar to 10 ka BP) through sediment baffling, mainly by Lophelia pertusa. The initiation of both mounds shows a similar pattern of increased current velocities resulting in coarser sediment deposition and a relatively high coral density with a peak of 23 vol%. The mound growth was rapid between similar to 10-9.7 ka BP (up to 277 cm ka(-1) in one of the mounds), with further vibrant growth periods around similar to 8.8 ka BP, 65 ka BP and 3.4 ka BP. The demise of the mounds ca. similar to 3 ka BP was likely caused by an intensification in bottom current velocities causing a hostile environment for coral growth in the contourite setting. In a wider context, the development of the Darwin Mounds appears to have responded to the relative strength and position of the Subpolar Gyre, which affected food supply to the corals, sedimentation rates, current speeds and other water mass properties in the area. (C) 2015 The Authors. Published by Elsevier B.V.",YES,FROZEN_PUBLIC_FULL_TEXT_LOCATION,https://www.sciencedirect.com/science/article/pii/S0025322715300724/pdf,OpenAlex | Semantic Scholar | Web of Science,VERIFIED_BIBLIOGRAPHIC_DOCUMENT,PRODUCTION_CORE_INCLUDE,PROD-00655
CWC-5C88E3BBD29A,"Adverse effects of crushed seafloor massive sulphide deposits on the boreal deep-sea sponge Geodia barretti Bowerbank, 1858 and its associated fauna",Erik Wurz | Linn M.Brekke Olsen | Kathrin Busch | Tone Ulvatn | Hans Tore Rapp | Ronald Osinga | Albertinka J. Murk,2024,Deep Sea Research Part I Oceanographic Research Papers,article,10.1016/j.dsr.2024.104311,https://doi.org/10.1016/j.dsr.2024.104311,"Abundant mineral resources in the deep sea are prospected for mining for the global metal market. Seafloor massive sulphide (SMS) deposits along the Mid-Atlantic Ridge are one of the potential sources for these metals. The extraction of SMS deposits will expose adjacent marine ecosystems to suspended particle plumes charged with elevated concentrations of heavy metals and other potentially toxic compounds. Up to date there is no information about the impact of mining activities on deep-sea benthic ecosystems such as abundant deep-sea sponge grounds in the North Atlantic Ocean. Sponge grounds play a major role in benthic-pelagic coupling and represent an important habitat for a diversity of vertebrates, invertebrates and microorganisms. To simulate the effects of mining plumes on benthic life in the deep sea, we exposed Geodia barretti, a dominant sponge species in the North Atlantic Ocean, and an associated brittle star species from the genus Ophiura spp. to a field-relevant concentration of 30 mg L-1 suspended particles of crushed SMS deposits. Three weeks of exposure to suspended particles of crushed SMS resulted in a tenfold higher rate of tissue necrosis in sponges. All brittle stars in the experiment perished within ten days of exposure. SMS particles were evidently accumulated in the sponge’s mesohyl and concentrations of iron and copper were 10 times elevated in SMS exposed individuals. Oxygen consumption and clearance rates were significantly retarded after the exposure to SMS particles, hampering the physiological performance of G. barretti. These adverse effects of crushed SMS deposits on G. barretti and its associated brittle star species potentially cascade in disruptions of benthic-pelagic coupling processes in the deep sea. More elaborate studies are advisable to identify threshold levels, management concepts and mitigation measures to minimize the impact of deep-sea mining plumes on benthic life.",YES,FROZEN_PUBLIC_FULL_TEXT_LOCATION,https://doi.org/10.1016/j.dsr.2024.104311,OpenAlex | Semantic Scholar | Web of Science,VERIFIED_BIBLIOGRAPHIC_DOCUMENT,PRODUCTION_CORE_INCLUDE,PROD-00714
CWC-3BA5EE36CD77,Suspended sediment causes feeding current arrests in situ in the glass sponge Aphrocallistes vastus,Nathan J.R. Grant | Eugueni Matveev | A Kahn | Sally P. Leys,2018,Marine Environmental Research,article,10.1016/j.marenvres.2018.02.020,https://doi.org/10.1016/j.marenvres.2018.02.020,"Bottom-contact trawling generates large, moving clouds of suspended sediments that can alter the behaviour of organisms adjacent to trawl paths. While increased suspended sediment concentrations (SSCs) are known to cause glass sponges to arrest filtration in lab studies, the response of sponges to sediment in situ is not yet known. Here we describe arrest behaviours in response to increased SSCs recorded from the glass sponge Aphrocallistes vastus at the Fraser Ridge sponge reef in the Strait of Georgia, British Columbia, Canada. We identified 23 arrests of the sponges' feeding current during experimental disturbances that raised SSC to between 10 and 80mg(l-1). Single arrests lasted 4.25 +/- 1.3 min ( +/- SD) and were characterized by a 2 cm s(-1) reduction in feeding current lasting 0.5-3 min (mean 1.91 +/- 0.97 min, n = 19). In comparison, coughing arrests varied in length (31 +/- 22.89 min) with arrest phases lasting 4-15 min (10.46 +/- 5.26 min, n = 4). Coughing arrests showed a distinctive on/off pattern as sponge filtration returned to normal excurrent velocities, distinguishing them from single arrests. The onset of both arrest types was correlated with elevated SSCs (r = -0.83 to -0.92). Natural SSCs at the reef averaged 4.4 mgl(-1) and were correlated with tidal flow (r = 0.86 to 0.89). The combined data provide evidence that suspended sediments can stop glass sponge feeding in situ even at SSCs below those known to be generated by trawling.",NO,NOT_CONFIRMED,,OpenAlex | Semantic Scholar | Web of Science,VERIFIED_BIBLIOGRAPHIC_DOCUMENT,PRODUCTION_CORE_INCLUDE,PROD-00715
CWC-227A2136AB45,"The Hexactinellid Deep-Water Sponge Vazella pourtalesii (Schmidt, 1870) (Rossellidae) Copes With Temporarily Elevated Concentrations of Suspended Natural Sediment",Erik Wurz | Lindsay Beazley | Barry MacDonald | Ellen Kenchington | Hans Tore Rapp | Ronald Osinga,2021,Frontiers in Marine Science,article,10.3389/fmars.2021.611539,https://doi.org/10.3389/fmars.2021.611539,"Plumes of re-suspended sediment potentially smother and clog the aquiferous system of filter-feeding sponges with unknown implications for their health. For the first time, we examined the physiological responses of repeated exposure to natural sediment in the glass sponge Vazella pourtalesii , which forms dense sponge grounds in Emerald Basin off Nova Scotia, Canada. Ex situ chamber-based measurements of bacterial clearance and oxygen consumption (respiration) rates indicated that individuals subjected to elevated concentrations of suspended sediment expressed normal clearance and respiration rates over 7 days of sediment exposure, indicating an ability to cope with elevated concentrations of indigestible sediment particles. However, clearance rates significantly declined after 14 days of sediment exposure, suggesting an inability to cope with long-term exposure to increased sediment load. Therefore, long-term exposure to elevated concentrations of suspended sediment should be avoided in order to minimize adverse effects on the abundant Vazella sponge grounds.",YES,FROZEN_PUBLIC_FULL_TEXT_LOCATION,https://www.frontiersin.org/articles/10.3389/fmars.2021.611539/pdf,OpenAlex | Semantic Scholar | Web of Science,VERIFIED_BIBLIOGRAPHIC_DOCUMENT,PRODUCTION_CORE_INCLUDE,PROD-00716
CWC-D47B9A6D53DA,Glass sponges arrest pumping in response to sediment: implications for the physiology of the hexactinellid conduction system,Gabrielle J. Tompkins-MacDonald | Sally P. Leys,2008,Marine Biology,article,10.1007/s00227-008-0987-y,https://doi.org/10.1007/s00227-008-0987-y,"The hexactinellid sponge Rhabdocalyptus dawsoni propagates electrical signals to arrest its feeding current in response to mechanical stimuli and sediment. The deepwater habitat of other species of glass sponge, and the difficulty of working with the tissue in vitro have so far prevented confirmation of electrical signaling in other members of the Class. Here we show in laboratory experiments (ex situ) that mechanical and sediment stimuli trigger immediate arrest in R. dawsoni and in a second species of hexactinellid, Aphrocallistes vastus, suggesting that rapid signaling may be a general feature of glass sponge tissue. Further, responses of the two species differed, suggestive of underlying physiological differences in the conduction system. R. dawsoni and A. vastus were sensitive to sediment but arrests were often prolonged in R. dawsoni, whereas in A. vastus pumping resumed immediately following each arrest. Fine sediment (< 25 mu m) caused immediate arrests in R. dawsoni and A. vastus, but with a higher stimulus threshold in A. vastus. Large amounts of sediment triggered repeated arrests in both species, and prolonged exposure to sediment (over 4 h) caused a gradual reduction in pumping, with recovery taking up to 25 h. During recovery, both species of sponge carried out repeated arrests, which had a precise periodicity indicative of pacemaker activity. Scanning electron microscopy of the tissue of these specimens showed many chambers were clogged. The results suggest that the glass sponge conduction system generates arrest of the feeding current that prevent uptake of small amounts of sediment, and that each species has different threshold sensitivities. However, ongoing exposure to sediment can clog the filtration apparatus.",YES,FROZEN_PUBLIC_FULL_TEXT_LOCATION,https://www.ovid.com/journals/mabi/fulltext/10.1007/s00227-008-0987-y~glass-sponges-arrest-pumping-in-response-to-sediment,Grey literature | OpenAlex | Semantic Scholar | Web of Science,VERIFIED_BIBLIOGRAPHIC_DOCUMENT,PRODUCTION_CORE_INCLUDE,PROD-00717
CWC-CACB1DD754AC,Potential Impacts of Offshore Oil and Gas Activities on Deep-Sea Sponges and the Habitats They Form,Johanne Vad | Georgios Kazanidis | Lea‐Anne Henry | Daniel O. B. Jones | Ole Secher Tendal | Sabine Christiansen | Theodore B. Henry | J. Murray Roberts,2018,Advances in marine biology,book-chapter,10.1016/bs.amb.2018.01.001,https://doi.org/10.1016/bs.amb.2018.01.001,"Sponges form an important component of benthic ecosystems from shallow littoral to hadal depths. In the deep ocean, beyond the continental shelf, sponges can form high-density fields, constituting important habitats supporting rich benthic communities. Yet these habitats remain relatively unexplored. The oil and gas industry has played an important role in advancing our knowledge of deep-sea environments. Since its inception in the 1960s, offshore oil and gas industry has moved into deeper waters. However, the impacts of these activities on deep-sea sponges and other ecosystems are only starting to become the subject of active research. Throughout the development, operation and closure of an oil or gas field many activities take place, ranging from the seismic exploration of subseafloor geological features to the installation of infrastructure at the seabed to the drilling process itself. These routine activities and accidental releases of hydrocarbons during spills can significantly impact the local marine environment. Each phase of a field development or an accidental oil spill will therefore have different impacts on sponges at community, individual and cellular levels. Legacy issues regarding the future decommissioning of infrastructure and the abandonment of wells are also important environmental management considerations. This chapter reviews our understanding of impacts from hydrocarbon exploration and exploitation activities on deep-sea sponges and the habitats they form. These impacts include those (1) at community level, decreasing the diversity and density of benthic communities associated with deep-sea sponges owing to physical disturbance of the seabed; (2) at individual level, interrupting filtration owing to exposure to increased sedimentation; and (3) at cellular level, decreasing cellular membrane stability owing to exposure to drill muds. However, many potential effects not yet tested in deep-sea sponges but observed in shallow-water sponges or other model organisms should also be taken into account. Furthermore, to the best of our knowledge, no studies have shown impact of oil or dispersed oil on deep-sea sponges. To highlight these significant knowledge gaps, a summary table of potential and known impacts of hydrocarbon extraction and production activities combined with a simple ""traffic light"" scheme is also provided.",YES,FROZEN_PUBLIC_FULL_TEXT_LOCATION,https://www.pure.ed.ac.uk/ws/files/50841106/SpongeReview_FinalDraft.pdf,OpenAlex | Semantic Scholar | Web of Science,VERIFIED_BIBLIOGRAPHIC_DOCUMENT,PRODUCTION_CORE_INCLUDE,PROD-00719
CWC-E6C6D0F728A1,A New Method of Determining Glass Sponge Reef Adaptive Management Zones for the Hecate Strait and Queen Charlotte Sound Marine Protected Area,Guoqi Han | Jon Chamberlain | Colin Webber | Charles G. Hannah,2022,Journal of Marine Science and Engineering,article,10.3390/jmse10070971,https://doi.org/10.3390/jmse10070971,"The world’s largest living glass sponge reefs, located in the Hecate Strait and Queen Charlotte Sound off British Columbia, are impacted by bottom contact fishing gear. The existing Adaptive Management Zones (AMZs) for the protection of these reefs were determined by considering the potential exposure of glass sponges to suspended sediment due to mobile bottom-contact fishing, but without considering their pumping arrest threshold concentrations. Here, we develop a new method that uses a sediment transport model under horizontally variable near-bottom currents and newly available sponge reef pumping arrest thresholds to determine the size and shape of AMZ for the northern reefs in the Hecate Strait and Queen Charlotte Sound Marine Protected Area. The resulting AMZ is larger than the existing AMZ due to the observation that the largest currents are not always in the direction of the dominant tidal flows, the introduction of the new pumping arrest threshold, and the inclusion of a background sediment concentration. The new AMZ boundary could provide more adequate protection for the glass sponge reefs from the effects of sedimentation induced by mobile, bottom-contact fishing activity. The new method is applicable to other glass sponge reefs in British Columbia waters.",YES,FROZEN_PUBLIC_FULL_TEXT_LOCATION,https://www.mdpi.com/2077-1312/10/7/971/pdf?version=1657877514,OpenAlex | Semantic Scholar | Web of Science,VERIFIED_BIBLIOGRAPHIC_DOCUMENT,PRODUCTION_CORE_INCLUDE,PROD-00721
CWC-A892DB47932A,Effect of suspended sediments on the pumping rates of three species of glass sponge in situ,Nathan J.R. Grant | Eugueni Matveev | A Kahn | Stephanie K. Archer | Amy E. Dunham | RJ Bannister | Dafne Eerkes‐Medrano | Sally P. Leys,2019,Marine Ecology Progress Series,article,10.3354/meps12939,https://doi.org/10.3354/meps12939,"The largest known glass sponge reefs in Canada are within the Hecate Strait and Queen Charlotte Sound Glass Sponge Reefs Marine Protected Area (HSQCS-MPA) in British Columbia. However, human activities outside the core MPA boundaries, such as trawling, can create plumes of suspended sediments capable of travelling large distances. We studied the response of 3 glass sponge species to changes in suspended sediment concentrations (SSCs) at 170 m depth inside the HSQCS-MPA. Two species reduced excurrent flow rate in response to natural and experimentally induced increases in suspended sediment. Background suspended sediment levels were low and showed little variation (2.71 +/- 0.09 mg l(-1), mean +/- SD). Species varied in the threshold of SSCs that triggered arrests. Sediment concentrations of 2.8-6.4 mg l(-1) caused arrests in Rhabdocalyptus dawsoni, while Heterochone calyx did not arrest until concentrations reached 5-10 mg l(-1), Very small, but prolonged increases of suspended sediments (<1 mg l(-1) for R. dawsoni and 3.2 mg l(-1) for H. calyx) caused arrests of several hours in R. dawsoni and prolonged periods of reduced flow in H. calyx. No arrests were observed in Farrea occa, even after repeated exposures up to 57 mg l(-1). A sediment transport model showed that sediment concentrations can remain high enough to affect sponge behaviour as far as 2.39 km from the source of the plume. The results highlight the importance of understanding the biology of different species for establishment of adequate boundaries in MPAs.",YES,FROZEN_PUBLIC_FULL_TEXT_LOCATION,https://www.int-res.com/articles/meps_oa/m615p079.pdf,OpenAlex | Semantic Scholar | Web of Science,VERIFIED_BIBLIOGRAPHIC_DOCUMENT,PRODUCTION_CORE_INCLUDE,PROD-00726
CWC-8A7D3E851AE3,Sediment tolerance of two different morphotypes of the deep-sea coral Lophelia pertusa from the Gulf of Mexico,SD Brooke | MW Holmes | CM Young,2009,Marine Ecology Progress Series,article,10.3354/meps08191,https://doi.org/10.3354/meps08191,"On the upper slope of the northern Gulf of Mexico, topographic features are often associated with authigenic carbonate, which provides hard substrate for sessile benthic communities. At depths > 300 m, large Lophelia pertusa colonies frequently occur on these carbonate outcroppings. Surficial sediments at these depths are dominated by fine-grained particulates, which are readily resuspended during the episodic high current events that have been documented for the Gulf of Mexico. Colonies of L. pertusa found in the deep Gulf of Mexico exhibit 2 distinct growth forms: the very heavily calcified 'brachycephala' and the more fragile 'gracilis'. The objective of this research was to determine the tolerance of these 2 morphotypes to suspended sediment and to complete burial, using sediment collected from the study region. Results demonstrated that, although both morphotypes of L. pertusa can tolerate fairly heavy sediment conditions, mortality increases rapidly with longer burial or higher sediment loads.",YES,FROZEN_PUBLIC_FULL_TEXT_LOCATION,https://www.int-res.com/articles/meps2009/390/m390p137.pdf,OpenAlex | Semantic Scholar | Web of Science,VERIFIED_BIBLIOGRAPHIC_DOCUMENT,PRODUCTION_CORE_INCLUDE,PROD-00758
CWC-57E2880D8624,Effects of sediment pulses on the deep‐sea coral Goniocorella dumosa,Valeria Mobilia | Dianne M. Tracey | Vonda J. Cummings | Malcolm R. Clark | Lisa Woods | James J. Bell,2023,New Zealand Journal of Marine and Freshwater Research,article,10.1080/00288330.2023.2230154,https://doi.org/10.1080/00288330.2023.2230154,"ABSTRACT Seabed‐contact activities operating in the deep sea can generate sediment plumes that pose varying levels of threat to benthic fauna. Corals are important components of deep‐sea ecosystems and can be particularly sensitive to elevated suspended sediment concentrations. In this study, we exposed colony fragments of the New Zealand deep‐sea scleractinian Goniocorella dumosa to four‐day pulses of four target sediment concentrations: 0 mg l −1 (representing control conditions) and 45, 102 and 435 mg l −1 (targeting concentrations expected from mining and trawling disturbance). All coral fragments survived. Oxygen consumption rates were not affected by treatments and time. No visible detrimental effects on coral health were noted after the first pulse of sediment exposure. However, both a loss of coenosarc and instances of polyp mortality were observed on fragments exposed to suspended sediments during the following sediment pulses. This observed decline in coral health over time indicates that G. dumosa could cope with sediment disturbance from human activities that disturb the seafloor for periods of up to four days, but that repeated, or prolonged sediment exposure could cause a deterioration in the health condition of this species. This hypothesis should be further investigated in following studies.",YES,FROZEN_PUBLIC_FULL_TEXT_LOCATION,https://figshare.com/articles/journal_contribution/Effects_of_sediment_pulses_on_the_deep-sea_coral_i_Goniocorella_dumosa_i_/23811817,OpenAlex | Semantic Scholar | Web of Science,VERIFIED_BIBLIOGRAPHIC_DOCUMENT,PRODUCTION_CORE_INCLUDE,PROD-00766
CWC-76D1F696686D,Short-term physiological responses of the New Zealand deep-sea sponge Ecionemia novaezealandiae to elevated concentrations of suspended sediments,Valeria Mobilia | Vonda J. Cummings | Malcolm R. Clark | Dianne M. Tracey | James J. Bell,2021,Journal of Experimental Marine Biology and Ecology,article,10.1016/j.jembe.2021.151579,https://doi.org/10.1016/j.jembe.2021.151579,"Abstract The generation of sediment plumes by human activities, such as bottom fishing and potential deep-sea mining, poses threats to deep-sea benthic fauna. Sponges are important components of deep-sea ecosystems and can be particularly sensitive to elevated suspended sediment concentrations. In this study, we exposed the deep-sea New Zealand sponge Ecionemia novaezealandiae (Dendy, 1924) (Demospongiae: Ancorinidae) to a range of suspended sediment concentrations (SSC) (32, 78 and 475 mg l−1) and control conditions (no added sediment) continuously for two weeks. Survival was high (97%), with only one death (at the highest SSC). Half of the sponges in the 475 mg l−1 treatment showed partial necrosis by the end of the two-week exposure. Respiration rates of sponges in the sediment addition treatments decreased relative to control sponges by 27, 37 and 60%, respectively, after day 1; and by 7, 17, and 27%, respectively, after 14 days of suspended sediment exposure. At the end of the experiment, sectioning of the sponges revealed sediments deep in the tissue of all specimens, including controls, indicating previous incorporation of sediment occurred in their natural environment. Despite the high survival, the decreased respiration rates and partial necrosis with increasing SSC indicated a decline in sponge condition that could affect this species beyond the disturbance period.",NO,NOT_CONFIRMED,,Grey literature | OpenAlex | Semantic Scholar | Web of Science,VERIFIED_BIBLIOGRAPHIC_DOCUMENT,PRODUCTION_CORE_INCLUDE,PROD-00789
CWC-9D88361B731D,"Metabolic responses of the deep-water sponge Geodia barretti to suspended bottom sediment, simulated mine tailings and drill cuttings",Tina Kutti | Raymond J. Bannister | Jan Helge Fosså | Cathinka M. Krogness | Ingrid Tjensvoll | Guldborg Søvik,2015,Journal of Experimental Marine Biology and Ecology,article,10.1016/j.jembe.2015.07.017,https://doi.org/10.1016/j.jembe.2015.07.017,"Northeast Atlantic sponge beds are recognized as local hotspots for biodiversity and nutrient cycling. Despite their important functional role little is known about their sensitivity to effluents from the expanding hydrocarbon-, mining- and bottom trawling industry. Here, data on physiological and biological responses of the common demosponge Geodia barretti to short (4 h) and long-term (50 day) cyclic exposure of suspended particles are presented. The laboratory study showed that 4 hour pulse exposures with crushed rock particles at 500 mg l(-1) caused a 50% drop in oxygen consumption but with a quick recovery to pre-exposure oxygen consumption once suspended sediment loads returned to background levels. Long-term cyclic exposure (12 h each 24 h) for 29 days caused a permanent drop in oxygen consumption with 60% in sponges exposed to 50 mg l(-1) of crushed rock but with no apparent effect on the energy content of the sponge. Oxygen consumption and energy content of sponges exposed to natural bottom sediments at the same concentration remained unchanged. In conclusion, G. barretti appears to have well developed mechanisms to resist sediment stress, however, the study demonstrated that operations releasing large amounts of suspended crushed rock such as exploration drilling and submarine tailings disposal near sponge beds should be carefully planned to avoid long-term losses of benthic ecosystem functions, such as organic matter re-mineralization. (C) 2015 Elsevier B.V. All rights reserved.",NO,NOT_CONFIRMED,,OpenAlex | Semantic Scholar | Web of Science,VERIFIED_BIBLIOGRAPHIC_DOCUMENT,PRODUCTION_CORE_INCLUDE,PROD-00849
CWC-68E92EED76A2,"The occurrence of the cold-water coral Lophelia pertusa (Scleractinia) on oil and gas platforms in the North Sea: Colony growth, recruitment and environmental controls on distribution",Susan E. Gass | J. Murray Roberts,2005,Marine Pollution Bulletin,article,10.1016/j.marpolbul.2005.10.002,https://doi.org/10.1016/j.marpolbul.2005.10.002,"This study reports a newly established sub-population of Lophelia pertusa, the dominant reef-framework forming coral species in the north-east Atlantic, on oil and gas platforms in the northern North Sea. L. pertusa was positively identified on 13 of 14 platforms examined using existing oil and gas industry visual inspections. Two platforms were inspected in more detail to examine depth and colony size distributions. We recorded 947 colonies occurring between 59 and 132 in depth that coincides with cold Atlantic water at depths below the summer thermocline in the northern North Sea. We suggest that these colonies provide evidence for a planktonic larval stage of L. pertusa with recruits initially originating from populations in the north-east Atlantic and now self recruiting to the platforms. Size class distribution showed a continuous range of size classes, but with few outlying large colonies. The break between the largest colonies and the rest of the population is considered as the point when colonies began self recruiting to the platforms, resulting in greater colonization success. We present the first documented in situ colony growth rate estimate (26 +/- 5 mm yr(-1)) for L. pertusa based on 15 colonies from the Tern Alpha platform with evidence for yearly recruitment events starting the year the platform was installed. Evidence of contamination from drill muds and cuttings was observed on the Heather platform but appeared limited to regions close to drilling discharge points, where colonies experience partial as well as whole colony mortality. (c) 2005 Elsevier Ltd. All rights reserved.",NO,NOT_CONFIRMED,,OpenAlex | Semantic Scholar | Web of Science,VERIFIED_BIBLIOGRAPHIC_DOCUMENT,PRODUCTION_CORE_INCLUDE,PROD-00871
CWC-97AB95DDFDBD,Ecophysiological and behavioural response of juveniles of the Chilean cold-water coral Caryophyllia (Caryophyllia) huinayensis to increasing sediment loads,Melanie Fähse | Covadonga Orejas | Jürgen Titschack | Günter Försterra | Claudio Richter | Jürgen Laudien,2023,Scientific Reports,article,10.1038/s41598-023-47116-6,https://doi.org/10.1038/s41598-023-47116-6,"Chilean Patagonia is a hotspot of biodiversity, harbouring cold-water corals (CWCs) that populate steep walls and overhangs of fjords and channels. Through anthropogenic activities such as deforestation, roadworks, aquafarming and increased landslide frequency, sediment input increases in the fjord region. While the absence of CWCs on moderately steep slopes has been suggested to reflect high vulnerability to sedimentation, experimental evidence has been lacking. Here, we investigated the sensitivity of CWCs to sediment stress, using juvenile Caryophyllia (Caryophyllia) huinayensis as a model. A 12-week aquarium experiment was conducted with three sediment loads: the average natural sediment concentration in Comau Fjord, 100- and 1000-fold higher sediment levels, expected from gravel road use and coastal erosion. Changes in coral mass and calyx dimensions, polyp expansion, tissue retraction and respiration were measured. For CWCs exposed to two and three order of magnitude higher sediment concentrations, 32% and 80% of the animals experienced a decrease in tissue cover, respectively, along with a decrease in respiration rate of 34% and 66%. Under the highest concentration corals showed reduced polyp expansion and a significantly reduced growth of similar to 95% compared to corals at natural concentration. The results show that C.huinayensis is affected by high sediment loads. As human activities that increase sedimentation steadily intensify, coastal planners need to consider detrimental effects on CWCs.",YES,FROZEN_PUBLIC_FULL_TEXT_LOCATION,https://pmc.ncbi.nlm.nih.gov/articles/PMC10700329,Grey literature | OpenAlex | Semantic Scholar | Web of Science,VERIFIED_BIBLIOGRAPHIC_DOCUMENT,PRODUCTION_CORE_INCLUDE,PROD-00921
CWC-BEEEEFF3A865,"What do glass sponges do when no one is looking? Vazella pourtalesii: Responses to sediment deposition, passive locomotion, and contracting behavior",Jordi Grinyó | Jacopo Aguzzi | Luciano Ortenzi | Ellen Kenchington | Simona Violino | Ulrike Hanz | Andreu Santín | Tim W. Nattkemper | Furu Mienis,2024,Deep Sea Research Part I Oceanographic Research Papers,article,10.1016/j.dsr.2024.104388,https://doi.org/10.1016/j.dsr.2024.104388,"Behavioral response of deep-sea sponges can provide crucial insights into the mechanisms shaping energy fluxes and ecosystem functioning. Although some advances have been made, the behavior of deep-sea Hexactinellid still remain widely unknown. In the present study we address the glass sponge Vazella pourtalesii behavior. High- temporal resolution imaging and environmental data were acquired with an autonomous lander deployed in the Sambro Bank Sponge Conservation Area (Scotian Shelf) at a depth of 150 m, representing the upper limit of this deep-sea species' ' distribution and what is commonly regarded as the deep sea. For 94 days, a V. pourtalesii individual was monitored, providing quantitative information on its response to sediment deposition triggered by a storm, as well as on its passive locomotion and contractive behavior. Sediment was cleared from its surface within 72 h, which is highly relevant for its filtering capacity, indicating that this sponge species can cope with high suspended sediment concentrations. This enables it to occur on sedimentary environments like the Scotian Shelf. As observed in other deep-sea hexactinellids, the monitored individual engaged in rhythmic contractions, which appear to be driven by physiological process/es rather than environmental factors. During the study period, strong bottom currents (>37 cm/s) toppled and displaced the monitored individual several times. Despite changes in position and orientation that can negatively impact the filtering capacity of sponges, no signs of deterioration were observed. V. pourtalesii's s vase-like body morphology and attachment to cobbles, as a gravitational center, may allow it to have a more homogeneous interaction with currents which may permit them to better cope with positional changes. Overall, this study highlights that deepsea Porifera display a wide array of phenological changes in response to both biotic and abiotic factors.",YES,FROZEN_PUBLIC_FULL_TEXT_LOCATION,http://dx.doi.org/10.1016/j.dsr.2024.104388,Grey literature | OpenAlex | Semantic Scholar | Web of Science,VERIFIED_BIBLIOGRAPHIC_DOCUMENT,PRODUCTION_CORE_INCLUDE,PROD-01174
CWC-211BD982E48B,"The influence of near-bed hydrodynamic conditions on cold-water corals in the Viosca Knoll area, Gulf of Mexico",Furu Mienis | Gerard Duineveld | Andrew J. Davies | Steve W. Ross | Harvey Seim | John M. Bane | Tjeerd C.E. van Weering,2011,Deep Sea Research Part I Oceanographic Research Papers,article,10.1016/j.dsr.2011.10.007,https://doi.org/10.1016/j.dsr.2011.10.007,"Near-bed hydrodynamic conditions were recorded for almost one year in the Viosca Knoll area (lease block 826), one of the most well-developed cold-water coral habitats in the Gulf of Mexico. Here, a reef-like cold-water coral ecosystem, dominated by the coral Lophelia pertusa, resembles coral habitats found off the southeastern US coast and the North East Atlantic. Two landers were deployed in the vicinity and outside of the coral habitat and measured multiple near-bed parameters, including temperature, salinity, current speed and direction and optical and acoustic backscatter. Additionally, the lander deployed closest to the coral area was equipped with a sediment trap that collected settling particles over the period of deployment at 27 day intervals. Long-term monitoring showed, that in general, environmental parameters, such as temperature (6.5-11.6 degrees C), salinity (34.95-35.4) and current speed (average 8 cm s(-1), peak current speed up to 38 cm s(-1)) largely resembled conditions previously recorded within North East Atlantic coral habitats. Major differences between site VK 826 and coral areas in the NE Atlantic were the much higher particle load, and the origin of the particulate matter. Several significant events occurred during the deployment period beginning with an increase in current speed followed by a gradual increase in temperature and salinity, followed by a rapid decrease in temperature and salinity. Simultaneously with the decrease in temperature and salinity, the direction of the current changed from west to east and cold and less turbid water was transported upslope. The most prominent event occurred in July, when a westward flow lasted over 21 days. These events are consistent with bottom boundary layer dynamics influenced by friction (bottom Ekman layer). The Mississippi River discharges large quantities of sediment and dominates sedimentation regimes in the area. Furthermore, the Mississippi River disperses large amounts of terrestrial organic matter and nutrients, resulting in increased primary productivity, whereby marine organic matter is produced that will sink to the seafloor and can serve as food for the cold-water corals and associated species. As a result mass fluxes from the sediment trap were higher (1120-4479 mg m(-2) day(-1)) than those observed in the North East Atlantic and were highest during periods of westward-flow, which corresponded to warm turbid water. During eastward-flow, colder and less turbid water was pushed upslope, resulting in lower mass fluxes. Trap samples had a low CaCO3, high organic carbon content and high C/N ratios, suggesting a fluvial origin. The high sediment load in the water column can be a limiting factor for coral growth, especially since the corals can be smothered with sediment. However, eastward-flows provided periods of relatively clearer water that can remove sediment from the coral area and allow corals to expel sediment from their polyps. Around Viosca Knoll food supply comes from two possible sources. During April and June several fluorescence peaks were observed near the seabed, showing the arrival of phytodetritus in the area. Furthermore, a consistent diel vertical migration of zooplankton was observed that might provide an additional food source. (C) 2011 Elsevier Ltd. All rights reserved.",NO,NOT_CONFIRMED,,OpenAlex | Semantic Scholar | Web of Science,VERIFIED_BIBLIOGRAPHIC_DOCUMENT,PRODUCTION_CORE_INCLUDE,PROD-01187
CWC-18DA3B469F99,Potential impacts of deep-sea trawling on the benthic ecosystem along the Northern European continental margin: a review,John Gage | J. Murray Roberts | J. P. Hartley | J.D. Humphery,2005,BENTHIC HABITATS AND THE EFFECTS OF FISHING,review,,https://openalex.org/W2615274988,"Little is known of the sensitivities of deep seabed communities to anthropogenic disturbance. We collate and summarize the sparse data related to effects on the seabed of deep-sea trawling and provide a new analysis of potential impacts on the benthic community in this still largely pristine environment. We concentrate particularly on the northern European continental margin. Here, the upper continental slope is now being impacted by new demersal fisheries using aggressive trawling techniques. Direct effects are caused largely by the physical impact of the trawl, where emergent sessile epifauna, such as corals and massive sponges, are particularly vulnerable to damage. Damage to coldwater coral reefs in the northeastern Atlantic is irrecoverable at ecological time scales. Large. semi-buried glacial drop stones are uprooted in heavily trawled areas, impacting their rich covering of sessile epifauna. Seabed photographs suggest that trawl scour marks on soft sediment are widespread and persist longer than those in shallow sediments because of low rates of natural sedimentation. Loss of biogenic habitat complexity in the sediment and destruction or disruption of microhabitat provided by sessile epifaunal organisms caused by dragging trawls over infaunal communities disrupts sediment habitat structure. The scale of such physical impact, including possible smothering effects caused by sediment resuspended by the trawl, is unknown. Physical damage to sediment-rooted sessile epifauna, such as glass sponges, is inferred from seabed photographs, while removal of large motile epibenthic predators may alter community structure and ecosystem processes. Indirect effects on the deep seabed sediment community probably conform to disturbance effects seen in coastal benthos. High species diversity, rich in rare species, make it vulnerable to local-scale species loss. Effects of discards arriving as food falls to the bed are unknown and may cause a shift in the balance of ecological function through expansion of natural scavenger populations. We offer a unifying hypothesis from a deep-sea perspective. Coastal seas currently reflect stages in seabed community modification that predate rigorous scientific studies. Therefore, substantial habitat alteration and change in ecosystem function caused by loss of the most vulnerable, mainly sessile epibenthic species, probably occurred a long time ago. Deep-seabed areas off Europe are now starting to experience this early, probably most visible, stage from a previously pristine state.",NO,NOT_CONFIRMED,,OpenAlex | Semantic Scholar | Web of Science,VERIFIED_BIBLIOGRAPHIC_DOCUMENT,PRODUCTION_CORE_INCLUDE,PROD-01195
CWC-EF36FAEBFC86,"Sponge reefs in the Queen Charlotte Basin, Canada: controls on distribution, growth and development",Kim W. Conway | Manfred Krautter | J V Barrie | Frank Whitney | Richard E. Thomson | Henry M. Reiswig | Helmut Lehnert | G. Mungov | Miriam Bertram,2005,Cold-Water Corals and Ecosystems,book-chapter,10.1007/3-540-27673-4_29,https://doi.org/10.1007/3-540-27673-4_29,"Sponge reefs in the Queen Charlotte Basin exist at 165-240 m depth within tidally influenced shelf troughs subject to near bottom current velocities of 25-50 cm s(-1) where nutrient supply from coastal runoff is augmented by wind-induced upwelling of nutrient rich water from the adjacent continental slope. Large reef mounds to 21 m in elevation affect tidally driven bottom currents by deflecting water flows through extensive reef complexes that are up to 300 km(2) in area. Three hexactinellid species construct reefs by building a siliceous skeletal framework through several frame-building processes. These sponge reefs exist in waters with 90 to 150 mu M dissolved oxygen, a temperature range of 5.9 to 7.3 degrees C and salinity of 33.2 to 33.9 parts per thousand. Relatively high nutrient levels occur at the reef sites, including silica, which in bottom waters are typically > 40 mu M and may be up to 80 mu M. A high dissolved silica level is potentially an important control on occurrence of these and other dense siliceous sponge populations. The sponge reefs are mainly confined to seafloor areas where exposed iceberg plough marks are common. Sediment accumulation rates are negligible on the relict, glacial surface where the reefs grow, and trapping of flocculated suspended particulate matter by hexactinosidan or framework skeleton hexactinellid sponges accounts for a large proportion of the reef matrix. Suspended sediment concentration is reduced within the nepheloid layer over reef sites suggesting efficient particle trapping by the sponges. The reef matrix sediments are enriched in organic carbon, nitrogen and carbonate, relative to surrounding and underlying sediments. The sponges baffle and trap suspended sediments from water masses, which in one trough have a residence time of approximately 6 days, ensuring a close association of the sponges with the bottom waters. The location of the reef complexes at the heads of canyons provide a means of regionally funnelling particulate material that sponges can trap to enrich their environment with organic carbon and biogenic silica. Like deep-sea coral reefs, the sponge reefs are a remote and poorly known ecosystem that can present logistical challenges and survey costs. Also like deep-sea coral reefs, many of the hexactinosidan sponge reefs have been damaged or destroyed by the groundfish trawl fishery.",NO,NOT_CONFIRMED,,OpenAlex | Semantic Scholar | Web of Science,VERIFIED_BIBLIOGRAPHIC_DOCUMENT,PRODUCTION_CORE_INCLUDE,PROD-01257
CWC-11E5AC155AAB,The Magellan mound province in the Porcupine Basin,Veerle A.I. Huvenne | W. R. Bailey | Patrick M. Shannon | J. Naeth | Rolando di Primio | J.-P. Henriet | Brian Horsfield | H. de Haas | A. Wheeler | Karine Olu,2005,International Journal of Earth Sciences,article,10.1007/s00531-005-0494-z,https://doi.org/10.1007/s00531-005-0494-z,"The Magellan mound province is one of the three known provinces of carbonate mounds or cold-water coral banks in the Porcupine Seabight, west of Ireland. It has been studied in detail using a large and varied data set: 2D and 3D seismic data, sidescan sonar imagery and video data collected during ROV deployment have been used to describe the mounds in terms of origin, growth processes and burial. The aim of this paper is to present the Magellan mounds and their setting in an integrated, holistic way. More than 1,000 densely spaced and mainly buried mounds have been identified in the area. They all seem to be rooted on one seismic reflection, suggesting a sudden mound start-up. Their size and spatial distribution characteristics are presented, together with the present-day appearance of the few mounds that reach the seabed. The underlying geology has been studied by means of fault analysis and numerical basin modelling in an attempt to identify possible hydrocarbon migration pathways below or in the surroundings of the Magellan mounds. Although conclusive evidence concerning the processes of mound initiation proves to be elusive, the results of both fault analysis and 2D numerical modelling failed to identify, with confidence, any direct pathways for focused hydrocarbon flow to the Magellan province. Diffuse seepage however may have taken place, as drainage area modelling suggests a possible link between mound position and structural features in the Hovland-Magellan area. During mound development and growth, the interplay of currents and sedimentation seems to have been the most important control. Mounds which could not keep pace with the sedimentation rates were buried, and on the few mounds which maintained growth, only a few corals survive at present.",YES,FROZEN_PUBLIC_FULL_TEXT_LOCATION,https://archimer.ifremer.fr/doc/2007/publication-2312.pdf,OpenAlex | Semantic Scholar | Web of Science,VERIFIED_BIBLIOGRAPHIC_DOCUMENT,PRODUCTION_CORE_INCLUDE,PROD-01703
CWC-3E49252B4405,Cold-water coral banks and submarine landslides: a review,Ben De Mol | Veerle A.I. Huvenne | Miquel Canals,2008,International Journal of Earth Sciences,article,10.1007/s00531-008-0372-6,https://doi.org/10.1007/s00531-008-0372-6,"This paper aims to review the relation between cold-water coral bank development and submarine landslides. Both are common features on continental margins, but so far it has not been reviewed which effect-if at all-they may have upon each other. Indirect and direct relations between coral banks and landslides are evaluated here, based on four case studies: the Magellan Mound Province in the Porcupine Seabight, where fossil coral banks appear partly on top of a buried slide deposit; the Sula Ridge Reef Complex and the Storegga landslide both off mid-Norway; and the Mauritania coral bank province, associated with the Mauritanian Slide Complex. For each of these locations, positive and negative relationships between both features are discussed, based on available datasets. Locally submarine landslides might directly favour coral bank development by creating substratum where corals can settle on, enhancing turbulence due to abrupt seabed morphological variations and, in some cases, causing fluid seepage. In turn, some of these processes may contribute to increased food availability and lower sedimentation rates. Landslides can also affect coral bank development by direct erosion of the coral banks, and by the instantaneous increase of turbidity, which may smother the corals. On the other hand, coral banks might have a stabilising function and delay or stop the headwall retrogradation of submarine landslides. Although local relationships can be deduced from these case studies, no general and direct relationship exists between submarine landslides and cold-water coral banks.",NO,NOT_CONFIRMED,,OpenAlex | Semantic Scholar | Web of Science,VERIFIED_BIBLIOGRAPHIC_DOCUMENT,PRODUCTION_CORE_INCLUDE,PROD-01849
CWC-5AA3C1A61D7F,"Reproductive Seasonality of the Antarctic Sea Pen Malacobelemnon daytoni (Octocorallia, Pennatulacea, Kophobelemnidae)",Natalia Servetto | Ricardo Sahade,2016,PLoS ONE,article,10.1371/journal.pone.0163152,https://doi.org/10.1371/journal.pone.0163152,"The pennatulid Malacobelemnon daytoni is one of the dominant species in Potter Cove, Antarctica. Its abundance and range of distribution have increased in recent years probably related to climate change mediated alterations of environmental factors. This work is the second part of a study dealing on the reproductive ecology of Malacobelemnon daytoni, and aims to assess its reproductive seasonality over a two-year period. Sampling was carried out every month during 2009-2010 and samples were examined by histological analysis. Gametogenesis exhibited a seasonal pattern evidenced by the maturity stage index (MSI) and the number of mature oocytes and cysts throughout the year. Immature oocytes and spermatocytes were present year-round, but maturation was seasonal and it seems that more than one spawning per year was possible. These spawnings could be more linked with suspended particulate matter (SPM) (probably available via resuspension events) than with primary production pulses. This idea reinforces the hypothesis that winter time is not so stressful, in energy terms, in Potter Cove, which seems to depend on energy sources other than local phytoplankton production. There was not a strong inter-annual variability between the reproductive characteristics analyzed in 2009 and 2010; the only variable different was the size of oocytes (higher in 2009), suggesting different energy availability in each year, related with a higher concentration of SPM in 2009 (although it was not significant). Malacobelemnon daytoni could be the first reported Antarctic suspension feeder species that presents a reproductive cycle with more than a spawning event per year. This strategy would help to explain the success of this species in the Potter Cove ecosystem and in high ice-impacted areas.",YES,FROZEN_PUBLIC_FULL_TEXT_LOCATION,https://journals.plos.org/plosone/article/file?id=10.1371/journal.pone.0163152&type=printable,OpenAlex | Semantic Scholar | Web of Science,VERIFIED_BIBLIOGRAPHIC_DOCUMENT,PRODUCTION_CORE_INCLUDE,PROD-01882
CWC-FCEF2BEBFA85,Vulnerability of six cold-water corals to sediment resuspension from bottom trawling fishing,Meri Bilan | Andrea Gori | Jordi Grinyó | Marina Biel‐Cabanelas | Xènia Puigcerver-Segarra | Andreu Santín | Stefano Piraino | Sérgio Rossi | Pere Puig,2023,Marine Pollution Bulletin,article,10.1016/j.marpolbul.2023.115423,https://doi.org/10.1016/j.marpolbul.2023.115423,"Bottom trawling can significantly affect benthic communities, directly through immediate removal of sessile organisms and indirectly through sediment resuspension. Submarine canyons, often surrounded by fishing grounds, are important habitats for cold-water corals (CWC). Vulnerability of CWCs to increased suspended sediment concentration (SSC) is key to understanding the severity of bottom trawling effects on those communities. Here we show survival, growth, and physiological response of six CWCs from a Mediterranean submarine canyon (Dendrophyllia cornigera, Desmophyllum dianthus, Desmophyllum pertusum, Madrepora oculata, Leiopathes glaberrima and Muriceides lepida), exposed to a long-term, aquarium-based sedimentary disturbance experiment. Compared to cup coral and octocoral, which did not exhibit symptoms of distress, our data indicate that colonial scleractinian corals and black coral, which experienced substantial polyp mortality in enhanced SSC treatments, are more vulnerable. Indirect impact of bottom trawling could thus contribute to structural simplification of CWC communities posing an additional stressor alongside with global climate change.",YES,FROZEN_PUBLIC_FULL_TEXT_LOCATION,https://doi.org/10.1016/j.marpolbul.2023.115423,OpenAlex | Semantic Scholar | Web of Science,VERIFIED_BIBLIOGRAPHIC_DOCUMENT,PRODUCTION_CORE_INCLUDE,PROD-01885
CWC-E657DF58DD0D,Detecting the impacts on UK sublittoral rock communities of resuspended sediments from fishing activity,Hayley Hinchen | Jennifer Gallyot | Anita Carter | Matthew Ferguson | Karen E. Webb | Mike Nelson | Chris Jenkins,2021,Ecological Indicators,article,10.1016/j.ecolind.2021.107545,https://doi.org/10.1016/j.ecolind.2021.107545,"Abstract Sublittoral rocky reef habitats host important ecological communities in UK waters, but their ecological condition is difficult to monitor. Monitoring methods based on seabed imagery data are prone to inconsistencies in both the identification and enumeration of species, which is a major hurdle in detecting meaningful ecological change. To overcome this problem, our study used a single monitoring dataset, collected using one standard method at the Pisces Reef Marine Protected Area (MPA) in 2016. We identified which method of data extraction from seabed imagery is best able to detect change along a gradient of anthropogenic resuspended sediments, which represents a pressure on the epifaunal community. We modelled the spatial distribution of the pressure, caused by nearby fishing activity, using an approach based on individual Vessel Monitoring System (VMS) ping data, rather than spatially homogenised data aggregated to a grid cell. We found that up to 22% of the biological variability across the three reef areas within the MPA is explained by the measured and derived environmental variables. The response of the epibenthic community at Pisces Reef MPA to the resuspended sediments pressure gradient is masked by commonly used univariate metrics such as species diversity and abundance of individuals. Conversely, a Threshold Indicator Taxa Analysis (TITAN) identifies community-level change caused by a low level of modelled resuspended sediments pressure. We found that a 0.05 decimal degree grid cell of seabed within 1 km of the MPA boundary, swept by demersal fishing gear as little as five times per year on average, can elicit such a community response. The data extraction metric best able to detect this change in the sublittoral rock community is the frequency of occurrence of taxa in images with an average field of view of 0.7 m2, using a 25-cell grid. More traditional metrics extracted from seabed imagery, such as raw counts and percentage cover estimates, are less sensitive to detecting such community change. The TITAN also identified taxon-level responses to the pressure gradient that could be considered for future monitoring programmes. The solitary coral genus Caryophyllia and cup-like sponges show a sharp and strong negative response to pressure exposure, and could represent a starting point for a future monitoring programme of UK sublittoral rock habitats. The implications for future monitoring are discussed, including survey design, environmental and biological data collection and improved pressure modelling.",YES,FROZEN_PUBLIC_FULL_TEXT_LOCATION,https://www.sciencedirect.com/science/article/pii/S1470160X21002107/pdf,OpenAlex | Semantic Scholar | Web of Science,VERIFIED_BIBLIOGRAPHIC_DOCUMENT,PRODUCTION_CORE_INCLUDE,PROD-01887
CWC-58FA17825B7F,Mine Waste and Acute Warming Induce Energetic Stress in the Deep-Sea Sponge Geodia atlantica and Coral Primnoa resedeaformis; Results From a Mesocosm Study,Elliot Scanes | Tina Kutti | James Kar‐Hei Fang | Emma L. Johnston | Pauline M. Ross | Raymond J. Bannister,2018,Frontiers in Marine Science,article,10.3389/fmars.2018.00129,https://doi.org/10.3389/fmars.2018.00129,"There is the potential for climate change to interact with pollution in all of the Earth's oceans. In the fjords of Norway, mine tailings are released into fjords generating suspended sediment plumes that impact deep-sea ecosystems. These same deep-sea ecosystems are expected to undergo periodic warming as climate change increases the frequency of down-welling events in fjords. It remains unknown how a polluted deep-sea ecosystem would respond to down-welling because multiple stressors will often interact in unpredictable ways. Here, we exposed two deep-sea foundation species; the gorgonian coral Primnoa resedaeformis and the demosponge Geodia atlantica to suspended sediment (10 mg L-1) and acute warming (+5 degrees C) in a factorial mesocosm experiment for 40 days. Physiology (respiration, nutrient flux) and cellular responses (lysosomal cell stability) were measured for both the coral and sponge. Exposure to elevated suspended sediment reduced metabolism, supressed silicate uptake and induced cellular instability of the sponge G. atlantica. However, combining sediment with warming caused G. atlantica to respire and excrete nitrogen at a greater rate. For the coral P resedaeformis, suspended sediments reduced O:N ratios after 40 days, however, warming had a greater effect on P resedaeformis physiology compared to sediment. Warming increased respiration, nitrogen excretion, and cellular instability which resulted in lower O:N ratios. We argue that suspended sediment and warming can act alone and also interact to cause significant harm to deep-sea biota, however responses are likely to be species-specific. Warming and pollution could interact in the deep-sea to cause mortality to the coral P resedaeformis and to a lesser extent, the sponge G. atlantica. As foundation species, reducing the abundance of deep sea corals and sponges would likely impact the ecosystems they support.",YES,FROZEN_PUBLIC_FULL_TEXT_LOCATION,https://www.frontiersin.org/journals/marine-science/articles/10.3389/fmars.2018.00129,Grey literature | OpenAlex | Semantic Scholar | Web of Science,VERIFIED_BIBLIOGRAPHIC_DOCUMENT,PRODUCTION_CORE_INCLUDE,PROD-01901
CWC-51CF373DE179,Assessment of Cu sub-lethal toxicity (LC50) in the cold-water gorgonian Dentomuricea meteor under a deep-sea mining activity scenario,Inês Martins | António Godinho | Joana Goulart | Marina Carreiro‐Silva,2018,Environmental Pollution,article,10.1016/j.envpol.2018.05.040,https://doi.org/10.1016/j.envpol.2018.05.040,"Previous aquaria-based experiments have shown dissolution and leaching of metals, especially copper (Cu), from the simulated sediment plumes generated during mining activities resulting in a pronounced increase of Cu contamination in the surrounding seawater. Metals are bioavailable to corals with food, through ingestion (particulate phase) and through tissue-facilitated transport (passive diffusion). With corals being particularly vulnerable to metal contamination, resuspension of metal-bearing sediments during mining activities represents an important ecological threat. This study was undertaken to evaluate the impact of acute copper exposure (LC50:06h ) on the survival of the cold-water octocoral Dentomuricea aff. meteor. The experimental design was divided in two stages. In stage one, a Cu range-finding toxicity test was performed using Cu dilutions in filtered seawater with concentrations of 0 (control); 60; 150; 250; 450; 600 mu g/L. Coral mortality was investigated visually based on the percent surface area of tissue changing from natural yellow colour to black colour indicative of tissue necrosis and death. In stage two, we used the results obtained in the range-finding experiment, to define sub-lethal Cu exposure treatments and exposed D. meteor to Cu concentration of 0 (control); 50; 100; 150; 200; 250 mu g/L for 96 h. The corals physical conditions were inspected daily and seawater conditions recorded. Corals were considered dead when all of their tissue turned black. The LC50 value was calculated with regression analysis following Probits methodology. Our results indicate that Cu LC50:96 h for the octocoral D. meteor is 137 mu g/L. (C) 2018 Elsevier Ltd. All rights reserved.",NO,NOT_CONFIRMED,,OpenAlex | Semantic Scholar | Web of Science,VERIFIED_BIBLIOGRAPHIC_DOCUMENT,PRODUCTION_CORE_INCLUDE,PROD-01919
CWC-66237F4DDA16,Rapid respiratory responses of the deep-water sponge Geodia barretti exposed to suspended sediments,"Tjensvoll, I | Kutti, T | Fosså, JH | Bannister, RJ",2013,AQUATIC BIOLOGY,JOUR,10.3354/ab00522,https://doi.org/10.3354/ab00522,"Sponges often dominate deep-water benthic faunal communities and can comprise up to 90% of the benthic biomass. Due to the large amount of water that they filter daily, sponges are an important link between benthic and pelagic ecosystems. Across the Tromso-flaket, Barents Sea, Norway, there are high biomasses of deep-water sponges. This area is also an important fishing ground, with fishing activity in some areas >27000 trawl hours yr(-1). Bottom trawling suspends large quantities of sediment into the water column, with measured concentrations up to 500 mg l(-1). This is the first study on the effects of suspended sediment exposure on deep-water sponges. In a laboratory experiment, Geodia barretti (Bowerbank 1858) (Class: Demospongiae) was exposed to 5 different sediment concentrations (0, 10, 50, 100 and 500 mg l(-1)). Respiration rates were measured before, during and after the exposure period. The results demonstrate that G. barretti physiologically shuts down when exposed to concentrations of 100 mg l(-1) (86% reduction in respiration), with thresholds of responses occurring between 10 to 50 mg l(-1). However, rapid recovery to initial respiration levels directly after the exposure indicates that G. barretti can cope with a single short exposure to elevated sediment concentrations. Given the high bottom-trawling frequency in Tromso-flaket, sponges may be frequently exposed to suspended sediments. Therefore, it is important that further investigations on the effects of suspended sediments on filter feeding organisms focus on the effects of repeated and long-term suspended sediment exposures to evaluate the overall ecological impacts.",NO,NOT_CONFIRMED,,Web of Science,VERIFIED_BIBLIOGRAPHIC_DOCUMENT,PRODUCTION_CORE_INCLUDE,PROD-01928
CWC-332FE8900EB6,"Sponge biodiversity of Rathlin Island, Northern Ireland","Picton, BE | Goodwin, CE",2007,JOURNAL OF THE MARINE BIOLOGICAL ASSOCIATION OF THE UNITED KINGDOM,JOUR,10.1017/s0025315407058122,https://doi.org/10.1017/s0025315407058122,"Sponges from Rathlin Island, Northern Ireland were sampled during a six week SCUBA diving expedition. One hundred and twenty-eight species were recorded, 29 of which were previously undescribed. With previous records a total of 134 species are now known from Rathlin, the richness of its sponge community makes it a key site for sponges in Europe. Eight new species are described: Axinella parva, Spongosorites calcicola, Crella plana, Phorbas punctata, Lissodendoryx (Ectyodoryx) jenjonesae, Antho (Antho) granditoxa, Hymeraphia breeni and Hymeraphia elongata and information is given on the poorly known species Axinella pyramidata, Myxilla (Styloptilon) ancoratum, Antho (Antho) brattegardi, Clathria (Microciona) laevis and Plocamionida tylotata. Extension of the range of Hexadella racovitzai is discussed. A small bay of particularly high nature conservation importance for sponges was identified, many of the rarer species were limited to this area. Sponge populations on the east coast of Rathlin seem to have been damaged by dredging.",NO,NOT_CONFIRMED,,Web of Science,VERIFIED_BIBLIOGRAPHIC_DOCUMENT,PRODUCTION_CORE_INCLUDE,PROD-01967
CWC-3402E0944343,"Sedimentation in McMurdo Sound, Antarctica: a disturbance mechanism for benthic invertebrates",Marc Slattery | Dan. Bockus,1997,Polar Biology,article,10.1007/s003000050174,https://doi.org/10.1007/s003000050174,"A slumping event that occurred on permanent transect lines from 12- to 30-m depth located at Arrival Heights, McMurdo Sound, Antarctica in 1993, provided an opportunity to examine the effects of sediment-mediated disturbance on the benthic invertebrate fauna. The disturbance had a particularly significant impact on the soft coral Alcyonium paessleri, which resulted in 84% colony mortality downslope from the slump site compared to an average annual mortality rate of 14% on control transects. In contrast, anchor ice at the same site accounted for removal of 5% of the population in 1992. Laboratory experiments with A. paessleri colonies under conditions of periodic sediment resuspension indicate that the soft corals are susceptible to this form of disturbance. Our observations suggest they are capable of shedding fine silt in the laboratory, which might explain the presence of A. paessleri in soft-sediment sites around McMurdo Sound. However, scarring by larger gravel in laboratory assays was slow to heal and may account for much of the colony mortality we observed. Several invertebrate-barren rocky benthic regions in McMurdo Sound were suggestive of historical slumping events. Given the removal of the smaller grain size sediments from these areas - a typically slow process it appears these communities are slow to recover. The long-term effects of sedimentation on the benthic communities are unknown, but the impact on A. paessleri, one of the most common and fastest growing species, suggests this disturbance mechanism could lead to significant restructuring of these communities.",NO,NOT_CONFIRMED,,OpenAlex | Semantic Scholar | Web of Science,VERIFIED_BIBLIOGRAPHIC_DOCUMENT,PRODUCTION_CORE_INCLUDE,PROD-02025
CWC-6D4E13859C62,Factors affecting the distribution of ahermatypic corals on the Mediterranean seafloor: a probabilistic study,R. Sartori,1980,Deep Sea Research Part A Oceanographic Research Papers,article,10.1016/0198-0149(80)90079-5,https://doi.org/10.1016/0198-0149(80)90079-5,"Over 300 dredge samples from the Mediterranean Sea were examined from a probabilistic viewpont for the presence of ahermatypic corals. The frequency of finding the organisms decreases with increasing depth, indicating either that the density of coral specimens decreases or that colonizable substrates become scarcer upon going deeper, and the frequency depends on the type of substrate. Particulate seafloors are more poorly colonized than rocky ones. The former have practically no corals below 400 m depth, while the latter may be colonized with the same intensity regardless of the depth. The settlement of Mediterranean deep-sea corals is favored by the absence of sedimented fine materials; this factor is controlled by the physiography and hydrodynamic energy of the environment.",NO,NOT_CONFIRMED,,OpenAlex | Semantic Scholar | Web of Science,VERIFIED_BIBLIOGRAPHIC_DOCUMENT,PRODUCTION_CORE_INCLUDE,PROD-02373
CWC-908DE8E1A7FD,"Barite and barium in sediments and coral skeletons around the hydrocarbon exploration drilling site in the Træna Deep, Norwegian Sea",Aivo Lepland | Pål Buhl‐Mortensen,2007,Environmental Geology,article,10.1007/s00254-007-1145-4,https://doi.org/10.1007/s00254-007-1145-4,"Barite and barium concentrations in bottom sediments and coral skeletons from the vicinity of the hydrocarbon exploration well drilled in 1992-1993 in the Traena Deep, Norwegian Sea have been studied to assess the spreading of the drilling mud and related ecological effects on Lophelia petrusa coral reefs. Sand size barite crystals derived from the drilling mud and elevated Ba concentrations in surface (0-2 cm) sediments were found up to 4 km from the exploration drilling site. Pb-210-dating results on sediment cores indicate that Ba-rich surface intervals (0-2 cm) record ca. 20 years of sedimentation history, and connect Ba enrichment with exploration drilling. The geographic distribution of Ba contents in sediments allowed the reconstruction of the drilling mud dispersal pattern showing transport eastward from the drilling site, consistent with the prevailing current directions. The presence of relatively coarse-grained sediments and barite crystals trapped in coral polyps, ca. 500 m down current from the drilling site, reflects the elevated turbulence and sediment supply during the drilling activity. This elevated sediment dispersion likely placed a stress upon the coral reefs, but due to strong currents that effectively dilute episodic drilling waste and sediment discharges, the damage does not appear significant.",NO,NOT_CONFIRMED,,OpenAlex | Semantic Scholar | Web of Science,VERIFIED_BIBLIOGRAPHIC_DOCUMENT,PRODUCTION_CORE_INCLUDE,PROD-02389
CWC-0D39211C7AE3,RECOLONIZATION OF DEEP-WATER HARD-SUBSTRATE COMMUNITIES - POTENTIAL IMPACTS FROM OIL AND GAS DEVELOPMENT,"LISSNER, AL | TAGHON, GL | DIENER, DR | SCHROETER, SC | DIXON, JD",1991,ECOLOGICAL APPLICATIONS,JOUR,10.2307/1941755,https://doi.org/10.2307/1941755,"Many regions of the California, USA, outer continental shelf are subject to ongoing and planned oil and gas development, but there is very limited information on the recolonization and recovery of deep-water (e.g., 60-300 m) hard-substrate communities that may be affected by these activities. The purpose of this study was to summarize existing information on these communities, thereby aiding regulatory agencies and the scientific community in assessing potential impacts, and to determine whether additional studies may be necessary. Impacts from anchoring and increased sedimentation (e.g., from discharges of drilling muds and cuttings) are particularly likely. Sedimentation effects can be natural or human-induced, but habitat disruption from anchoring has few natural parallels. Disturbances from anchoring and sedimentation generally produce Type 1 and Type 2 patches (sensu Sousa 1985, Connell and Keough 1985), respectively. Recolonization and recovery of these patches in deep-water environments are expected to vary in accordance with current models of succession (i.e., inhibition, facilitation, and tolerance). However, inhibition responses likely will predominate in Type 1 patches, particularly high-relief (e.g., > 1 m) areas, where regrowth from the margins often is possible from sheet-like or mound-like forms such as those represented by many sponge taxa. In contrast, recovery of Type 2 patches, particularly low-relief (e.g., < 1 m) areas, also may be influenced primarily by inhibition responses, but the relative lack of nearby colonizers suggests greater numbers of species interactions in accordance with facilitation and tolerance models. This is due to the greater stochastic component associated with recolonization by long-range larval dispersers. Recovery is expected to require a few to several years to accomplish for these deep-water hard-substrate communities. This is based on estimated times for recovery of slow-growing, generally long-lived taxa, such as some vase sponges and anemones characteristic of many high-relief areas, and the uncertainties of long-range recruitment coupled with variable sediment movement in many low-relief areas.",NO,NOT_CONFIRMED,,Web of Science,VERIFIED_BIBLIOGRAPHIC_DOCUMENT,PRODUCTION_CORE_INCLUDE,PROD-02398
CWC-D670110C23A8,A Time Series Study of Lophelia pertusa and Reef Megafauna Responses to Drill Cuttings Exposure on the Norwegian Margin,Autun Purser,2015,PLoS ONE,article,10.1371/journal.pone.0134076,https://doi.org/10.1371/journal.pone.0134076,"As hotspots of local biodiversity in the deep sea, preservation of cold-water coral reef communities is of great importance. In European waters the most extensive reefs are found at depths of 300 - 500 m on the continental margin. In Norwegian waters many of these reefs are located in areas of interest for oil and gas exploration and production. In this study drilling was carried out in the Morvin drill field in proximity to a number of small Lophelia pertusa coral reefs (closest reefs 100 m upstream and 350 m downstream of point of waste drill material release). In a novel monitoring study, ROV video surveys of 9 reefs were conducted prior, during, immediately after and > 1 year after drilling operations. Behavior of coral polyps inhabiting reefs exposed to differing concentrations of drill cuttings and drilling fluids (waste drilling material) were compared. Levels of expected exposure to these waste materials were determined for each reef by modelling drill cutting transport following release, using accurate in-situ hydrodynamic data collected during the drilling period and drill cutting discharge data as parameters of a dispersal model. The presence / absence of associate reef species (Acesta excavata, Paragorgia arborea and Primnoa resedaeformis) were also determined from each survey video. There were no significant differences in Lophelia pertusa polyp behavior in corals modelled to have been exposed to pulses of > 25 ppm drill cutting material and those modelled to be exposed to negligible concentrations of material. From the video data collected, there were no observed degradations of reef structure over time, nor reductions of associate fauna abundance, regardless of modelled exposure concentration at any of the surveyed reefs. This study focused exclusively on adult fauna, and did not assess the potential hazard posed by waste drilling material to coral or other larvae. Video data was collected by various ROV's, using different camera and lighting setups throughout the survey campaign, making comparison of observations prior, during and post drilling problematic. A standardization of video monitoring in future monitoring campaigns is recommended.",YES,FROZEN_PUBLIC_FULL_TEXT_LOCATION,https://journals.plos.org/plosone/article/file?id=10.1371/journal.pone.0134076&type=printable,OpenAlex | Semantic Scholar | Web of Science,VERIFIED_BIBLIOGRAPHIC_DOCUMENT,PRODUCTION_CORE_INCLUDE,PROD-02401
CWC-28BEEE0E5914,Effects of water flow and drilling waste exposure on polyp behaviour in Lophelia pertusa,Pål Buhl‐Mortensen | Eirik Tenningen | Anne Britt Skar Tysseland,2015,Marine Biology Research,article,10.1080/17451000.2014.993651,https://doi.org/10.1080/17451000.2014.993651,"Polyp expansion state in Lophelia pertusa was studied in situ close to an oil rig during the drilling of a well (Statoil) off mid-Norway, in order to study possible effects on behaviour. The expansion state was monitored visually during the discharge of drill cuttings at one reef exposed to discharges and one not exposed. The reef situated down-current from the discharge point was monitored during 5 days and 15 h with a benthic lander equipped with a stills camera and current meter. This reef was exposed to drill cuttings 11 times during the monitoring. The total exposure time was 13 h 37 min. A remotely operated vehicle was used to provide additional images from both reefs for comparison. The proportion of polyps in different expansion states did not differ significantly between exposed corals and unexposed corals. Rather, changes in polyp behaviour were related to changes in current direction and velocity. A higher proportion of the polyps was expanded during periods with prevailing northeasterly currents compared to northwesterly. This could be related to quantity and type of food particles or the polyps' local position in the colony relative to current direction. There was also a clear difference in the degree of polyp expansion between polyps situated high up in the colony compared to low. This may be related to local environmental differences representing different hydrodynamic conditions. Whether or not there are effects of exposure to drill cuttings over a longer timescale than the observed 5 days and 15 h cannot be concluded from this study.",NO,NOT_CONFIRMED,,OpenAlex | Semantic Scholar | Web of Science,VERIFIED_BIBLIOGRAPHIC_DOCUMENT,PRODUCTION_CORE_INCLUDE,PROD-02402
CWC-B8875818DF77,"Fish farm effluents cause metabolic depression, reducing energy stores and growth in the reef-forming coral Lophelia pertusa","Kutti, T | Legrand, E | Husa, V | Olsen, SA | Gjelsvik, O | Carvajalino-Fernandez, M | Johnsen, IA",2022,AQUACULTURE ENVIRONMENT INTERACTIONS,JOUR,10.3354/aei00442,https://doi.org/10.3354/aei00442,"Cold-water corals (CWCs) have come under increasing pressure from human activities over the last decades. Of particular concern in Norway is the potential impact of open net pen aquaculture on CWC reefs formed by Lophelia pertusa, a threatened and declining habitat. We conducted a 1 yr in situ transplantation experiment and corresponding field measurements of 2 reefs located close to fish farms to elucidate the impacts of particulate organic waste released from the farms on coral colonies. Our study provided new evidence of negative impacts of organic effluents on L. pertusa ecophysiology. After 1 yr, both naturally occurring and transplanted corals, at distances ranging from 250 m to 1 km downstream of what would be regarded as an average-sized Norwegian fish farm, exhibited depressed metabolic rates compared to corals outside the main depositional footprint of the farms. The metabolic depression impeded energy acquisition, reducing growth and energy reserves by up to 70 and 50%, respectively. No clear threshold for significant biological impact could be detected along a distance gradient. Instead, a gradual decrease in metabolic rates, growth and lipid reserves occurred with increasing modelled sedimentation rate of organic waste from the farm. The strong statistical correlation between oxygen consumption, growth, energy stores and sedimentation rates implies that predictions of the short-term impact of aquaculture effluents on L. pertusa ecophysiology and CWC reef development may be achievable in the future. This would significantly improve the ability of management to make informed decisions on the licensing of new farms near CWC reefs.",NO,NOT_CONFIRMED,,Web of Science,VERIFIED_BIBLIOGRAPHIC_DOCUMENT,PRODUCTION_CORE_INCLUDE,PROD-02415
CWC-76DBA2881C9F,Eco-physiological responses of cold-water soft corals to anthropogenic sedimentation and particle shape,Stephanie Liefmann | Johanna Järnegren | Geir Johnsen | Fiona Murray,2018,Journal of Experimental Marine Biology and Ecology,article,10.1016/j.jembe.2018.02.009,https://doi.org/10.1016/j.jembe.2018.02.009,"Anthropogenic disturbances in the marine environment, such as excessive sedimentation produced by mine tailing deposition, can affect the physiology and behavior of benthic fauna. Mine tailing particles are sharper than natural occurring sediments and could therefore cause more harmful effects. Cold-water coral ecosystems are among the habitats in danger of being affected by dumping of mine tailings. Cold-water corals have very slow growth rates but the habitats they provide support high levels of species richness and functional diversity. Two soft corals, cauliflower coral (Duva florida) and red tree coral (Primnoa resedaeformis), were chosen as model organisms to study the effects of excessive mine tailing sedimentation and the effect of particle shape in a three-month long experiment. The corals were exposed to a concentration of 8 mg l(-1) of two types of sediment, rough edged mine tailings (MT) and smooth edged spherical glass beads (GB). Glass beads were mimicking natural, smooth sediment, and both sediment types had a particle size distribution of 0-63 mu m. Sedimentation effects were investigated using C-13/C-12 isotope ratio to assess food intake, time-lapse images to determine the effects on tissue and behavior, and histological samples to identify and quantify particles inside the polyps. When exposed to MT, food intake decreased significantly in D. florida and increased significantly in P. resedaeformis. Duva florida exhibited a behavioral response under MT treatment, being contracted for prolonged periods. Primnoa resedaeformis lost a significant proportion of polyps under both treatments. Histology showed mine tailing particles of sizes < 10 mu m embedded in the tissue of both species. The results suggest that sharp particles are more harmful than smooth edged particles to both species, in the size range studied. This should be considered when assessing the impacts of anthropogenic activities that increase sedimentation in benthic habitats.",YES,FROZEN_PUBLIC_FULL_TEXT_LOCATION,https://www.research.ed.ac.uk/en/publications/868d8144-5e3c-450f-8b6c-2eb0be9df80d,OpenAlex | Semantic Scholar | Web of Science,VERIFIED_BIBLIOGRAPHIC_DOCUMENT,PRODUCTION_CORE_INCLUDE,PROD-02418
CWC-2ABD7D958E3C,The red coral populations of the gulfs of Naples and Salerno: human impact and deep mass mortalities,Giorgio Bavestrello | Marzia Bo | Simonepietro Canese | Roberto Sandulli | Riccardo Cattaneo‐Vietti,2014,The European Zoological Journal,article,10.1080/11250003.2014.950349,https://doi.org/10.1080/11250003.2014.950349,"The existence of deep red coral (Corallium rubrum) banks in the gulfs of Naples and Salerno (South Tyrrhenian Sea, Mediterranean Sea) is well known in historical records due to the heavy coral harvesting that occurred during the 19th and 20th centuries, by both trawling gears and scuba diving. In 2010 and 2012, during two Remotely Operated Vehicle (ROV) surveys on board of the Research Vessel (R/V) Astrea, red coral banks were detected in 16 of the 25 visited localities, between 45 and 150 m depth. Seven of these banks, located in the inner part of the Gulf of Naples, were already explored in 1918 by a scientific survey reporting the occurrence of red coral. Healthy populations (densities > 90 colonies m−2) were present only around the coasts of the Phlegrean Islands (Ischia and Procida Islands). Very low densities (< 5 colonies m−2) or the absence of coral were recorded in all other sites of the Gulf of Naples (including all historical re-visited banks), and a variable percentage of dead colonies was observed. This evidence suggests a huge state of stress likely favoured by the hydrodynamic conditions in the Gulf, enhancing water pollution and sedimentation rate. Finally, the documented high fishing pressure plays a major role in the hard-bottom communities’ degradation. A recent mass mortality episode was also recorded along the Amalfi coast, around Li Galli Islands (Gulf of Salerno), at a depth range between 80 and 100 m, where the mortality affected 80% of the largest colonies, estimated to be around 70 years old. Several possible reasons for this mortality have been hypothesised, such as the formation of local down-welling currents inducing an unusual drop of the thermocline, or sudden warm water emissions (sulphur springs) in an area characterised by important volcanic activities, or local landslides generating turbidity currents along the steep slopes.",YES,FROZEN_PUBLIC_FULL_TEXT_LOCATION,https://www.tandfonline.com/doi/epdf/10.1080/11250003.2014.950349?needAccess=true&role=button,OpenAlex | Semantic Scholar | Web of Science,VERIFIED_BIBLIOGRAPHIC_DOCUMENT,PRODUCTION_CORE_INCLUDE,PROD-03058
CWC-D966A89B2B12,"Hydrodynamic controls on cold-water coral growth and carbonate-mound development at the SW and SE Rockall Trough Margin, NE Atlantic Ocean",Furu Mienis | Henko de Stigter | Martin White | Gerard Duineveld | H. de Haas | Tj.C.E. van Weering,2007,Deep Sea Research Part I Oceanographic Research Papers,article,10.1016/j.dsr.2007.05.013,https://doi.org/10.1016/j.dsr.2007.05.013,"Long-term (<= 1 -year) records obtained by seabed observatories (BOBO) and repeated (24-h) CTD casts show the presence of a highly energetic environment in and around two cold-water carbonate-mound provinces, on the Southwest and Southeast Rockall Trough (SW and SE RT) margin. Carbonate mounds, covered with a thriving coral cover, are embedded mainly in the Eastern North Atlantic Water (ENAW) and are observed in a confined bathymetric zone between 600 and 1000 m water depth. Cold-water corals seem to be restricted in their growth by temperature and food availability. The presence of living corals on top of the carbonate mounds appears linked to the presence of internal waves and tidal currents in the water column, and consequently carbonate mound structures are shaped by the local hydrodynamic regime. Mound clusters have an elongated shape perpendicular to the regional contours and corresponding to the direction of the highest current speeds. On the SW RT margin temperature, salinity and current speed reflect a diurnal tidal pattern, causing maximum temperature variations at 900 m depth of more than 3 degrees C. Current speeds up to 45 cm s(-1) occur, and a residual current of 10 cm s(-1) is directed along the slope to the southwest. At the SE RT margin the temperature of the bottom water fluctuates more than I degrees C with a semi-diurnal tidal cyclicity. Amplitudes of average and peak current speeds here are comparable with those measured on the southwest margin, but the residual current in this area is directed to the northeast. Tidal currents and internal waves at both margins force the formation of intermediate and bottom nepheloid layers and bring fresh food particles with increased velocity to the mounds. The distribution of corals in both mound areas is considered directly related to the presence of enhanced turbidity. An increase in temperature can be directly related to an increase in the amount of particles in the water column. Current velocity increases when a transition occurs from cold to warm waters. High current velocities prevent local sedimentation but provide sufficient food particles to the corals, so that the corals thrive at the mound summits. (C) 2007 Elsevier Ltd. All rights reserved.",NO,NOT_CONFIRMED,,OpenAlex | Semantic Scholar | Web of Science,VERIFIED_BIBLIOGRAPHIC_DOCUMENT,PRODUCTION_CORE_INCLUDE,PROD-03323
CWC-3AA8D91257F1,Long term monitoring of cold-water coral growth shows response to episodic meteorological events in the NW Mediterranean,Leïla Chapron | Nadine Le Bris | Xavier Durrieu de Madron | Erwan Péru | Pierre E. Galand | Franck Lartaud,2020,Deep Sea Research Part I Oceanographic Research Papers,article,10.1016/j.dsr.2020.103255,https://doi.org/10.1016/j.dsr.2020.103255,"Abstract Lophelia pertusa and Madrepora oculata, two cosmopolitan coral species of the deep ocean, build reef-like structures that provide ecological niches and nurseries for many species. These cold-water corals (CWCs) are thought to grow slowly making associated communities vulnerable to disturbance. However, in situ growth dynamics remains poorly known. The aim of this study was thus to quantify the growth rates of L. pertusa and M. oculata and their variability in relation to environmental conditions that are expected to influence their physiological functions. Such data can be useful to ground-truth physiological rates and improve the prediction of their sensitivity to global change. As part of a long-term monitoring programme of the Lacaze-Duthiers canyon in the Northwestern Mediterranean Sea, fragments of the two species were repeatedly sampled and redeployed at 530 m depth, from November 2010 to May 2018. Budding rates and linear extensions of L. pertusa and M. oculata were hence quantified and their inter-annual variability documented. The data were analyzed in relation to in situ monitoring of water temperature, current speed and turbidity. This study presents the longest in situ survey of the growth patterns of L. pertusa and M. oculata. The observations revealed a strong inter-annual variability in growth rates, both for L. pertusa and M. oculata, and suggest an influence of hydrological conditions on the growth dynamics. Particularly, as regard to episodic water plumes events such as NW wind-induced dense water shelf cascades and E-SE storm-induced downwellings in autumn-winter. In this study, three types of responses were observed: (i) high budding rates but low colony linear extension for strong water plume events periods (ii) high budding rates and high linear extension associated to organic matter supply during medium intensity water plume events, and (iii) low budding rates, low linear extension and high mortality due to high sedimentation rates in the absence of water plume event. Lophelia pertusa appears to be more resilient to these hydrological changes. Disturbance of the regional circulation patterns, in addition to longer-term change in water mass properties such as warming, deoxygenation and acidification, are thus important parameters to consider for CWC reef stability. This is particularly important since increased storminess, and decreased cascading/downwelling intensities, are predicted to occur within the next century.",YES,FROZEN_PUBLIC_FULL_TEXT_LOCATION,https://www.sciencedirect.com/science/article/am/pii/S0967063720300431,OpenAlex | Semantic Scholar | Web of Science,VERIFIED_BIBLIOGRAPHIC_DOCUMENT,PRODUCTION_CORE_INCLUDE,PROD-03344
CWC-65AE72CF2A22,Spatial response of hard- and mixed-bottom benthic epifauna to organic enrichment from salmon aquaculture in northern Norway,Katherine Dunlop | Astrid Harendza | Raymond J. Bannister | Nigel Keeley,2021,Aquaculture Environment Interactions,article,10.3354/aei00419,https://doi.org/10.3354/aei00419,"Norwegian Atlantic salmon aquaculture is continuing to expand in northern regions dominated by hard- and mixed-bottom substrates. Such habitats contain rich benthic epifaunal communities, including sponges and other sessile invertebrates susceptible to the impacts of particulate material released from finfish farms. Here, conventional soft-sediment sampling techniques are unable to discern the impacts of farm waste, and new monitoring methods and indicator taxa must be identified. This study improves understanding of the impacts of particulate waste released from salmon farms on the density and structure of benthic epifaunal communities on mixed- and hard-bottom substrates. The diversity, density, and composition of epifaunal communities and visually conspicuous benthic infauna were recorded in towed camera transects along the enrichment gradient (similar to 50-800 m) of 3 salmon farms in northern Norway. Elevated fluxes of particulate material in the vicinity of all farms significantly affected epifaunal community composition, as did the coverage of some key substrate types. The defecated mounds of lugworms and the seastar Asterias rubens were notably more abundant near the farms where fluxes were elevated. The sponges Polymastia spp. and Phakellia spp. and the soft coral Duva florida showed significant declines in density with increasing sedimentation and were principal taxa in communities at natural sedimentation levels. Results identify taxa with both positive and negative spatial associations to particulate waste released from finfish farms and the potential for the development of an epifauna indicator-based index for monitoring the environmental impacts of aquaculture in hard- and mixed-bottom dominated substrates.",NO,NOT_CONFIRMED,,OpenAlex | Web of Science,VERIFIED_BIBLIOGRAPHIC_DOCUMENT,PRODUCTION_CORE_INCLUDE,PROD-03373
CWC-4EF1547612E7,"Suspended Particulate Loading on the Macrobenthos in a Highly Turbid Fjord: Knight Inlet, British Columbia",George E. Farrow | James P. M. Syvitski | Verena Tunnicliffe,1983,Canadian Journal of Fisheries and Aquatic Sciences,article,10.1139/f83-289,https://doi.org/10.1139/f83-289,"Knight Inlet is a deep, low-energy but well-oxygenated fjord. The effects of turbidity are principally those of seasonally very high vertical flux from the sediment-laden surface layer. Submersible observations of the benthos are related to suspended load and sedimentation rate data. The bayhead delta slope receives a continual rain of glacial silt (30 cm/yr) and has summer sedimentation rates of 4 kg∙m −2 ∙d −1 .The epifauna of the steep fjord walls shows a marked down-inlet increase in abundance, and the number of species increases from 9 to 45. Brachiopods (Laqueus californianus), solitary corals (Caryophyllia/Cyathoceros), and encrusting sponges are remarkably tolerant of high turbidity. The high sedimentation rates affect the epifauna in three ways: (1) subjection to the ubiquitous ""gentle rain"" of floes and agglomerates; (2) more locally, microturbidity flows set off by biological resuspension of unstable slope sediment; and (3) major slides of rock and/or sediment. Submarine soil-creep limits the slope infauna, by burrows requiring repeated reexcavation.Down-inlet decrease in sedimentation rate is accompanied by a change in feeding type. In the upper inlet, suspension feeders taking particles < 8 μm (e.g. sabellids, brachiopods) probably utilize bacteria associated with the high vertical flux of SPM. In the middle inlet, selective suspension feeders (e.g. crinoids, gorgonians) sort the SPM for larger particles. In the lower inlet, filter feeders (e.g. barnacles, glass sponges) increase, especially where currents are stronger. The soft-bottom detritus feeders also show a change: from epibenthic forms (e.g. pandalid shrimp, spider crabs) in the upper inlet, through burrowing shrimp in the middle inlet, to ophiuroids in the lower inlet. These changes are correlated with the greater amounts of organic carbon preserved in bottom sediments as they are less diluted by glacially derived inorganic material.The modern-day ""turbid association"" of brachiopods, solitary corals, and sponges recalls typical outer shelf-basinal shale facies of the Palaeozoic. Turbid, low-energy environments were thus colonized early but faunas have since become less diverse.Key words: fjord, benthos, sedimentation, submersible",NO,NOT_CONFIRMED,,OpenAlex | Semantic Scholar,VERIFIED_BIBLIOGRAPHIC_DOCUMENT,PRODUCTION_CORE_INCLUDE,PROD-03443
CWC-2333337CDF81,Deep-sea coral Lophelia pertusa laboratory maintenance and exposure to barite using water recirculation systems,Vianna da Rocha Ian | Cardinot Reis Estefane | Reis da Silva Priscila | de Hollanda Cavalcanti Guarani | Coutinho Ricardo | Vieira Reynier Marcia,2021,Journal of Toxicology and Environmental Health Sciences,article,10.5897/jtehs2021.0486,https://doi.org/10.5897/jtehs2021.0486,"Drilling activities usually discharge large quantities of fluids and drill cuttings, which are composed of fine particles, such as barite, that can physically affect Lophelia pertusa. An experiment to assess the effects of barite smothering on L. pertusa was conducted with a water recirculation system. The corals were collected in Santos Basin, Brazil. The experiment was conducted in 23 L cone-shaped aquaria, adapted with an individual water recirculation system. Each exposure to suspended barite particles (50 and 100 mg•L-1) plus a control group was maintained in triplicate. Three nubbins were accommodated in the aquaria and acclimated for 7 days. The experimental design simulated two cycles of discharge, followed by a recovery cycle of 7 days each, totaling 35 days. Nine polyps per treatment were monitored twice per day regarding their behavior levels. Time-lapse photographs were also taken during the recovery periods. Total polyp survival in the control was 100%, while those in the 50 and 100 mg•L-1 groups were 94.2 and 93.6%, respectively, with no significant difference between treatments. Polyp activity was different between treatments, with both exposed aquaria displaying higher activity than control. This was probably related to the natural cleaning behavior of L. pertusa. Key words: Barite smothering, sedimentation, impacts of oil and gas industry, Santos Basin, Southeastern Brazil, South Atlantic.",YES,FROZEN_PUBLIC_FULL_TEXT_LOCATION,https://doi.org/10.5897/jtehs2021.0486,OpenAlex | Semantic Scholar,VERIFIED_BIBLIOGRAPHIC_DOCUMENT,PRODUCTION_CORE_INCLUDE,PROD-03464
CWC-F432D2EEA239,Response to sedimentation stress of the gorgonian coral Primnoella chilensis from the Chilean fjord region,Leander Verse | Jürgen Laudien | Verena Häussermann,2019,Helmholtz-Zentrum für Polar-und Meeresforschung (Alfred-Wegener-Institut),dissertation,10.1594/pangaea.905477,https://doi.org/10.1594/pangaea.905477,"Sedimentation is one of the main disturbance factors influencing benthic communities and coastal reef organisms through a variety of mechanisms. In Chilean Patagonia, rising anthropogenic intrusions such as coastal road projects and aquaculture installations threaten the local biodiversity causing increased sedimentation with even more to be expected. Primnoella chilensis (Philippi, 1894) is an important habitat-forming gorgonian coral, abundant in this region, but significant abundance decreases were reported for the last decade. The present study aimed to describe physiological and behavioural stress responses of P. chilensis to increased sedimentation. Therefore, two laboratory experiments were conducted measuring colonies' responses in respiration for 18 hours as well as documenting polyp activity and mucus secretion for 15 days under sediment exposure. No significant differences in oxygen consumption were measured, presumably due to the low number of test organisms. Further, no mucus secretion or changes in colonies' overall activity were detected. However, an analysis on single polyp level revealed a significantly increased percentage of open polyps when exposed to high sedimentation. This increased activity may be explained by intensified filter-feeding behaviour and active sediment rejection. In addition, a spawning event was detected as a possible stress reaction. All in all, the results suggest that P. chilensis is able to tolerate the simulated sedimentation loads of 225 and 450 mm/y due to its morphology and compartmentalized behaviour. This goes along with previous findings on gorgonian corals. Nonetheless, anthropogenic disturbances may by far exceed and alter natural ones due to their extent and persistence causing unpredictable, dangerous conditions for the benthic community.",NO,NOT_CONFIRMED,,OpenAlex,VERIFIED_BIBLIOGRAPHIC_DOCUMENT,PRODUCTION_CORE_INCLUDE,PROD-03472
CWC-051E61C91ACA,"Deep-Sea Coral Reefs: Distribution, Ecology & Anthropogenic Impacts",Victoria Oakham,2009,The Plymouth student scientist,article,,https://pearl.plymouth.ac.uk/handle/10026.1/13863,"The introduction of Remotely Operated Vehicles (ROVs) and manned submersibles has meant scientists can finally begin study deep-water scleractinian coral reefs, making valuable first-hand observations of the reefs themselves and their associated fauna. Known influences of deepwater coral reef distribution include the topography of the seabed, presence of currents, high nutrient levels and low sedimentation levels. Chemical tolerances (such as salinity, temperature range and calcium carbonate availability) are mostly known for only Lophelia pertusa corals. Debates exist within literature over the possible influence of hydrocarbon seeps from the seabed on coral reef growth and distribution. Studies show the importance of deep-water coral reefs as habitat for fish and invertebrates. Some faunal habitat associations have been looked at, yet not studied in detail. The majority of this research has looked for fish association with the deep-water coral reefs. Proposed reasons for these associations include the reef habitat being a structural refuge from predation, a suitable feeding habitat and a protective nursery for juvenile fish. There are relatively few studies undertaken into the presence of other faunal groups on deep-water coral reefs, though there is some qualitative data obtained from analyses of fish stomachs. Benthic trawling for commercial fish spp has, over the years, destroyed large portions of deep-water coral reefs. The future predicted rise in atmospheric CO2 may also impact this habitat detrimentally by altering the chemistry of the seawater. For such slow-growing, fragile organisms as corals, these habitat loses may never be regained. The Plymouth Student Scientist, 2009, 2, (1), 203-211 ISSN 1754-2383 [Online] ©University of Plymouth [204] Introduction The existence of deep-sea coral reefs has been known for over 100 years (Hatcher & Scheibling, 2001). However, unlike their shallow water counterparts, very little is known of deep-sea coral reefs. This is because it is only in recent years that technology has enabled scientists to gain first-hand knowledge into the deep-sea’s unseen, aphotic expanse. Indeed, it is often said that ‘we know more about the surface of the moon than we do about the sea floor ‘(SAMS, 2005). The past decade has brought the valuable introduction and use of new technologies with which to better study the ecology of deep ocean floor habitats. The use of Remotely Operated Vehicles (ROVs) and manned submersibles has meant scientists can finally observe deep-water, benthic organisms in their natural environment; permitting studies into their true habitat associations, behaviours and hypotheses regarding ecosystem functions. Prior to the availability and use of such technologies, much of our understanding of these habitats was based on fisherman’s reports of trawling the seabed and what they had found. Any inferences (eg about organism habitat associations) derived from trawl data may be misleading. For example, though habitat associations could be assumed due to the catch of a certain organism in the same trawl as a deep-water coral fragment, the trawl could be taken over different types of benthic habitat; thus the organism in question may have been located in a non-reef habitat (eg seabed) far away from the coral. Furthermore, many habitat fragments caught within a trawl net are unidentifiable. Therefore, many trawl-derived organism data is merely qualitative and cannot be treated as a valid quantitative survey of a benthic habitat (Ross & Quattrini, 2007). In contrast to this unreliability of data gleamed from benthic trawls, the first-hand observational data obtained from ROV or manned submersible dives is valid and more informative. For example, upon observation of a benthic habitat, certain environmental conditions (eg currents, nutrients, sediment mixing etc) can be noted and may even help to explain the presence / absence of certain species within a habitat (Trenkel et al., 2004). None of this information could be known from trawl-derived data. What is a Deep-Water Coral Reef? Coral reefs that this review is concerned with are constructed by colonies of Scleractinian (reef-building) stony corals. As these coral polyps grow they deposit a calcareous skeleton and it is this that forms the reef structure (Roberts et al., 2006). The known types of cold-water scleractinian corals include Lophelia pertusa, Madrepora oculata, Goniocorella dumosa, Oculina varicosa, Enallopsammia profunda and Solenosmilia variabilis (Freiwald et al., 2004). Of these, Lophelia pertusa is probably the most studied, and covers a large geographical range (Freiwald et al., 2004; Costello et al., 2005; Husebo et al., 2002). The present review aims to ascertain our current understanding of deep-water coral reefs in terms of their worldwide distribution, faunal ecology and any anthropogenic impacts upon these unique habitats. This review defines a deep-water coral reef as being more than 100m depth. Therefore, those found in the cold, current swept fjords are excluded from this review; as are any other cold-water coral reefs occurring shallower than 100m. The Plymouth Student Scientist, 2009, 2, (1), 203-211 ISSN 1754-2383 [Online] ©University of Plymouth [205] Distribution Deep-water coral reefs have a cosmopolitan distribution, occurring in all ocean basins (Guinotte et al., 2006), on areas of the seabed with certain rugged topographies such as continental shelves and slopes, seamounts and oceanic banks (for exact locations, see appropriate references from Freiwald et al., 2004). They have also been observed to inhabit the artificial structures of oil and gas platforms (Gas & Roberts, 2006) and shipwrecks (Costello et al., 2005). Though scientific study of deep-water coral reefs is limited, it is known that corals require hard substrate for attachment, together with a surrounding temperature between 4C and 12C (Roberts et al., 2006). Deep-water coral reefs are found in current swept areas of the seabed. This is because whereas corals of shallow, tropical waters rely on the photosynthetic products of their symbiotic algae for nutrition, deep-water corals are azooxanthellate (lack symbiotic algae) filter-feeders, relying upon currents to supply them with nutrition. Furthermore, currents minimise sediment deposition on the coral reefs. This is also beneficial to the corals as sediment build-up can fatally damage these fragile feeding tentacles. Little is known in scientific literature about the reproductive biology of deep-water corals. Van Soest et al (2007) assumes that they must have a planktonic larval stage reminiscent of shallow water coral reefs. Gas and Roberts (2006) are in agreement with this and say that the fact no Lophelia pertusa corals were found in the North Sea before the introduction (and subsequent colonisation) of oil and gas platforms (providing hard substrata) is proof of a planktonic larva stage (see also Fossa et al., 2002). However, without further investigation, the theory of reproduction via broadcast spawning in deepwater corals remains purely an assumption (Burgess & Babcock, 2005). Furthermore, recent studies have related the abundance of deep-water scleractinian corals to the depth of the Aragonite Saturation Horizon (ASH). Aragonite is the form of calcium carbonate required by corals to build their skeletons, and therefore needs to be available in the surrounding water. Thus, Guinotte et al (2006) attributed (at least in part) the high abundance of deep-water scleractinian corals in the North Atlantic to its deep (>2km) ASH, and likewise the octocoral and stylasterid (soft corals, non-reef building) dominated North Pacific to its much shallower (50-600m) ASH. The few scleractinian corals observed in the North Pacific tended to be solitary as opposed to reef-forming, supporting this hypothesis. There is much debate in scientific literature as to whether or not the formation of deepwater coral reefs relies upon",NO,NOT_CONFIRMED,,OpenAlex | Semantic Scholar,VERIFIED_BIBLIOGRAPHIC_DOCUMENT,PRODUCTION_CORE_INCLUDE,PROD-03629
CWC-BE8A1663711D,Lophelia pertusa in Norwegian waters. What have we learned since 2008,Johanna Järnegren | Tina Kutti,2014,BIBSYS Brage (BIBSYS (Norway)),report,,http://hdl.handle.net/11250/2397719,"Järnegren, J. & Kutti, T. 2014. Lophelia pertusa in Norwegian waters. What have we learned \nsince 2008? – NINA Report 1028. 40 pp. \nThis report was requested by the Norwegian Environment Agency as a platform of knowledge to \nevaluate Lophelia pertusa as a possible “selected nature type” (utvalgt naturtype). It is a literature \nreview that summarizes available knowledge since 2008 on Lophelia pertusa biology, ecosystem \nstructure and functioning. In addition, existing knowledge on the response of Lophelia to the \neffects of increased ocean temperature and acidification and expanding industrial activities are \ndescribed. \nLophelia pertusa (Linné, 1758) is a common stony coral, which forms extensive reefs in deep \nwaters around the world. It has a wide range of tolerance, but is most abundant where bottom \nwater temperatures range between 6-9°C, salinity is around 35, and with oxygen levels of 6.0- \n6.2 ml/L. “High quality” coral sites, such as most of the Norwegian Lophelia habitats, are associated \nwith bottom waters with Dissolved Inorganic Carbon (DIC) values <2170 µmol/kg and within \na seawater density envelope of 27.35-27.65 kg/m3 \n. Lophelia does not contain photosynthetic \nsymbionts but feeds on zooplankton, phytoplankton, bacteria and Dissolved Organic Material \n(DOM), depending on their availability. Most Norwegian Lophelia reefs seem to depend mainly \non zooplankton for feed. \nThe occurrence of Lophelia varies from scattered colonies or groups of colonies to vast reef \ncomplexes (such as the Røst and Sula reefs). Lophelia is distributed along most of the Norwegian \ncoast, with the highest densities occurring on the continental shelf north of Stadt up to Lofoten \nand along the coasts and fjords of Møre og Romsdal and Trøndelag. Lophelia has a linear \npolyp extension rate of approximately 10 mm year-1 and the growth of a reef can amount to 5 \nmm year-1 \n. All reefs in Norwegian fjords and on the shelf have been formed after the retreat of \nthe ice-sheet and the oldest reefs are around 8000 years. \nThe Lophelia reefs are regarded as hot spots for biodiversity and carbon cycling. The reefs are \ninhabited by a high number of invertebrates and seem to act as preferred habitat also for some \ncommon demersal fish. In the reefs carbon remineralization can be elevated by up to 25% compared \nto “normal” shelf sediments. Thus, Lophelia plays a key role in benthic ecosystems in \nNorwegian waters. \nLophelia ecosystems have come under increasing anthropogenic pressure due to releases of \nsuspended particles from the aquaculture-, oil and gas-, mining- and bottom trawling industry. \nChanges in ocean temperature and the ongoing acidification will act as additional stressors on \nLophelia ecosystems. Ocean acidification is considered the most serious threat. Lophelia appears \nto cope quite well with moderate sedimentation events. Laboratory studies have shown \nthat the short-term cost of this appears to be low on adults but appears highly detrimental for \nlarvae. Further, laboratory studies have shown that Lophelia resists realistic near-future increases \nin pCO2 levels reasonably well. \nHowever, there might be substantial negative effects on the reef structure. Although studies indicate \nthat Lophelia appears to handle single stressors over short time periods quite well, additional \neffects could be detrimental. It is considered urgent to learn more on the effects of multiple \nstress factors and long-term exposure to stressful conditions. Of all known Lophelia occurrences \nin the world, 30% are from the Norwegian shelf giving Norway a special responsibility in managing \nthis species and the ecosystem it creates.",NO,NOT_CONFIRMED,,OpenAlex,VERIFIED_BIBLIOGRAPHIC_DOCUMENT,PRODUCTION_CORE_INCLUDE,PROD-03631
CWC-DCF5D4E014D1,Deep-sea sponges in an Anthropocene ocean,Erik Wurz,2022,Wageningen University & Research,dissertation,10.18174/572809,https://doi.org/10.18174/572809,"Plumes of re-suspended sediment potentially smother and clog the aquiferous system of filter-feeding sponges with unknown implications for their health. For the first time we examined the physiological responses of repeated exposure to natural sediment in the glass sponge Vazella pourtalesii, which forms dense sponge grounds in Emerald Basin off Nova Scotia, Canada. Ex situ chamber-based measurements of bacterial clearance and oxygen consumption (respiration) rates indicated that individuals subjected to elevated concentrations of suspended sediment expressed normal clearance and respiration rates over 7 days of sediment exposure, indicating an ability to cope with elevated concentrations of indigestible sediment particles. However, clearance rates significantly declined after 14 days of sediment exposure, suggesting an inability to cope with long-term exposure to increased sediment load. Therefore, long-term exposure to elevated concentrations of suspended sediment should be avoided in order to minimize adverse effects on the abundant Vazella sponge grounds.",NO,NOT_CONFIRMED,,OpenAlex,VERIFIED_BIBLIOGRAPHIC_DOCUMENT,PRODUCTION_CORE_INCLUDE,PROD-03878
CWC-9E593C627937,Responsiveness of Glass Sponges to Suspended Sediments at Canada’s Glass Sponge Reefs,Nathan J.R. Grant,2018,University of Alberta Library,dissertation,10.7939/r3k64b85v,https://doi.org/10.7939/r3k64b85v,"Glass sponge reefs are globally unique ecosystems on Canada’s western continental shelf that are susceptible to harm from fishing (e.g., bottom-contact trawling). In 2017, a marine protected area (MPA) was created to protect four of these reefs in Hecate Strait and Queen Charlotte Sound. Three sponge species form the reefs, Aphrocallistes vastus, Heterochone calyx and Farrea occa. Glass sponges are filter feeders, pumping water through their bodies to remove bacteria and oxygen and excrete wastes. Previous laboratory studies had shown glass sponges arrest their filtration in response to suspended sediment; this has never been studied in situ. Therefore the aim of this thesis was to determine whether glass sponge filtration is affected by resuspended sediments at the sponge reefs. The work was carried out at two reefs, one in the Strait of Georgia, BC and the other at the Hecate Strait and Queen Charlotte Sound Marine Protected Area. Using a remotely operated vehicle (ROV), current profilers and turbidity meters were deployed beside the glass sponge Aphrocallistes vastus on Fraser Ridge reef in the Strait of Georgia, BC, which is currently closed to bottom-contact fishing but which is not a MPA. Custom flowmeters were positioned into sponge oscula to record changes in filtration and changes in suspended sediment concentrations (SSC) were measured by changes in transmissivity using optical backscatter sensors. Sediment disturbances were created by the ROV. Increases in SSCs to 10 – 80 mg l-1 were correlated with decreased excurrent flow rate (r = -0.83 to -0.92). Both single arrests, lasting only 5 min in duration, and longer ‘coughing’ arrests lasting > 30 min were recorded, and together reduced feeding by up to 70%. A. vastus dominates Fraser Ridge reef, whereas two other species, Heterochone calyx and Farrea occa, comprise large portions of reef in the more northern Hecate Strait MPA. To determine whether species- or habitat-specific variations in the physiology of arrests in glass sponges, the responses of H. calyx, F. occa as well as a non-reef forming species, Rhabdocalyptus dawsoni, were studied in the MPA. Small sediment disturbances (< 5 – 10 mg l-1) generated by the ROV triggered single arrests in both H. calyx and R. dawsoni. H. calyx appeared to clog following two hours of exposure to SSCs of 3.2 mg l-1 and R. dawsoni arrested all pumping activity following extend exposure to SSCs < 1 mg l-1 above natural levels of turbidity (2.71 mg l-1). No arrests were recorded from F. occa but the low pumping rate of this sponge made it difficult to record flow out of this species. The distance suspended sediments could be transported was estimated using sediment collected from the reefs, and a settlement model. The model showed that a plume of sediment with <20 µm grain size has a range greater than the narrower portions of the MPA boundaries and would remain at high enough SSCs to induce arrests within the species studied. This study confirmed that different glass sponge species arrest filtration in response to elevated SSCs in situ. The thresholds for response varies between A. vastus, H. calyx and R. dawsoni, but all are significantly lower than those known to be generated by trawling (~ 100 – 500 mg l-1). These results provide threshold and response data for use in current and future conservation of Canada’s glass sponge reefs.",NO,NOT_CONFIRMED,,OpenAlex | Semantic Scholar,VERIFIED_BIBLIOGRAPHIC_DOCUMENT,PRODUCTION_CORE_INCLUDE,PROD-03880
CWC-F886D4D45E18,Science response: glass sponge reefs HSQCS MPA,Fisheries and Oceans Canada | Pêches et Océans Canada,2022,Federal Open Science Repository of Canada / Le Dépôt fédéral de science ouverte du Canada,report,,https://open-science.canada.ca/handle/123456789/847,"Marine Protected Areas (MPAs) play important roles in conserving marine ecosystems worldwide. Under Canada’s Ocean’s Act, Fisheries and Oceans Canada (DFO) established nine Glass Sponge Reef Marine Refuges in the Strait of Georgia and eight in Howe Sound, British Columbia. Further to that, DFO established the Hecate Strait and Queen Charlotte Sound (HSQCS) MPA (Figure 1) to protect glass sponge habitats within three spatially-distinct reef complexes—the Northern Reef, the Central Reefs, and the Southern Reef (Government of Canada 2017). Each reef complex is made up of three management zone types: the core protection zone (CPZ), adaptive management zone (AMZ) and vertical adaptive management zone (VMZ). While all harmful human activities are prohibited in the CPZs, the MPA Regulations allow for some limited fishing activities in the AMZs and VMZs—including recreational fisheries and Indigenous fishing for Food, Social and Ceremonial purposes. Currently, all commercial bottom-contact fishing and midwater trawling in the MPA is prohibited by Fisheries Act Variation Orders. While the HSQCS MPA is designed to protect unique marine ecosystems formed by glass sponge reefs, the effectiveness of the MPA depends on how well the AMZ boundaries function as a protective measure. The existing AMZ boundaries within the HSQCS MPA range from 0.6 to 4.5 km from the CPZ boundaries. The glass sponge reefs off British Columbia are the habitat for many commercially important fish and are subject to fishing pressure such as bottom-contact trawl fishing. Bottom-contact trawl fishing can result in physical damage to habitat directly, and also negatively impact on glass sponge reefs indirectly by suspending a large amount of sediment, which can then be transported into the CPZ. Glass sponges are highly efficient water filterers that constantly filter and pump in organic and inorganic particles. However, they can quickly arrest their pumping activities in response to the exposure to sediments. Multiple arrests may reduce energy uptake of glass sponges, which could negatively affect their health; while the long-term effects of repeated sediment exposure and arrests on their health and population remain to be a knowledge gap (Grant et al. 2019). Grant et al. (2018) found that in the Strait of Georgia, glass sponges cease pumping (arrested) at suspended sediment concentration far lower than concentrations that can be triggered by bottom-contact trawling. Furthermore, Grant et al. (2019) found that different species of glass sponges in the HSQCS MPA respond differently to the exposure of suspended sediments. They showed that the distance required from the AMZs to the CPZs depends on ocean environmental conditions and suggested that the existing AMZs in the HSQCS MPA may not be adequate to achieve effective conservation. DFO Oceans has requested DFO Science to: 1) assess whether the existing AMZ boundaries are sufficient to protect the glass sponge reefs from suspended sedimentation impacts of mobile, bottom contact fishing gear, and 2) estimate new AMZ boundaries if the current boundaries do not provide sufficient protection for the sponge reefs. This Science Response Report results from the Regional Science Response Process of November 20, 2020 on Adaptive Management Zones for Hecate Strait/Queen Charlotte Sound Glass Sponge Reefs Marine Protected Areas.",NO,NOT_CONFIRMED,,OpenAlex,VERIFIED_BIBLIOGRAPHIC_DOCUMENT,PRODUCTION_CORE_INCLUDE,PROD-03883
CWC-8AA509C80D0B,Monitoring of a Drilling Operation Within a Coral Sensitive area - Case Pumbaa ( Norway),Thomas Møskeland | Amund Ulfsnes | Line Emilie Sverdrup | Jannecke A. Moe | Morten Løkken,2012,Society of Petroleum Engineers conference proceedings,conference-paper,10.2118/156544-ms,https://doi.org/10.2118/156544-ms,"Abstract Deepwater corals (Lophelia) were identified in the vicinity of the location of the exploration well Pumbaa (NOCS 6407/12-2) on the Norwegian Continental Shelf where a drilling operation was carried out by the GDF SUEZ E&P Norge AS (GDF SUEZ). Det Norske Veritas AS has on behalf of GDF SUEZ conducted an environmental monitoring of drilling activities at Pumbaa (NOCS 6407/12-2). Because of registrations of deep water corals (Lophelia) in the Pumbaa area, and due to specific requirements - a relatively comprehensive monitoring of the drilling activities was carried out. Only the drill cuttings from the top hole sections were discharged at the sea floorThe generated cuttings and used mud from deeper well sections were not discharged to sea. In order to increase the distance to the nearest corals from the discharge point, a Cuttings Transport System (CTS) was used to transport discharges from the top hole sections and all discharges were at 300m distance NNW (310 degrees) of well location. The main objective of the monitoring was to assess effects from the drilling activities on the corals south (and nearest) of the drilling location. The monitoring program included measurements of current, turbidity and sedimentation, as well as sampling of sediments from the seafloor. Sediment samples from the seafloor and sedimentation traps were analyzed for heavy metals and physical parameters. Coral structures were visually inspected before, during and after drilling operations.",NO,NOT_CONFIRMED,,OpenAlex,VERIFIED_BIBLIOGRAPHIC_DOCUMENT,PRODUCTION_CORE_INCLUDE,PROD-03932
CWC-789F37BA22AF,"Sediment plume simulation from bottom-trawled fishery and deposition effects on rhodoliths and deep-water corals from Campos basin, Brazil",Pedro Mello Paiva | Jader Lugon | Luciano Gomes Fischer | Maria Manuela Fraga Juliano | Emiliano Nicolas Calderón | Maurício Mussi Molisani,2023,Revista de Gestão Costeira Integrada,article,10.5894/rgci-n501,https://doi.org/10.5894/rgci-n501,"Extensive rhodoliths and deep-water coral has been described along the continental shelf and slope of the Campos Basin, but such environments can be highly vulnerable to the bottom trawling fishing. This study applied the MOHID software to simulate the sediment resuspension during the bottom trawling operation and to evaluate possible impacts of sediment deposition onto rhodoliths and deep-water coral. The sediment transport model was validated by field measurements of a bottom trawling operation and presented good accuracy. The results indicated that sediment resuspension by a double-rig trawling induced a 0.13 mm sediment layer deposition onto the rhodoliths from the continental shelf which has potential deleterious effects considered that such thickness is higher than the threshold proposed by the literature. On the contrary, a sediment resuspension/deposition by a single-rig trawling has no impact in the deep-water corals from the continental slope based on the thin layer deposition that was lower than the proposed tolerance limits.",YES,FROZEN_PUBLIC_FULL_TEXT_LOCATION,https://doi.org/10.5894/rgci-n501,OpenAlex | Semantic Scholar,VERIFIED_BIBLIOGRAPHIC_DOCUMENT,PRODUCTION_CORE_INCLUDE,PROD-03959
CWC-BF9D8CD707ED,Use of Riserless Mud Recovery for Protection of Cold Water Corals While Drilling in Norwegian Sea,Macdonald Daniel,2016,"SPE International Conference and Exhibition on Health, Safety, Security, Environment, and Social Responsibility",conference-paper,10.2118/179283-ms,https://doi.org/10.2118/179283-ms,"Abstract The riserless mud recovery (RMR) system has been commercially available for 12 years and used on over 240 wells worldwide. There are several different drivers that typically result in the use of the system and it offers many secondary benefits for top hole drilling, regardless of the primary driver. For the well in question it was used to avoid damaging cold water corals through burial with drilling related sediment. This paper details the background behind the decision to use the system, as well as the system's performance and the resulting benefits and drawbacks to be considered when selecting to use it in this way. During a habitat assessment carried out in 2013, significant quantities of sponge and coral structures were identified as being present on the seafloor around the proposed spud location for well 6507/11-11 in the Norwegian Sea. The well was planned to be the first exploration well in the Zumba prospect in PL 591. A visual survey to assess the condition of the coral structures within 500 m of the planned spud location was carried out in 2014. The results of this survey were used to risk assess the extent of any potential damage to the corals resulting from the drilling process on the Zumba exploration well. This process confirmed the likelihood that some of the corals would be subjected to significant harm if the well was drilled as a conventional exploration well using water based drilling fluid. Typically this would involve discharging displaced drilling fluid, cement slurry and drill cuttings to the sea at or nearby the well site. This assessment drove the decision to contain and ship to shore for disposal all the excess drilling fluids and cuttings. The RMR system was used to achieve this cuttings containment solution during the top hole sections. This was a relatively unique use of the system in Norway because the 36"" hole section was also drilled using total containment and no cuttings were discharged at sea.",NO,NOT_CONFIRMED,,OpenAlex,VERIFIED_BIBLIOGRAPHIC_DOCUMENT,PRODUCTION_CORE_INCLUDE,PROD-03963
CWC-CA349EAD234B,Potential biomarkers of metal toxicity in deep-sea invertebrates – A critical review of the omics data,Cármen Sousa | Jin Sun | Nélia C. Mestre,2024,The Science of The Total Environment,article,10.1016/j.scitotenv.2024.175628,https://doi.org/10.1016/j.scitotenv.2024.175628,"Deep-sea mining (DSM) activities are expected to release potentially toxic metal mixtures through the generation of sediment plumes to the marine environment. This may disrupt the normal functioning of biological mechanisms, adversely affecting deep-sea invertebrate organisms. It is thus essential to understand the ecotoxicological effects from these toxic elements in deep-sea organisms and the omics approaches applied to ecotoxicology are seen as promising tools. Here, we provide an overview of the principal biological modifications identified in deep-sea invertebrates when exposed to metals and critically evaluate the current knowledge and discuss which potential biomarkers may be useful after metal exposure. Most of the 50 omics studies on deep-sea invertebrates revised are comparative transcriptomes ( n = 41). Forty-three potential biomarker candidates are highlighted from immune system, 46 from cellular metabolism and 29 from oxidative stress. The processes mostly affected by metal toxicity in deep-sea invertebrates are related to innate immune defense; sulfur, chitin, and catabolic metabolism; antioxidation; and detoxification. We acknowledge the current limitations and future perspectives for their uses and emphasize the need to invest in further ecotoxicological studies using the omics approaches. Potential biomarkers were proposed for Cnidaria (e.g. coral, anemone), Porifera (e.g. sponge), Echinodermata (e.g. sea cucumber, brittle star, sea urchin), Mollusca (e.g. clam, mussel, snail), Arthropoda (e.g. shrimp, crab, amphipod) and Annelida (e.g. tubeworm) based on several Proteomic, Transcriptomic and Metabolomic published studies. • Fifty omics studies on metal-related exposure in deep-sea invertebrates reviewed • 41 biomarkers candidates prevailed in different omics approaches and various species. • 28 potential biomarkers identified from the few studies with metal challenges • Metal toxicity induced changes in immune system, metabolism and oxidative stress. • Validated biomarkers can be helpful to implement future disturbance threshold levels.",NO,NOT_CONFIRMED,,OpenAlex,VERIFIED_BIBLIOGRAPHIC_DOCUMENT,PRODUCTION_CORE_INCLUDE,PROD-04089
CWC-18A1BC367C4A,Avoidance and Mitigation of Coral and Sponge Species During Exploratory Drilling Activities Offshore Newfoundland and Labrador,L. Gullage | V. Hayes | B. M. Neves | N. Wells | F. Cyr | F. J. Murillo,2022,Federal Open Science Repository of Canada / Le Dépôt fédéral de science ouverte du Canada,report,,https://open-science.canada.ca/handle/123456789/1614,"An investigation was conducted into the likely impacts of exploratory drilling to coral and sponge species in the Newfoundland and Labrador (NL) region, as well as the ways in which avoidance and mitigation measures can be applied to reduce them. Impacts described in existing literature suggest that coral and sponge species may experience changes in behaviour (e.g. feeding, reproduction), fitness, and survival as a result of physical damage, exposure to chemicals, and/or excess sedimentation which result from exploratory drilling activities. As outlined in the Fisheries Act, it is recommended that a “mitigation hierarchy” of: (1) avoid, (2) mitigate, (3) offset, be used to reduce risks to biodiversity. However, because offsetting impacts would not generally be compatible with benthic conservation objectives, they are not discussed in depth in this report. Following this hierarchy, the avoidance of exploratory drilling in existing special areas that have been previously delineated based on the presence of coral and/or sponge species in high densities is essential for preserving biodiversity in the region. This would include Significant Benthic Areas (SiBAs), Vulnerable Marine Ecosystems (VMEs), and any sites where the zone of influence from exploratory drilling would overlap SiBA or VME boundaries. Avoidance in areas outside SiBAs and VMEs where the density of coral and sponge species observed during pre-drill surveys meets the thresholds used to define SiBAs and VMEs is also of high importance. In addition, various modifications to existing exploratory drilling processes, intended to mitigate the impacts to coral and sponge species, without considerations to engineering and/or economic impacts, have also been outlined within the report. They would allow for reductions to the area of impact, the amount of cuttings generated, and the release of drilling muds into the environment, thereby reducing the overall impact to coral and sponge species in the area.",NO,NOT_CONFIRMED,,OpenAlex,VERIFIED_BIBLIOGRAPHIC_DOCUMENT,PRODUCTION_CORE_INCLUDE,PROD-04208
CWC-D01C5CAA9EF2,"The CORAMM (Coral Risk Assessment, Monitoring and Modelling",Laurenz Thomsen | Raeid M. M. Abed | Elke Allers | Melanie Bergmann | Dirk de Beer | Sarah Johnsen | Frederik De Laender | Ann I. Larsson | Tomas Lundälv | Tim W. Nattkemper | Ingunn Nilssen | Dick van Oevelen | Jörg Ontrup | Autun Purser | I. Rønning | Mathijs G.D. Smit | Usha Unnithan | Hannes Wagner | Tingting Wang,2009,Helmholtz-Zentrum für Polar-und Meeresforschung (Alfred-Wegener-Institut),conference-paper,,https://epic.awi.de/id/eprint/20430/1/Tho2009a.pdf,"CORAMM aims to improve our knowledge of the impacts of high suspended sediment loads and drill cuttings on cold water coral communities. The project is multidisciplinary in approach, with sedimentologists, biologists, modellers and representatives from StatoilHydro all involved in furthering the current understanding of these ecosystems. CORAMM has 4 workpackages: WP1 concentrates on the development of novel video and image analysis tools to enable a better and faster evaluation of Lophelia pertusa community structure and health status. WP2 assembles and further develops sensor systems for environmental monitoring with special emphasis on particle dynamics. These systems can be used as autonomous stand-alone units or can be linked to the internet. WP3 carries out specific experiments with live coral colonies to elucidate and predict the effect of different particle size and microbial composition. WP4 will build advanced ecosystem models for cold water corals and use a physiology- based approach to predict the effect of different sediment loads on the performance of cold water corals. Here, we present the outcome of the first 18 months of research.",NO,NOT_CONFIRMED,,OpenAlex,VERIFIED_BIBLIOGRAPHIC_DOCUMENT,PRODUCTION_CORE_INCLUDE,PROD-04643
CWC-E4592A38921D,Side Scan Sonar and TV Observations of the Benthic Environment and Megabenthos in the Vicinity of an OCS Exploratory Well in the Middle Atlantic Bight,Robert Gillmor | C. Menzie | John H. Ryther,1981,OCEANS 1981 conference proceedings,conference-paper,10.1109/oceans.1981.1151503,https://doi.org/10.1109/oceans.1981.1151503,"The benthic megafauna and physical environment around an exploratory well site in the Mid-Atlantic were observed with side-scan sonar and bottom TV prior to, two weeks after, and one year after drilling. Physical alterations (anchor scours, cuttings and debris accumulation) were seen two weeks and one year after drilling. Two weeks after, increases in demersal fish (primarily hake) and decapods (primarily Cancer crabs) were observed. Increases were most evident near the well site and appeared associated with the increased microrelief. Mussel accumulations around the site may also have attracted these species. One year after drilling, hake density was still elevated near the site, but mussels and Cancer densities were not. Decapod densities (particularly galatheid crabs) were lower within 500 meters of the site than beyond, perhaps because of hake predation. Sessile megabenthos (e.g., sea pens) may have been buried by cuttings in the immediate vicinity, but burial effects were not as evident one year later.",NO,NOT_CONFIRMED,,OpenAlex | Semantic Scholar,VERIFIED_BIBLIOGRAPHIC_DOCUMENT,PRODUCTION_CORE_INCLUDE,PROD-04650
CWC-012A353EA28C,Sediment impacts on sponges and a deep-sea coral in New Zealand,Valeria Mobilia,2021,Victoria University of Wellington,dissertation,10.26686/wgtn.17096843,https://doi.org/10.26686/wgtn.17096843,"Increased levels of suspended sediment in the water column are important factors contributing to the degradation of marine ecosystems worldwide. In coastal waters, temporal variation in suspended sediment concentrations (SSCs) occurs naturally due to seasonal and oceanographic processes. However, there is evidence that anthropogenic activities are increasing sediment concentrations. The volume of sediment moving from land-based sources into coastal ecosystems and human activities in the ocean disturbing the seafloor, such as dredging and bottom-contact fisheries, have been increasing over the last century. In addition, offshore activities, particularly bottom-contact fishing and potential deep-sea mining, can create sediment plumes in the deep-sea that may extend over long distances. Elevated suspended sediment concentrations have detrimental effects on benthic communities, particularly for suspension feeders like sponges and corals. The aim of this thesis was to investigate the effects of increased SSCs that might arise from heavy anthropogenic disturbance on common shallow water and deep-sea sponges and a deep-sea coral in New Zealand, as these groups contribute to habitat structure in some benthic environments, including the deep sea.",YES,FROZEN_PUBLIC_FULL_TEXT_LOCATION,https://openaccess.wgtn.ac.nz/articles/thesis/Sediment_impacts_on_sponges_and_a_deep-sea_coral_in_New_Zealand/17096843/1/files/31615100.pdf,OpenAlex | Semantic Scholar,VERIFIED_BIBLIOGRAPHIC_DOCUMENT,PRODUCTION_CORE_INCLUDE,PROD-05279
CWC-C5FAED17E7BF,Susceptibility of the Soft Coral Gersemia rubiformis to Capture by Hydraulic Clam Dredges off Eastern Canada: The Significance of Soft Coral-Shell Associations,Kent D. Gilkinson | Donald C. Gordon Jr. | D. L. McKeown | Dale Roddick | Ellen L. R. Kenchington | K. G. MacIsaac | C. Bourbonnais | W. P. Vass,2005,Benthic Habitats and the Effects of Fishing; American Fisheries Society Symposium 41,book-chapter,10.47886/9781888569605.ch65,https://doi.org/10.47886/9781888569605.ch65,"Abstract. Soft corals (order Alcyonacea) are common on low-relief seabeds on the eastern Canadian shelf where they attach to empty shells and gravel. The effect of hydraulic clam dredging on the abundance of soft corals (specifically Gersemia rubiformis ) was investigated on a sandy seabed at depths of 70–80 m on Banquereau, off eastern Canada. Visible soft corals were counted from video taken in two dredged and reference boxes before dredging; immediately after dredging; and 2 weeks, 1 year, and 2 years after dredging. Experimental dredging followed standard commercial practices. Dredge tracks covered approximately 53% and 68% of the surface area inside the two dredging boxes, and, although postdredging video surveys were conducted in heavily disturbed areas, no detectable effects of dredging on soft coral abundances were seen. However, the power of the analysis of variance was relatively low (0.6). Low dredge capture rates of soft corals also could partially explain the absence of an observed dredging effect on soft coral abundances. Dredge bycatch from the two dredging boxes showed that soft coral capture rates were variable and generally low (2% and 19%). In this sandy habitat, soft corals attach to empty shells at frequencies of 84% and higher. Most of the shell-attached soft corals were probably displaced from the dredge path through dredge-generated water turbulence. There are two spatial patterns of soft coral–shell associations on Banquereau. There is a low background density of soft corals (averaging 1–5 per 15 m2) with scattered patches (15–50 m in diameter) of dense accumulations of empty shells with attached epifauna including soft corals at higher abundances. It is expected that dredging through these dense patches, which are expected to be relatively hydrodynamically stable, would result in greater bycatch and damage to soft corals and disruption of these structurally complex seabed features.",NO,NOT_CONFIRMED,,OpenAlex,VERIFIED_BIBLIOGRAPHIC_DOCUMENT,PRODUCTION_CORE_INCLUDE,PROD-05429
CWC-F465BA58B9FB,Assessing Exploratory Drilling Impacts on an Arctic Deepwater Sea-Pen Habitat in Offshore Norway,J. E. Paulsen | Sabine Cochrane | Øyvind Leikvin | Jesper Hansen | Hans E. Torbergsen | Stefano Pierfelici,2014,Society of Petroleum Engineers conference proceedings,conference-paper,10.2118/168343-ms,https://doi.org/10.2118/168343-ms,"Abstract Drilling in Norwegian Arctic waters provokes concern regarding potential impacts on commercial fisheries and the marine environment. Of particular concern are deep-water sponge and sea-pen habitats. Drilling permits require environmental surveys to be carried out before and after drilling, to document drill cutting impacts. Lack of data on bottom currents in deep, northern waters may introduce errors in deposition models. This study aimed to provide data for environmental waste management in the Norwegian Arctic, at a drilling location at approximately 1400 m depth, inhabited by the deep-water seapen tentatively identified as Umbellula enchrinus, which occurs along the continental slope across the entire European Arctic. More than 70 Umbellula colonies were mapped using underwater video within approximately 1 km2 around the drilling location. Four surveys were carried out between 2010 and 2013, covering pre- and post-drilling conditions. Sediment core samples were taken before and after drilling to quantify the thickness and spatial extent of deposited drill cuttings. An Acoustic Doppler Current Profiler (ADCP) was deployed to measure water currents in the lower 450 m of the water column, at high resolution, during the entire drilling period. The upper water masses comprised northward-flowing Atlantic water, with cold Norwegian Sea Deep Water in the lowest 200 m overlying the seabed. Visible deposition of drill cuttings was restricted to within 100 m from the drilling location in most directions, and extending to around 150 m to the south-west, in accordance with bottom water movements. Exposure to cuttings deposition was not lethal, but organisms immediately near the well were mechanically destroyed. This likely is the most detailed investigation of live Umbellula organisms world-wide, and contributes to biological research on drilling impacts. Innovative water column measurements and drill cuttings impact assessments provide data for planning environmentally-sound drilling waste management strategies for offshore operations in Arctic Norway.",NO,NOT_CONFIRMED,,OpenAlex,VERIFIED_BIBLIOGRAPHIC_DOCUMENT,PRODUCTION_CORE_INCLUDE,PROD-05674
CWC-8DE4EC6DEA6A,Ecological consequences of exploration drilling on coral reefs in the Træna Deep,Pål Buhl‐Mortensen | Aivo Lepland,2007,Duo Research Archive (University of Oslo),report,,http://hdl.handle.net/11250/112721,"Coral reefs, skeleton samples and bottom sediments in the vicinity of the hydrocarbon exploration test well in the Træna Deep have been studied to assess the ecological effects and ""health status"" of Lophelia coral reefs. The fieldwork was carried out in June 2005, providing skeleton and sediment samples from 33 locations, video-recordings from eight dives with Remotely Operated Vehicle (ROV), and data on water movement from three current meters located at different sites. Current velocity and direction were recorded over a period of six days. The velocity varied between 0 and 27 cm/s, with the weakest currents in the area close to the exploration drilling site, and the strongest currents at the reference site about 12 km southeast of the drilling site. The current pattern showed tidal influence with a strong westward component. This current pattern was also reflected in the eastward growth of the coral reefs and by the orientation of fan-shaped gorgonian corals facing in the same direction. The analysis of video-records did not reveal clear difference in ""health"" status between reefs up-current or down-current to the drill site. The reefs consisted typically of a living ""frontal"" zone facing the currents, and a dead ""tail"" extending down-current for up to ca. 150 m. analysis of skeleton thin sections revealed that it is possible to establish the chronology and thrack the years in skeletons when the explorations drilling occured. The relatively coarse-gained sediments in the area made it possible to obtain seminent cores of limited length (5 - 30 cm), but several cores contain elevated Ba/barite concrentration at the sediment surface or just below. The geographic distribution of Ba content in sediments allowed the reconstruction of drilling mud disperal pattern westward from the drilling site, cinsistent with the prevailing current directions. Barite crystals, derived from the drilling mud, were identified among trapped sediments in the skeleton cavities of dead coral polyps older than six years. Highest barite concentrations was found in a polyp older than 13 years. The presence of relatively coarse-gained sediments abd drilling mud components in the coral polyps ca. 600 m down current from the drilling site signals the elevated turbulance and sediment supply during the drilling acitivty. This elevated sediment dispersion was likely having an influence upon the coral reefs, but due to the relatively shor duration of the drilling campaign and strong currents that effectively dilute episodic sediment discharges the damage was apparently not significant. Thus the results provide only minor indications of negative effects of drilling mud discharge on the cold-water coral Lophelia pertusa, but demonstrate that the method developed here can be used to trace exposure to elevated particle load originating from drilling activity.",NO,NOT_CONFIRMED,,OpenAlex,VERIFIED_BIBLIOGRAPHIC_DOCUMENT,PRODUCTION_CORE_INCLUDE,PROD-05675
CWC-F0F8871A2A32,Decommissioning of subsea oil and gas production pipelines: hydrodynamic modeling for preliminary assessment of sediment resuspension and burial onto benthic organisms,P. Paiva; J. L. Junior; E. Calderon; M. Juliano; M. M. Molisani,2020,Journal of Integrated Coastal Zone Management,article,10.5894/rgci-n286,https://doi.org/10.5894/rgci-n286,"Many offshore oil and gas fields in Brazil are reaching the end of their economic productive life, which has increasing the demand for decisions about decommissioning of the offshore exploration structures such as subsea pipelines. However, removing, retaining or relocating subsea infrastructure have potential impacts on the marine environment caused by seabed perturbation. Using the MOHID hydrodynamic software, this study simulated resuspension, similar to those caused by pipelines recovery operations, and estimated the deposited particle layer onto rhodoliths and deep-water coral in continental shelf and slope in different sediment grain-size typologies. According to the proposed scenarios, simulation of resuspension indicated that particle deposition exceeded the burial thresholds (5.0 mm to rhodoliths and 6.3 mm for deep-water corals), while only in the continental shelf with fine sand seabed, the subsea pipeline removing didn’t represent burial risk for considered benthic organisms.",YES,FROZEN_PUBLIC_FULL_TEXT_LOCATION,https://www.sintef.no/globalassets/project/erms/reports/erms-report-no-9b_burial_rf-am.pdf,Semantic Scholar,VERIFIED_BIBLIOGRAPHIC_DOCUMENT,PRODUCTION_CORE_INCLUDE,PROD-06781
CWC-8E3088960DAC,Regional guidance on measures to protect corals and sponges during exploratory drilling,Fisheries and Oceans Canada,2023,Fisheries and Oceans Canada,government_report,,https://www.dfo-mpo.gc.ca/publications/pnw-ppe/coral-sponge-caraux-eponges/nfl-guidance-directives-report-rapport-tnl-eng.html?wbdisable=false,"Coral condition: The degree of impact on corals and sponges from smothering is outlined in the DNV handbook as a low impact from sediment deposition of 1-3 mm, a moderate impact from 3-10 mm and a significant impact from >10 mm, which is in line with the conservative 1.5 mm PNET used for sensitive species in drill cuttings dispersion models and survey programs (DFO, 2021; DNV, 2019). Although coral health is a new area of research, there are elements of coral condition that can be used as a [...] in the NAFO Regulatory Area (NRA) using kernel density estimation (KDE). Sponges represent the hig",YES,FROZEN_PUBLIC_FULL_TEXT_LOCATION,https://www.dfo-mpo.gc.ca/publications/pnw-ppe/coral-sponge-caraux-eponges/nfl-guidance-directives-report-rapport-tnl-eng.html,Grey literature,VERIFIED_BIBLIOGRAPHIC_DOCUMENT,PRODUCTION_CORE_INCLUDE,PROD-07524
CWC-E8159C6B658B,"Effects of Sediment on Glass Sponges (Porifera, Hexactinellida) and Projected Effects on Glass Sponge Reefs",Sally P. Leys,2013,DFO Canadian Science Advisory Secretariat Research Document 2013/074,government_report,,https://www.dfo-mpo.gc.ca/csas-sccs/Publications/ResDocs-DocRech/2013/2013_074-eng.html,"Apr 11, 2013 — Clogging by sediment reduces filtration in the glass reef sponge by 50-80% of normal levels. Glass reef sponges rely on induced current to ...Read more",YES,FROZEN_PUBLIC_FULL_TEXT_LOCATION,https://www.dfo-mpo.gc.ca/csas-sccs/Publications/ResDocs-DocRech/2013/2013_074-eng.html,Grey literature,VERIFIED_BIBLIOGRAPHIC_DOCUMENT,PRODUCTION_CORE_INCLUDE,PROD-07591
CWC-72933D6D2377,Effects of Dredging-Related Stressors on Sponges: Laboratory Experiments,Maria-Cristina Pineda | Ben Strehlow | Alan Duckworth | Nicole S. Webster,2017,Western Australian Marine Science Institution,consultancy_report,,https://wamsi.org.au/app/uploads/2019/10/Dredging-Science-Final-Report-PROJ-6.4-Effects-of-dredging-related-stressors-on-sponges-Pineda-et-al-November-2017.pdf,"Due to their nutritional dependence on the products of photosynthesis, phototrophic sponges may be par-ticularly sensitive to turbidity (water cloudiness) and light reduction caused by increased suspended sediments in the water column14–17. One cause of high turbidity is dredging of the sea bed and the subsequent disposal of the sediment at offshore dredge material placement sites18. Recent analyses of the effects of plumes from dredging have shown the marked effects the suspended sediments can [...] responses of the deep-water sponge Geodia barretti exposed to suspended sediments. Aquat. Biol",YES,FROZEN_PUBLIC_FULL_TEXT_LOCATION,https://wamsi.org.au/app/uploads/2019/10/Dredging-Science-Final-Report-PROJ-6.4-Effects-of-dredging-related-stressors-on-sponges-Pineda-et-al-November-2017.pdf,Grey literature,VERIFIED_FULL_DOCUMENT_LOCATION,PRODUCTION_CORE_INCLUDE,PROD-07617
CWC-BED56803B049,Conservation and Restoration of Cold-Water Corals: CORDAP R&D Technology Roadmap,Qian Liu | Alex D. Rogers | Cassandra Roch | J. Gordon | Carlos M. Duarte | Laura F. Robinson | Rhian G. Waller | Christine Ferrier-Pagès | Sandra Brooke | Marina Carreiro-Silva | Kristopher Benson | M. L. De Carvalho Ferreira | C. Du Preez | S. Banks | James P. Barry | R. T. S. Cordeiro | Erik Cordes | Sebastian Hennige | T. F. Hourigan | M. V. Kitahara | Tina Kutti | Anna I. Larsson | D. M. Lauretta | A. K. Matsumoto | R. E. Ross | Eva Ramirez-Llodra | A. B. Yánez Suárez | Evan Edinger | A. Metaxas | Z. N. P. Filander | M. L. Taylor,2024,Coral Research & Development Accelerator Platform,consultancy_report,,https://cordap.org/wp-content/uploads/CORDAP-Cold-Water-Corals_Aug2024.pdf,"the scleractinian Desmophyllum pertusum had significant polyp mortality following burial by 6.5 mm of drill cuttings, the maximum permissible under environmental risk assessments in Norway (Larsson and Purser, 2011). High particle concentrations over longer periods resulted in reduced skeletal growth and reduced larval survival, indicating early life stages may be particularly vulnerable to drill cutting exposure (Larsson et al., 2013a). The Deep-Water Horizon blowout in 2010 led to impacts on [...] 1982). A sufficient understanding of the food sources of Octocorallia is lacking, as well as fo",YES,FROZEN_PUBLIC_FULL_TEXT_LOCATION,https://cordap.org/wp-content/uploads/CORDAP-Cold-Water-Corals_Aug2024.pdf,Grey literature,VERIFIED_FULL_DOCUMENT_LOCATION,PRODUCTION_CORE_INCLUDE,PROD-07637
CWC-337F7197A678,Identifying Priorities for the Protection of Deep-Sea Species and Habitats in the Nordic Seas,Erwann Legrand | Marion Boulard | Joe O'Connor | Tina Kutti,2024,Rapport fra havforskningen 2024-5; Institute of Marine Research,report,,https://www.hi.no/hi/nettrapporter/rapport-fra-havforskningen-en-2024-5,"particles tend to settle within a few hundred meters from the wellhead, usually resulting in spatially restricted impacts on benthic communities33. Low concentrations of the drill mud may disperse several kilometers away from the wellhead31. Recent studies demonstrated that impacts of suspended sediment plumes on long-lived structure-forming corals may be severe39. Furthermore, studies have shown much longer recovery times of deep-water benthic communities after being impacted from settling [...] from settling drilling mud as compared to more shallow water benthic communities34. The 2010 Deepw",YES,FROZEN_PUBLIC_FULL_TEXT_LOCATION,https://www.hi.no/hi/nettrapporter/rapport-fra-havforskningen-en-2024-5,Grey literature,VERIFIED_BIBLIOGRAPHIC_DOCUMENT,PRODUCTION_CORE_INCLUDE,PROD-07717
CWC-1FF605EE02AB,"IMR-PINRO Report No. 2-2016: Report on the Barents Sea Ecosystem, Part II—Complete Report",Institute of Marine Research | PINRO,2016,IMR-PINRO Joint Report Series 2-2016,monitoring_report,,https://www.hi.no/resources/publikasjoner/imrpinro/2016/imr-pinro_barents_sea_ecosystem_full_report_2016.pdf,"and other human activities such as oil and gas exploration. Because corals and sponges grow very slowly, recovery of these habitats may require from decades to centuries to recover, and in some cases may not recover at all (Fosså et al., 2002; Fosså and Kutti, 2010). As such, they are examples of Vulnerable Marine Ecosystems (VMEs). Impact or damage may lower the local biodiversity and diminish the possibility for many species to find shelter and feeding grounds (Buhl-Mortensen, 2006). The most [...] continental shelf. 69 Discharge of cuttings will lead to a certain degree of smothering of the",YES,FROZEN_PUBLIC_FULL_TEXT_LOCATION,https://www.hi.no/resources/publikasjoner/imrpinro/2016/imr-pinro_barents_sea_ecosystem_full_report_2016.pdf,Grey literature,VERIFIED_FULL_DOCUMENT_LOCATION,PRODUCTION_CORE_INCLUDE,PROD-07727
CWC-FF5955A82855,EL 1167 (Gale N-66) Conditions Closure Report,ExxonMobil Canada Ltd.,2023,ExxonMobil Canada Ltd.,monitoring_report,,https://exploration.exxonmobilcanada.ca/s/EL-1167-Gale-N-66-Closure-Report-2023.pdf,"from the 2023 post-drilling survey report concluded that effects from drilling activities within the 500 m x 500 m survey grid were within the EIS predictions. Coral and sponge abundances and densities were similar to pre-drilling levels. While coral and sponge condition differed from pre-drilling levels, this was largely due to the presence of basket stars on individuals (corals) and sedimentation present (sponge), both surveys categorizing these individuals as Poor rather than Good. it is [...] sections of this report, the pre-drilling survey results were compared to in situ post-drilling su",YES,FROZEN_PUBLIC_FULL_TEXT_LOCATION,https://exploration.exxonmobilcanada.ca/s/EL-1167-Gale-N-66-Closure-Report-2023.pdf,Grey literature,VERIFIED_FULL_DOCUMENT_LOCATION,PRODUCTION_CORE_INCLUDE,PROD-07833
CWC-162E32070130,Deep-Sea Sponge Aggregations: Fisheries Management Guidance,Joint Nature Conservation Committee | Scottish Natural Heritage,2013,JNCC and SNH Fisheries Management Guidance,regulator_assessment,,https://data.jncc.gov.uk/data/2d7638f7-cdd5-4153-8abb-9d33c5e02bf8/SMPA-fish-man-guidance-deep-sea-sponge-aggs-July2013.pdf,"(Hexactinellida) and the giant sponges (Desmospongia)1,2. They are thought to support diverse biological communities3, with the sponges increasing habitat complexity and influencing the occurrence of other species3. Impacts Demersal towed gears (including otter trawl, beam trawl) Trawling damages, displaces and removes sponges through direct physical impact, as well as from disturbed sediment resettling and causing smothering beyond the path of the trawl itself2,3,4. Deep-sea sponges have some [...] gathering and discussion with stakeholders will be required to determine the appropriate manage",YES,FROZEN_PUBLIC_FULL_TEXT_LOCATION,https://data.jncc.gov.uk/data/2d7638f7-cdd5-4153-8abb-9d33c5e02bf8/SMPA-fish-man-guidance-deep-sea-sponge-aggs-July2013.pdf,Grey literature,VERIFIED_FULL_DOCUMENT_LOCATION,PRODUCTION_CORE_INCLUDE,PROD-07904
CWC-1773E7123B8A,A Blueprint for Integrating Scientific Approaches and International Communities to Assess Basin-Wide Ocean Ecosystem Status,J. Murray Roberts | Colin W. Devey | Arne Biastoch | Marina Carreiro-Silva | Tina Dohna | Boris Dorschel | Vikki Gunn | Veerle A. I. Huvenne | David Johnson | Didier Jollivet | Ellen Kenchington | Kate Larkin | Marjolaine Matabos | Telmo Morato | Malik S. Naumann | Covadonga Orejas | J. Angel A. Perez | Stefán Á. Ragnarsson | Albertus J. Smit | Andrew Sweetman | Sebastian Unger | Benjamin Boteler | Lea-Anne Henry,2023,Communications Earth & Environment,article,10.1038/s43247-022-00645-w,https://doi.org/10.1038/s43247-022-00645-w,"and cover up to 150 km2, reaching many areas that support VMEs and ﬁshing activities66. Studies to examine the impacts on cold-water corals, sponges, vent mussels and their pelagic larvae need to expand and build upon early results that show how exposure to mining waste has severe toxic effects leading to signiﬁcant mortality in deep-sea habitat-forming octocorals64. For such experi-ments, it is essential to share expertise in maintaining these organisms and their larvae in research aquaria. [...] 64. Carreiro-Silva, M. et al. Mechanical and toxicological effects of deep-sea mining sediment pl",YES,FROZEN_PUBLIC_FULL_TEXT_LOCATION,https://nora.nerc.ac.uk/id/eprint/533969/1/s43247-022-00645-w.pdf,Grey literature,VERIFIED_BIBLIOGRAPHIC_DOCUMENT,PRODUCTION_CORE_INCLUDE,PROD-07930
CWC-104B2C5A7924,Sediment impacts on marine sponges,James J. Bell | Emily McGrath | Andrew Biggerstaff | Tracey Bates | Holly Bennett | Joseph Marlow | Megan Shaffer,2015,Marine Pollution Bulletin,article,10.1016/j.marpolbul.2015.03.030,https://doi.org/10.1016/j.marpolbul.2015.03.030,,NO,NOT_CONFIRMED,,Seeded benchmark | Citation chaining,VERIFIED_BIBLIOGRAPHIC_DOCUMENT,SEEDED_POSITIVE_CORE_BENCHMARK,BV-008
CWC-F2591A201364,Sub-lethal effects of water-based drilling muds on the deep-water sponge Geodia barretti,Katelyn J. Edge | Emma L. Johnston | Katherine A. Dafforn | Stuart L. Simpson | Tina Kutti | Raymond J. Bannister,2016,Environmental Pollution,article,10.1016/j.envpol.2016.02.047,https://doi.org/10.1016/j.envpol.2016.02.047,,NO,NOT_CONFIRMED,,Positive-enriched validation | Citation chaining,VERIFIED_BIBLIOGRAPHIC_DOCUMENT,HUMAN_ACCEPTED_POSITIVE_ENRICHED_CORE,PEV-025
CWC-6504F386F1B3,Impact of the Deepwater Horizon oil spill on a deep-water coral community in the Gulf of Mexico,Helen K. White | Pen‐Yuan Hsing | Walter Cho | Timothy M. Shank | Erik E. Cordes | Andrea M. Quattrini | Robert K. Nelson | Richard Camilli | Amanda W.J. Demopoulos | Christopher R. German | James M. Brooks | Harry H. Roberts | William Shedd | Christopher M. Reddy | Charles R. Fisher,2012,Proceedings of the National Academy of Sciences,article,10.1073/pnas.1118029109,https://doi.org/10.1073/pnas.1118029109,"To assess the potential impact of the Deepwater Horizon oil spill on offshore ecosystems, 11 sites hosting deep-water coral communities were examined 3 to 4 mo after the well was capped. Healthy coral communities were observed at all sites >20 km from the Macondo well, including seven sites previously visited in September 2009, where the corals and communities appeared unchanged. However, at one site 11 km southwest of the Macondo well, coral colonies presented widespread signs of stress, including varying degrees of tissue loss, sclerite enlargement, excess mucous production, bleached commensal ophiuroids, and covering by brown flocculent material (floc). On the basis of these criteria the level of impact to individual colonies was ranked from 0 (least impact) to 4 (greatest impact). Of the 43 corals imaged at that site, 46% exhibited evidence of impact on more than half of the colony, whereas nearly a quarter of all of the corals showed impact to >90% of the colony. Additionally, 53% of these corals' ophiuroid associates displayed abnormal color and/or attachment posture. Analysis of hopanoid petroleum biomarkers isolated from the floc provides strong evidence that this material contained oil from the Macondo well. The presence of recently damaged and deceased corals beneath the path of a previously documented plume emanating from the Macondo well provides compelling evidence that the oil impacted deep-water ecosystems. Our findings underscore the unprecedented nature of the spill in terms of its magnitude, release at depth, and impact to deep-water ecosystems.",NO,NOT_CONFIRMED,,Positive-enriched validation | Citation chaining,VERIFIED_BIBLIOGRAPHIC_DOCUMENT,HUMAN_ACCEPTED_POSITIVE_ENRICHED_CORE,PEV-026
CWC-D962354BD236,"Impact of particulate sediment, bentonite and barite (oil-drilling waste) on net fluxes of oxygen and nitrogen in Arctic-boreal sponges",James Kar‐Hei Fang | Christine Rooks | Cathinka M. Krogness | Tina Kutti | Friederike Hoffmann | Raymond J. Bannister,2018,Environmental Pollution,article,10.1016/j.envpol.2017.11.092,https://doi.org/10.1016/j.envpol.2017.11.092,,NO,NOT_CONFIRMED,,Positive-enriched validation | Citation chaining,VERIFIED_BIBLIOGRAPHIC_DOCUMENT,HUMAN_ACCEPTED_POSITIVE_ENRICHED_CORE,PEV-034
CWC-31EC2BA27AD5,The potential impacts of exploratory drilling and aquaculture wastes on cold-water cnidarians with a focus on cold-water corals,Kathryn Murray,2024,Memorial University of Newfoundland,doctoral thesis,10.48336/529w-2g70,https://doi.org/10.48336/529w-2g70,"Experiments tested finfish waste on Gersemia rubiformis and Aulactinia stella and barite/bentonite drilling mud on the deep-sea cup coral Flabellum (Ulocyathus) alabastrum. Reported responses included polyp expansion, mucus secretion, cnidocyte density, and recovery after sedimentation below 6.3 mm.",YES,AUTHORITATIVE_REPOSITORY_LANDING_PAGE,https://research.library.mun.ca/16655/,Supplemental sweep v3 | CSAS and literature priority audit,VERIFIED_BIBLIOGRAPHIC_DOCUMENT,SUPPLEMENTAL_V3_CORE_INCLUDE,SSV3-001
CWC-5BDFECB9B224,Asphyxiation by sedimentation? - a sponge's perspective,Hannah Samantha Schuster,2013,"University of Southampton, Ocean and Earth Science",doctoral thesis,,https://eprints.soton.ac.uk/377300/,"The thesis tested natural and anthropogenic sediment exposure in three sponges, including the deep-water species Phakellia ventilabrum. Drill-cutting exposure was tested in P. ventilabrum and Sycon ciliatum; respiration and transcriptional stress responses were measured, with species-specific regulation reported.",YES,AUTHORITATIVE_REPOSITORY_FULL_TEXT,https://eprints.soton.ac.uk/377300/,Supplemental sweep v3 | CSAS and literature priority audit,VERIFIED_FULL_DOCUMENT_LOCATION,SUPPLEMENTAL_V3_CORE_INCLUDE,SSV3-002
CWC-7ECCBE646349,Identification and Evaluation of Biological Effects and Impacts of Sediment to Sponge Communities in Hecate Strait,Fisheries and Oceans Canada,2013,"Canadian Science Advisory Secretariat, Science Advisory Report 2013/062",science advisory report,,https://www.dfo-mpo.gc.ca/csas-sccs/Publications/SAR-AS/2013/2013_062-eng.html,"The report assesses sediment effects on Hecate Strait glass sponge communities. It describes pumping arrest during suspended-sediment exposure, clogging after prolonged exposure, reduced water processing and nutrient uptake, and risks from sediment resuspension by fishing activities.",YES,AUTHORITATIVE_FULL_DOCUMENT,https://www.dfo-mpo.gc.ca/csas-sccs/Publications/SAR-AS/2013/2013_062-eng.html,Supplemental sweep v3 | CSAS and literature priority audit,VERIFIED_FULL_DOCUMENT_LOCATION,SUPPLEMENTAL_V3_CORE_INCLUDE,SSV3-003
CWC-21DAFD239A8B,Coral and Sponge Mitigations in Relation to Exploratory Drilling Programs in the Newfoundland and Labrador Region,Fisheries and Oceans Canada,2021,"Canadian Science Advisory Secretariat, Science Advisory Report 2021/028",science advisory report,,https://www.dfo-mpo.gc.ca/csas-sccs/Publications/SAR-AS/2021/2021_028-eng.html,Peer-reviewed advice on avoiding and mitigating exploratory-drilling impacts to Newfoundland and Labrador corals and sponges. It applies a 1.5 mm probable no-effects sediment-deposition threshold in drilling-discharge dispersion modelling and discusses monitoring and cumulative effects.,YES,AUTHORITATIVE_FULL_DOCUMENT,https://www.dfo-mpo.gc.ca/csas-sccs/Publications/SAR-AS/2021/2021_028-eng.html,Supplemental sweep v3 | CSAS and literature priority audit,VERIFIED_FULL_DOCUMENT_LOCATION,SUPPLEMENTAL_V3_CORE_INCLUDE,SSV3-004
CWC-91FA2484508E,Considerations for the Authorization of Bottom-Contacting Scientific Surveys Within Protected Areas in the Newfoundland and Labrador Region,R. M. Rideout | M. Warren | K. Skanes | J. Pantin | B. Neves | V. Wareham-Hayes | H. Munro | F. Cyr | C. Pretty | B. Rogers | M. Koen-Alonso,2024,"Canadian Science Advisory Secretariat, Research Document 2024/073",research document,,https://www.dfo-mpo.gc.ca/csas-sccs/Publications/ResDocs-DocRech/2024/2024_073-eng.html,"The document reviews bottom-contact fishing and survey impacts on sensitive benthic taxa in protected areas. Its coral-and-sponge section discusses smothering, suspended-sediment exposure, feeding arrest thresholds in glass sponges, damage, mortality, and recovery, while the report's primary purpose is survey authorization.",YES,AUTHORITATIVE_FULL_DOCUMENT,https://www.dfo-mpo.gc.ca/csas-sccs/Publications/ResDocs-DocRech/2024/2024_073-eng.html,Supplemental sweep v3 | CSAS and literature priority audit,VERIFIED_FULL_DOCUMENT_LOCATION,SUPPLEMENTAL_V3_CORE_INCLUDE,SSV3-007
