resolution_id,input_title,input_year,input_authors,input_venue,source_systems,source_query_ids,source_record_ids,source_record_count,resolution_status,resolution_reason,crossref_doi,crossref_title,crossref_year,crossref_authors,crossref_container_title,crossref_type,crossref_publisher,crossref_url,crossref_score,title_similarity,title_token_jaccard,year_difference,first_author_match,queried_at_utc
249a5fa437f096b0,The Ecology of an Hawaiian Coral Reef,1928,"Edmondson, CH",BERNICE P BISHOP MUSEUM BULLETIN,Web of Science,WOS_SED_DEPOSITION_01,WOS_SED_DEPOSITION_01.ris#1167,1,no_match,best Crossref candidate failed conservative match threshold,10.1093/jahist/jav507,"Hawaiian and Pacific Halls, Bernice Pauahi Bishop Museum",2015,,Journal of American History,journal-article,Oxford University Press (OUP),https://doi.org/10.1093/jahist/jav507,39.131203,0.347826,0.071429,87,False,2026-08-13T22:30:18+00:00
f0b5dc1b01c6ab15,"Geology and paleontology of the Georges Bank canyons Part II Upper Cretaceous fossils from Georges Bank (including species from Banquereau, Nova Scotia)",1936,"Stephenson, LW",BULLETIN OF THE GEOLOGICAL SOCIETY OF AMERICA,Web of Science,WOS_SED_DREDGING_01,WOS_SED_DREDGING_01.ris#671,1,no_match,best Crossref candidate failed conservative match threshold,10.1130/gsab-47-367,"Part II. Upper Cretaceous fossils from Georges Bank (including species from Banquereau, Nova Scotia)",1936,L. W. STEPHENSON,Geological Society of America Bulletin,journal-article,Geological Society of America,https://doi.org/10.1130/gsab-47-367,154.32916,0.783673,0.684211,0,True,2026-08-13T22:30:26+00:00
2d1b64ed7d9a901e,ETUDE DES BIOCENOSES MARINES DU CAP CORSE,1960,"MOLINIER, R",VEGETATIO,Web of Science,WOS_SED_DREDGING_01,WOS_SED_DREDGING_01.ris#669,1,accepted,exact normalized title; year within one; author consistent if available,10.1007/bf02917032,Étude des biocénoses marines du Cap Corse,1960,Roger Molinier,Vegetatio,journal-article,Springer Science and Business Media LLC,https://doi.org/10.1007/bf02917032,88.556755,1.000000,1.000000,0,True,2026-08-13T22:30:55+00:00
7feff45054c9af6d,SOLITARY CORAL GROWTH FORMS AND DISTRIBUTION PATTERNS AS INDEX OF SEDIMENT-ACCUMULATION RATES,1970,"HUBBARD, JAE",AMERICAN ASSOCIATION OF PETROLEUM GEOLOGISTS BULLETIN,Web of Science,WOS_SED_DEPOSITION_01,WOS_SED_DEPOSITION_01.ris#403,1,accepted,high title similarity; exact year; first author matched,10.1306/5d25cacf-16c1-11d7-8645000102c1865d,Solitary Coral Growth Forms and Distribution Patterns as Index of Sediment-Accumulation Rates: ABSTRACT,1970,Julia A. E. B. Hubbard,AAPG Bulletin,journal-article,Unmaintained records,https://doi.org/10.1306/5d25cacf-16c1-11d7-8645000102c1865d,95.22711,0.953846,0.928571,0,True,2026-08-13T22:32:09+00:00
d56f1efb26df873a,EFFECTS OF WATER TURBIDITY AND SEDIMENTATION ON COMMUNITY STRUCTURE OF PUERTO-RICAN CORALS,1976,"LOYA, Y",BULLETIN OF MARINE SCIENCE,Web of Science,WOS_MECH_FEEDING_MUCUS_CORAL_01 | WOS_SED_SUSPENDED_01,WOS_MECH_FEEDING_MUCUS_CORAL_01.ris#79 | WOS_SED_SUSPENDED_01.ris#703,2,no_match,best Crossref candidate failed conservative match threshold,10.1007/bf00388987,Possible effects of water pollution on the community structure of Red Sea corals,1975,Y. Loya,Marine Biology,journal-article,Springer Science and Business Media LLC,https://doi.org/10.1007/bf00388987,47.255962,0.694118,0.411765,1,True,2026-08-13T22:32:48+00:00
53df92d76db31eed,HABITATS OF TUBICOLOUS POLYCHAETES FROM HAWAIIAN ISLANDS AND JOHNSTON ATOLL,1976,"BAILEYBROCK, JH",PACIFIC SCIENCE,Web of Science,WOS_SED_DREDGING_01,WOS_SED_DREDGING_01.ris#667,1,no_match,best Crossref candidate failed conservative match threshold,10.5479/si.00775630.433.1,"History and ornithological journals of the Tanager expedition of 1923 to the Northwestern Hawaiian Islands, Johnston and Wake Islands",1996,Storrs L. Olson,Atoll Research Bulletin,journal-article,Smithsonian Institution,https://doi.org/10.5479/si.00775630.433.1,38.553574,0.454106,0.250000,20,False,2026-08-13T22:32:52+00:00
5db7b5159d0fb05b,PRESENT KNOWLEDGE OF SYSTEMATICS AND ZOOGEOGRAPHY OF ORDER GORGONACEA IN HAWAII,1976,"GRIGG, RW; BAYER, FM",PACIFIC SCIENCE,Web of Science,WOS_SED_DREDGING_01,WOS_SED_DREDGING_01.ris#353,1,no_match,best Crossref candidate failed conservative match threshold,10.5962/bhl.title.5571,Systematics and zoogeography of Philippine amphibia,1954,Robert F. Inger,,monograph,Chicago Natural History Museum,https://doi.org/10.5962/bhl.title.5571,27.949192,0.569231,0.333333,22,False,2026-08-13T22:32:55+00:00
c32690265bac9925,SEDIMENTATION ON PUERTO-RICO INSULAR SHELF,1976,"SCHNEIDERMANN, N; PILKEY, OH; SAUNDERS, C",JOURNAL OF SEDIMENTARY PETROLOGY,Web of Science,WOS_SED_DEPOSITION_01,WOS_SED_DEPOSITION_01.ris#11,1,accepted,high title similarity; exact year; first author matched,10.1306/212f6ee7-2b24-11d7-8648000102c1865d,Sedimentation on the Puerto Rico insular shelf,1976,N. Schneidermann; O. H. Pilkey; C. Saunders,Journal of Sedimentary Research,journal-article,Society for Sedimentary Geology,https://doi.org/10.1306/212f6ee7-2b24-11d7-8648000102c1865d,100.553505,0.954545,0.857143,0,True,2026-08-13T22:32:59+00:00
9f8c008df27ec17e,CORAL POPULATIONS AND GROWTH-PATTERNS - RESPONSES TO SEDIMENTATION AND TURBIDITY ASSOCIATED WITH DREDGING,1977,Richard E. Dodge | J. Rimas Vaišnys,NSUWorks (Nova Southeastern University),OpenAlex | Semantic Scholar | Web of Science,OA_RESP_THRESHOLD_RECOVERY_01 | OA_SED_DREDGING_01 | OA_SED_SUSPENDED_01 | SS_RESP_THRESHOLD_RECOVERY_01 | SS_SED_DREDGING_01 | SS_SED_SUSPENDED_01 | WOS_SED_DREDGING_01 | WOS_SED_SUSPENDED_01,5ee0f7d3bfb3872b4ea1854f89d9c0ba3f588780 | WOS_SED_DREDGING_01.ris#666 | WOS_SED_SUSPENDED_01.ris#1102 | https://openalex.org/W121480852,8,no_match,best Crossref candidate failed conservative match threshold,10.1038/258706a0,Hermatypic coral growth banding as environmental recorder,1975,RICHARD EUGENE DODGE; J. RIMAS VAIŠNYS,Nature,journal-article,Springer Science and Business Media LLC,https://doi.org/10.1038/258706a0,40.537025,0.362500,0.117647,2,True,2026-08-13T22:33:02+00:00
0c3a5b8d2ebe934d,"FEEDING-HABITS OF DOVER SOLE, MICROSTOMUS-PACIFICUS-REX SOLE, GLYPTOCEPHALUS-ZACHIRUS-SLENDER SOLE, LYOPSETTA-EXILIS AND PACIFIC SANDDAB, CITHARICHTHYS-SORDIDUS, IN A REGION OF DIVERSE SEDIMENTS AND BATHYMETRY OFF OREGON",1978,"PEARCY, WG; HANCOCK, D",FISHERY BULLETIN,Web of Science,WOS_MECH_FEEDING_MUCUS_CORAL_01,WOS_MECH_FEEDING_MUCUS_CORAL_01.ris#15,1,no_match,best Crossref candidate failed conservative match threshold,10.1016/j.seares.2006.08.004,"The distribution of life cycle stages of two deep-water pleuronectids, Dover sole (Microstomus pacificus) and rex sole (Glyptocephalus zachirus), at the northern extent of their range in the Gulf of Alaska",2007,Alisa A. Abookire; Kevin M. Bailey,Journal of Sea Research,journal-article,Elsevier BV,https://doi.org/10.1016/j.seares.2006.08.004,93.65271,0.473430,0.238095,29,False,2026-08-13T22:33:20+00:00
0b758e59b9cbc2fb,"HOLOCENE REEFS AND SEDIMENTS OF CASTLE HARBOR, BERMUDA",1978,"DRYER, S; LOGAN, A",JOURNAL OF MARINE RESEARCH,Web of Science,WOS_SED_DREDGING_01 | WOS_SED_SUSPENDED_01,WOS_SED_DREDGING_01.ris#664 | WOS_SED_SUSPENDED_01.ris#1315,2,no_match,best Crossref candidate failed conservative match threshold,10.1007/bf00346766,"In situ respiration of benthic communities in Castle Harbor, Bermuda",1972,K. L. Smith; K. A. Burns; J. M. Teal,Marine Biology,journal-article,Springer Science and Business Media LLC,https://doi.org/10.1007/bf00346766,36.761955,0.550000,0.307692,6,False,2026-08-13T22:33:24+00:00
f760d14f625fd7d9,"LEPIDOSPHAERA, A NEW GENUS OF LIVING DEMOSPONGEA WITH SCALE-LIKE SPICULES",1978,"LEVI, C; LEVI, P",BULLETIN DE LA SOCIETE ZOOLOGIQUE DE FRANCE,Web of Science,WOS_SED_DREDGING_01,WOS_SED_DREDGING_01.ris#665,1,no_match,best Crossref candidate failed conservative match threshold,10.2113/gssgfbull.s7-xx.4.441,Les Ostracodes et l'evolution paleogeographique et paleohydrologique des marges continentales de l'Atlantique nord-oriental pendant le Cenozoique,1978,O. Ducasse; J. P. Peypouquet,Bulletin de la Societe Geologique de France,journal-article,EDP Sciences,https://doi.org/10.2113/gssgfbull.s7-xx.4.441,49.626804,0.276498,0.000000,0,False,2026-08-13T22:33:24+00:00
41131f34a5d3b4f7,"STRATIGRAPHY AND DEPOSITIONAL SETTING, KINGSHILL LIMESTONE, MIOCENE, ST-CROIX, UNITED-STATES VIRGIN-ISLANDS",1978,"GERHARD, LC; FROST, SH; CURTH, PJ",AAPG BULLETIN,Web of Science,WOS_SED_SUSPENDED_01,WOS_SED_SUSPENDED_01.ris#980,1,no_match,best Crossref candidate failed conservative match threshold,10.1306/c1ea4856-16c9-11d7-8645000102c1865d,"Stratigraphy and Depositional Setting, Kingshill Limestone, Miocene, St. Croix, U.S. Virgin Islands",1978,Lee C. Gerhard; Stanley H. Frost; Patrick J. Curth,AAPG Bulletin,journal-article,American Association of Petroleum Geologists AAPG/Datapages,https://doi.org/10.1306/c1ea4856-16c9-11d7-8645000102c1865d,140.59293,0.948980,0.733333,0,True,2026-08-13T22:33:27+00:00
c288e942004a175d,"KABARA CORAL-REEF COMPLEX (LAU, FIJI) - GEOMORPHOLOGY, BIOLOGY AND SOCIO-ECOLOGY",1979,"GALZIN, R; RICARD, M; RICHARD, G; SALVAT, B; TOFFART, JL",ANNALES DE L INSTITUT OCEANOGRAPHIQUE,Web of Science,WOS_MECH_FEEDING_MUCUS_CORAL_01,WOS_MECH_FEEDING_MUCUS_CORAL_01.ris#597,1,no_match,best Crossref candidate failed conservative match threshold,10.1007/bf00301196,Variation in diversity of coral reef fish between French Polynesian atolls,1994,R. Galzin; S. Planes; V. Dufour; B. Salvat,Coral Reefs,journal-article,Springer Science and Business Media LLC,https://doi.org/10.1007/bf00301196,45.989666,0.364865,0.100000,15,True,2026-08-13T22:33:32+00:00
5394ca9352f1d233,"CALCIUM-CARBONATE BUDGET OF A FRINGING-REEF ON THE WEST-COAST OF BARBADOS .2. EROSION, SEDIMENTS AND INTERNAL STRUCTURE",1980,"SCOFFIN, TP; STEARN, CW; BOUCHER, D; FRYDL, P; HAWKINS, CM; HUNTER, IG; MACGEACHY, JK",BULLETIN OF MARINE SCIENCE,Web of Science,WOS_MECH_FEEDING_MUCUS_CORAL_01,WOS_MECH_FEEDING_MUCUS_CORAL_01.ris#693,1,no_match,best Crossref candidate failed conservative match threshold,10.1306/212f90fc-2b24-11d7-8648000102c1865d,"Carbonate-siliciclastic facies transition and reef growth on the northeast coast of Barbados, West Indies",1990,Kelly Lee Acker; Colin W. Stearn,Journal of Sedimentary Research,journal-article,Society for Sedimentary Geology,https://doi.org/10.1306/212f90fc-2b24-11d7-8648000102c1865d,51.665333,0.536364,0.375000,10,False,2026-08-13T22:33:42+00:00
b20258fd469db28e,"Colonization of Marine Fishes in a Newly Created Harbor, Honokohau, Hawaii",1980,Richard Brock,ScholarSpace (University of Hawaii at Manoa),OpenAlex | Semantic Scholar | Web of Science,OA_SED_SUSPENDED_01 | SS_SED_SUSPENDED_01 | WOS_SED_SUSPENDED_01,63a4b6b0da060fb437ac5232eb681799126d1925 | WOS_SED_SUSPENDED_01.ris#975 | https://openalex.org/W2257810821,3,no_match,best Crossref candidate failed conservative match threshold,10.21748/xxpa8618,Nutrient Content and Carotenoid Bioaccessibility of Underutilized Taro Varieties from Hawaii,2022,Kento Senga; Kaci Ho; Jon-Paul Bingham; Marisa Wall,Proceedings of 2022 AOCS Annual Meeting &amp; Expo,proceedings-article,American Oil Chemists' Society (AOCS),https://doi.org/10.21748/xxpa8618,49.755455,0.341463,0.100000,42,False,2026-08-13T22:33:59+00:00
fe8cfb141ae1e6ea,DISTRIBUTION AND STRUCTURE OF DEEP-WATER OCULINA-VARICOSA CORAL REEFS OFF CENTRAL EASTERN FLORIDA,1980,"REED, JK",BULLETIN OF MARINE SCIENCE,Web of Science,WOS_SED_DREDGING_01,WOS_SED_DREDGING_01.ris#351,1,no_match,best Crossref candidate failed conservative match threshold,10.1016/s0278-4343(03)00080-3,"Reproductive ecology of a deep-water scleractinian coral, Oculina varicosa, from the southeast Florida shelf",2003,Sandra Brooke; Craig M. Young,Continental Shelf Research,journal-article,Elsevier BV,https://doi.org/10.1016/s0278-4343(03)00080-3,54.598675,0.541872,0.318182,23,False,2026-08-13T22:37:32+00:00
6aedcd250becc712,PRODUCTION AND BACTERIAL-COLONIZATION OF MUCUS FROM THE SOFT CORAL BRIARIUM-ASBESTINUM,1980,"RUBLEE, PA; LASKER, HR; GOTTFRIED, M; ROMAN, MR",BULLETIN OF MARINE SCIENCE,Web of Science,WOS_MECH_FEEDING_MUCUS_CORAL_01 | WOS_SED_SUSPENDED_01,WOS_MECH_FEEDING_MUCUS_CORAL_01.ris#67 | WOS_SED_SUSPENDED_01.ris#796,2,no_match,best Crossref candidate failed conservative match threshold,10.2307/1542214,"Growth Rates and Growth Strategy in a Clonal Marine Invertebrate, the Caribbean Octocoral <i>Briareum asbestinum</i>",1992,D. A. Brazeau; H. R. Lasker,The Biological Bulletin,journal-article,University of Chicago Press,https://doi.org/10.2307/1542214,35.929596,0.505051,0.125000,12,False,2026-08-13T22:33:59+00:00
2adb6093ccd9765b,"GROWTH-RATES IN MONTASTRAEA-ANNULARIS - A RECORD OF ENVIRONMENTAL-CHANGE IN KEY-LARGO-CORAL-REEF-MARINE-SANCTUARY, FLORIDA",1981,"HUDSON, JH",BULLETIN OF MARINE SCIENCE,Web of Science,WOS_SED_DREDGING_01 | WOS_SED_SUSPENDED_01,WOS_SED_DREDGING_01.ris#654 | WOS_SED_SUSPENDED_01.ris#1333,2,review,plausible title/year match below automatic acceptance threshold,10.1016/0198-0254(81)91549-1,"Growth rates in Montastraea annularis: a record of environmental change in Key Largo Coral Reef marine Sanctuary, Florida",1981,,Deep Sea Research Part B. Oceanographic Literature Review,journal-article,Elsevier BV,https://doi.org/10.1016/0198-0254(81)91549-1,112.553825,1.000000,1.000000,0,False,2026-08-13T22:37:32+00:00
8d0a089adaed2442,"MIDDLE JURASSIC SHOALING OF THE CENTRAL HIGH ATLAS SEA NEAR RICH, MOROCCO",1981,"STANLEY, RG",JOURNAL OF SEDIMENTARY PETROLOGY,Web of Science,WOS_SED_SUSPENDED_01,WOS_SED_SUSPENDED_01.ris#950,1,accepted,exact normalized title; year within one; author consistent if available,10.1306/212f7dd8-2b24-11d7-8648000102c1865d,"Middle Jurassic shoaling of the central High Atlas sea near Rich, Morocco",1981,Richard G. Stanley,Journal of Sedimentary Research,journal-article,Society for Sedimentary Geology,https://doi.org/10.1306/212f7dd8-2b24-11d7-8648000102c1865d,99.39399,1.000000,1.000000,0,True,2026-08-13T22:36:13+00:00
e82ee4c2cd7ae0fe,"THE ENVIRONMENTAL CONSEQUENCES AND MANAGEMENT OF CORAL SAND DREDGING FROM SEAGRASS BEDS IN THE SUVA REGION, FIJI ISLANDS",1981,"PENN, N",BULLETIN OF MARINE SCIENCE,Web of Science,WOS_SED_DREDGING_01,WOS_SED_DREDGING_01.ris#655,1,no_match,best Crossref candidate failed conservative match threshold,10.1016/j.rsma.2024.103894,"Suva Urban Reefs: An ecological history of the coral reefs of the Greater Suva Urban Area, Fiji",2024,Jasha Dehm; Awnesh Singh; Romain Le Gendre; Christophe Menkes,Regional Studies in Marine Science,journal-article,Elsevier BV,https://doi.org/10.1016/j.rsma.2024.103894,42.7997,0.386792,0.208333,43,False,2026-08-13T22:33:59+00:00
2300453cd0872fe4,THE MARINE SHELLED MOLLUSCA OF WEST MALAYSIA AND SINGAPORE .1. GENERAL INTRODUCTION AND AN ACCOUNT OF THE COLLECTING STATIONS,1981,"PURCHON, RD; PURCHON, DEA",JOURNAL OF MOLLUSCAN STUDIES,Web of Science,WOS_SED_DREDGING_01,WOS_SED_DREDGING_01.ris#656,1,review,plausible title/year match below automatic acceptance threshold,10.1093/oxfordjournals.mollus.a065573,THE MARINE SHELLED MOLLUSCA OF WEST MALAYSIA AND SINGAPORE PART 1. GENERAL INTRODUCTION AND AN ACCOUNT OF THE COLLECTING STATIONS,1981,,Journal of Molluscan Studies,journal-article,Oxford University Press (OUP),https://doi.org/10.1093/oxfordjournals.mollus.a065573,110.431076,0.980080,0.941176,0,False,2026-08-13T22:36:13+00:00
c4ed31c0cae4cb64,COELOBITES (REEF CAVITY-DWELLERS) AS INDICATORS OF ENVIRONMENTAL-EFFECTS CAUSED BY OFFSHORE DRILLING,1982,"CHOI, DR",BULLETIN OF MARINE SCIENCE,Web of Science,WOS_SED_DRILLING_01,WOS_SED_DRILLING_01.ris#11,1,review,plausible title/year match below automatic acceptance threshold,10.1016/0198-0254(83)90314-x,Coelobites (reef cavity-dwellers) as indicators of environmental effects caused by offshore drilling,1983,,Deep Sea Research Part B. Oceanographic Literature Review,journal-article,Elsevier BV,https://doi.org/10.1016/0198-0254(83)90314-x,77.0462,1.000000,1.000000,1,False,2026-08-13T22:34:17+00:00
79b27b6c957190e6,"ECOBIOLOGY OF CORVOSPONGILLA-LAPIDOSA (ANNANDALE 1908) (PORIFERA, SPONGILLIDAE) IN THE MANJIRA RESERVOIR, SANGAREDDY, ANDHRA-PRADESH",1982,"RAO, IS; KHAN, MA",PROCEEDINGS OF THE INDIAN ACADEMY OF SCIENCES-ANIMAL SCIENCES,Web of Science,WOS_SED_SUSPENDED_01,WOS_SED_SUSPENDED_01.ris#639,1,review,plausible title/year match below automatic acceptance threshold,10.1007/bf03186155,"Ecobiology ofCorvospongilla lapidosa (Annandale 1908) (Porifera: Spongillidae) in the Manjira reservoir, Sangareddy, Andhra Pradesh",1982,I Seshagiri Rao; M A Khan,Proceedings: Animal Sciences,journal-article,Springer Science and Business Media LLC,https://doi.org/10.1007/bf03186155,156.06856,0.995984,0.812500,0,True,2026-08-13T22:34:24+00:00
e837ae685b85b9c1,"PATTERNS OF FEEDING AND ACTIVITY IN DEPOSIT-FEEDING HOLOTHURIANS AND ECHINOIDS (ECHINODERMATA) FROM A SHALLOW BACK-REEF LAGOON, DISCOVERY BAY, JAMAICA",1982,"HAMMOND, LS",BULLETIN OF MARINE SCIENCE,Web of Science,WOS_MECH_FEEDING_MUCUS_CORAL_01,WOS_MECH_FEEDING_MUCUS_CORAL_01.ris#328,1,no_match,best Crossref candidate failed conservative match threshold,10.3354/meps008025,"Analysis of Grain-Size Selection by Deposit-Feeding Holothurians and Echinoids (Echinodermata) from a Shallow Reef Lagoon, Discovery Bay, Jamaica",1982,LS Hammond,Marine Ecology Progress Series,journal-article,Inter-Research Science Center,https://doi.org/10.3354/meps008025,122.64348,0.843206,0.625000,0,True,2026-08-13T22:37:32+00:00
9711f9a19c467250,"PATTERNS OF SOME SEAGRASS DISTRIBUTIONS IN THE TORRES STRAIT, QUEENSLAND",1982,"BRIDGES, KW; PHILLIPS, RC; YOUNG, PC",AUSTRALIAN JOURNAL OF MARINE AND FRESHWATER RESEARCH,Web of Science,WOS_SED_SUSPENDED_01,WOS_SED_SUSPENDED_01.ris#892,1,review,plausible title/year match below automatic acceptance threshold,10.1071/mf9820273,"Patterns of some seagrass distribution in the Torres Strait, Queensland",1982,KW Bridges; RC Phillips; PC Young,Australian Journal of Marine and Freshwater Research,journal-article,CSIRO Publishing,https://doi.org/10.1071/mf9820273,97.591385,0.992908,0.818182,0,True,2026-08-13T22:34:30+00:00
4131a33f4ebb2253,QUALITATIVE DATA ON THE BENTHOS AND THE SUPRABENTHOS OF A TRANSECT ON THE CONTINENTAL-SHELF OF SUD-GASCOGNE,1983,"CORNET, M; LISSALDE, JP; BOUCHET, JM; SORBE, JC; AMOUREUX, L",CAHIERS DE BIOLOGIE MARINE,Web of Science,WOS_SED_DREDGING_01,WOS_SED_DREDGING_01.ris#650,1,no_match,best Crossref candidate failed conservative match threshold,10.1016/0198-0254(83)96560-3,Qualitative data on the benthos and suprabenthos of a transect on the continental shelf of the southern Bay of Biscay,1983,,Deep Sea Research Part B. Oceanographic Literature Review,journal-article,Elsevier BV,https://doi.org/10.1016/0198-0254(83)96560-3,63.048397,0.866071,0.705882,0,False,2026-08-13T22:34:46+00:00
e938644696812b0b,REGIONAL VARIATION AND PALEONTOLOGY OF 2 CORAL BEDS IN THE MIDDLE DEVONIAN HAMILTON GROUP OF WESTERN NEW-YORK,1983,"BAIRD, GC; BRETT, CE",JOURNAL OF PALEONTOLOGY,Web of Science,WOS_MECH_FEEDING_MUCUS_CORAL_01 | WOS_SED_SUSPENDED_01,WOS_MECH_FEEDING_MUCUS_CORAL_01.ris#260 | WOS_SED_SUSPENDED_01.ris#1366,2,no_match,best Crossref candidate failed conservative match threshold,10.1666/0022-3360(2001)075<0024:emapoh>2.0.co;2,"EXTERNAL MORPHOLOGY AND PALEOBIOLOGY OF<i>HELIOPHYLLUM HALLI</i>(ZOANTHARIA, RUGOSA), FROM THE MIDDLE DEVONIAN HAMILTON GROUP OF NEW YORK STATE",2001,JAMES E. SORAUF,Journal of Paleontology,journal-article,Cambridge University Press (CUP),https://doi.org/10.1666/0022-3360(2001)075<0024:emapoh>2.0.co;2,59.185066,0.647773,0.333333,18,False,2026-08-13T22:34:46+00:00
9dc9238663aa6c8b,"THE EFFECTS OF DRILLING-FLUIDS (MUDS) AND TURBIDITY ON THE GROWTH AND METABOLIC STATE OF THE CORAL ACROPORA-CERVICORNIS, WITH COMMENTS ON METHODS OF NORMALIZATION FOR CORAL DATA",1983,"KENDALL, JJ; POWELL, EN; CONNOR, SJ; BRIGHT, TJ",BULLETIN OF MARINE SCIENCE,Web of Science,WOS_SED_DRILLING_01 | WOS_SED_SUSPENDED_01,WOS_SED_DRILLING_01.ris#2 | WOS_SED_SUSPENDED_01.ris#752,2,no_match,best Crossref candidate failed conservative match threshold,10.1007/bf00397003,"Effects of turbidity on calcification rate, protein concentration and the free amino acid pool of the coral Acropora cervicornis",1985,J. J. Kendall; E. N. Powell; S. J. Connor; T. J. Bright; C. E. Zastrow,Marine Biology,journal-article,Springer Science and Business Media LLC,https://doi.org/10.1007/bf00397003,80.84842,0.485050,0.310345,2,True,2026-08-13T22:37:32+00:00
f70aaaeeb3d544a3,ENVIRONMENTAL IMPLICATIONS OF COASTAL DEVELOPMENT IN FIJI,1984,"LAL, PN",AMBIO,Web of Science,WOS_SED_DEPOSITION_01,WOS_SED_DEPOSITION_01.ris#1163,1,no_match,best Crossref candidate failed conservative match threshold,10.26530/oapen_459864,Fiji before the storm: Elections and the politics of development,2012,Brij Lal V.,,monograph,ANU Press,https://doi.org/10.26530/oapen_459864,28.5016,0.450000,0.230769,28,False,2026-08-13T22:37:32+00:00
27552326c9d6b801,Mucus Production by Corals Exposed during an Extreme Low Tide,1984,David A. Krupp,ScholarSpace (University of Hawaii at Manoa),OpenAlex | Semantic Scholar | Web of Science,OA_MECH_FEEDING_MUCUS_CORAL_01 | SS_MECH_FEEDING_MUCUS_CORAL_01 | WOS_MECH_FEEDING_MUCUS_CORAL_01,4ac9bbf5bf3b3a4d59ad28e3529c3258505978a8 | WOS_MECH_FEEDING_MUCUS_CORAL_01.ris#62 | https://openalex.org/W1531065141,3,no_match,best Crossref candidate failed conservative match threshold,10.1130/abs/2017am-307408,"UAV SURVEYS TO MONITOR VOLUMETRIC BEACH CHANGES OVER AN EXTREME HIGH-TIDE EVENT: WAIKIKI, HAWAII",2017,Kristian McDonald; Charles H. Fletcher; Matthew Barbee; Shellie L. Habel; Tiffany Anderson; Kammie-Dominique A. Tavares,Geological Society of America Abstracts with Programs,proceedings-article,Geological Society of America,https://doi.org/10.1130/abs/2017am-307408,38.408752,0.425806,0.136364,33,False,2026-08-13T22:37:32+00:00
670f872ff8f38e71,SCLEROCHRONOLOGY AND CARBONATE PRODUCTION IN SOME UPPER JURASSIC REEF CORALS,1984,"ALI, OE",PALAEONTOLOGY,Web of Science,WOS_SED_SUSPENDED_01,WOS_SED_SUSPENDED_01.ris#870,1,no_match,best Crossref candidate failed conservative match threshold,10.2172/812496,"INTEGRATED GEOLOGIC-ENGINEERING MODEL FOR REEF AND CARBONATE SHOAL RESERVOIRS ASSOCIATED WITH PALEOHIGHS: UPPER JURASSIC SMACKOVER FORMATION, NORTHEASTERN GULF OF MEXICO",2001,Ernest A. Mancini,,report,Office of Scientific and Technical Information (OSTI),https://doi.org/10.2172/812496,35.203846,0.419753,0.192308,17,False,2026-08-13T22:37:32+00:00
5146f4af503679ba,"SKELETAL EXTENSION, DENSITY AND CALCIFICATION OF THE REEF CORAL, MONTASTREA-ANNULARIS - ST-CROIX, UNITED-STATES VIRGIN ISLANDS",1984,"DODGE, RE; BRASS, GW",BULLETIN OF MARINE SCIENCE,Web of Science,WOS_SED_DREDGING_01,WOS_SED_DREDGING_01.ris#649,1,no_match,best Crossref candidate failed conservative match threshold,10.1016/0016-7037(86)90227-9,"Fallout plutonium and natural radionuclides in annual bands of the coral Montastrea annularis, St. Croix, U.S. Virgin Islands",1986,Larry K. Benninger; Richard E. Dodge,Geochimica et Cosmochimica Acta,journal-article,Elsevier BV,https://doi.org/10.1016/0016-7037(86)90227-9,70.51608,0.661157,0.384615,2,False,2026-08-13T22:37:32+00:00
b0025c99b41c6a4a,"THE CORAL-REEF AT PARQUE NACIONAL CAHUITA, COSTA-RICA",1984,"CORTES, J; RISK, MJ",REVISTA DE BIOLOGIA TROPICAL,Web of Science,WOS_SED_DREDGING_01 | WOS_SED_SUSPENDED_01,WOS_SED_DREDGING_01.ris#189 | WOS_SED_SUSPENDED_01.ris#339,2,no_match,best Crossref candidate failed conservative match threshold,10.15517/rbt.v54i3.12774,"Monitoreo del arrecife coralino Meager Shoal, Parque Nacional Cahuita, Costa Rica (sitio CARICOMP)",2013,Ana C. Fonseca E.; Eva Salas; Jorge Cortés,Revista de Biología Tropical,journal-article,Universidad de Costa Rica,https://doi.org/10.15517/rbt.v54i3.12774,59.573605,0.643836,0.294118,29,False,2026-08-13T22:37:32+00:00
7aa51401e6322ffd,"A New Species of Montastrea (Cnidaria, Scleractinia) from the Philippines",1985,Gregor Hodgson,ScholarSpace (University of Hawaii at Manoa),OpenAlex | Semantic Scholar | Web of Science,OA_SED_DEPOSITION_01 | SS_SED_DEPOSITION_01 | WOS_SED_DEPOSITION_01,WOS_SED_DEPOSITION_01.ris#477 | e0465aae4d1e626f613ab8fbf3a14a6ce4887ef8 | https://openalex.org/W2244146759,3,no_match,best Crossref candidate failed conservative match threshold,10.21748/xxpa8618,Nutrient Content and Carotenoid Bioaccessibility of Underutilized Taro Varieties from Hawaii,2022,Kento Senga; Kaci Ho; Jon-Paul Bingham; Marisa Wall,Proceedings of 2022 AOCS Annual Meeting &amp; Expo,proceedings-article,American Oil Chemists' Society (AOCS),https://doi.org/10.21748/xxpa8618,38.906136,0.345679,0.105263,37,False,2026-08-13T22:37:32+00:00
72b41a4276efdc38,"A REEF UNDER SILTATION STRESS - CAHUITA, COSTA-RICA",1985,"CORTES, J; RISK, MJ",BULLETIN OF MARINE SCIENCE,Web of Science,WOS_SED_DREDGING_01 | WOS_SED_SUSPENDED_01,WOS_SED_DREDGING_01.ris#153 | WOS_SED_SUSPENDED_01.ris#832,2,no_match,best Crossref candidate failed conservative match threshold,10.5479/si.00775630.496-14.258,"Costa Rica. A Rapid Assessment at Cahuita National Park, Costa Rica, 1999 (Part 2: Reef Fishes)",2003,Ana C. Fonseca E.; Carlos Gamboa,Atoll Research Bulletin,journal-article,Smithsonian Institution,https://doi.org/10.5479/si.00775630.496-14.258,49.205524,0.437956,0.294118,18,False,2026-08-13T22:37:32+00:00
5d4df8730070cc32,EFFECTS OF SUSPENDED SEDIMENT AND BURIAL UPON SURVIVAL AND GROWTH OF GULF OF MEXICO CORALS,1985,"RICE, SA",AMERICAN ZOOLOGIST,Web of Science,WOS_RESP_THRESHOLD_RECOVERY_01 | WOS_SED_DEPOSITION_01 | WOS_SED_SUSPENDED_01,WOS_RESP_THRESHOLD_RECOVERY_01.ris#1 | WOS_SED_DEPOSITION_01.ris#463 | WOS_SED_SUSPENDED_01.ris#77,3,no_match,best Crossref candidate failed conservative match threshold,10.18494/sam.2020.2958,"Variations in Offshore Suspended Sediment Characteristics and Effects of Ocean Dynamics: The Case of Terrebonne Bay, Northern Gulf of Mexico",2020,Biyun Guo; Mantravadi Venkata Subrahmanyam,Sensors and Materials,journal-article,MYU K.K.,https://doi.org/10.18494/sam.2020.2958,33.8926,0.473684,0.304348,35,False,2026-08-13T22:37:32+00:00
2b81df218c70dab3,"GROWTH-RATES OF 7 SPECIES OF SCLERACTINEAN CORALS FROM CANE BAY AND SALT RIVER, ST-CROIX, USVI",1985,"HUBBARD, DK; SCATURO, D",BULLETIN OF MARINE SCIENCE,Web of Science,WOS_SED_SUSPENDED_01,WOS_SED_SUSPENDED_01.ris#1024,1,no_match,best Crossref candidate failed conservative match threshold,10.1575/1912/bco-dmo.735097.1,"Growth and mortality of corals on long-term monitoring sites in St. John, USVI.",2019,Peter Edmunds,Biological and Chemical Oceanography Data Management Office,dataset,Biological and Chemical Oceanography Data Management Office,https://doi.org/10.1575/1912/bco-dmo.735097.1,46.47829,0.488095,0.250000,34,False,2026-08-13T22:37:32+00:00
34607eee933b9c24,"HOLOCENE CARBONATE SEDIMENTARY PETROLOGY AND FACIES ACCUMULATION, ""LOOE-KEY-NATIONAL-MARINE-SANCTUARY, FLORIDA",1985,"LIDZ, BH; ROBBIN, DM; SHINN, EA",BULLETIN OF MARINE SCIENCE,Web of Science,WOS_SED_DEPOSITION_01,WOS_SED_DEPOSITION_01.ris#413,1,no_match,best Crossref candidate failed conservative match threshold,10.5962/bhl.title.59073,Final environmental impact statement prepared on the proposed Looe Key National Marine Sanctuary,1980,,,monograph,"U.S. Dept. of Commerce, National Oceanic and Atmospheric Administration, Office of Coastal Zone Management",https://doi.org/10.5962/bhl.title.59073,58.246063,0.532020,0.238095,5,False,2026-08-13T22:37:32+00:00
46385e691a104cb8,"THE PLIOCENE REEFS OF MIAMI - THEIR GEOMORPHOLOGICAL SIGNIFICANCE IN THE EVOLUTION OF THE ATLANTIC COASTAL RIDGE, SOUTHEASTERN FLORIDA, USA",1986,"PETUCH, EJ",JOURNAL OF COASTAL RESEARCH,Web of Science,WOS_SED_DREDGING_01,WOS_SED_DREDGING_01.ris#350,1,no_match,best Crossref candidate failed conservative match threshold,10.2307/j.ctvx078wk.7,Fire in Florida and the Southeastern Coastal Plain,2018,,Fire Ecology of Florida and the Southeastern Coastal Plain,book-chapter,University Press of Florida,https://doi.org/10.2307/j.ctvx078wk.7,44.79904,0.324324,0.263158,32,False,2026-08-13T22:37:32+00:00
5d74b24d05e81bfe,DISTRIBUTION OF SEAGRASSES AND ASSOCIATED JUVENILE COMMERCIAL PENAEID PRAWNS IN NORTHEASTERN QUEENSLAND WATERS,1987,"COLES, RG; LONG, WJL; SQUIRE, BA; SQUIRE, LC; BIBBY, JM",AUSTRALIAN JOURNAL OF MARINE AND FRESHWATER RESEARCH,Web of Science,WOS_SED_SUSPENDED_01,WOS_SED_SUSPENDED_01.ris#1272,1,review,plausible title/year match below automatic acceptance threshold,10.1071/mf9870103,Distribution of seagrasses and associated juvenile commercial penaeid prawns in north-eastern Queensland waters,1987,RG Coles; WJ Lee Long; BA Squire; LC Squire; JM Bibby,Marine and Freshwater Research,journal-article,CSIRO Publishing,https://doi.org/10.1071/mf9870103,141.97562,0.995475,0.800000,0,True,2026-08-13T22:36:25+00:00
9346c3e0206cc4d8,VARIABLE EFFECTS OF HURRICANE DAVID ON THE SHALLOW-WATER GORGONIANS OF PUERTO-RICO,1987,"YOSHIOKA, PM; YOSHIOKA, BB",BULLETIN OF MARINE SCIENCE,Web of Science,WOS_RESP_THRESHOLD_RECOVERY_01 | WOS_SED_DEPOSITION_01,WOS_RESP_THRESHOLD_RECOVERY_01.ris#19 | WOS_SED_DEPOSITION_01.ris#862,2,no_match,best Crossref candidate failed conservative match threshold,10.1007/bf00338270,"Effects of wave energy, topographic relief and sediment transport on the distribution of shallow-water gorgonians of Puerto Rico",1989,Paul M. Yoshioka; Beverly Buchanan Yoshioka,Coral Reefs,journal-article,Springer Science and Business Media LLC,https://doi.org/10.1007/bf00338270,66.80675,0.631579,0.450000,2,True,2026-08-13T22:36:36+00:00
f28818d20a668261,"ORIGIN OF DOLOMITES IN A DOWNSLOPE BIOSTROME, JEFFERSON FORMATION (DEVONIAN), CENTRAL IDAHO - EVIDENCE FROM REE PATTERNS, STABLE ISOTOPES, AND PETROGRAPHY",1988,"DOROBEK, SL; FILBY, RH",BULLETIN OF CANADIAN PETROLEUM GEOLOGY,Web of Science,WOS_SED_DEPOSITION_01,WOS_SED_DEPOSITION_01.ris#1056,1,review,plausible title/year match below automatic acceptance threshold,10.1306/703c7c8c-1707-11d7-8645000102c1865d,"Origin of Dolomites in a Downslope Biostrome, Jefferson Formation (Frasnian), Central Idaho: Evidence From REE Patterns, Stable Isotopes, and Petrography: ABSTRACT",1987,S. L. Dorobek,AAPG Bulletin,journal-article,Unmaintained records,https://doi.org/10.1306/703c7c8c-1707-11d7-8645000102c1865d,144.74956,0.943522,0.863636,1,True,2026-08-13T22:37:37+00:00
855d693c6050d9c3,REEF FISH ASSEMBLAGES ON HARD BANKS IN THE NORTHWESTERN GULF OF MEXICO,1988,"DENNIS, GD; BRIGHT, TJ",BULLETIN OF MARINE SCIENCE,Web of Science,WOS_SED_SUSPENDED_01,WOS_SED_SUSPENDED_01.ris#1247,1,no_match,best Crossref candidate failed conservative match threshold,10.18785/negs.0801.04,Fish Assemblages and Benthic Biota Associated with Natural Hard-Bottom Areas in the Northwestern Gulf of Mexico,1986,Russell E. Putt; David A. Gettleson; Neal W. Phillips,Northeast Gulf Science,journal-article,University of Southern Mississippi,https://doi.org/10.18785/negs.0801.04,49.687992,0.696133,0.450000,2,False,2026-08-13T22:37:37+00:00
a27711a20ec10c89,SEDIMENT-SHIFTING CAPABILITY IN THE RECENT SOLITARY CORAL SCOLYMIA-CUBENSIS (MILNE-EDWARDS AND HAIME) FROM BERMUDA,1988,"LOGAN, A",BULLETIN OF MARINE SCIENCE,Web of Science,WOS_MECH_FEEDING_MUCUS_CORAL_01,WOS_MECH_FEEDING_MUCUS_CORAL_01.ris#111,1,no_match,best Crossref candidate failed conservative match threshold,10.1016/0022-0981(79)90106-0,The rôle of zooxanthellae in the hermatypic coral Plesiastrea urvillei (Milne Edwards and Haime) From cold waters,1979,K.M. Kevin; R.C.L. Hudson,Journal of Experimental Marine Biology and Ecology,journal-article,Elsevier BV,https://doi.org/10.1016/0022-0981(79)90106-0,43.778393,0.556054,0.333333,9,False,2026-08-13T22:37:37+00:00
cd7fbdabd1eec093,GROWTH-RATES OF 8 SPECIES OF SCLERACTINIAN CORALS IN THE EASTERN PACIFIC (COSTA-RICA),1989,"GUZMAN, HM; CORTES, J",BULLETIN OF MARINE SCIENCE,Web of Science,WOS_SED_SUSPENDED_01,WOS_SED_SUSPENDED_01.ris#895,1,no_match,best Crossref candidate failed conservative match threshold,10.1007/bf01313501,"Reef coral reproduction in the eastern Pacific: Costa Rica, Panama, and Galapagos Islands (Ecuador)",1991,P. W. Glynn; N. J. Gassman; C. M. Eakin; J. Cortes; D. B. Smith; H. M. Guzman,Marine Biology,journal-article,Springer Science and Business Media LLC,https://doi.org/10.1007/bf01313501,42.99638,0.485876,0.285714,2,False,2026-08-13T22:37:42+00:00
8989e138c61a9a53,CORAL ASSEMBLAGES OF THE GRAND CUL-DE-SAC MARIN IN GUADELOUPE (LESSER ANTILLES),1990,"BOUCHON, C; LABOREL, J",ANNALES DE L INSTITUT OCEANOGRAPHIQUE,Web of Science,WOS_SED_SUSPENDED_01,WOS_SED_SUSPENDED_01.ris#1218,1,no_match,best Crossref candidate failed conservative match threshold,10.3406/asgn.1987.1892,Hydrologie et sédimentologie du Grand cul-de-sac marin (Guadeloupe F.W.I.),1987,Richard Assor,Annales de la Société Géologique du Nord,journal-article,PERSEE Program,https://doi.org/10.3406/asgn.1987.1892,64.036736,0.635135,0.300000,3,False,2026-08-13T22:37:42+00:00
2868bc7bafc19e69,EVALUATION OF FUNCTIONAL-ACTIVITY AND BIOMASS OF MICROFLORA IN BOTTOM SEDIMENTS AND PERIPHYTON OF CORAL REEFS OFF VIETNAM,1990,"SOROKIN, YI; KUZNETSOV, LL; TYAPKIN, VS",BIOLOGIYA MORYA-MARINE BIOLOGY,Web of Science,WOS_MECH_FEEDING_MUCUS_CORAL_01,WOS_MECH_FEEDING_MUCUS_CORAL_01.ris#379,1,no_match,best Crossref candidate failed conservative match threshold,10.1007/bf00389189,Biomass of suspended bacteria over coral reefs,1979,D. J. W. Moriarty,Marine Biology,journal-article,Springer Science and Business Media LLC,https://doi.org/10.1007/bf00389189,41.713837,0.383234,0.222222,11,False,2026-08-13T22:37:42+00:00
30003e60efdd41f8,THE ECOLOGY OF TROPICAL SOFT-BOTTOM BENTHIC ECOSYSTEMS,1990,"ALONGI, DM",OCEANOGRAPHY AND MARINE BIOLOGY,Web of Science,WOS_SED_DEPOSITION_01,WOS_SED_DEPOSITION_01.ris#1158,1,no_match,best Crossref candidate failed conservative match threshold,10.1007/978-1-4684-6401-6_6,Benthic Mesocosms: I. Basic Research in Soft-Bottom Benthic Mesocosms,1990,P. A. W. J. Wilde,Enclosed Experimental Marine Ecosystems: A Review and Recommendations,book-chapter,Springer US,https://doi.org/10.1007/978-1-4684-6401-6_6,47.870525,0.611570,0.230769,0,False,2026-08-13T22:37:45+00:00
8a5405f8eab514f6,"EVOLUTION OF BODY SIZE IN MUSHROOM CORALS (SCLERACTINIA, FUNGIIDAE) AND ITS ECOMORPHOLOGICAL CONSEQUENCES",1991,"HOEKSEMA, BW",NETHERLANDS JOURNAL OF ZOOLOGY,Web of Science,WOS_MECH_FEEDING_MUCUS_CORAL_01 | WOS_SED_DEPOSITION_01,WOS_MECH_FEEDING_MUCUS_CORAL_01.ris#471 | WOS_SED_DEPOSITION_01.ris#1156,2,accepted,exact normalized title; year within one; author consistent if available,10.1163/156854291x00072,Evolution of Body Size in Mushroom Corals (Scleractinia: Fungiidae) and Its Ecomorphological Consequences,1990,Bert W. Hoeksema,Netherlands Journal of Zoology,journal-article,Walter de Gruyter GmbH,https://doi.org/10.1163/156854291x00072,110.40271,1.000000,1.000000,1,True,2026-08-13T22:37:45+00:00
e717135636388584,"FUNCTIONAL-MORPHOLOGY AND FEEDING-BEHAVIOR OF MALACOCEROS-INDICUS (POLYCHAETA, SPIONIDAE)",1991,"DAUER, DM; EWING, RM",BULLETIN OF MARINE SCIENCE,Web of Science,WOS_MECH_FEEDING_MUCUS_CORAL_01 | WOS_SED_SUSPENDED_01,WOS_MECH_FEEDING_MUCUS_CORAL_01.ris#22 | WOS_SED_SUSPENDED_01.ris#190,2,no_match,best Crossref candidate failed conservative match threshold,10.1007/bf00397433,Functional morphology and feeding behavior of Paraprionospio pinnata (Polychaeta: Spionidae),1985,D. M. Dauer,Marine Biology,journal-article,Springer Science and Business Media LLC,https://doi.org/10.1007/bf00397433,69.24335,0.857143,0.666667,6,True,2026-08-13T22:37:51+00:00
83d6c50d5c35d18c,INFAUNAL POLYCHAETES OF A ROCKY INTERTIDAL SURFGRASS BED IN SOUTHERN CALIFORNIA,1991,"CROUCH, CA",BULLETIN OF MARINE SCIENCE,Web of Science,WOS_MECH_FEEDING_MUCUS_CORAL_01 | WOS_SED_DEPOSITION_01,WOS_MECH_FEEDING_MUCUS_CORAL_01.ris#320 | WOS_SED_DEPOSITION_01.ris#502,2,no_match,best Crossref candidate failed conservative match threshold,10.3354/meps07455,Hydrologic interactions of infaunal polychaetes and intertidal groundwater discharge,2008,RK Dale; DC Miller,Marine Ecology Progress Series,journal-article,Inter-Research Science Center,https://doi.org/10.3354/meps07455,40.963394,0.552147,0.250000,17,False,2026-08-13T22:37:51+00:00
0503696d757de52a,IRS-1A applications for coastal and marine resources,1991,P. S. Desai; A. Narain; S. Nayak; B. Manikiam; S. Adiga; A. Nath,CURRENT SCIENCE,Semantic Scholar | Web of Science,SS_SED_SUSPENDED_01 | WOS_SED_SUSPENDED_01,66bf4da2f03b7526933585c52445176f5f726719 | WOS_SED_SUSPENDED_01.ris#192,2,no_match,best Crossref candidate failed conservative match threshold,10.12723/mjs.28.6,Applications of IRS and INSAT Data with Specific Case Studies,2017,Balakrishnan Manikiam,Mapana - Journal of Sciences,journal-article,Christ University Bangalore,https://doi.org/10.12723/mjs.28.6,30.827892,0.477876,0.200000,26,False,2026-08-13T22:37:51+00:00
dbe7554e47315b69,"ONTOGENIC SHIFTS IN RESOURCE USE AND SHOALING TENDENCY RELATED TO BODY SIZE IN RED-SEA GOATFISH (PARUPENEUS-FORSSKALI, MULLIDAE)",1991,"UIBLEIN, F",MARINE ECOLOGY-PUBBLICAZIONI DELLA STAZIONE ZOOLOGICA DI NAPOLI I,Web of Science,WOS_MECH_FEEDING_MUCUS_CORAL_01,WOS_MECH_FEEDING_MUCUS_CORAL_01.ris#446,1,accepted,high title similarity; exact year; first author matched,10.1111/j.1439-0485.1991.tb00249.x,"Ontogenetic Shifts in Resource Use and Shoaling Tendency Related to Body Size in Red Sea Goatfish (<i>Parupeneus forsskali, Mullidae</i>)",1991,Franz Uiblein,Marine Ecology,journal-article,Wiley,https://doi.org/10.1111/j.1439-0485.1991.tb00249.x,155.31633,0.976562,0.850000,0,True,2026-08-13T22:37:54+00:00
6917500a6cdb15c0,"PALEOSHORELINES, REEFS, AND A RISING SEA - SOUTH FLORIDA, USA",1991,"LIDZ, BH; SHINN, EA",JOURNAL OF COASTAL RESEARCH,Web of Science,WOS_SED_DEPOSITION_01,WOS_SED_DEPOSITION_01.ris#128,1,no_match,best Crossref candidate failed conservative match threshold,10.5724/gcs.91.12.0237,COASTAL EVOLUTION AND SEA-LEVEL HISTORY: FLORIDA KEYS,1991,Eugene A. Shinn; Barbara H. Lidz; Albert C. Hine,Coastal Depositional Systems in the Gulf of Mexico: Quaternary Framework and Environmental Issues,book-chapter,SEPM Society for Sedimentary Geology,https://doi.org/10.5724/gcs.91.12.0237,50.00825,0.500000,0.214286,0,False,2026-08-13T22:37:54+00:00
7bc29a700d3efa67,"THE CORAL-REEF - AN OWNER-BUILT, HIGH-DENSITY, FULLY-SERVICED, SELF-SUFFICIENT HOUSING ESTATE IN THE DESERT - OR IS IT",1991,"KINSEY, DW",SYMBIOSIS,Web of Science,WOS_MECH_FEEDING_MUCUS_CORAL_01,WOS_MECH_FEEDING_MUCUS_CORAL_01.ris#680,1,no_match,best Crossref candidate failed conservative match threshold,10.59490/abe.2022.10.6535,Towards Self-Sufficient High-Rises,2022,Berk Ekici,Architecture and the Built Environment,journal-article,TU Delft OPEN Publishing,https://doi.org/10.59490/abe.2022.10.6535,32.560802,0.372414,0.142857,31,False,2026-08-13T22:37:54+00:00
009b0a6943ea4ef8,THE STATE OF CORAL REEFS IN THE WIDER CARIBBEAN,1991,"GOENAGA, C",INTERCIENCIA,Web of Science,WOS_MECH_FEEDING_MUCUS_CORAL_01 | WOS_SED_DREDGING_01,WOS_MECH_FEEDING_MUCUS_CORAL_01.ris#296 | WOS_SED_DREDGING_01.ris#643,2,no_match,best Crossref candidate failed conservative match threshold,10.1007/s003380050143,"Sea surface temperatures and coral reef bleaching off La Parguera, Puerto Rico (northeastern Caribbean Sea)",1998,A. Winter; R. S. Appeldoorn; A. Bruckner; E. H. Williams Jr.; C. Goenaga,Coral Reefs,journal-article,Springer Science and Business Media LLC,https://doi.org/10.1007/s003380050143,41.18672,0.490066,0.100000,7,False,2026-08-13T22:37:59+00:00
6b9c9208ee70acfe,A PERFORATED GASTROVASCULAR CAVITY IN THE SYMBIOTIC DEEP-WATER CORAL LEPTOSERIS-FRAGILIS - A NEW STRATEGY TO OPTIMIZE HETEROTROPHIC NUTRITION,1992,"SCHLICHTER, D",HELGOLANDER MEERESUNTERSUCHUNGEN,Web of Science,WOS_MECH_FEEDING_MUCUS_CORAL_01 | WOS_SED_SUSPENDED_01,WOS_MECH_FEEDING_MUCUS_CORAL_01.ris#33 | WOS_SED_SUSPENDED_01.ris#403,2,review,plausible title/year match below automatic acceptance threshold,10.1007/bf02367177,A perforated gastrovascular cavity in the symbiotic deep-water coralLeptoseris fragilis: A new strategy to optimize heterotrophic nutrition,1991,Dietrich Schlichter,Helgoländer Meeresuntersuchungen,journal-article,Springer Science and Business Media LLC,https://doi.org/10.1007/bf02367177,128.50023,0.996390,0.842105,1,True,2026-08-13T22:39:08+00:00
04bfa8166c054c20,BIOTIC CHARACTERISTICS OF THE ANCHIALINE PONDS OF BERMUDA,1992,"THOMAS, MLH; LOGAN, A; EAKINS, KE; MATHERS, SM",BULLETIN OF MARINE SCIENCE,Web of Science,WOS_MECH_FEEDING_MUCUS_CORAL_01,WOS_MECH_FEEDING_MUCUS_CORAL_01.ris#685,1,no_match,best Crossref candidate failed conservative match threshold,10.1016/j.marpolbul.2017.09.056,"Mercury in dated sediment cores from coastal ponds of St Thomas, USVI",2018,Gaboury Benoit,Marine Pollution Bulletin,journal-article,Elsevier BV,https://doi.org/10.1016/j.marpolbul.2017.09.056,31.77536,0.352000,0.117647,26,False,2026-08-13T22:41:00+00:00
c67b207a01cfb98e,EFFECTS OF SUSPENDED SEDIMENT AND BURIAL ON SCLERACTINIAN CORALS FROM WEST CENTRAL FLORIDA PATCH REEFS,1992,"RICE, SA; HUNTER, CL",BULLETIN OF MARINE SCIENCE,Web of Science,WOS_RESP_THRESHOLD_RECOVERY_01 | WOS_SED_DEPOSITION_01 | WOS_SED_SUSPENDED_01,WOS_RESP_THRESHOLD_RECOVERY_01.ris#5 | WOS_SED_DEPOSITION_01.ris#459 | WOS_SED_SUSPENDED_01.ris#105,3,no_match,best Crossref candidate failed conservative match threshold,10.5479/si.00775630.547.1,A decade of decline of massive corals in Florida patch reefs,2007,E. Gischler,Atoll Research Bulletin,journal-article,Smithsonian Institution,https://doi.org/10.5479/si.00775630.547.1,45.342983,0.530864,0.250000,15,False,2026-08-13T22:41:00+00:00
da0291771ba8d3f1,ENHANCEMENT OF LARVAL AND JUVENILE SURVIVAL AND RECRUITMENT IN ACANTHASTER-PLANCI FROM THE EFFECTS OF TERRESTRIAL RUNOFF - A REVIEW,1992,"BRODIE, JE",AUSTRALIAN JOURNAL OF MARINE AND FRESHWATER RESEARCH,Web of Science,WOS_SED_SUSPENDED_01,WOS_SED_SUSPENDED_01.ris#396,1,review,plausible title/year match below automatic acceptance threshold,10.1071/mf9920539,"Enhancement of larval and juvenile survival and recruitment in
                    <i>Acanthatser planci</i>
                    from the effects of terrestrial runoff: a review",1992,JE Brodie,Marine and Freshwater Research,journal-article,CSIRO Publishing,https://doi.org/10.1071/mf9920539,103.48839,0.977099,0.842105,0,True,2026-08-13T22:39:08+00:00
c2d562e9d31da6d8,"HURRICANE-INDUCED SEDIMENT TRANSPORT IN OPEN-SHELF TROPICAL SYSTEMS - AN EXAMPLE FROM ST-CROIX, UNITED-STATES VIRGIN-ISLANDS",1992,"HUBBARD, DK",JOURNAL OF SEDIMENTARY PETROLOGY,Web of Science,WOS_SED_DEPOSITION_01,WOS_SED_DEPOSITION_01.ris#851,1,review,plausible title/year match below automatic acceptance threshold,10.1306/d4267a23-2b26-11d7-8648000102c1865d,"Hurricane-induced sediment transport in open-shelf tropical systems; an example from St. Croix, U.S. Virgin Islands",1992,Dennis K. Hubbard,Journal of Sedimentary Research,journal-article,Society for Sedimentary Geology,https://doi.org/10.1306/d4267a23-2b26-11d7-8648000102c1865d,114.02912,0.956897,0.800000,0,True,2026-08-13T22:39:08+00:00
56130d66db4a7637,INVERTEBRATE ASSEMBLAGES AND ECOLOGICAL CONTROLS ON TOPOGRAPHIC FEATURES IN THE NORTHEAST GULF OF MEXICO,1992,"GITTINGS, SR; BRIGHT, TJ; SCHROEDER, WW; SAGER, WW; LASWELL, JS; REZAK, R",BULLETIN OF MARINE SCIENCE,Web of Science,WOS_MECH_FEEDING_MUCUS_CORAL_01,WOS_MECH_FEEDING_MUCUS_CORAL_01.ris#396,1,no_match,best Crossref candidate failed conservative match threshold,10.1093/icb/30.1.23,Biotic Assemblages and Ecological Controls on Reefs and Banks of the Northwest Gulf of Mexico,1990,RICHARD REZAK; STEPHEN R. GITTINGS; THOMAS J. BRIGHT,American Zoologist,journal-article,Oxford University Press (OUP),https://doi.org/10.1093/icb/30.1.23,68.643,0.761421,0.500000,2,False,2026-08-13T22:39:08+00:00
dac757e7b7492594,"THE CORAL REEFS OF GOLFO-DULCE, COSTA-RICA - ECOLOGICAL ASPECTS",1992,"CORTES, J",REVISTA DE BIOLOGIA TROPICAL,Web of Science,WOS_SED_DEPOSITION_01,WOS_SED_DEPOSITION_01.ris#334,1,no_match,best Crossref candidate failed conservative match threshold,10.5479/si.00775630.344.1,"The coral reefs of Golfo Dulce, Costa Rica: distribution and community structure",1990,Jorge Cortes Nunez,Atoll Research Bulletin,journal-article,Smithsonian Institution,https://doi.org/10.5479/si.00775630.344.1,70.76267,0.710145,0.571429,2,False,2026-08-13T22:39:08+00:00
985d0c0abfd0a458,CORAL-REEF DECLINE,1993,"HALLOCK, P; MULLERKARGER, FE; HALAS, JC",RESEARCH & EXPLORATION,Web of Science,WOS_MECH_FEEDING_MUCUS_CORAL_01,WOS_MECH_FEEDING_MUCUS_CORAL_01.ris#423,1,no_match,best Crossref candidate failed conservative match threshold,10.1007/978-1-4615-5995-5_2,Reefs and Reef Limestones in Earth History,1997,Pamela Hallock,Life and Death of Coral Reefs,book-chapter,Springer US,https://doi.org/10.1007/978-1-4615-5995-5_2,32.702324,0.400000,0.111111,4,True,2026-08-13T22:39:08+00:00
75402e793e1d7a8f,"NEW PERSPECTIVES ON BAHAMIAN GEOLOGY - SAN-SALVADOR ISLAND, BAHAMAS",1993,"HEARTY, PJ; KINDLER, P",JOURNAL OF COASTAL RESEARCH,Web of Science,WOS_SED_DEPOSITION_01,WOS_SED_DEPOSITION_01.ris#644,1,no_match,best Crossref candidate failed conservative match threshold,10.1029/ft175p0001,"Introduction to the geology of the Bahamas and San Salvador Island, with an overflight guide",1989,H. Allen Curran,"Pleistocene and Holocene Carbonate Environments on San Salvador Island, Bahamas: San Salvador Island, Bahamas, July 2–7, 1989",book-chapter,American Geophysical Union,https://doi.org/10.1029/ft175p0001,56.045883,0.516129,0.277778,4,False,2026-08-13T22:39:08+00:00
4f6a0058746c76d9,"REDISCOVERY OF CAMPTOPLAX-COPPINGERI MIERS, 1884, AND ITS PLACEMENT IN THE PILUMNIDAE (CRUSTACEA, BRACHYURA)",1993,"DAVIE, PJF",RAFFLES BULLETIN OF ZOOLOGY,Web of Science,WOS_SED_DREDGING_01,WOS_SED_DREDGING_01.ris#636,1,no_match,best Crossref candidate failed conservative match threshold,10.11646/zootaxa.5293.2.12,"On the identity of Pronotonyx laevis (Miers, 1884) (Crustacea: Brachyura: Pilumnidae)",2023,SHANE T. AHYONG; PETER K.L. NG,Zootaxa,journal-article,Magnolia Press,https://doi.org/10.11646/zootaxa.5293.2.12,53.984413,0.497238,0.388889,30,False,2026-08-13T22:41:00+00:00
6176e1bab53118c7,"ROCKY-SHORE BIOTIC ASSOCIATIONS AND THEIR FOSSILIZATION POTENTIAL - ISLA REQUESON (BAJA-CALIFORNIA-SUR, MEXICO)",1993,M. Hayes; Markes E. Johnson; W. Fox,JOURNAL OF COASTAL RESEARCH,Semantic Scholar | Web of Science,SS_SED_DEPOSITION_01 | WOS_SED_DEPOSITION_01,WOS_SED_DEPOSITION_01.ris#567 | c69c75cca97645acbb01411d9ce60d5af9234ecc,2,no_match,best Crossref candidate failed conservative match threshold,10.20944/preprints201808.0406.v1,"Coastal Geomorphology of a Post-Holocene Hurricane Deposit on a Pleistocene Marine Terrace from Isla Carmen (Baja California Sur, Mexico)",2018,Markes E. Johnson; Jorge Ledesma-Váqquez; Rigoberto Guardado-France,,posted-content,MDPI AG,https://doi.org/10.20944/preprints201808.0406.v1,52.787605,0.491667,0.178571,25,False,2026-08-13T22:41:00+00:00
26a90acd6d4f6e6c,SHORELINE DYNAMICS OF THE LAKSHADWEEP ISLANDS,1993,"CHANDRAMOHAN, P; ANAND, NM; NAYAK, BU",INDIAN JOURNAL OF MARINE SCIENCES,Web of Science,WOS_SED_DREDGING_01,WOS_SED_DREDGING_01.ris#635,1,no_match,best Crossref candidate failed conservative match threshold,10.1007/978-3-319-12367-7_1,Lakshadweep Islands,2015,T. N. Prakash; L. Sheela Nair; T. S. Shahul Hameed,SpringerBriefs in Earth Sciences,book-chapter,Springer International Publishing,https://doi.org/10.1007/978-3-319-12367-7_1,36.429783,0.593750,0.333333,22,False,2026-08-13T22:39:08+00:00
84cb127e4dfbecb8,"SILICICLASTIC STROMATOLITES AND THROMBOLITES, LATE MIOCENE, SE SPAIN",1993,"MARTIN, JM; BRAGA, JC; RIDING, R",JOURNAL OF SEDIMENTARY PETROLOGY,Web of Science,WOS_SED_DEPOSITION_01,WOS_SED_DEPOSITION_01.ris#921,1,no_match,best Crossref candidate failed conservative match threshold,10.1306/d4267aaa-2b26-11d7-8648000102c1865d,"Siliciclastic stromatolites and thrombolites, late Miocene, S.E. Spain",1993,Jose M. Martin; Juan C. Braga; Robert Riding,Journal of Sedimentary Research,journal-article,Society for Sedimentary Geology,https://doi.org/10.1306/d4267aaa-2b26-11d7-8648000102c1865d,101.37741,0.992481,0.700000,0,True,2026-08-13T22:39:08+00:00
1e61efc9eff7115f,ACIDIC AMINO-ACID CONTENTS IN SOLUBLE ORGANIC MATRICES OF SPONGES AND CORALS CALCAREOUS SKELETONS - A POSSIBLE IMPLICATION IN THEIR DIAGENETIC CHANGE,1994,"MARIN, F; GAUTRET, P",BULLETIN DE LA SOCIETE GEOLOGIQUE DE FRANCE,Web of Science,WOS_MECH_FEEDING_PUMPING_SPONGE_01 | WOS_SED_DEPOSITION_01,WOS_MECH_FEEDING_PUMPING_SPONGE_01.ris#33 | WOS_SED_DEPOSITION_01.ris#790,2,no_match,best Crossref candidate failed conservative match threshold,10.2113/gssgfbull.s7-xxii.3.290,Passage de la nappe du Jotun aux arcs de Bergen,1980,,Bulletin de la Societe Geologique de France,journal-article,EDP Sciences,https://doi.org/10.2113/gssgfbull.s7-xxii.3.290,65.436806,0.134021,0.000000,14,False,2026-08-13T22:41:00+00:00
ffb8235afa099891,"AN EVALUATION OF CONCRETE BLOCK STRUCTURES AS SHELTER FOR JUVENILE CARIBBEAN SPINY LOBSTERS, PANULIRUS-ARGUS",1994,"LOZANOALVAREZ, E; BRIONESFOURZAN, P; NEGRETESOTO, F",BULLETIN OF MARINE SCIENCE,Web of Science,WOS_SED_SUSPENDED_01,WOS_SED_SUSPENDED_01.ris#1147,1,no_match,best Crossref candidate failed conservative match threshold,10.1093/icesjms/fsv041,"Casitas: a location-dependent ecological trap for juvenile Caribbean spiny lobsters, Panulirus argus",2015,Benjamin C. Gutzler; Mark J. Butler; Donald C. Behringer,ICES Journal of Marine Science,journal-article,Oxford University Press (OUP),https://doi.org/10.1093/icesjms/fsv041,65.39561,0.721951,0.333333,21,False,2026-08-13T22:41:00+00:00
36d326e578ad8e5e,"DEEP-WATER SCLERACTINIA (CNIDARIA, ANTHOZOA) FROM SOUTHERN BISCAY BAY",1994,"ALVAREZCLAUDIO, C",CAHIERS DE BIOLOGIE MARINE,Web of Science,WOS_SED_DREDGING_01,WOS_SED_DREDGING_01.ris#630,1,no_match,best Crossref candidate failed conservative match threshold,10.1080/17451000.2025.2559835,Scleractinia (Cnidaria: Anthozoa) from Mauritania,2025,Marta Gil; Ana Ramos; Fran Ramil,Marine Biology Research,journal-article,Informa UK Limited,https://doi.org/10.1080/17451000.2025.2559835,47.3191,0.732143,0.400000,31,False,2026-08-13T22:39:08+00:00
585ebe6d0d169bd9,"DISTRIBUTION AND ECOLOGY OF CIGUATERA FISH POISONING IN FLORIDA, WITH EMPHASIS ON THE FLORIDA-KEYS",1994,"DESYLVA, DP",BULLETIN OF MARINE SCIENCE,Web of Science,WOS_SED_DREDGING_01,WOS_SED_DREDGING_01.ris#629,1,no_match,best Crossref candidate failed conservative match threshold,10.1016/j.jembe.2018.03.001,"The effects of water quality on back-reef sponge survival and distribution in the Florida Keys, Florida (USA)",2018,Mark J. Butler; Jeremy B. Weisz; Jack Butler,Journal of Experimental Marine Biology and Ecology,journal-article,Elsevier BV,https://doi.org/10.1016/j.jembe.2018.03.001,46.33432,0.315271,0.363636,24,False,2026-08-13T22:39:08+00:00
6d3eb8d12cbb2725,DOES RECRUITMENT LIMITATION STRUCTURE POPULATIONS AND COMMUNITIES OF MACROINVERTEBRATES IN MARINE SOFT SEDIMENTS - THE RELATIVE SIGNIFICANCE OF PRESETTLEMENT AND POSTSETTLEMENT PROCESSES,1994,"OLAFSSON, EB; PETERSON, CH; AMBROSE, WG","OCEANOGRAPHY AND MARINE BIOLOGY, VOL 32: AN ANNUAL REVIEW",Web of Science,WOS_MECH_FEEDING_MUCUS_CORAL_01,WOS_MECH_FEEDING_MUCUS_CORAL_01.ris#690,1,no_match,best Crossref candidate failed conservative match threshold,10.1201/b11009-5,Bioengineering effects of burrowing thalassinidean shrimps on marine soft-bottom ecosystems,2011,Deena Pillay; George Branch,Oceanography and Marine Biology - An Annual Review,book-chapter,CRC Press,https://doi.org/10.1201/b11009-5,50.85726,0.283636,0.111111,17,False,2026-08-13T22:41:00+00:00
da43b9541e4eb86f,QUANTITATIVE SAMPLING OF SOFT-BOTTOM MACROEPIFAUNA FOR ASSESSING THE BENTHIC SYSTEM IN THE BAY OF BREST (FRANCE),1994,"JEAN, F; HILLY, C",OCEANOLOGICA ACTA,Web of Science,WOS_SED_DREDGING_01,WOS_SED_DREDGING_01.ris#631,1,no_match,best Crossref candidate failed conservative match threshold,10.1016/s0399-1784(01)01146-x,"Spatial and temporal variations of fish assemblages in a shallow Mediterranean soft-bottom area (Gulf of Fos, France)",2001,Yves LETOURNEUR; Audrey DARNAUDE; Chantal SALEN-PICARD; Mireille HARMELIN-VIVIEN,Oceanologica Acta,journal-article,Elsevier BV,https://doi.org/10.1016/s0399-1784(01)01146-x,39.104393,0.383929,0.185185,7,False,2026-08-13T22:39:08+00:00
d7726fe1dab11743,CARBONATE PRODUCTION OF SOME CALCIFYING ALGAE IN A FRENCH-POLYNESIA CORAL-REEF,1995,"PAYRI, CE",BULLETIN DE LA SOCIETE GEOLOGIQUE DE FRANCE,Web of Science,WOS_SED_DEPOSITION_01,WOS_SED_DEPOSITION_01.ris#516,1,no_match,best Crossref candidate failed conservative match threshold,10.2113/gssgfbull.s7-xxii.3.290,Passage de la nappe du Jotun aux arcs de Bergen,1980,,Bulletin de la Societe Geologique de France,journal-article,EDP Sciences,https://doi.org/10.2113/gssgfbull.s7-xxii.3.290,65.39113,0.240000,0.000000,15,False,2026-08-13T22:41:00+00:00
bffbb4e942cbab5e,"CORAL-REEFS IN KANEOHE BAY, HAWAII - 2 CENTURIES OF WESTERN INFLUENCE AND 2 DECADES OF DATA",1995,"HUNTER, CL; EVANS, CW",BULLETIN OF MARINE SCIENCE,Web of Science,WOS_SED_DREDGING_01 | WOS_SED_SUSPENDED_01,WOS_SED_DREDGING_01.ris#628 | WOS_SED_SUSPENDED_01.ris#1507,2,no_match,best Crossref candidate failed conservative match threshold,10.58445/rars.345,"How Local Pollutants Affect Coral Reefs in Kaneohe Bay, Oahu",2023,Keelin Doherty,,posted-content,Polygence,https://doi.org/10.58445/rars.345,52.64804,0.394558,0.263158,28,False,2026-08-13T22:39:08+00:00
43ff421847dca857,EFFECTS OF TURBIDITY ON THE PHOTOSYNTHESIS AND RESPIRATION OF 2 SOUTH FLORIDA REEF CORAL SPECIES,1995,"TELESNICKI, GJ; GOLDBERG, WM",BULLETIN OF MARINE SCIENCE,Web of Science,WOS_MECH_FEEDING_MUCUS_CORAL_01 | WOS_SED_SUSPENDED_01,WOS_MECH_FEEDING_MUCUS_CORAL_01.ris#60 | WOS_SED_SUSPENDED_01.ris#665,2,no_match,best Crossref candidate failed conservative match threshold,10.3389/fmars.2020.00531,"Effects of Nitrate Enrichment on Respiration, Photosynthesis, and Fatty Acid Composition of Reef Coral Pocillopora damicornis Larvae",2020,Cheng-Yue Liu; Fang Zhang; You-Fang Sun; Xiao-Lei Yu; Hui Huang,Frontiers in Marine Science,journal-article,Frontiers Media SA,https://doi.org/10.3389/fmars.2020.00531,42.45878,0.557522,0.363636,25,False,2026-08-13T22:39:08+00:00
d3ae644bbbd47659,"Annual band width variation in Porites sp. from Aqaba, Gulf of Aqaba, Red Sea",1996,G. A. Heiss,BULLETIN OF MARINE SCIENCE,Semantic Scholar | Web of Science,SS_SED_DEPOSITION_01 | WOS_SED_DEPOSITION_01,2aa2c0a576893cbf9d3f43eb315a66a31e9fef6b | WOS_SED_DEPOSITION_01.ris#181,2,no_match,best Crossref candidate failed conservative match threshold,10.1007/bf02537443,"Carbonate production by scleractinian corals at Aqaba, Gulf of Aqaba, Red Sea",1995,Georg A. Heiss,Facies,journal-article,Springer Science and Business Media LLC,https://doi.org/10.1007/bf02537443,65.710655,0.577181,0.263158,1,True,2026-08-13T22:41:00+00:00
807839bc7dd45d51,Coral reef grounds and its associated biot a in the western side of the Arabian Gulf (ROPME Sea Area) with respect to 1991 Gulf war oil spill,1996,"Mohammed, SZ; AlSsadh, S",INDIAN JOURNAL OF MARINE SCIENCES,Web of Science,WOS_SED_DREDGING_01,WOS_SED_DREDGING_01.ris#624,1,no_match,best Crossref candidate failed conservative match threshold,10.1016/s0025-326x(97)00069-6,Hydrocarbon distributions in sediments of the open area of the Arabian Gulf following the 1991 Gulf War oil spill,1997,Sultan S. Al-Lihaibi; Sameer J. Ghazi,Marine Pollution Bulletin,journal-article,Elsevier BV,https://doi.org/10.1016/s0025-326x(97)00069-6,63.89136,0.579365,0.333333,1,False,2026-08-13T22:41:00+00:00
e5a0b9d14da4286b,"Distribution, abundance and composition of coral reef zooplankton, Cahuita National Park, Limon, Costa Rica",1996,"Morales, A; Murillo, MM",REVISTA DE BIOLOGIA TROPICAL,Web of Science,WOS_SED_DREDGING_01 | WOS_SED_SUSPENDED_01,WOS_SED_DREDGING_01.ris#245 | WOS_SED_SUSPENDED_01.ris#362,2,no_match,best Crossref candidate failed conservative match threshold,10.15517/rbt.v64i3.21449,Changes in abundance and composition of a Caribbean coral reef zooplankton community after 25 years,2016,Allan Martin Carrillo Baltodano; Álvaro Morales Ramírez,Revista de Biología Tropical,journal-article,Universidad de Costa Rica,https://doi.org/10.15517/rbt.v64i3.21449,60.114864,0.643564,0.318182,20,False,2026-08-13T22:39:08+00:00
6698921546632f44,IRS-1C applications for coastal zone management,1996,"Nayak, S; Chauhan, P; Chauhan, HB; Bahuguna, A; Nath, AN",CURRENT SCIENCE,Web of Science,WOS_SED_SUSPENDED_01,WOS_SED_SUSPENDED_01.ris#270,1,no_match,best Crossref candidate failed conservative match threshold,10.1007/978-90-481-3068-9_5,"Present Status, Challenges and Management of the Japanese Coastal Zone Environment",2010,Manish Kumar; Rita Chauhan,Management and Sustainable Development of Coastal Zone Environments,book-chapter,Springer Netherlands,https://doi.org/10.1007/978-90-481-3068-9_5,41.066177,0.453125,0.200000,14,False,2026-08-13T22:39:08+00:00
4f18c8d6e933afb5,Pb-210 and C-14 as indicators of Callianassid bioturbation in coral reef sediment,1996,"Walbran, PD",JOURNAL OF SEDIMENTARY RESEARCH,Web of Science,WOS_SED_DEPOSITION_01,WOS_SED_DEPOSITION_01.ris#501,1,review,plausible title/year match below automatic acceptance threshold,10.1306/d4268310-2b26-11d7-8648000102c1865d,210 Pb and 14 C as indicators of callianassid bioturbation in coral reef sediment,1996,P. D. Walbran,Journal of Sedimentary Research,journal-article,Society for Sedimentary Geology,https://doi.org/10.1306/d4268310-2b26-11d7-8648000102c1865d,108.66042,0.938272,1.000000,0,True,2026-08-13T22:39:08+00:00
d686913ced782160,Pre-ingestive feeding behaviors of two sub-tropical bivalves (Pinctada imbricata and Arca zebra): Responses to an acute increase in suspended sediment concentration,1996,"Ward, JE; MacDonald, BA",BULLETIN OF MARINE SCIENCE,Web of Science,WOS_MECH_FEEDING_MUCUS_CORAL_01 | WOS_SED_DREDGING_01 | WOS_SED_SUSPENDED_01,WOS_MECH_FEEDING_MUCUS_CORAL_01.ris#37 | WOS_SED_DREDGING_01.ris#194 | WOS_SED_SUSPENDED_01.ris#38,3,no_match,best Crossref candidate failed conservative match threshold,10.1016/s0022-0981(97)00177-9,Physiological responses of infaunal (Mya arenaria) and epifaunal (Placopecten magellanicus) bivalves to variations in the concentration and quality of suspended particles,1998,Gregory S Bacon; Bruce A MacDonald; J.Evan Ward,Journal of Experimental Marine Biology and Ecology,journal-article,Elsevier BV,https://doi.org/10.1016/s0022-0981(97)00177-9,44.176155,0.275229,0.235294,2,False,2026-08-13T22:41:04+00:00
397f459a1fdfeef8,"Spatial patterns in biodiversity of a fringing reef community along Opunohu Bay, Moorea, French Polynesia",1996,M. Adjeroud; B. Salvat,BULLETIN OF MARINE SCIENCE,Semantic Scholar | Web of Science,SS_SED_SUSPENDED_01 | WOS_SED_SUSPENDED_01,27ef24678b21b762f787ab4506fc46864ba7a507 | WOS_SED_SUSPENDED_01.ris#649,2,no_match,best Crossref candidate failed conservative match threshold,10.3354/meps159105,"Factors influencing spatial patterns on coral reefs around Moorea, French Polynesia",1997,M Adjeroud,Marine Ecology Progress Series,journal-article,Inter-Research Science Center,https://doi.org/10.3354/meps159105,63.271885,0.594595,0.238095,1,True,2026-08-13T22:41:04+00:00
5656fd322ef6c19c,Biodiversity of Maerl beds in Brittany: functional approach and anthropogenic impacts,1997,"Grall, J; Glémarec, M",VIE ET MILIEU-LIFE AND ENVIRONMENT,Web of Science,WOS_SED_SUSPENDED_01,WOS_SED_SUSPENDED_01.ris#922,1,no_match,best Crossref candidate failed conservative match threshold,10.1016/j.jembe.2020.151472,Impact of fishing gears and fishing intensities on maerl beds: An experimental approach,2020,Adeline Tauran; Julien Dubreuil; Benjamin Guyonnet; Jacques Grall,Journal of Experimental Marine Biology and Ecology,journal-article,Elsevier BV,https://doi.org/10.1016/j.jembe.2020.151472,36.07298,0.447059,0.277778,23,False,2026-08-13T22:39:08+00:00
d50c6ef9424d8034,"Contrasts within an outlier-reef system: Evidence for differential Quaternary evolution, South Florida windward margin, USA",1997,"Lidz, BH; Shinn, EA; Hine, AC; Locker, SD",JOURNAL OF COASTAL RESEARCH,Web of Science,WOS_SED_DEPOSITION_01,WOS_SED_DEPOSITION_01.ris#145,1,no_match,best Crossref candidate failed conservative match threshold,10.4043/7674-ms,"Late Quaternary Sequence Stratigraphy, South Florida Margin",1995,S.D. Locker; A.C. Hine,Offshore Technology Conference,proceedings-article,OTC,https://doi.org/10.4043/7674-ms,63.58418,0.449438,0.210526,2,False,2026-08-13T22:41:04+00:00
1f8c39710f14d343,"Aquaculture of the sea urchin (Strongylocentrotus nudus) transplanted from coralline flats in Hokkaido, Japan",1998,"Agatsuma, Y",JOURNAL OF SHELLFISH RESEARCH,Web of Science,WOS_SED_DREDGING_01,WOS_SED_DREDGING_01.ris#616,1,no_match,best Crossref candidate failed conservative match threshold,10.1046/j.1444-2906.2000.00035.x,"Seasonal foraging activity of the sea urchin Strongylocentrotus nudus on coralline flats in Oshoro Bay in south-western Hokkaido, Japan",2000,Y UKIO AGATSUMA; A KIFUMI NAKATA; K EIJI MATSUYAMA,Fisheries Science,journal-article,Japanese Society of Fisheries Science,https://doi.org/10.1046/j.1444-2906.2000.00035.x,80.358246,0.691667,0.500000,2,True,2026-08-13T22:41:09+00:00
6b7c69292a5c848e,"Biodiversity and spatial distribution of Polychaeta (Annelida) communities in coral-algal buildup sediment, Bahia, Brazil",1998,"de Santa-Isabel, LM; Peso-Aguiar, MC; de Jesus, ACS; Kelmo, F; Dutra, LXC",REVISTA DE BIOLOGIA TROPICAL,Web of Science,WOS_MECH_FEEDING_MUCUS_CORAL_01,WOS_MECH_FEEDING_MUCUS_CORAL_01.ris#495,1,no_match,best Crossref candidate failed conservative match threshold,10.1080/14634980008650682,"Effects of petroleum and its derivatives in benthic communities at Baía de Todos os Santos/Todos os Santos Bay, Bahia, Brazil",2000,M.C. Peso-Aguiar; D.H. Smith; R.C.F. Assis; L.M. Santa-Isabel; S. Peixinho; E.P. Gouveia; T.C.A. Almeida; W.S. Andrade; C.R.G. Carqueija; F. Kelmo; G. Carrozzo; C.V. Rodrigues; G.C. Carvalho; A.C.S. Jesus,Aquatic Ecosystem Health &amp; Management,journal-article,,https://doi.org/10.1080/14634980008650682,64.81945,0.433333,0.222222,2,False,2026-08-13T22:41:09+00:00
8b558ee65f626a6d,"Carbon flux by suspended and sinking particles around the barrier reef of Palau, western Pacific",1998,"Hata, H; Suzuki, A; Maruyama, T; Kurano, N; Miyachi, S; Ikeda, Y; Kayanne, H",LIMNOLOGY AND OCEANOGRAPHY,Web of Science,WOS_SED_DREDGING_01 | WOS_SED_SUSPENDED_01,WOS_SED_DREDGING_01.ris#162 | WOS_SED_SUSPENDED_01.ris#412,2,accepted,exact normalized title; year within one; author consistent if available,10.4319/lo.1998.43.8.1883,"Carbon flux by suspended and sinking particles around the barrier reef of Palau, western Pacific",1998,Hiroshi Hata; Atsushi Suzuki; Tadashi Maruyama; Norihide Kurano; Sigetoh Miyachi; Yutaka Ikeda; Hajime Kayanne,Limnology and Oceanography,journal-article,Wiley,https://doi.org/10.4319/lo.1998.43.8.1883,159.92542,1.000000,1.000000,0,True,2026-08-13T22:41:09+00:00
59b5f0a1ed32e3e5,Conservation issues relating to maerl beds as habitats for molluscs,1998,"Hall-Spencer, J",JOURNAL OF CONCHOLOGY,Web of Science,WOS_SED_DREDGING_01,WOS_SED_DREDGING_01.ris#618,1,no_match,best Crossref candidate failed conservative match threshold,10.1006/jmsc.2000.0918,"Scallop dredging has profound, long-term impacts on maerl habitats",2000,J Hall-Spencer,ICES Journal of Marine Science,journal-article,Oxford University Press (OUP),https://doi.org/10.1006/jmsc.2000.0918,37.9843,0.393939,0.111111,2,True,2026-08-13T22:41:12+00:00
eca7b07efc9612b7,Distribution and remineralization of organic carbon in sediments of a mangrove stand partly contaminated with sewage waste,1998,"Machiwa, JF",AMBIO,Web of Science,WOS_SED_DEPOSITION_01,WOS_SED_DEPOSITION_01.ris#817,1,no_match,best Crossref candidate failed conservative match threshold,10.1023/a:1009979204212,Lateral fluxes of organic carbon in a mangrove forest partly contaminated with sewage wastes,1999,John F. Machiwa,Mangroves and Salt Marshes,journal-article,Springer Science and Business Media LLC,https://doi.org/10.1023/a:1009979204212,58.5752,0.728972,0.500000,1,True,2026-08-13T22:41:13+00:00
b0c40c14e20ffb4c,Eutrophication modelling of a tidally influenced mangrove area in Bali subject to major dredging and reclamation activities,1998,"Bach, HK; Rasmussen, EK; Foster, T",ENVIRONMENTAL COASTAL REGIONS,Web of Science,WOS_SED_DREDGING_01 | WOS_SED_SUSPENDED_01,WOS_SED_DREDGING_01.ris#621 | WOS_SED_SUSPENDED_01.ris#1340,2,no_match,best Crossref candidate failed conservative match threshold,10.1061/9780784404119.256,Integrated Design Optimization for a Tropical Land Reclamation: Bali Turtle Island Development,1999,Andrew M. Driscoll; Tom Foster; Claus Pedersen; Palle Mikkelsen; Yukimitsu Tateishi,Coastal Engineering 1998,proceedings-article,American Society of Civil Engineers,https://doi.org/10.1061/9780784404119.256,37.497063,0.379630,0.115385,1,False,2026-08-13T22:41:17+00:00
724bf860c8fff5cd,Impacts of mobile fishing gear: The biodiversity perspective,1998,"Norse, EA; Watling, L",FISH HABITAT: ESSENTIAL FISH HABITAT AND REHABILITATION,Web of Science,WOS_SED_DREDGING_01,WOS_SED_DREDGING_01.ris#622,1,no_match,best Crossref candidate failed conservative match threshold,10.47886/9781888569124.ch5,Fish Habitat: Essential Fish Habitat and Rehabilitation,1999,,Fish Habitat: Essential Fish Habitat and Rehabilitation,book-chapter,American Fisheries Society,https://doi.org/10.47886/9781888569124.ch5,79.311775,0.353982,0.000000,1,False,2026-08-13T22:41:17+00:00
41a01d93de81f66d,Indian Remote Sensing satellite data application potential in coastal studies,1998,"Krishnamoorthy, R; Gnanappazham, L; Navamuniyammal, M","27TH INTERNATIONAL SYMPOSIUM ON REMOTE SENSING OF ENVIRONMENT, PROCEEDINGS: INFORMATION FOR SUSTAINABILITY",Web of Science,WOS_SED_SUSPENDED_01,WOS_SED_SUSPENDED_01.ris#164,1,no_match,best Crossref candidate failed conservative match threshold,10.1201/9781003078593-248,Indian remote sensing satellite data application potential in groundwater targetting and coastal hydrogeomorphological studies,2020,R. Krishnamoorthy,Groundwater 2000,book-chapter,CRC Press,https://doi.org/10.1201/9781003078593-248,79.981346,0.758621,0.714286,22,True,2026-08-13T22:42:29+00:00
38a4b4f9d74f360e,"Presence of the species Genocidaris maculata Agassiz, 1869, (Echinoidea, Echinodermata) in the Adriatic Sea",1998,Ivana Grubelić,PERIODICUM BIOLOGORUM,Semantic Scholar | Web of Science,SS_SED_DREDGING_01 | WOS_SED_DREDGING_01,523e30ab50b1accdf2126e6549f215aa28d26369 | WOS_SED_DREDGING_01.ris#620,2,no_match,best Crossref candidate failed conservative match threshold,10.7203/sjp.24204,"Systematics, distribution and paleoecology of the genera Genocidaris Agassiz, 1869 and Arbacina Pomel, 1869 (Trigonocidaridae, Echinoidea)",2022,Enrico Borghi; Ildefonso Bajo,Spanish Journal of Palaeontology,journal-article,Universitat de Valencia,https://doi.org/10.7203/sjp.24204,47.171688,0.427350,0.285714,24,False,2026-08-13T22:42:29+00:00
c70a48f4aeff6516,The significance of emerging diseases in the tropical coral reef ecosystem,1998,"Hayes, RL; Goreau, NI",REVISTA DE BIOLOGIA TROPICAL,Web of Science,WOS_MECH_FEEDING_MUCUS_CORAL_01,WOS_MECH_FEEDING_MUCUS_CORAL_01.ris#158,1,no_match,best Crossref candidate failed conservative match threshold,10.15517/rbt.v56i0.5580,"Satellite-derived sea surface temperature from Caribbean and Atlantic coral reef sites, 1984-2003",2007,R.L. Hayes; T.J. Goreau,Revista de Biología Tropical,journal-article,Universidad de Costa Rica,https://doi.org/10.15517/rbt.v56i0.5580,60.154774,0.435294,0.090909,9,True,2026-08-13T22:42:29+00:00
28d602b88d79061e,"An experimental field evaluation of healing in damaged, unbleached and artificially bleached star coral, Montastraea annularis",1999,P. E. Mascarelli; L. Bunkley-Williams,BULLETIN OF MARINE SCIENCE,Semantic Scholar | Web of Science,SS_MECH_FEEDING_MUCUS_CORAL_01 | WOS_MECH_FEEDING_MUCUS_CORAL_01,095e81e1e9dba78fbffb4d53b74a718e4c47d54b | WOS_MECH_FEEDING_MUCUS_CORAL_01.ris#375,2,no_match,best Crossref candidate failed conservative match threshold,10.1016/j.jembe.2003.10.015,Sea surface temperature and the growth of the West Atlantic reef-building coral Montastraea annularis,2004,Juan P. Carricart-Ganivet,Journal of Experimental Marine Biology and Ecology,journal-article,Elsevier BV,https://doi.org/10.1016/j.jembe.2003.10.015,44.497566,0.444444,0.200000,5,False,2026-08-13T22:42:29+00:00
5d840aecd3244725,"Compartments of the pelagic system and material exchange at the Abrolhos Bank coral reefs, Brazil",1999,"Knoppers, B; Meyerhöfer, M; Marone, E; Dutz, J; Lopes, R; Leipe, T; de Camargo, R",ARCHIVE OF FISHERY AND MARINE RESEARCH,Web of Science,WOS_MECH_FEEDING_MUCUS_CORAL_01,WOS_MECH_FEEDING_MUCUS_CORAL_01.ris#523,1,no_match,best Crossref candidate failed conservative match threshold,10.1007/s003670050108,"Suspended matter transport in coral reef waters of the Abrolhos Bank, Brazil",1999,T. Leipe; B. Knoppers; E. Marone; R. Camargo,Geo-Marine Letters,journal-article,Springer Science and Business Media LLC,https://doi.org/10.1007/s003670050108,88.22906,0.526316,0.300000,0,False,2026-08-13T22:42:29+00:00
57a7a867b8466156,Organisms from a fossil reef (Upper Oligocene-Lower Miocene) from the Caribbean of Costa Rica,1999,"Alvarez, TA",REVISTA DE BIOLOGIA TROPICAL,Web of Science,WOS_MECH_FEEDING_MUCUS_CORAL_01,WOS_MECH_FEEDING_MUCUS_CORAL_01.ris#448,1,no_match,best Crossref candidate failed conservative match threshold,10.1134/s0031030110030159,Fossil wood of Abietoxylon shakhtnaense sp. nov. (Pinaceae) from the Upper Oligocene-Lower Miocene deposits of Southeastern Sakhalin,2010,N. I. Blokhina,Paleontological Journal,journal-article,Pleiades Publishing Ltd,https://doi.org/10.1134/s0031030110030159,44.766388,0.465753,0.347826,11,False,2026-08-13T22:42:33+00:00
2da63a2d4f568e02,"Sediment bioturbation and impact of feeding activity of Holothuria (Halodeima) atra and Stichopus chloronotus, two sediment feeding holothurians, at Lizard Island, Great Barrier Reef",1999,"Uthicke, S",BULLETIN OF MARINE SCIENCE,Web of Science,WOS_MECH_FEEDING_MUCUS_CORAL_01,WOS_MECH_FEEDING_MUCUS_CORAL_01.ris#337,1,no_match,best Crossref candidate failed conservative match threshold,10.1007/s002270050184,"Seasonality of asexual reproduction in Holothuria ( Halodeima ) atra , H. ( H. ) edulis and Stichopus chloronotus (Holothuroidea: Aspidochirotida) on the Great Barrier Reef",1997,S. Uthicke,Marine Biology,journal-article,Springer Science and Business Media LLC,https://doi.org/10.1007/s002270050184,102.22058,0.592814,0.333333,2,True,2026-08-13T22:42:33+00:00
1bffb46b73fadfd9,"Association of epilithic algae with sediment distribution on a windward reef in the northern Great Barrier Reef, Australia",2000,Steven W. Purcell,ResearchOnline - JCU (James Cook University),OpenAlex | Semantic Scholar | Web of Science,OA_SED_DEPOSITION_01 | SS_SED_DEPOSITION_01 | WOS_SED_DEPOSITION_01,WOS_SED_DEPOSITION_01.ris#24 | ae00dc3e0a05f75d030d0ba8cdbdbca840eb0a0a | https://openalex.org/W1582902231,3,no_match,best Crossref candidate failed conservative match threshold,10.4319/lo.2000.45.7.1476,"Calcification by crustose coralline algae on the northern Great Barrier Reef, Australia",2000,John R. M. Chisholm,Limnology and Oceanography,journal-article,Wiley,https://doi.org/10.4319/lo.2000.45.7.1476,58.2893,0.618357,0.380952,0,False,2026-08-13T22:42:33+00:00
d4b3c16a052f281c,"Characteristics and significance of a sub-tropical 'low wooded island': Green Island, Moreton Bay, Australia.",2000,D. T. Neil,Queensland's institutional digital repository (The University of Queensland),OpenAlex | Semantic Scholar | Web of Science,OA_SED_DREDGING_01 | SS_SED_DREDGING_01 | WOS_SED_DREDGING_01,24f325ea9e9f824ed24fdb7a759c55383eeab4f5 | WOS_SED_DREDGING_01.ris#612 | https://openalex.org/W1608378244,3,no_match,best Crossref candidate failed conservative match threshold,10.1127/zfg/39/1995/273,"The supratidal deposits and effects of coral dredging on Mud Island, Moreton Bay, southeast Queensland",1995,D. P. Allingham; D. T. Neil,Zeitschrift für Geomorphologie,journal-article,Schweizerbart,https://doi.org/10.1127/zfg/39/1995/273,69.81399,0.492611,0.208333,5,False,2026-08-13T22:42:37+00:00
ebe4b2d2c988fe03,"Environmental evaluation near a fuel vendor within Parque Nacional Morrocoy, Venezuela. II: Water quality, sediments and biota",2000,"Rada, M; Losada, F",REVISTA DE BIOLOGIA TROPICAL,Web of Science,WOS_SED_SUSPENDED_01,WOS_SED_SUSPENDED_01.ris#280,1,no_match,best Crossref candidate failed conservative match threshold,10.15517/rbt.v61i3.11937,"Estructura de la comunidad de esponjas (Porifera) en tres arrecifes del Parque Nacional Morrocoy, Venezuela y su relación con algunas variables ambientales",2013,Marco A. Romero; Estrella Villamizar; Nora Malaver,Revista de Biología Tropical,journal-article,Universidad de Costa Rica,https://doi.org/10.15517/rbt.v61i3.11937,52.433533,0.408759,0.117647,13,False,2026-08-13T22:42:37+00:00
4fc0a92f1c663629,"Growth and survival of unattached Madracis mirabilis fragments transplanted to different reef sites, and the implication for reef rehabilitation",2000,C. J. Nagelkerke; S. Akkervanden; Rolf P. M. Bak; S. Bouma,UvA-DARE (University of Amsterdam),OpenAlex | Semantic Scholar | Web of Science,OA_SED_DEPOSITION_01 | SS_SED_DEPOSITION_01 | WOS_SED_DEPOSITION_01,0571af7793a11658ecca1509fc08b5fbeebd8395 | WOS_SED_DEPOSITION_01.ris#60 | https://openalex.org/W1487030884,3,no_match,best Crossref candidate failed conservative match threshold,10.3755/galaxea.15.351,Survival rate of coral fragments transplanted by different methods,2013,Piyawat SUJIRACHATO; Thon THAMRONGNAWASAWAT; Nalinee THONGTHAM; Pattanee JANTRAROTAI; Suchai WORACHANANANT,"Galaxea, Journal of Coral Reef Studies",journal-article,Japanese Coral Reef Society,https://doi.org/10.3755/galaxea.15.351,48.570892,0.526316,0.238095,13,False,2026-08-13T22:42:37+00:00
6b15ba98b2b812b2,Identification of appropriate spatial and temporal resolution in integrated systems,2000,"de Kok, JL; Wind, HG","ACCURACY 2000, PROCEEDINGS",Web of Science,WOS_SED_SUSPENDED_01,WOS_SED_SUSPENDED_01.ris#291,1,no_match,best Crossref candidate failed conservative match threshold,10.1061/40517(2000)308,Effect of Temporal Resolution on the Accuracy of ADCP Measurements,2000,Juan A. González-Castro; Kevin Oberg; James J. Duncker,Building Partnerships,proceedings-article,American Society of Civil Engineers,https://doi.org/10.1061/40517(2000)308,34.25051,0.416107,0.187500,0,False,2026-08-13T22:42:42+00:00
7db2dcbfa446bcf9,Pollution by mud of Great Barrier Reef coastal waters,2000,Eric Wolanski | Simon Spagnol,Journal of Coastal Research,OpenAlex | Semantic Scholar | Web of Science,OA_SED_DREDGING_01 | OA_SED_SUSPENDED_01 | SS_SED_DREDGING_01 | SS_SED_SUSPENDED_01 | WOS_SED_DREDGING_01 | WOS_SED_SUSPENDED_01,WOS_SED_DREDGING_01.ris#109 | WOS_SED_SUSPENDED_01.ris#344 | c18df78b7bb3f1a79c87f14550dfb5219eaa99eb | https://openalex.org/W2280097615,6,no_match,best Crossref candidate failed conservative match threshold,10.1006/ecss.1999.0528,Sticky Waters in the Great Barrier Reef,2000,E. Wolanski; S. Spagnol,"Estuarine, Coastal and Shelf Science",journal-article,Elsevier BV,https://doi.org/10.1006/ecss.1999.0528,82.40196,0.500000,0.333333,0,True,2026-08-13T22:42:42+00:00
23829049c719fad9,Protection of fish spawning habitat for the conservation of warm-temperate reef-fish fisheries of shelf-edge reefs of Florida,2000,Christopher C. Koenig | Felicia C. Coleman | Churchill B. Grimes | Gary R. Fitzhugh | Kathyryn M. Scanlon | Christopher T. Gledhill | Mark A. Grace,Bulletin of Marine Science,OpenAlex | Semantic Scholar | Web of Science,OA_SED_DREDGING_01 | SS_SED_DREDGING_01 | WOS_SED_DREDGING_01,WOS_SED_DREDGING_01.ris#610 | c6edd156feb2e76cbdc62d75573cd72a5030a097 | https://openalex.org/W2156396688,3,no_match,best Crossref candidate failed conservative match threshold,10.1080/00330124.2011.585076,Groupers on the Edge: Shelf Edge Spawning Habitat in and Around Marine Reserves of the Northeastern Gulf of Mexico,2011,Felicia C. Coleman; Kathryn M. Scanlon; Christopher C. Koenig,The Professional Geographer,journal-article,Informa UK Limited,https://doi.org/10.1080/00330124.2011.585076,58.589024,0.411765,0.230769,11,False,2026-08-13T22:42:46+00:00
83933892349e823b,"Rapid assessment of reef patches in Majagual, Quintana Roo, Mexico",2000,"Bastida-Zavala, JR; Beltrán-Torres, AU; Gutiérrez-Aguirre, MA; de la Fuente-Betancourt, G",REVISTA DE BIOLOGIA TROPICAL,Web of Science,WOS_SED_SUSPENDED_01,WOS_SED_SUSPENDED_01.ris#264,1,no_match,best Crossref candidate failed conservative match threshold,10.15517/rbt.v48i2-3.18715,"Biomasa y densidad de dos especies de pastos marinos en el sur de Quintana Roo, México",1969,Martha Angélica Gutiérrez-Aguirre; María Gabriela De la Fuente-Betancourt; Adrián Cervantes Martínez,Revista de Biología Tropical,journal-article,Universidad de Costa Rica,https://doi.org/10.15517/rbt.v48i2-3.18715,73.26825,0.510067,0.142857,31,False,2026-08-13T22:42:46+00:00
89bbc898662d0010,"Costa Rica's marine biodiversity, microcrustaceans:: Subclass Copepoda (Crustacea: Maxillopoda)",2001,"Morales-Ramírez, A",REVISTA DE BIOLOGIA TROPICAL,Web of Science,WOS_SED_DREDGING_01 | WOS_SED_SUSPENDED_01,WOS_SED_DREDGING_01.ris#280 | WOS_SED_SUSPENDED_01.ris#1231,2,no_match,best Crossref candidate failed conservative match threshold,10.15517/rbt.v64ia.30742,"Euphausiids (Crustacea: Euphausiacea) from a hotspot of marine biodiversity, Isla del Coco, Costa Rica, Eastern Tropical Pacific",2017,Juan Carlos Azofeifa-Solano; Marco Corrales-Ugalde; Iván Castellanos-Osorio; Álbaro Morales-Ramírez,Revista de Biología Tropical,journal-article,Universidad de Costa Rica,https://doi.org/10.15517/rbt.v64ia.30742,59.37864,0.445498,0.227273,16,False,2026-08-13T22:42:46+00:00
19296b081281e905,"Early diagenetic septarian concretions from the oxtordian (Jurassic) Corallian Group, Osmington Mills, Dorset, UK",2001,"Green, DJ; Pirrie, D","GEOSCIENCE IN SOUTH-WEST ENGLAND, VOL 10, PT 2 2001: RESEARCH INTO THE GEOLOGY AND GEOMORPHOLOGY OF SOUTH-WEST ENGLAND",Web of Science,WOS_SED_DEPOSITION_01,WOS_SED_DEPOSITION_01.ris#620,1,no_match,best Crossref candidate failed conservative match threshold,10.1306/8626d667-173b-11d7-8645000102c1865d,"ABSTRACT: Diagenesis beneath sequence boundaries: the Corallian Group (Upper Jurassic), southern Dorset, UK",2001,Samuel N. Bishop1,AAPG Bulletin,journal-article,Unmaintained records,https://doi.org/10.1306/8626d667-173b-11d7-8645000102c1865d,66.508644,0.497608,0.285714,0,False,2026-08-13T22:42:50+00:00
b5fdfa79ed1551b3,Efficacy of blue crab spawning sanctuaries in Chesapeake Bay,2001,"Seitz, RD; Lipcius, RN; Stockhausen, WT; Montane, MM",SPATIAL PROCESSES AND MANAGEMENT OF MARINE POPULATIONS,Web of Science,WOS_SED_DREDGING_01,WOS_SED_DREDGING_01.ris#605,1,no_match,best Crossref candidate failed conservative match threshold,10.3354/meps321215,Assessing effectiveness of the blue crab spawning stock sanctuary in Chesapeake Bay using tag-return methodology,2006,DM Lambert; RN Lipcius; JM Hoenig,Marine Ecology Progress Series,journal-article,Inter-Research Science Center,https://doi.org/10.3354/meps321215,58.074608,0.616279,0.388889,5,False,2026-08-13T22:42:50+00:00
be06cbcb273f4de7,Growth responses of the reef-building coral Montastraea annularis along a gradient of continental influence in the southern Gulf of Mexico,2001,Juan P. Carricart‐Ganivet | Martín Merino–Ibarra,Bulletin of Marine Science,OpenAlex | Semantic Scholar | Web of Science,OA_SED_DEPOSITION_01 | OA_SED_SUSPENDED_01 | SS_SED_DEPOSITION_01 | SS_SED_SUSPENDED_01 | WOS_SED_DEPOSITION_01 | WOS_SED_SUSPENDED_01,5bc10916c06f4007287d848f24687ea0802f9fb9 | WOS_SED_DEPOSITION_01.ris#153 | WOS_SED_SUSPENDED_01.ris#825 | https://openalex.org/W2471703112,6,no_match,best Crossref candidate failed conservative match threshold,10.1007/s00227-018-3288-0,Sex-related differences in the sclerochronology of the reef-building coral Montastraea cavernosa: the effect of the growth strategy,2018,Mónica Cecilia Mozqueda-Torres; Israel Cruz-Ortega; Luis Eduardo Calderon-Aguilera; Héctor Reyes-Bonilla; Juan P. Carricart-Ganivet,Marine Biology,journal-article,Springer Science and Business Media LLC,https://doi.org/10.1007/s00227-018-3288-0,62.035217,0.492537,0.320000,17,False,2026-08-13T22:42:50+00:00
e8efe09ed7c62528,"Middle Cretaceous carbonate build-ups and volcanic seamount in the Shyok suture, Northern Ladakh, India",2001,"Upadhyay, R",CURRENT SCIENCE,Web of Science,WOS_SED_DREDGING_01,WOS_SED_DREDGING_01.ris#604,1,no_match,best Crossref candidate failed conservative match threshold,10.1016/s0040-1951(01)00183-4,Comment on “Middle Cretaceous back-arc formation and arc evolution along the Asia margin: the Shyok Suture Zone in northern Ladakh (NW Himalaya)” by Rolland and Pêcher,2001,R.F Weinberg; W.J Dunlap,Tectonophysics,journal-article,Elsevier BV,https://doi.org/10.1016/s0040-1951(01)00183-4,55.12763,0.577947,0.300000,0,False,2026-08-13T22:42:54+00:00
60b4b1072a312ff0,"Monitoring the effects of land development on the near-shore reef environment of St. Thomas, USVI",2001,Richard S. Nemeth | Joshua Nowlis,Bulletin of Marine Science,OpenAlex | Semantic Scholar | Web of Science,OA_RESP_THRESHOLD_RECOVERY_01 | OA_SED_DEPOSITION_01 | OA_SED_SUSPENDED_01 | SS_RESP_THRESHOLD_RECOVERY_01 | SS_SED_DEPOSITION_01 | SS_SED_SUSPENDED_01 | WOS_SED_DEPOSITION_01 | WOS_SED_SUSPENDED_01,0ff6807d3ed29c8298099bf9cabd69bfde276c04 | WOS_SED_DEPOSITION_01.ris#322 | WOS_SED_SUSPENDED_01.ris#186 | https://openalex.org/W2242746038,8,no_match,best Crossref candidate failed conservative match threshold,10.1016/j.marpolbul.2017.09.056,"Mercury in dated sediment cores from coastal ponds of St Thomas, USVI",2018,Gaboury Benoit,Marine Pollution Bulletin,journal-article,Elsevier BV,https://doi.org/10.1016/j.marpolbul.2017.09.056,43.439278,0.503067,0.181818,17,False,2026-08-13T22:42:54+00:00
1efca710764eef28,"Partial mortality of massive reef-building corals: An index of patch reef condition, Florida Reef Tract",2001,"Ginsburg, RN; Gischler, E; Kiene, WE",BULLETIN OF MARINE SCIENCE,Semantic Scholar | Web of Science,SS_RESP_THRESHOLD_RECOVERY_01 | SS_SED_SUSPENDED_01 | WOS_SED_SUSPENDED_01,7ed7eb63e2e33b530528398974e2e0c568baa93e | WOS_SED_SUSPENDED_01.ris#1519,3,no_match,best Crossref candidate failed conservative match threshold,10.1016/s0025-326x(02)00402-2,Partial mortality in massive reef corals as an indicator of sediment stress on coral reefs,2003,Maggy M Nugues; Callum M Roberts,Marine Pollution Bulletin,journal-article,Elsevier BV,https://doi.org/10.1016/s0025-326x(02)00402-2,68.84797,0.575916,0.333333,2,False,2026-08-13T22:42:54+00:00
fc339f9b5a3d8086,Patterns of coral reef development on Tarawa Atoll (Kiribati),2001,"Paulay, G; Kerr, A",BULLETIN OF MARINE SCIENCE,Web of Science,WOS_MECH_FEEDING_MUCUS_CORAL_01 | WOS_SED_DEPOSITION_01,WOS_MECH_FEEDING_MUCUS_CORAL_01.ris#240 | WOS_SED_DEPOSITION_01.ris#939,2,no_match,best Crossref candidate failed conservative match threshold,10.1007/s11625-013-0210-z,"Historical area and shoreline change of reef islands around Tarawa Atoll, Kiribati",2013,Naomi Biribo; Colin D. Woodroffe,Sustainability Science,journal-article,Springer Science and Business Media LLC,https://doi.org/10.1007/s11625-013-0210-z,49.76398,0.542857,0.312500,12,False,2026-08-13T22:42:58+00:00
7c52e9fcf7fd189a,"The culture, transplantation and storage of Montastraea faveolata, Acropora cervicornis and Acropora palmata:: What we have learned so far",2001,Lillian C. Becker; Erich Mueller,BULLETIN OF MARINE SCIENCE,Semantic Scholar | Web of Science,SS_RESP_THRESHOLD_RECOVERY_01 | SS_SED_SUSPENDED_01 | WOS_SED_SUSPENDED_01,9b93d118b89ee83b55d00ca0601f20bb3fd65c37 | WOS_SED_SUSPENDED_01.ris#1326,3,no_match,best Crossref candidate failed conservative match threshold,10.25148/etd.fi14050466,"Aspects of the transplantation, storage and maintenance of corals (Montastraea Faveolata, Acropora Cervicornis and A. Palmata)",2017,Lillian C. Becker,,dissertation,Florida International University,https://doi.org/10.25148/etd.fi14050466,112.55849,0.682353,0.476190,16,True,2026-08-13T22:42:58+00:00
cd62fbd402d4ad8e,"Bioerosional trace fossils from the Miocene of Carriacou, Lesser Antilles",2002,"Pickerill, RK; Donovan, SK; Portell, RW",CARIBBEAN JOURNAL OF SCIENCE,Web of Science,WOS_SED_DEPOSITION_01,WOS_SED_DEPOSITION_01.ris#683,1,no_match,best Crossref candidate failed conservative match threshold,10.1080/10420940109380194,"<i>Caulostrepsis spiralis</i>isp. nov., Miocene grand bay formation of Carriacou (Grenadines, lesser antilles)",2001,Ron K. Pickerill; Stephen K. Donovan; Roger W. Portell,Ichnos,journal-article,Informa UK Limited,https://doi.org/10.1080/10420940109380194,73.116264,0.540230,0.263158,1,True,2026-08-13T22:43:02+00:00
5a2bff10719e4750,Effect of terrigenous sediment influx on coral cover and linear extension rates of three Caribbean massive coral species,2002,J. L. Torres; J. Morelock,CARIBBEAN JOURNAL OF SCIENCE,Semantic Scholar | Web of Science,SS_RESP_THRESHOLD_RECOVERY_01 | SS_SED_DEPOSITION_01 | WOS_SED_DEPOSITION_01,3c5a0d1dd75535ea9b5bab43912ec8782a1e377f | WOS_SED_DEPOSITION_01.ris#147,3,no_match,best Crossref candidate failed conservative match threshold,10.25148/etd.fidc006531,"Impact of Herbivory, Structural Complexity, and Sediment on Caribbean Coral Reefs",2019,Alain Duran,,dissertation,Florida International University,https://doi.org/10.25148/etd.fidc006531,51.76879,0.412060,0.285714,17,False,2026-08-13T22:43:02+00:00
3c03b444b045157b,"Environmental factors affecting tissue regeneration of the reef -: building coral Montastraea annularis (Faviidae) at Los Roques National Park, Venezuela",2002,"Cróquer, A; Villamizar, E; Noriega, N",Revista de Biología Tropical,Semantic Scholar | Web of Science,SS_RESP_THRESHOLD_RECOVERY_01 | SS_SED_DREDGING_01 | SS_SED_SUSPENDED_01 | WOS_RESP_THRESHOLD_RECOVERY_01 | WOS_SED_DREDGING_01 | WOS_SED_SUSPENDED_01,WOS_RESP_THRESHOLD_RECOVERY_01.ris#131 | WOS_SED_DREDGING_01.ris#125 | WOS_SED_SUSPENDED_01.ris#654 | b2cc23edcaea31977707809d29f564ba69591fcf,6,no_match,best Crossref candidate failed conservative match threshold,10.15517/rbt.v56i0.5591,"Impacts of the 2005 Caribbean bleaching event at Archipiélago de Los Roques National Park, Venezuela",2007,E. Villamizar; H. Camisotti; B Rodríguez; J. Pérez; M. Romero,Revista de Biología Tropical,journal-article,Universidad de Costa Rica,https://doi.org/10.15517/rbt.v56i0.5591,67.64179,0.512195,0.307692,5,False,2026-08-13T22:43:06+00:00
b187eb1b6eddaf6e,Global change in the coastal zone: The case of Southeast Asia,2002,"Talaue-McManus, L",CHALLENGES OF A CHANGING EARTH,Web of Science,WOS_SED_DEPOSITION_01,WOS_SED_DEPOSITION_01.ris#469,1,accepted,exact normalized title; year within one; author consistent if available,10.1007/978-3-642-19016-2_17,Global Change in the Coastal Zone: The Case of Southeast Asia,2002,Liana Talaue-McManus,Global Change — The IGBP Series,book-chapter,Springer Berlin Heidelberg,https://doi.org/10.1007/978-3-642-19016-2_17,91.925865,1.000000,1.000000,0,True,2026-08-13T22:43:06+00:00
0ae589cfa37997ff,Incipient speciation across a depth gradient in a scleractinian coral?,2002,"Carlon, DB; Budd, AF",EVOLUTION,Web of Science,WOS_MECH_FEEDING_MUCUS_CORAL_01,WOS_MECH_FEEDING_MUCUS_CORAL_01.ris#267,1,accepted,exact normalized title; year within one; author consistent if available,10.1554/0014-3820(2002)056[2227:isaadg]2.0.co;2,INCIPIENT SPECIATION ACROSS A DEPTH GRADIENT IN A SCLERACTINIAN CORAL?,2002,David B. Carlon; Ann F. Budd,Evolution,journal-article,The Society for the Study of Evolution,https://doi.org/10.1554/0014-3820(2002)056[2227:isaadg]2.0.co;2,101.148125,1.000000,1.000000,0,True,2026-08-13T22:43:12+00:00
e856b3442a448716,Post-settlement diet shift of Chlorurus sordidus and Scarus schlegeli (Pisces: Scaridae),2002,Li-Shu Chen,ResearchOnline at James Cook University (James Cook University),OpenAlex | Semantic Scholar | Web of Science,OA_MECH_FEEDING_MUCUS_CORAL_01 | SS_MECH_FEEDING_MUCUS_CORAL_01 | WOS_MECH_FEEDING_MUCUS_CORAL_01,WOS_MECH_FEEDING_MUCUS_CORAL_01.ris#242 | e2effa1868fd837f46b03e9adc9726701ea2b06f | https://openalex.org/W2168060972,3,no_match,best Crossref candidate failed conservative match threshold,10.1111/j.1095-8649.1988.tb05464.x,Ontogenetic changes in the diet of early post‐settlement <i>Scarus</i> species (Pisces: Scaridae),1988,D. R. Bellwood,Journal of Fish Biology,journal-article,Wiley,https://doi.org/10.1111/j.1095-8649.1988.tb05464.x,55.006325,0.491429,0.250000,14,False,2026-08-13T22:43:12+00:00
acb9102b4e725c28,Tropical storms and tropical coastal biodiversity,2002,"Salazar-Vallejo, SI",REVISTA DE BIOLOGIA TROPICAL,Web of Science,WOS_SED_DREDGING_01 | WOS_SED_SUSPENDED_01,WOS_SED_DREDGING_01.ris#151 | WOS_SED_SUSPENDED_01.ris#823,2,no_match,best Crossref candidate failed conservative match threshold,10.15517/rbt.v65i3.26635,"How false is Nereis falsa (Annelida, Phyllodocida, Nereididae)?",2017,Sergio I. Salazar-Vallejo; Patrick Gillet; Victor Surugiu,Revista de Biología Tropical,journal-article,Universidad de Costa Rica,https://doi.org/10.15517/rbt.v65i3.26635,45.679234,0.392523,0.000000,15,True,2026-08-13T22:43:17+00:00
015ed1294f720c02,Distinguishing ambient and anthropogenic sediments at sensitive coastal ocean sites,2003,"Proni, JR; McMillen, RI",COASTAL ENGINEERING VI: COMPUTER MODELLING AND EXPERIMENTAL MEASUREMENTS OF SEAS AND COASTAL REGIONS,Web of Science,WOS_SED_DREDGING_01,WOS_SED_DREDGING_01.ris#73,1,no_match,best Crossref candidate failed conservative match threshold,10.1007/978-94-011-2878-0,Computer Modelling of Seas and Coastal Regions,1992,,,book,Springer Netherlands,https://doi.org/10.1007/978-94-011-2878-0,59.133423,0.341085,0.133333,11,False,2026-08-13T22:43:17+00:00
116606b946c85f01,"Effects of Hurricane Keith at a patch reef on Banco Chinchorro, Mexican Caribbean",2003,Aurora U. Beltran-Norres; Leydi Munoz-Sanchez; J. Carricart-Ganivet,BULLETIN OF MARINE SCIENCE,Semantic Scholar | Web of Science,SS_SED_DREDGING_01 | WOS_SED_DREDGING_01,3e74db1c9bcd2066fcba93d1fc954f87f6d8fcbc | WOS_SED_DREDGING_01.ris#25,2,no_match,best Crossref candidate failed conservative match threshold,10.18475/cjos.v51i2.a8,"The Mastofauna of Banco Chinchorro Atoll, Mexico",2021,Pierre Charruau,Caribbean Journal of Science,journal-article,University of Puerto Rico at Mayaguez,https://doi.org/10.18475/cjos.v51i2.a8,44.230865,0.440945,0.176471,18,False,2026-08-13T22:43:21+00:00
c474afc7fb35eaca,Effects of sedimentation on scleractinian and Actinian species in artificial reefs at the Casa Caiada beach (Brazil),2003,"Pereira, LCC; Jiménez, JA; Gomes, PB; Medeiros, C; da Costa, RAAM",JOURNAL OF COASTAL RESEARCH,Semantic Scholar | Web of Science,SS_MECH_FEEDING_MUCUS_CORAL_01 | WOS_MECH_FEEDING_MUCUS_CORAL_01,WOS_MECH_FEEDING_MUCUS_CORAL_01.ris#360 | a396a8d2bf89c6b4109d340c31310020605d8acd,2,no_match,best Crossref candidate failed conservative match threshold,10.1007/s00338-004-0446-2,Annual cycle of symbiotic dinoflagellates from three species of scleractinian corals from coastal reefs of northeastern Brazil,2005,Cristiane F. Costa; Roberto Sassi; Fernanda D. Amaral,Coral Reefs,journal-article,Springer Science and Business Media LLC,https://doi.org/10.1007/s00338-004-0446-2,47.23639,0.483333,0.192308,2,False,2026-08-13T22:43:21+00:00
00746ffe2f599880,"Environmental impacts of coastal-plain activities on sandy beach systems: Hazards, perception and mitigation",2003,"Finkl, CW; Krupa, SL",JOURNAL OF COASTAL RESEARCH,Web of Science,WOS_SED_SUSPENDED_01,WOS_SED_SUSPENDED_01.ris#1534,1,no_match,best Crossref candidate failed conservative match threshold,10.2307/1352536,"Coastal Hazards: Perception, Susceptibility and Mitigation",1996,G. Fister; Charles W. Finkl,Estuaries,journal-article,Springer Science and Business Media LLC,https://doi.org/10.2307/1352536,56.794266,0.506173,0.333333,7,False,2026-08-13T22:43:21+00:00
d71cd986c600cafa,Shallow water crinoids are on soft sediments too: Evidence from a video survey of a subtropical estuary,2003,"Stevens, T; Connolly, RM",BULLETIN OF MARINE SCIENCE,Web of Science,WOS_SED_DEPOSITION_01,WOS_SED_DEPOSITION_01.ris#3,1,no_match,best Crossref candidate failed conservative match threshold,10.1016/j.marpolbul.2017.03.032,"Polychlorinated biphenyls (PCBs) and organochlorine pesticides (OCPs) in sediments from an urban- and industrial-impacted subtropical estuary (Babitonga Bay, Brazil)",2017,Juliane Rizzi; Satie Taniguchi; César C. Martins,Marine Pollution Bulletin,journal-article,Elsevier BV,https://doi.org/10.1016/j.marpolbul.2017.03.032,39.343758,0.455598,0.129032,14,False,2026-08-13T22:43:25+00:00
ff02e7617ac3c4ad,Smothering seaweed spreading on Florida coral reefs,2003,[Anonymous],MARINE POLLUTION BULLETIN,Web of Science,WOS_SED_DEPOSITION_01,WOS_SED_DEPOSITION_01.ris#1143,1,no_match,best Crossref candidate failed conservative match threshold,10.1016/j.marpolbul.2006.12.014,Is proximity to land-based sources of coral stressors an appropriate measure of risk to coral reefs? An example from the Florida Reef Tract,2007,Diego Lirman; Peggy Fong,Marine Pollution Bulletin,journal-article,Elsevier BV,https://doi.org/10.1016/j.marpolbul.2006.12.014,47.3929,0.328042,0.125000,4,False,2026-08-13T22:43:25+00:00
89e9824b61d63707,"Spatial distribution of epibenthic bryozoans found on the roots of Rhizophora mangle, Kingston Harbour, Jamaica, WI",2003,"Creary, MM",BULLETIN OF MARINE SCIENCE,Web of Science,WOS_SED_SUSPENDED_01,WOS_SED_SUSPENDED_01.ris#257,1,no_match,best Crossref candidate failed conservative match threshold,10.1007/bf00386882,"Dynamics of the epibenthic community on roots of the mangrove Rhizophora mangle, at Bah�a de Buche, Venezuela",1980,J. P. Sutherland,Marine Biology,journal-article,Springer Science and Business Media LLC,https://doi.org/10.1007/bf00386882,48.632294,0.532110,0.304348,23,False,2026-08-13T22:43:25+00:00
4dd64157457fa52f,"Sustainability of subtropical coastal zones in southeastern Florida: Challenges for urbanized coastal environments threatened by development, pollution, water supply, and storm hazards",2003,"Finkl, C.W. | Charlier, R.H.",Platform voor marien onderzoek (Vlaams Instituut Voor De Zee),OpenAlex | Semantic Scholar | Web of Science,OA_SED_DREDGING_01 | SS_SED_DREDGING_01 | WOS_SED_DREDGING_01,918a3b4508da9addb8ac9e3b3b5628cf095d45d3 | WOS_SED_DREDGING_01.ris#595 | https://openalex.org/W2464500012,3,no_match,best Crossref candidate failed conservative match threshold,10.1007/978-94-007-5234-4_1,"The Southeast Florida Coastal Zone (SFCZ): A Cascade of Natural, Biological, and Human-Induced Hazards",2013,Charles W. Finkl; Christopher Makowski,Coastal Research Library,book-chapter,Springer Netherlands,https://doi.org/10.1007/978-94-007-5234-4_1,50.7947,0.368231,0.161290,10,True,2026-08-13T22:43:30+00:00
1f5ebe0936e67fb2,"A record of live corals along the Saurashtra coast of Gujarat, Arabian Sea",2004,C. Raghunathan | R. Sen Gupta | U. Wangikar | Jayendra Lakhmapurkar,Current Science,OpenAlex | Semantic Scholar | Web of Science,OA_SED_SUSPENDED_01 | SS_SED_SUSPENDED_01 | WOS_SED_SUSPENDED_01,WOS_SED_SUSPENDED_01.ris#116 | cbc81fc90c64adb7f834edc5489e2602e12be67b | https://openalex.org/W2343803546,3,no_match,best Crossref candidate failed conservative match threshold,10.51470/jez.2024.27.2.1609,"Seaweed species diversity along the intertidal region of Loej, Saurashtra Coast, Gujarat, Arabian sea",2024,Tandel Neha; T. H. Dave; Kuhada Jayesh; Vadher Minal; Tandel Trushti,Journal of Experimental Zoology India,journal-article,Research Floor,https://doi.org/10.51470/jez.2024.27.2.1609,47.05688,0.666667,0.444444,20,False,2026-08-13T22:43:30+00:00
06fec5ccf795edb5,Akumal's reefs: Stony coral communities along the developing Mexican Caribbean coastline,2004,"Roy, RE",REVISTA DE BIOLOGIA TROPICAL,Web of Science,WOS_MECH_FEEDING_MUCUS_CORAL_01,WOS_MECH_FEEDING_MUCUS_CORAL_01.ris#268,1,no_match,best Crossref candidate failed conservative match threshold,10.7717/peerj.8069/fig-3,Figure 3: Prevalence of the Stony Coral Tissue Loss Disease in the Mexican Caribbean.,2019,,,component,PeerJ,https://doi.org/10.7717/peerj.8069/fig-3,45.184486,0.564706,0.250000,15,False,2026-08-13T22:43:30+00:00
9a965727ca712601,Comparison of hydroacoustic surveys to traditional trawl methods for determining nekton biomass in a Louisiana estuary,2004,"Boswell, KM; Wilson, CA",PROCEEDINGS OF THE FIFTY-FIFTH ANNUAL GULF AND CARIBBEAN FISHERIES INSTITUTE,Web of Science,WOS_SED_DEPOSITION_01,WOS_SED_DEPOSITION_01.ris#333,1,no_match,best Crossref candidate failed conservative match threshold,10.36038/0131-6184-2025-2-116-125,Hydroacoustic methods for assessing trawl catchability and fish responses to the vessel’s noise field during surveys,2025,V. I. Polyanichko; M. Yu. Kuznetsov,Fisheries,journal-article,Russian Federal Research Institute of Fisheries and Oceanography,https://doi.org/10.36038/0131-6184-2025-2-116-125,43.033997,0.377682,0.230769,21,False,2026-08-13T22:43:35+00:00
0ff62bcfcfa0ca14,"Effects of salinity and turbidity on the free amino acid composition in gill tissue of the Pacific oyster, Crassostrea gigas",2004,"Lee, NH; Han, KN; Choi, KS",JOURNAL OF SHELLFISH RESEARCH,Web of Science,WOS_SED_SUSPENDED_01,WOS_SED_SUSPENDED_01.ris#751,1,no_match,best Crossref candidate failed conservative match threshold,10.2983/0730-8000(2005)24[451:eopaho]2.0.co;2,"EFFECTS OF POLYNUCLEAR AROMATIC HYDROCARBONS ON HEMOCYTE CHARACTERISTICS OF THE PACIFIC OYSTER, CRASSOSTREA GIGAS",2005,,Journal of Shellfish Research,journal-article,National Shellfisheries Association,https://doi.org/10.2983/0730-8000(2005)24[451:eopaho]2.0.co;2,55.98724,0.621277,0.347826,1,False,2026-08-13T22:43:35+00:00
613c8cc74ff25723,Glass sponges arrest pumping in response to increased sediment loads,2004,"Leys, SP; Tompkins, GJ",INTEGRATIVE AND COMPARATIVE BIOLOGY,Web of Science,WOS_MECH_FEEDING_PUMPING_SPONGE_01 | WOS_SED_DEPOSITION_01,WOS_MECH_FEEDING_PUMPING_SPONGE_01.ris#10 | WOS_SED_DEPOSITION_01.ris#21,2,no_match,best Crossref candidate failed conservative match threshold,10.1007/s00227-008-0987-y,Glass sponges arrest pumping in response to sediment: implications for the physiology of the hexactinellid conduction system,2008,Gabrielle J. Tompkins-MacDonald; Sally P. Leys,Marine Biology,journal-article,Springer Science and Business Media LLC,https://doi.org/10.1007/s00227-008-0987-y,65.85644,0.607330,0.444444,4,False,2026-08-13T22:43:40+00:00
1e9e14d644223da1,Large-scale ecological impacts of development on tropical islands systems: comparison of developed and undeveloped islands in the central Bahamas,2004,Kathleen Sullivan Sealey,Bulletin of Marine Science,OpenAlex | Semantic Scholar | Web of Science,OA_SED_SUSPENDED_01 | SS_SED_SUSPENDED_01 | WOS_SED_SUSPENDED_01,634650ef3efdebb9250f8eb7666944e48ecdf4e5 | WOS_SED_SUSPENDED_01.ris#1167 | https://openalex.org/W254949922,3,no_match,best Crossref candidate failed conservative match threshold,10.1016/j.ecoinf.2025.103436,Shoreline dynamics of barrier islands in the Gulf of Mexico: A 30-year comparative analysis of developed vs. undeveloped islands,2025,SaMin Han; Timothy J. Schauwecker,Ecological Informatics,journal-article,Elsevier BV,https://doi.org/10.1016/j.ecoinf.2025.103436,49.013554,0.496296,0.206897,21,False,2026-08-13T22:43:40+00:00
a3c5d7c1855c4f84,"Middle Devonian Calceola sandalina (Linnaeus, 1771) (Anthozoa, Rugosa) from Moravia (Czech Republic):: aspects of functional morphology, gerontic growth patterns, and epibionts",2004,A. Galle; František Ficner,GEODIVERSITAS,Semantic Scholar | Web of Science,SS_MECH_FEEDING_MUCUS_CORAL_01 | WOS_MECH_FEEDING_MUCUS_CORAL_01,68cc77fe80c100dbd798097935e9090a4605f991 | WOS_MECH_FEEDING_MUCUS_CORAL_01.ris#496,2,no_match,best Crossref candidate failed conservative match threshold,10.2478/fbgp-2014-0002,"The First Occurrence of the Devonian Rugose Coral Calceola Sandalina (Linné, 1771) in the Barrandian Area, Czech Republic",2015,Michal Mergl,Folia Musei rerum naturalium Bohemiae occidentalis. Geologica et Paleobiologica,journal-article,Walter de Gruyter GmbH,https://doi.org/10.2478/fbgp-2014-0002,59.117306,0.448399,0.233333,11,False,2026-08-13T22:43:44+00:00
3798b24a34bd07ca,"Reef morphology and community structure along a fluvial gradient, Rio Bueno, Jamaica.",2004,Jennie Mallela | Chris T. Perry | Michael P. Haley,CARIBBEAN JOURNAL OF SCIENCE,OpenAlex | Semantic Scholar | Web of Science,OA_SED_SUSPENDED_01 | SS_SED_SUSPENDED_01 | WOS_SED_SUSPENDED_01,1754d8294d333e096725190659b4c46fa4106756 | WOS_SED_SUSPENDED_01.ris#877 | https://openalex.org/W2160577794,3,no_match,best Crossref candidate failed conservative match threshold,10.1306/0c9b0b61-1710-11d7-8645000102c1865d,"Reef Facies Distribution Patterns, Pleistocene (125 Ka) Falmouth Formation, Rio Bueno, Jamaica, W.I.",1991,"PRECHT, WILLIAM F., Reef Resources,",AAPG Bulletin,journal-article,American Association of Petroleum Geologists AAPG/Datapages,https://doi.org/10.1306/0c9b0b61-1710-11d7-8645000102c1865d,40.18448,0.502857,0.181818,13,False,2026-08-13T22:43:44+00:00
9670a977a1177aa1,"Stratigraphy, facies analysis, paleogeography and regional framework of the Jurssic succession of the ⟪Tacchi⟫ area (Middle-Eastern Sardinia)",2004,"Costamagna, LG; Barca, S",BOLLETTINO DELLA SOCIETA GEOLOGICA ITALIANA,Web of Science,WOS_SED_DEPOSITION_01,WOS_SED_DEPOSITION_01.ris#1052,1,no_match,best Crossref candidate failed conservative match threshold,10.3301/rol.2020.03,"Lithostratigraphy and sedimentology of the lower Cambrian carbonate Gonnesa Group of Iglesiente (SW Sardinia, Italy): data from the Oridda area",2020,Luca G. Costamagna,Rendiconti Online della Società Geologica Italiana,journal-article,Societa Geologica Italiana,https://doi.org/10.3301/rol.2020.03,51.812668,0.394161,0.172414,16,True,2026-08-13T22:43:49+00:00
9adc79437c7d4485,"Deep-sea ""lithistid"" assemblages from the Norfolk Ridge (New Caledonia), with description of seven new species and a new genus (Porifera, Demospongiae)",2005,"Schlacher-Hoenlinger, MA; Pisera, A; Hooper, JNA",ZOOSYSTEMA,Web of Science,WOS_SED_DREDGING_01,WOS_SED_DREDGING_01.ris#99,1,no_match,best Crossref candidate failed conservative match threshold,10.11646/zootaxa.2235.1.1,"Recent Brachiopoda from the Norfolk Ridge, New Caledonia, with description of four new species",2009,MARIA ALEKSANDRA BITNER,Zootaxa,journal-article,Magnolia Press,https://doi.org/10.11646/zootaxa.2235.1.1,64.607285,0.663830,0.434783,4,False,2026-08-13T22:43:49+00:00
1416f0a7d63cff01,Destructive fishing practices and evolution of the marine ecosystem-based management paradigm,2005,"Norse, EA",BENTHIC HABITATS AND THE EFFECTS OF FISHING,Semantic Scholar | Web of Science,SS_SED_DREDGING_01 | WOS_SED_DREDGING_01,WOS_SED_DREDGING_01.ris#583 | cd7b1b814b05c77a2d784e202695153fb07967fe,2,no_match,best Crossref candidate failed conservative match threshold,10.47886/9781888569605.ch8,Benthic Habitats and the Effects of Fishing,2005,,Benthic Habitats and the Effects of Fishing,book-chapter,American Fisheries Society,https://doi.org/10.47886/9781888569605.ch8,75.43683,0.176471,0.266667,0,False,2026-08-13T22:43:53+00:00
db62bc3ce72dc5b2,Effects of current speed and turbidity on stationary light-trap catches of larval and juvenile fishes,2005,"Lindquist, DC; Shaw, RF",FISHERY BULLETIN,Web of Science,WOS_SED_SUSPENDED_01,WOS_SED_SUSPENDED_01.ris#733,1,no_match,best Crossref candidate failed conservative match threshold,10.1017/s0007485300018162,"The effects of moonlight illuminance, temperature and wind speed on light-trap catches of moths",1989,W. J McGeachie,Bulletin of Entomological Research,journal-article,Cambridge University Press (CUP),https://doi.org/10.1017/s0007485300018162,38.806736,0.502564,0.400000,16,False,2026-08-13T22:43:58+00:00
8c475f8bc4bfbbf8,Impact of the tsunami of 26 December 2004 on the coral reef environment of Gulf of Mannar and Palk Bay in the southeast coast of india,2005,A.K. Kumaraguru | K. V. Jayakumar | J. Jerald Wilson | C. M. Ramakritinan,Current Science,OpenAlex | Semantic Scholar | Web of Science,OA_SED_DEPOSITION_01 | SS_SED_DEPOSITION_01 | WOS_SED_DEPOSITION_01,0756a59e3c8076cad1bb97a7ef269a6087a3e8d1 | WOS_SED_DEPOSITION_01.ris#1138 | https://openalex.org/W2509204062,3,no_match,best Crossref candidate failed conservative match threshold,10.3923/jbs.2014.276.283,"Impact of Climate Change Induced Coral Bleaching in the Northern Part of Gulf of Mannar and Palk Bay, Southeast Coast of India",2014,S. Manikandan; S. Ganesapand; Manoj Singh; M. Anand; A.K. Kumaraguru,Journal of Biological Sciences,journal-article,Science Alert,https://doi.org/10.3923/jbs.2014.276.283,72.040054,0.648649,0.500000,9,False,2026-08-13T22:43:58+00:00
502ab6c0590105e0,"Patterns of growth, mortality, and size of the tropical damselfish Acanthochromis polyacanthus across the continental shelf of the Great Barrier Reef",2005,"Kingsford, MJ; Hughes, JM",FISHERY BULLETIN,Web of Science,WOS_SED_SUSPENDED_01,WOS_SED_SUSPENDED_01.ris#1353,1,no_match,best Crossref candidate failed conservative match threshold,10.20944/preprints201812.0289.v1,"Latitudinal and Cross-Shelf Patterns of Size, Growth and Mortality of a Tropical Damselfish Acanthochromis polyacanthus on the Great Barrier Reef",2018,Michael Kingsford; David Welch; Mark O'Callaghan,,posted-content,MDPI AG,https://doi.org/10.20944/preprints201812.0289.v1,116.30497,0.728522,0.714286,13,True,2026-08-13T22:44:03+00:00
ea8d80cd9ad72533,Potential impacts of deep-sea trawling on the benthic ecosystem along the Northern European continental margin: a review,2005,John Gage | J. Murray Roberts | J. P. Hartley | J.D. Humphery,BENTHIC HABITATS AND THE EFFECTS OF FISHING,OpenAlex | Semantic Scholar | Web of Science,OA_RESP_THRESHOLD_RECOVERY_01 | OA_SED_DEPOSITION_01 | SS_RESP_THRESHOLD_RECOVERY_01 | SS_SED_DEPOSITION_01 | WOS_SED_DEPOSITION_01,1bb41bcc618cdf322706ebb5743acdf708f3e840 | WOS_SED_DEPOSITION_01.ris#382 | https://openalex.org/W2615274988,5,no_match,best Crossref candidate failed conservative match threshold,10.47886/9781888569605.ch73,Benthic Habitats and the Effects of Fishing,2005,,Benthic Habitats and the Effects of Fishing,book-chapter,American Fisheries Society,https://doi.org/10.47886/9781888569605.ch73,75.963455,0.271605,0.142857,0,False,2026-08-13T22:44:03+00:00
2c496e37cde76513,Remote sensing applications for coastal and marine resources management,2005,"Harahsheh, H",OIL POLLUTION AND ITS ENVIRONMENTAL IMPACT IN THE ARABIAN GULF REGION,Web of Science,WOS_SED_SUSPENDED_01,WOS_SED_SUSPENDED_01.ris#18,1,review,plausible title/year match below automatic acceptance threshold,10.1016/s1571-9197(05)80028-x,Chapter 4 Remote sensing applications for coastal and marine resources management,2005,,Developments in Earth and Environmental Sciences,book-chapter,Elsevier,https://doi.org/10.1016/s1571-9197(05)80028-x,89.585495,0.934211,0.818182,0,False,2026-08-13T22:44:07+00:00
addf62725ad3156a,Self righting in the free-living coral Manicina areolata (Cnidaria: Scleractinia):: Morphological constraints,2005,Amy V. Uhrin; C. Slade; J. Holmquist,CARIBBEAN JOURNAL OF SCIENCE,Semantic Scholar | Web of Science,SS_MECH_FEEDING_MUCUS_CORAL_01 | WOS_MECH_FEEDING_MUCUS_CORAL_01,WOS_MECH_FEEDING_MUCUS_CORAL_01.ris#191 | dca7d46a9c9a4b809ebfabada4c0749f3ce62616,2,no_match,best Crossref candidate failed conservative match threshold,10.1666/09-073.1,"Morphologic variation in<i>Manicina areolata</i>(Cnidaria, Scleractinia) from the Pleistocene of South Florida",2010,James E. Sorauf; Peter J. Harries,Journal of Paleontology,journal-article,Cambridge University Press (CUP),https://doi.org/10.1666/09-073.1,48.806515,0.552381,0.285714,5,False,2026-08-13T22:44:07+00:00
d546d2da9b64a1a3,Susceptibility of the soft coral Gersemia rubiformis to capture by hydraulic clam dredges off eastern Canada:: The significance of soft coral-shell associations,2005,"Gilkinson, KD; Gordon, DC; McKeown, D; Roddick, D; Kenchington, EL; MacIsaac, KG; Bourbonnais, C; Vass, WP",Benthic Habitats and the Effects of Fishing,Web of Science,WOS_SED_DREDGING_01,WOS_SED_DREDGING_01.ris#582,1,no_match,best Crossref candidate failed conservative match threshold,10.1016/j.icesjms.2005.03.009,"Immediate impacts and recovery trajectories of macrofaunal communities following hydraulic clam dredging on Banquereau, eastern Canada",2005,Kent D. Gilkinson; Donald C. Gordon; Kevin G. MacIsaac; David L. McKeown; Ellen L.R. Kenchington; Cynthia Bourbonnais; W. Peter Vass,ICES Journal of Marine Science,journal-article,Oxford University Press (OUP),https://doi.org/10.1016/j.icesjms.2005.03.009,93.79617,0.364261,0.166667,0,True,2026-08-13T22:44:07+00:00
4c27ab04ea599967,"15N and 13C enrichment in Balanus perforatus:: Tracers of municipal particulate waste in the Murter Sea (Central Adriatic, Croatia)",2006,"Dolenec, T; Lojen, S; Dolenec, M; Lambasa, Z; Dobnikar, M; Rogan, N",ACTA CHIMICA SLOVENICA,Web of Science,WOS_SED_TAILINGS_01,WOS_SED_TAILINGS_01.ris#7,1,no_match,best Crossref candidate failed conservative match threshold,10.1016/j.aquaculture.2006.11.029,"Nitrogen stable isotope composition as a tracer of fish farming in invertebrates Aplysina aerophoba, Balanus perforatus and Anemonia sulcata in central Adriatic",2007,Tadej Dolenec; Sonja Lojen; Goran Kniewald; Matej Dolenec; Nastja Rogan,Aquaculture,journal-article,Elsevier BV,https://doi.org/10.1016/j.aquaculture.2006.11.029,91.77266,0.414035,0.218750,1,True,2026-08-13T22:44:11+00:00
7c1a3857c2ab0947,"Effects of sediment accumulation on reef corals from Abrolhos, Bahia, Brazil",2006,"Dutra, LXC; Kikuchi, RKP; Leao, ZMAN",JOURNAL OF COASTAL RESEARCH,Web of Science,WOS_SED_DEPOSITION_01,WOS_SED_DEPOSITION_01.ris#410,1,no_match,best Crossref candidate failed conservative match threshold,10.1190/sbgf2009-216,"Sonographic patterns and reef mapping in Abrolhos shelf, Brazil",2009,Daniel Andreas Klein; Nelio Augusto Secchin; Alex Cardoso Bastos; Guilherme Dutra; Rodrigo Leão de Moura,"11th International Congress of the Brazilian Geophysical Society &amp; EXPOGEF 2009, Salvador, Bahia, Brazil, 24-28 August 2009",proceedings-article,Brazilian Geophysical Society,https://doi.org/10.1190/sbgf2009-216,43.13666,0.441176,0.176471,3,False,2026-08-13T22:44:11+00:00
a09568494852d2a9,"Hydrochemical characteristics of the Caravelas river estuary and surrounding seazone, Brazil",2006,"Travassos, MP; Krüger, GT; Lopes, EBP; Pinto, JA",JOURNAL OF COASTAL RESEARCH,Web of Science,WOS_SED_SUSPENDED_01,WOS_SED_SUSPENDED_01.ris#106,1,no_match,best Crossref candidate failed conservative match threshold,10.2112/si65-267.1,"Tide propagation in tidal courses of the Pará river estuary, Amazon Coast, Brazil.",2013,Marcelo Rollnic; Renan P. Rosário,Journal of Coastal Research,journal-article,Coastal Education and Research Foundation,https://doi.org/10.2112/si65-267.1,34.050972,0.576471,0.263158,7,False,2026-08-13T22:44:11+00:00
df8a3b9ced873877,"Long-term patterns in the diets of Japanese temperate bass Lateolabrax japonicus larvae and juveniles in Chikugo estuarine nursery ground in Ariake Bay, Japan",2006,"Islam, MS; Hibino, M; Ohta, T; Nakayama, K; Tanaka, M",ESTUARIES AND COASTS,Web of Science,WOS_MECH_FEEDING_MUCUS_CORAL_01 | WOS_SED_SUSPENDED_01,WOS_MECH_FEEDING_MUCUS_CORAL_01.ris#213 | WOS_SED_SUSPENDED_01.ris#932,2,accepted,high title similarity; exact year; first author matched,10.1007/bf02784999,"Long-term patterns in the diets of Japanese temperate bassLateolabrax japonicus larvae and juveniles in Chikugo estuarine nursery ground in Ariake Bay, Japan",2006,Shahidul Islam; Manabu Hibino; Taro Ohta; Kouji Nakayama; Masaru Tanaka,Estuaries and Coasts,journal-article,Springer Science and Business Media LLC,https://doi.org/10.1007/bf02784999,168.5954,0.996805,0.869565,0,True,2026-08-13T22:44:16+00:00
f6aeb56971b79ebb,"On the circulation of a coastal channel within the Abrolhos coral-reef system -: Southern Bahia (17°40′S), Brazil",2006,"Lessa, GC; Cirano, M",JOURNAL OF COASTAL RESEARCH,Web of Science,WOS_SED_SUSPENDED_01,WOS_SED_SUSPENDED_01.ris#1311,1,no_match,best Crossref candidate failed conservative match threshold,10.7717/peerj.5419/fig-1,"Figure 1: The Abrolhos reefs off Southern Bahia, Brazil.",2018,,,component,PeerJ,https://doi.org/10.7717/peerj.5419/fig-1,49.560543,0.544304,0.250000,12,False,2026-08-13T22:44:16+00:00
2f1d4a2780a5e18a,"Using small format aerial photographs (SFAP) to map coral reefs in Rio Grande do Norte, Brazil",2006,"do Amaral, RF; Gonçalves, LMG",JOURNAL OF COASTAL RESEARCH,Web of Science,WOS_SED_SUSPENDED_01,WOS_SED_SUSPENDED_01.ris#290,1,no_match,best Crossref candidate failed conservative match threshold,10.1109/robot.2004.1302461,"Using small format aerial photographs (SFAP) to map coral reefs in Rio Grande do Norte, Brazil",2004,R.F. Amaral; L.M.G. Goncalves,"IEEE International Conference on Robotics and Automation, 2004. Proceedings. ICRA '04. 2004",proceedings-article,IEEE,https://doi.org/10.1109/robot.2004.1302461,115.18241,1.000000,1.000000,2,False,2026-08-13T22:44:16+00:00
3755a8f866d8b5b0,Climate Change Impacts on the Sediment Load for the Nogoa Catchment of the Fitzroy Basin,2007,"Cobon, DH; Toombs, NR; Zhang, X","MODSIM 2007: INTERNATIONAL CONGRESS ON MODELLING AND SIMULATION: LAND, WATER AND ENVIRONMENTAL MANAGEMENT: INTEGRATED SYSTEMS FOR SUSTAINABILITY",Web of Science,WOS_SED_DEPOSITION_01 | WOS_SED_SUSPENDED_01,WOS_SED_DEPOSITION_01.ris#20 | WOS_SED_SUSPENDED_01.ris#316,2,no_match,best Crossref candidate failed conservative match threshold,10.1201/9781439824672.ch18,Modelling the impacts of different flood magnitudes and frequencies on catchment evolution,2001,M Kirkby; M Macklin; T Coulthard,River Basin Sediment Systems - Archives of Environmental Change,book-chapter,Taylor & Francis,https://doi.org/10.1201/9781439824672.ch18,50.0161,0.516854,0.250000,6,False,2026-08-13T22:44:21+00:00
d86c9e85d4fb5d4f,Field observations of Flabellum spp. and laboratory study of the behavior and respiration of Flabellum alabastrum,2007,Lene Buhl‐Mortensen | Pål Buhl‐Mortensen | Shelley L. Armsworthy,Bulletin of Marine Science,OpenAlex | Semantic Scholar | Web of Science,OA_MECH_FEEDING_MUCUS_CORAL_01 | SS_MECH_FEEDING_MUCUS_CORAL_01 | WOS_MECH_FEEDING_MUCUS_CORAL_01,1d333ab07d17f05a170f396d6f3464fefd882877 | WOS_MECH_FEEDING_MUCUS_CORAL_01.ris#650 | https://openalex.org/W2301919958,3,no_match,best Crossref candidate failed conservative match threshold,10.3389/fmars.2018.00042,Impacts of Bottom Trawling and Litter on the Seabed in Norwegian Waters,2018,Pål Buhl-Mortensen; Lene Buhl-Mortensen,Frontiers in Marine Science,journal-article,Frontiers Media SA,https://doi.org/10.3389/fmars.2018.00042,64.693954,0.360656,0.142857,11,False,2026-08-13T22:44:21+00:00
40fc7330f46c7889,Impacts of bottom trawling on a deep-water Oculina coral ecosystem off florida,2007,John K. Reed | Christopher C. Koenig | Andrew N. Shepard,Bulletin of Marine Science,OpenAlex | Semantic Scholar | Web of Science,OA_SED_DREDGING_01 | SS_SED_DREDGING_01 | WOS_SED_DREDGING_01,692031f3a3f297387cdf77909251921e83f83030 | WOS_SED_DREDGING_01.ris#568 | https://openalex.org/W2254513322,3,no_match,best Crossref candidate failed conservative match threshold,10.3133/fs10899,Oculina Bank - Geology of a Deep-Water Coral Reef Habitat off Florida,1999,,Fact Sheet,report-component,US Geological Survey,https://doi.org/10.3133/fs10899,54.252556,0.537931,0.470588,8,False,2026-08-13T22:44:21+00:00
a7d9bd4fd6a1de44,The effect of sea cucumber Holothuria tubulosa G. 1788 on nutrient and organic matter contents of bottom sediment of oligotrophic and hypereutrophic shores,2007,"Isgören-Emiroglu, D; Günay, D",FRESENIUS ENVIRONMENTAL BULLETIN,Web of Science,WOS_MECH_FEEDING_MUCUS_CORAL_01,WOS_MECH_FEEDING_MUCUS_CORAL_01.ris#462,1,no_match,best Crossref candidate failed conservative match threshold,10.3923/pjbs.2007.586.589,"The Effect of Sea Cucumber Holothuria tubulosa (G., 1788) on Nutrient and Sediment of Aegean Sea Shores",2007,Dilek IOgoren-Em; Deniz Gunay,Pakistan Journal of Biological Sciences,journal-article,Science Alert,https://doi.org/10.3923/pjbs.2007.586.589,77.30741,0.743083,0.666667,0,False,2026-08-13T22:44:26+00:00
e51462cc11941da2,"Trophic structure of a cold-water coral mound community (Rockall Bank, NE Atlantic) in relation to the near-bottom particle supply and current regime",2007,Gerard Duineveld | Marc Lavaleye | M.J.N. Bergman | Henko de Stigter | Furu Mienis,Bulletin of Marine Science,OpenAlex | Semantic Scholar | Web of Science,OA_MECH_FEEDING_MUCUS_CORAL_01 | OA_SED_SUSPENDED_01 | SS_MECH_FEEDING_MUCUS_CORAL_01 | SS_SED_SUSPENDED_01 | WOS_MECH_FEEDING_MUCUS_CORAL_01 | WOS_SED_SUSPENDED_01,01c59b2980d3c4637cb2802ef2d445dfab5e892c | WOS_MECH_FEEDING_MUCUS_CORAL_01.ris#198 | WOS_SED_SUSPENDED_01.ris#904 | https://openalex.org/W2278028764,6,no_match,best Crossref candidate failed conservative match threshold,10.5194/bgd-12-1509-2015,Microbial assemblages on a cold-water coral mound at the SE Rockall Bank (NE Atlantic): interactions with hydrography and topography,2015,J. D. L. van Bleijswijk; C. Whalen; G. C. A. Duineveld; M. S. S. Lavaleye; H. J. Witte; F. Mienis,,posted-content,Copernicus GmbH,https://doi.org/10.5194/bgd-12-1509-2015,93.68081,0.596364,0.333333,8,False,2026-08-13T22:48:12+00:00
405d39cf9fd07658,Application of Landscape Ecology to Spatial Variance of Water-Quality Parameters Along the Florida Keys Reef Tract,2008,Daniel Wagner | Eric Mielbrecht | Robert van Woesik,Bulletin of Marine Science,OpenAlex | Semantic Scholar | Web of Science,OA_SED_SUSPENDED_01 | SS_SED_SUSPENDED_01 | WOS_SED_SUSPENDED_01,63a9ab73ee47552b54c827bda883c17780474548 | WOS_SED_SUSPENDED_01.ris#1238 | https://openalex.org/W90674023,3,no_match,best Crossref candidate failed conservative match threshold,10.3354/meps09950,Biotic homogenization of coral assemblages along the Florida reef tract,2012,SG Burman; RB Aronson; R van Woesik,Marine Ecology Progress Series,journal-article,Inter-Research Science Center,https://doi.org/10.3354/meps09950,59.574425,0.529730,0.300000,4,False,2026-08-13T22:44:26+00:00
a380f737a49ed26d,"Bioinvasion of Kappaphycus alvarezzi on corals in the Gulf of Mannar, India",2008,"Chandrasekaran, S; Nagendran, NA; Pandiaraja, D; Krishnankutty, N; Kamalakannan, B",CURRENT SCIENCE,Web of Science,WOS_SED_DEPOSITION_01,WOS_SED_DEPOSITION_01.ris#1129,1,no_match,best Crossref candidate failed conservative match threshold,10.4490/algae.2010.25.4.205,"Invasion potential of Kappaphycus alvarezii on corals at Kurusadai Island, Gulf of Mannar, India",2010,Subir Kumar Mandal; Vaibhav A. Mantri; Soumya Haldar; Karuppanan Eswaran; Meenakshisundaram Ganesan,ALGAE,journal-article,The Korean Society of Phycology,https://doi.org/10.4490/algae.2010.25.4.205,44.70713,0.785714,0.411765,2,False,2026-08-13T22:44:31+00:00
9190f4af28df79f7,"Emsian deep-water Rugosa assemblages of Hamar Laghdad (Devonian, Anti-Atlas, Morocco)",2008,"Berkowski, B",PALAEONTOGRAPHICA ABTEILUNG A-PALAOZOOLOGIE-STRATIGRAPHIE,Web of Science,WOS_SED_DEPOSITION_01,WOS_SED_DEPOSITION_01.ris#1012,1,accepted,exact normalized title; year within one; author consistent if available,10.1127/pala/284/2008/17,"Emsian deep-water Rugosa assemblages of Hamar Laghdad (Devonian, Anti-Atlas, Morocco)",2008,Błażej Berkowski,Palaeontographica Abteilung A,journal-article,Schweizerbart,https://doi.org/10.1127/pala/284/2008/17,168.19743,1.000000,1.000000,0,True,2026-08-13T22:44:31+00:00
2d24f003bcea123e,Microfaunistic associations of the Bajocian echinodermic shelf in the Jura Mountains and Burgundy: Paleoenvironmental implications.,2008,"Piuz, A",ARCHIVES DES SCIENCES,Web of Science,WOS_SED_SUSPENDED_01,WOS_SED_SUSPENDED_01.ris#1447,1,no_match,best Crossref candidate failed conservative match threshold,10.1016/j.marmicro.2008.01.003,"Foraminifera from the Aalenian and the Bajocian GSSP (Middle Jurassic) of Murtinheira section (Cabo Mondego, West Portugal): Biostratigraphy and paleoenvironmental implications",2008,María Luisa Canales; Maria Helena Henriques,Marine Micropaleontology,journal-article,Elsevier BV,https://doi.org/10.1016/j.marmicro.2008.01.003,31.809914,0.508361,0.222222,0,False,2026-08-13T22:44:31+00:00
e7eac2aea75c051f,"Physico-chemical and microbial characteristics of the coral reef environment of the Gulf of Mannar marine biosphere reserve, India.",2008,E Kannapiran | L. Kannan | Aishwarya Purushothaman | T Thangarajdou,Journal of environmental biology,OpenAlex | Semantic Scholar | Web of Science,OA_MECH_FEEDING_MUCUS_CORAL_01 | SS_MECH_FEEDING_MUCUS_CORAL_01 | WOS_MECH_FEEDING_MUCUS_CORAL_01,WOS_MECH_FEEDING_MUCUS_CORAL_01.ris#190 | bbb123264785b0caeb3c3598e287f4337cede82b | https://openalex.org/W2410207044,3,no_match,best Crossref candidate failed conservative match threshold,10.17485/ijst/2010/v3i2.15,"Coral reef associated gastropods in Tuticorin coast of Gulf of Mannar biosphere reserve, India",2010,J. Mohanraj,Indian Journal of Science and Technology,journal-article,Indian Society for Education and Environment,https://doi.org/10.17485/ijst/2010/v3i2.15,61.64163,0.531532,0.380952,2,False,2026-08-13T22:44:37+00:00
c09a42b83a8bdfe8,The Devonian of Western Karakorum (Pakistan),2008,"Gaetani, M; Mawson, R; Sciunnach, D; Talent, JA",ACTA GEOLOGICA POLONICA,Web of Science,WOS_MECH_FEEDING_MUCUS_CORAL_01,WOS_MECH_FEEDING_MUCUS_CORAL_01.ris#678,1,no_match,best Crossref candidate failed conservative match threshold,10.1016/s1367-9120(03)00137-8,The Carboniferous of the Western Karakoram (Pakistan),2004,M Gaetani; A Zanchi; L Angiolini; G Olivini; D Sciunnach; H Brunton; A Nicora; R Mawson,Journal of Asian Earth Sciences,journal-article,Elsevier BV,https://doi.org/10.1016/s1367-9120(03)00137-8,46.425407,0.774194,0.500000,4,True,2026-08-13T22:44:37+00:00
5e55dc97136247d6,Turks and Caicos Islands 2006 coral reef assessment: Large-scale environmental and ecological interactions and their management implications,2008,"Goreau, TJ; Fisher, T; Perez, F; Lockhart, K; Hibbert, M; Lewin, A",REVISTA DE BIOLOGIA TROPICAL,Web of Science,WOS_SED_DREDGING_01,WOS_SED_DREDGING_01.ris#563,1,accepted,exact normalized title; year within one; author consistent if available,10.15517/rbt.v56i0.5576,Turks and Caicos Islands 2006 coral reef assessment: Large-scale environmental and ecological interactions and their management implications,2007,T.J. Goreau; T. Fisher; F. Perez; K. Lockhart; M. Hibbert; A. Lewin,Revista de Biología Tropical,journal-article,Universidad de Costa Rica,https://doi.org/10.15517/rbt.v56i0.5576,148.1277,1.000000,1.000000,1,True,2026-08-13T22:44:42+00:00
a00c9b3fbdfe3236,An extended regression approach to estimating loads and their uncertainties in Great Barrier Reef catchments,2009,"Wang, YG; Kuhnert, P; Henderson, B; Stewart, L",18TH WORLD IMACS CONGRESS AND MODSIM09 INTERNATIONAL CONGRESS ON MODELLING AND SIMULATION: INTERFACING MODELLING AND SIMULATION WITH MATHEMATICAL AND COMPUTATIONAL SCIENCES,Web of Science,WOS_SED_DEPOSITION_01 | WOS_SED_SUSPENDED_01,WOS_SED_DEPOSITION_01.ris#364 | WOS_SED_SUSPENDED_01.ris#253,2,no_match,best Crossref candidate failed conservative match threshold,10.36334/modsim2025.l04.yu,Improved hillslope erosion prediction for the Great Barrier Reef Catchments,2026,,"MODSIM2025, 26th International Congress on Modelling and Simulation.",proceedings-article,Modelling and Simulation Society of Australia and New Zealand,https://doi.org/10.36334/modsim2025.l04.yu,82.16059,0.557377,0.190476,17,False,2026-08-13T22:44:42+00:00
7f12397cd747aa2b,Coastal and estuarine resources of Bangladesh: management conservation issues,2009,"Kamal, AH; Khan, MAA",MAEJO INTERNATIONAL JOURNAL OF SCIENCE AND TECHNOLOGY,Web of Science,WOS_MECH_FEEDING_MUCUS_CORAL_01 | WOS_SED_SUSPENDED_01,WOS_MECH_FEEDING_MUCUS_CORAL_01.ris#250 | WOS_SED_SUSPENDED_01.ris#1191,2,no_match,best Crossref candidate failed conservative match threshold,10.1016/j.ecss.2013.12.029,Cliff top habitats provide important alternative feeding resources for wading birds of conservation importance wintering on non-estuarine coasts,2014,Julie Furnell; Susan L. Hull,"Estuarine, Coastal and Shelf Science",journal-article,Elsevier BV,https://doi.org/10.1016/j.ecss.2013.12.029,36.421017,0.372727,0.166667,5,False,2026-08-13T22:44:42+00:00
bffb51075eb5bf1a,"Coral Transplant Survival Over 3 Years under Different Environmental Conditions at the Hundred Islands, Philippines",2009,Mike Joshua S. Palomar | Helen Yap | Edgardo D. Gomez,PHILIPPINE AGRICULTURAL SCIENTIST,OpenAlex | Semantic Scholar | Web of Science,OA_RESP_THRESHOLD_RECOVERY_01 | OA_SED_SUSPENDED_01 | SS_RESP_THRESHOLD_RECOVERY_01 | SS_SED_SUSPENDED_01 | WOS_SED_SUSPENDED_01,326d7cd5931541b7fc83d9b07e4f1a6e9d7877f1 | WOS_SED_SUSPENDED_01.ris#1091 | https://openalex.org/W2097746113,5,no_match,best Crossref candidate failed conservative match threshold,10.62550/egb321346357,Analysis of the Energy for Different Rice Production Systems in the Philippines,2010,Elmer Bautista; Tomoaki Minowa,The Philippine Agricultural Scientist,journal-article,"College of Agriculture and Food Science, University of the Philippines Los Banos",https://doi.org/10.62550/egb321346357,37.935863,0.476684,0.130435,1,False,2026-08-13T22:44:46+00:00
ca41f8850fc70468,"Coral growth rates from the Holocene Canada Honda fossil reef, Southwestern Dominican Republic: Comparisons with modern counterparts in high sedimentation settings",2009,"Cuevas, DN; Sherman, CE; Ramírez, W; Hubbard, DK",CARIBBEAN JOURNAL OF SCIENCE,Web of Science,WOS_SED_SUSPENDED_01,WOS_SED_SUSPENDED_01.ris#1429,1,accepted,exact normalized title; year within one; author consistent if available,10.18475/cjos.v45i1.a13,"Coral growth rates from the Holocene Cañada Honda fossil reef, Southwestern Dominican Republic: Comparisons with modern counterparts in high sedimentation settings",2009,David N. Cuevas; Clark E. Sherman; Wilson Ramírez; Dennis K. Hubbard,Caribbean Journal of Science,journal-article,University of Puerto Rico at Mayaguez,https://doi.org/10.18475/cjos.v45i1.a13,150.81395,1.000000,1.000000,0,True,2026-08-13T22:44:46+00:00
c6b4ef477447e3ed,"Microbes versus metazoans as dominant reef builders: insights from modern marine environments in the Exuma Cays, Bahamas",2009,"Andres, MS; Reid, RP; Bowlin, E; Gaspar, AP; Eisenhauer, A",PERSPECTIVES IN CARBONATE GEOLOGY: A TRIBUTE TO THE CAREER OF ROBERT NATHAN GINSBURG,Web of Science,WOS_SED_DEPOSITION_01,WOS_SED_DEPOSITION_01.ris#589,1,accepted,exact normalized title; year within one; author consistent if available,10.1002/9781444312065.ch10,"Microbes versus Metazoans as Dominant Reef Builders: Insights from Modern Marine Environments in the Exuma Cays, Bahamas",2009,Miriam S. Andres; R. Pamela Reid; Emily Bowlin; A. Patricia Gaspar; Anton Eisenhauer,Perspectives in Carbonate Geology,other,Wiley,https://doi.org/10.1002/9781444312065.ch10,197.41052,1.000000,1.000000,0,True,2026-08-13T22:44:51+00:00
bd1253cc87805d73,Sedimentological facies analysis of Cretaceous carbonate breccia-forming clasts in a platform-basin transitional setting in central Mexico,2009,"Rodríguez-Hernández, E; López-Doncel, R; Barboza-Gudiño, JR; Cruz-Márquez, J",REVISTA MEXICANA DE CIENCIAS GEOLOGICAS,Web of Science,WOS_SED_SUSPENDED_01,WOS_SED_SUSPENDED_01.ris#1514,1,no_match,best Crossref candidate failed conservative match threshold,10.1306/m56578c27,"Facies and Geometry of les Collades de Basturs Carbonate Platform, Upper Cretaceous, South-Central Pyrenees",1993,Eulàlia Gili,Cretaceous Carbonate Platforms,book-chapter,American Association of Petroleum Geologists,https://doi.org/10.1306/m56578c27,52.031563,0.304527,0.230769,16,False,2026-08-13T22:44:51+00:00
405da7df210c031f,Shore Processes and their Palaeoenvironmental Applications,2009,"Anthony, EJ",SHORE PROCESSES AND THEIR PALAEOENVIRONMENTAL APPLICATIONS,Web of Science,WOS_SED_SUSPENDED_01,WOS_SED_SUSPENDED_01.ris#132,1,review,plausible title/year match below automatic acceptance threshold,10.1016/s1572-5480(08)00417-x,Shore Processes and their Palaeoenvironmental Applications,2008,,Developments in Marine Geology,book-chapter,Elsevier,https://doi.org/10.1016/s1572-5480(08)00417-x,89.407776,1.000000,1.000000,1,False,2026-08-13T22:44:55+00:00
0692b161a636e783,The phosphatized sponges from the Santonian (Upper Cretaceous) of the Wielkanoc Quarry (southern Poland) as a tool in stratigraphical and environmental studies,2009,"Olszewska-Nejbert, D; Swierczewska-Gladysz, E",ACTA GEOLOGICA POLONICA,Web of Science,WOS_SED_DEPOSITION_01,WOS_SED_DEPOSITION_01.ris#424,1,no_match,best Crossref candidate failed conservative match threshold,10.1515/agp-2016-0016,Integrated biostratigraphy of the Santonian through Maastrichtian (Upper Cretaceous) of extra-Carpathian Poland,2016,Ireneusz Walaszczyk; Zofia Dubicka; Danuta Olszewska-Nejbert; Zbigniew Remin,Acta Geologica Polonica,journal-article,Walter de Gruyter GmbH,https://doi.org/10.1515/agp-2016-0016,85.25318,0.439394,0.230769,7,False,2026-08-13T22:44:56+00:00
29089beea19a134b,"Water quality conditions on coral reefs at the Marino Ballena National Park, Pacific Costa Rica.",2009,Juan José Alvarado | Cindy Fernández‐García | Jorge Cortés,Bulletin of Marine Science,OpenAlex | Semantic Scholar | Web of Science,OA_RESP_THRESHOLD_RECOVERY_01 | OA_SED_DEPOSITION_01 | OA_SED_SUSPENDED_01 | SS_RESP_THRESHOLD_RECOVERY_01 | SS_SED_DEPOSITION_01 | SS_SED_SUSPENDED_01 | WOS_SED_DEPOSITION_01 | WOS_SED_SUSPENDED_01,0aabea27e455c03efc0ee2742eafe9ab7214076c | WOS_SED_DEPOSITION_01.ris#223 | WOS_SED_SUSPENDED_01.ris#479 | https://openalex.org/W279953250,8,no_match,best Crossref candidate failed conservative match threshold,10.7773/cm.v31i4.1140,"Coral communities and reefs of Ballena Marine National Park, Pacific coast of Costa Rica",2005,JJ Alvarado; J Cortés; C Fernández; J Nivia,Ciencias Marinas,journal-article,Universidad Autónoma de Baja California,https://doi.org/10.7773/cm.v31i4.1140,87.70753,0.596685,0.400000,4,True,2026-08-13T22:45:01+00:00
83594285cf516ff0,"A COMPREHENSIVE ASSESSMENT OF TERRESTRIAL LOADINGS AND THEIR INFLUENCE ON A FRINGING REEF IN ISHIGAKI ISLAND, OKINAWA, JAPAN",2010,"Blanco, AC; Nadaoka, K; Yamamoto, T; Watanabe, A; Kinjo, K; Motooka, S; Hererra, EC; Paringit, MCR","PROCEEDINGS OF THE 5TH INTERNATIONAL CONFERENCE ON ASIAN AND PACIFIC COASTS, VOL 4",Web of Science,WOS_SED_SUSPENDED_01,WOS_SED_SUSPENDED_01.ris#182,1,accepted,exact normalized title; year within one; author consistent if available,10.1142/9789814287951_0167,"A COMPREHENSIVE ASSESSMENT OF TERRESTRIAL LOADINGS AND THEIR INFLUENCE ON A FRINGING REEF IN ISHIGAKI ISLAND, OKINAWA, JAPAN",2009,ARIEL C. BLANCO; KAZUO NADAOKA; TAKAHIRO YAMAMOTO; ATSUSHI WATANABE; KOICHI KINJO; SHUNSUKE MOTOOKA; EUGENE C. HERERRA; MA. CECILIA R. PARINGIT,Asian and Pacific Coasts 2009,proceedings-article,World Scientific Publishing Company,https://doi.org/10.1142/9789814287951_0167,166.4642,1.000000,1.000000,1,True,2026-08-13T22:45:01+00:00
e13628944c663eb2,A REVIEW OF THE CURRENT STATE-OF-THE-ARTS ON THE APPLICATION OF SILT SCREENS AS SEDIMENT CONTROL EQUIPMENT IN OPEN WATER,2010,"Vu, TT; Keat, TS","PROCEEDINGS OF THE 5TH INTERNATIONAL CONFERENCE ON ASIAN AND PACIFIC COASTS, VOL 2",Web of Science,WOS_SED_DREDGING_01 | WOS_SED_SUSPENDED_01,WOS_SED_DREDGING_01.ris#554 | WOS_SED_SUSPENDED_01.ris#486,2,review,plausible title/year match below automatic acceptance threshold,10.1142/9789814287951_0051,A REVIEW OF THE CURRENT STATE-OF-THE-ARTS ON THE APPLICATION OF SILT SCREENS AS SEDIMENT CONTROL EQUIPMENT IN OPEN WATER,2009,VU THU TRANG; SOON KEAT TAN,Asian and Pacific Coasts 2009,proceedings-article,World Scientific Publishing Company,https://doi.org/10.1142/9789814287951_0051,88.949356,1.000000,1.000000,1,False,2026-08-13T22:45:06+00:00
666d9549650ad779,Deep-sea macrobenthic diversity and assemblages of “a selva” (NW Iberian peninsula): first approach from samples taken aboard r/v Sarmiento de Gamboa,2010,Cristián Aldea | Guillermo Díaz‐Agras | Óscar García-Álvarez | Juan Moreira | Marta Rodrigues | Ramiro Tato | Victoriano Urgorri | Jesús S. Troncoso,Thalassas An International Journal of Marine Sciences,OpenAlex | Semantic Scholar | Web of Science,OA_SED_DREDGING_01 | SS_SED_DREDGING_01 | WOS_SED_DREDGING_01,5a3c2f8da65d80a5f835c3c42b781f46407b57b4 | WOS_SED_DREDGING_01.ris#252 | https://openalex.org/W2209400914,3,no_match,best Crossref candidate failed conservative match threshold,10.3989/scimar.2009.73n2269,"Leptostracans (Crustacea: Phyllocarida) from the Ría de Ferrol (Galicia, NW Iberian Peninsula), with description of a new species of Nebalia Leach, 1814",2009,Juan Moreira; Guillermo Díaz-Agras; María Candás; Marcos P. Señarís; Victoriano Urgorri,Scientia Marina,journal-article,Editorial CSIC,https://doi.org/10.3989/scimar.2009.73n2269,62.71522,0.326389,0.189189,1,False,2026-08-13T22:45:06+00:00
e86329ea39630c60,ENVIRONMENTAL MONITORING AND MANAGEMENT OF RECLAMATION WORKS CLOSE TO CORAL REEF HABITATS,2010,"Foster, TM; Doorn-Groen, SM","PROCEEDINGS OF THE 5TH INTERNATIONAL CONFERENCE ON ASIAN AND PACIFIC COASTS, VOL 1",Web of Science,WOS_RESP_THRESHOLD_RECOVERY_01 | WOS_SED_DEPOSITION_01 | WOS_SED_DREDGING_01 | WOS_SED_SUSPENDED_01,WOS_RESP_THRESHOLD_RECOVERY_01.ris#133 | WOS_SED_DEPOSITION_01.ris#286 | WOS_SED_DREDGING_01.ris#60 | WOS_SED_SUSPENDED_01.ris#628,4,accepted,exact normalized title; year within one; author consistent if available,10.1142/9789814287951_0006,ENVIRONMENTAL MONITORING AND MANAGEMENT OF RECLAMATION WORKS CLOSE TO CORAL REEF HABITATS,2009,T. M. FOSTER; S. M. DOORN-GROEN,Asian and Pacific Coasts 2009,proceedings-article,World Scientific Publishing Company,https://doi.org/10.1142/9789814287951_0006,118.54093,1.000000,1.000000,1,True,2026-08-13T22:45:11+00:00
886dca107032c18f,Juvenile Fish Assemblages in Mangrove and Non-Mangrove Soft-Shore Habitats in Eastern Hong Kong,2010,"Nip, THM; Wong, CK",ZOOLOGICAL STUDIES,Web of Science,WOS_SED_SUSPENDED_01,WOS_SED_SUSPENDED_01.ris#1258,1,no_match,best Crossref candidate failed conservative match threshold,10.1007/978-3-642-13457-9_12,Dynamics in Mangrove Fish Assemblages on a Macrotidal Coast,2010,U. Krumme; U. Saint-Paul,Ecological Studies,book-chapter,Springer Berlin Heidelberg,https://doi.org/10.1007/978-3-642-13457-9_12,48.83184,0.402597,0.222222,0,False,2026-08-13T22:45:11+00:00
d4e2f0c7e9bb8db2,RIVER RESPONSE TO CLIMATE CHANGE IN THE TROPICS: A THREE HUNDRED THOUSAND YEAR HISTORY OF THE NILE,2010,"Williams, M","ADVANCES IN ENVIRONMENTAL RESEARCH, VOL 4",Web of Science,WOS_SED_DEPOSITION_01,WOS_SED_DEPOSITION_01.ris#265,1,no_match,best Crossref candidate failed conservative match threshold,10.14264/uql.2017.328,"River response and climate change in the Wet Tropics, northeast Queensland Australia",2017,Kate Hughes,,dissertation,University of Queensland Library,https://doi.org/10.14264/uql.2017.328,40.59826,0.677778,0.333333,7,False,2026-08-13T22:45:15+00:00
aff789f8b54b7d6f,Response to short term ultraviolet stress in the reef-building coral Pocillopora capitata (Anthozoa: Scleractinia),2010,"Liñán-Cabello, MA; Flores-Ramírez, LA; Cobo-Díaz, JF; Zenteno-Savin, T; Olguín-Monroy, NO; Olivos-Ortiz, A; Tintos-Gómez, A",REVISTA DE BIOLOGIA TROPICAL,Web of Science,WOS_SED_SUSPENDED_01,WOS_SED_SUSPENDED_01.ris#1481,1,accepted,exact normalized title; year within one; author consistent if available,10.15517/rbt.v58i1.5197,Response to short term ultraviolet stress in the reef-building coral Pocillopora capitata (Anthozoa: Scleractinia),2009,Marco A. Liñán-Cabello; Laura A. Flores-Ramírez; José Francisco Cobo-Díaz; Tania Zenteno- Savin; Norma O. Olguín-Monroy; Aramís Olivos-Ortiz; Adrián Tintos-Gómez,Revista de Biología Tropical,journal-article,Universidad de Costa Rica,https://doi.org/10.15517/rbt.v58i1.5197,197.98466,1.000000,1.000000,1,True,2026-08-13T22:45:15+00:00
eb7be2c341c9a891,Accumulation of settling particles in some coral reef areas of Peninsular Malaysia,2011,Jen Nie Lee | Che Abd Rahim Mohamed,Sains Malaysiana,OpenAlex | Semantic Scholar | Web of Science,OA_SED_DREDGING_01 | OA_SED_SUSPENDED_01 | SS_SED_DREDGING_01 | SS_SED_SUSPENDED_01 | WOS_SED_DREDGING_01 | WOS_SED_SUSPENDED_01,WOS_SED_DREDGING_01.ris#157 | WOS_SED_SUSPENDED_01.ris#847 | df6dea7600f31926edde0648e87fb162d1ad7e76 | https://openalex.org/W5894882,6,no_match,best Crossref candidate failed conservative match threshold,10.17576/jsm-2020-4906-22,Determination of the Radiological Risk from the Natural Radioactivity in Irrigation at Selected Areas of Peninsular Malaysia,2020,Khoirul Solehah Abdul Rahim; Zalita Zainuddin; Mohd Idzat Idris; Wahmisari Priharti; Murtadha Sh. Aswood,Sains Malaysiana,journal-article,Penerbit Universiti Kebangsaan Malaysia (UKM Press),https://doi.org/10.17576/jsm-2020-4906-22,46.272766,0.563107,0.238095,9,False,2026-08-13T22:45:20+00:00
94b4744f0d54731b,"Assessing Major Environmental Issues in the Caribbean and Pacific Coasts of Colombia, South America: An Overview of Fluvial Fluxes, Coral Reef Degradation, and Mangrove Ecosystems Impacted by River Diversion",2011,"Restrepo, JD; Alvarado, EM","TREATISE ON ESTUARINE AND COASTAL SCIENCE, VOL 11: MANAGEMENT OF ESTUARIES AND COASTS",Web of Science,WOS_SED_DEPOSITION_01,WOS_SED_DEPOSITION_01.ris#130,1,no_match,best Crossref candidate failed conservative match threshold,10.1016/b978-0-12-374711-2.01117-7,"Assessing Major Environmental Issues in the Caribbean and Pacific Coasts of Colombia, South America",2011,J.D. Restrepo; E.M. Alvarado,Treatise on Estuarine and Coastal Science,book-chapter,Elsevier,https://doi.org/10.1016/b978-0-12-374711-2.01117-7,129.89757,0.651163,0.518519,0,True,2026-08-13T22:45:20+00:00
9c5e1ca28c191998,"Coastal Holocene carbonates of Abu Dhabi, UAE: depositional setting, sediment distribution, and role of cyanobacteria in micritization",2011,"Kendall, CGSC; Alsharhan, AS",QUATERNARY CARBONATE AND EVAPORITE SEDIMENTARY FACIES AND THEIR ANCIENT ANALOGUES: A TRIBUTE TO DOUGLAS JAMES SHEARMAN,Web of Science,WOS_SED_DEPOSITION_01,WOS_SED_DEPOSITION_01.ris#970,1,accepted,exact normalized title; year within one; author consistent if available,10.1002/9781444392326.ch9,"Coastal Holocene carbonates of Abu Dhabi, UAE: depositional setting, sediment distribution, and role of cyanobacteria in micritization",2010,Christopher G. St. C. Kendall; Abdulrahman S. Alsharhan,Quaternary carbonate and evaporite sedimentary facies and their ancient analogues,other,Wiley,https://doi.org/10.1002/9781444392326.ch9,194.53996,1.000000,1.000000,1,True,2026-08-13T22:45:26+00:00
0a039a6a276f1fee,Dynamics of seagrasses and associated algae in coral reef lagoons,2011,"van Tussenbroek, BI",HIDROBIOLOGICA,Web of Science,WOS_MECH_FEEDING_MUCUS_CORAL_01,WOS_MECH_FEEDING_MUCUS_CORAL_01.ris#575,1,no_match,best Crossref candidate failed conservative match threshold,10.1007/bf00349275,Thalassia testudinum leaf dynamics in a Mexican Caribbean coral reef lagoon,1995,B. I. van Tussenbroek,Marine Biology,journal-article,Springer Science and Business Media LLC,https://doi.org/10.1007/bf00349275,41.31276,0.442857,0.235294,16,False,2026-08-13T22:45:26+00:00
aee228583792b32c,FACIES OF THE UPPER JURASSIC-LOWER CRETACEOUS DEPOSITS FROM THE SOUTHERN PART OF THE CARPATHIAN FOREDEEP BASEMENT IN THE KRAKOW-RZESZOW AREA (SOUTHERN POLAND),2011,"Krajewski, M; Matyszkiewicz, J; Król, K; Olszewska, B",ANNALES SOCIETATIS GEOLOGORUM POLONIAE,Web of Science,WOS_SED_DEPOSITION_01,WOS_SED_DEPOSITION_01.ris#978,1,no_match,best Crossref candidate failed conservative match threshold,10.14241/asgp.2016.005,"Depositional environments, facies and diagenesis of the Upper Jurassic–Lower Cretaceous carbonate deposits of the Buila-Vânturariţa Massif, Southern Carpathians (Romania)",2016,George Pleş; Ioan Bucur; Emanoil Săsăran,Annales Societatis Geologorum Poloniae,journal-article,Polskie Towarzystwo Geologiczne - Polish Geological Society,https://doi.org/10.14241/asgp.2016.005,97.82957,0.529595,0.233333,5,False,2026-08-13T22:45:30+00:00
512cd731eecab5c1,"Marine Minerals: Their Occurrences, Exploration and Exploitation Introduction to Session 6.8 Marine Resources",2011,"Scott, SD",OCEANS 2011,Web of Science,WOS_SED_TAILINGS_01,WOS_SED_TAILINGS_01.ris#18,1,no_match,best Crossref candidate failed conservative match threshold,10.23919/oceans.2011.6107119,"Marine minerals: Their occurrences, exploration and exploitation",2011,Steven D. Scott,OCEANS'11 MTS/IEEE KONA,proceedings-article,IEEE,https://doi.org/10.23919/oceans.2011.6107119,80.71906,0.733728,0.538462,0,True,2026-08-13T22:45:30+00:00
965782d3ab3876da,Monitoring the turbidity associated with the dredging in Vavouto Bay in New Caledonia,2011,"Touraivane; Allenbach, M; Mangeas, M; Bonte, C",19TH INTERNATIONAL CONGRESS ON MODELLING AND SIMULATION (MODSIM2011),Web of Science,WOS_SED_DREDGING_01 | WOS_SED_SUSPENDED_01,WOS_SED_DREDGING_01.ris#548 | WOS_SED_SUSPENDED_01.ris#685,2,review,plausible title/year match below automatic acceptance threshold,10.36334/modsim.2011.h4.touraivane,Monitoring the turbidity associated with the dredging in Vavouto Bay in New Caledonia,2011,,"Chan, F., Marinova, D. and Anderssen, R.S. (eds) MODSIM2011, 19th International Congress on Modelling and Simulation.",proceedings-article,"Modelling and Simulation Society of Australia and New Zealand (MSSANZ), Inc.",https://doi.org/10.36334/modsim.2011.h4.touraivane,115.77372,1.000000,1.000000,0,False,2026-08-13T22:45:30+00:00
8b9538588f20ac5e,New recruitment of diverse scleractinian corals in little Andaman Island after tsunami,2011,"Mondal, T; Raghunathan, C; Ramakrishna",INDIAN JOURNAL OF GEO-MARINE SCIENCES,Web of Science,WOS_SED_DEPOSITION_01,WOS_SED_DEPOSITION_01.ris#1068,1,no_match,best Crossref candidate failed conservative match threshold,10.1007/s12595-011-0008-x,"Occurrence of Seven Scleractinian Corals in Ritchie’s Archipelago, Andaman Islands of India",2011,Tamal Mondal; Chelladurai Raghunathan; Ramakrishna,Proceedings of the Zoological Society,journal-article,Springer Science and Business Media LLC,https://doi.org/10.1007/s12595-011-0008-x,63.450783,0.628571,0.277778,0,True,2026-08-13T22:45:35+00:00
8c7764756178e0bc,"Palaeoenvironmental signal from the microfossils record in the Mikuszowice Cherts of the Silesian Nappe, Polish Outer Carpathians",2011,M. Bąk; K. Bąk; Agnieszka Ciurlej,INTEGRATING MICROFOSSIL RECORDS FROM THE OCEANS AND EPICONTINENTAL SEAS,Semantic Scholar | Web of Science,SS_SED_SUSPENDED_01 | WOS_SED_SUSPENDED_01,14fef8839b81c8233afd9727ba7fc897eb7f87fa | WOS_SED_SUSPENDED_01.ris#1116,2,no_match,best Crossref candidate failed conservative match threshold,10.7494/geol.2014.40.1.33,"Lithistid spicules in the sediments of the Turonian Variegated Shale in the Silesian Nappe, Polish Outer Carpathians",2014,Marta Bąk; Krzysztof Bąk; Szymon Okoński; Zbigniew Górny,"Geology, Geophysics &amp; Environment",journal-article,AGHU University of Science and Technology Press,https://doi.org/10.7494/geol.2014.40.1.33,75.06014,0.551440,0.380952,3,True,2026-08-13T22:45:35+00:00
51ef0f8f61f6e221,"Sewage pollution in the Coastal waters of Mombasa City, Kenya: A norm Rather than an Exception",2011,"Okuku, EO; Ohowa, B; Mwangi, SN; Munga, D; Kiteresi, LI; Wanjeri, VO; Okumu, S; Kilonzo, J",INTERNATIONAL JOURNAL OF ENVIRONMENTAL RESEARCH,Web of Science,WOS_SED_DREDGING_01,WOS_SED_DREDGING_01.ris#545,1,no_match,best Crossref candidate failed conservative match threshold,10.2139/ssrn.4375965,The Complexity of Litter Pollution in Transboundary Lakes: A Case Study of Lakes Jipe and Chala in Kenya and Tanzania,2023,Eric OKUKU; Mary Mbuche; Gilbert Owato; Kenneth Otieno; Maureen Kombo; Catherine Mwalugha; Purity Chepkemboi; Linet Kiteresi; Veronica Wanjeri,,posted-content,Elsevier BV,https://doi.org/10.2139/ssrn.4375965,51.429054,0.442308,0.230769,12,True,2026-08-13T22:45:40+00:00
da810eb2ca10b116,"The effect of oil pollution and disposal of domestic sewage on the vitality and diversity of coral reefs of Palk Bay, Mandapam region, South-east coast of India",2011,"Ramadas, V; Rajeswari, KR","ENVIRONMENTAL SCIENCE AND TECHNOLOGY, PT 2",Web of Science,WOS_SED_DEPOSITION_01,WOS_SED_DEPOSITION_01.ris#378,1,no_match,best Crossref candidate failed conservative match threshold,10.1007/s12601-024-00160-3,Resilience-Based Assessment of Shallow Water Patchy Reefs in Palk Bay of South East Coast of India,2024,Koushik Sadhukhan; Sudhanshu Dixit; Shunmugaraj Thimmu Reddiar; Rukmini Shekar; Ramesh Chatragadda; M. V. Raman Murthy,Ocean Science Journal,journal-article,Springer Science and Business Media LLC,https://doi.org/10.1007/s12601-024-00160-3,48.65129,0.468750,0.275862,13,False,2026-08-13T22:45:40+00:00
e1b21e5d690fdc37,"Coral Tissue Thickness as a Bioindicator of Mine-Related Turbidity Stress on Coral Reefs at Lihir Island, Papua New Guinea",2012,"Rotmann, S; Thomas, S",OCEANOGRAPHY,Web of Science,WOS_SED_SUSPENDED_01,WOS_SED_SUSPENDED_01.ris#708,1,accepted,high title similarity; exact year; first author matched,10.5670/oceanog.2012.67,"Coral Tissue Thickness as a Bio-Indicator of Mine-Related Turbidity Stress on Coral Reefs at Lihir Island, Papua New Guinea",2012,Sea Rotmann; Séverine Thomas,Oceanography,journal-article,The Oceanography Society,https://doi.org/10.5670/oceanog.2012.67,149.95692,0.995885,0.857143,0,True,2026-08-13T22:45:47+00:00
93658b4a8f101d1c,Fusion or non fusion of coral fragments in Acropora,2012,"Nothdurft, LD; Webb, GE",GEOLOGICA BELGICA,Web of Science,WOS_MECH_FEEDING_MUCUS_CORAL_01,WOS_MECH_FEEDING_MUCUS_CORAL_01.ris#247,1,no_match,best Crossref candidate failed conservative match threshold,10.1007/s00338-014-1228-0,Structure and palaeoenvironmental implications of inter-branch coenosteum-rich skeleton in corymbose Acropora species,2015,J. Sadler; G. E. Webb; L. D. Nothdurft,Coral Reefs,journal-article,Springer Science and Business Media LLC,https://doi.org/10.1007/s00338-014-1228-0,40.80969,0.273810,0.157895,3,False,2026-08-13T22:45:47+00:00
14ef10a73e547042,[Environmental response in the Pacific to aseismic Cocos Ridge subduction (Panama and Costa Rica)].,2012,Carlos De Gracia | Aaron O’Dea | Félix Rodríguez | Luis D’Croz,Revista de Biología Tropical,OpenAlex | Semantic Scholar | Web of Science,OA_SED_DREDGING_01 | SS_SED_DREDGING_01 | WOS_SED_DREDGING_01,4674ec06da1ac7d8d7e7dbccdf14175dc75c71fd | WOS_SED_DREDGING_01.ris#536 | https://openalex.org/W3008784769,3,no_match,best Crossref candidate failed conservative match threshold,10.1130/0016-7606(1990)102<0628:frtsot>2.3.co;2,"Forearc response to subduction of the Cocos Ridge, Panama-Costa Rica",1990,"JEFF CORRIGAN; PAUL MANN; JAMES C. INGLE, JR.",Geological Society of America Bulletin,journal-article,Geological Society of America,https://doi.org/10.1130/0016-7606(1990)102<0628:frtsot>2.3.co;2,57.92484,0.596273,0.562500,22,False,2026-08-13T22:45:47+00:00
20130604bcd85a49,"Aglaopheniid hydroids (Cnidaria: Hydrozoa: Aglaopheniidae) from bathyal waters of the Flemish Cap, Flemish Pass, and Grand Banks of Newfoundland (NW Atlantic)",2013,"Altuna, A; Murillo, FJ; Calder, DR",ZOOTAXA,Web of Science,WOS_SED_DREDGING_01,WOS_SED_DREDGING_01.ris#524,1,accepted,exact normalized title; year within one; author consistent if available,10.11646/zootaxa.3737.5.1,"Aglaopheniid hydroids (Cnidaria: Hydrozoa: Aglaopheniidae) from bathyal waters of the Flemish Cap, Flemish Pass, and Grand Banks of Newfoundland (NW Atlantic)",2013,ÁLVARO ALTUNA; FRANCISCO J. MURILLO; DALE R. CALDER,Zootaxa,journal-article,Magnolia Press,https://doi.org/10.11646/zootaxa.3737.5.1,209.55945,1.000000,1.000000,0,True,2026-08-13T22:45:56+00:00
cc57a1f83365ae1c,Analysis of the impact of Holothuria scabra intensive farming on sediment,2013,"Plotieau, T; Baele, JM; Vaucher, R; Hasler, CA; Koudad, D; Eeckhaut, I",CAHIERS DE BIOLOGIE MARINE,Web of Science,WOS_MECH_FEEDING_MUCUS_CORAL_01,WOS_MECH_FEEDING_MUCUS_CORAL_01.ris#464,1,no_match,best Crossref candidate failed conservative match threshold,10.1007/s00227-013-2297-2,Bacterial diversity of the sediments transiting through the gut of Holothuria scabra (Holothuroidea; Echinodermata),2013,Thomas Plotieau; Thierry Lavitra; David C. Gillan; Igor Eeckhaut,Marine Biology,journal-article,Springer Science and Business Media LLC,https://doi.org/10.1007/s00227-013-2297-2,58.488136,0.486486,0.222222,0,True,2026-08-13T22:45:56+00:00
96103bb637410b7d,"CHARACTERIZATION AND DISTRIBUTION OF SEDIMENTARY FACIES OF CARTAGENA BAY, COLOMBIA",2013,"Arias, DAF; López, JCR; Ruiz, NYS; Gutiérrez, JC",BOLETIN DE GEOLOGIA,Web of Science,WOS_SED_DREDGING_01,WOS_SED_DREDGING_01.ris#532,1,no_match,best Crossref candidate failed conservative match threshold,10.14482/sun.30.3.6245,Clinical characterization of dengue in a children’s hospital of Cartagena (Colombia),2014,Diana Marrugo; Ceyla Causil; Hernando Pinzón; Amileth Suárez; Carlos Moneriz,Salud Uninorte,journal-article,Universidad del Norte,https://doi.org/10.14482/sun.30.3.6245,34.573864,0.580247,0.266667,1,False,2026-08-13T22:45:56+00:00
94b174ee79c9f481,"Carbon and oxygen isotopic variations in early Albian limestone facies of the Mural Formation, Pitaycachi section, northeastern Sonora, Mexico",2013,Jayagopal Madhavaraju | Alcídes N. Sial | Carlos M. González–León | R. Nagarajan,LA Referencia (Red Federada de Repositorios Institucionales de Publicaciones Científicas),OpenAlex | Semantic Scholar | Web of Science,OA_SED_DEPOSITION_01 | SS_SED_DEPOSITION_01 | WOS_SED_DEPOSITION_01,7eff27bcd10d6421f969dab9b5ddd62445bb6d1e | WOS_SED_DEPOSITION_01.ris#919 | https://openalex.org/W2133432303,3,no_match,best Crossref candidate failed conservative match threshold,10.5209/rev_jige.2013.v39.n1.41749,"Diagenetic significance of carbon, oxygen and strontium isotopic compositions in the Aptian-Albian Mural Formation in Cerro Pimas area, northern Sonora, Mexico.",2013,J. Madhavaraju; Yong IL Lee; C.M. González–León,Journal of Iberian Geology,journal-article,Universidad Complutense de Madrid (UCM),https://doi.org/10.5209/rev_jige.2013.v39.n1.41749,86.84116,0.589831,0.428571,0,True,2026-08-13T22:46:03+00:00
c64f273555f1c2be,Economical Development and Environment Protection: An Ecological Economics Perspective,2013,"Wang, JX","SOFT POWER THEORY DEVELOPMENT, PRACTISE AND INNOVATION",Web of Science,WOS_SED_TAILINGS_01,WOS_SED_TAILINGS_01.ris#47,1,no_match,best Crossref candidate failed conservative match threshold,10.4337/9781781004685.00012,Sustainable development and the protection of the environment during times of armed conflict,2013,Onita Das,"Environmental Protection, Security and Armed Conflict",book-chapter,Edward Elgar Publishing,https://doi.org/10.4337/9781781004685.00012,36.643932,0.485876,0.250000,0,False,2026-08-13T22:46:03+00:00
937510f56c4645c2,Influence of environmental factors on the structure of coastal fish communities of Reunion Island (South-western Indian Ocean),2013,"Pinault, M; Chabanet, P; Loiseau, N; Durville, P; Galzin, R; Quod, JP",CYBIUM,Web of Science,WOS_SED_SUSPENDED_01,WOS_SED_SUSPENDED_01.ris#1394,1,no_match,best Crossref candidate failed conservative match threshold,10.1016/0022-0981(94)00184-f,Disturbance impact on reef fish communities in Reunion Island (Indian Ocean),1995,P. Chabanet; V. Dufour; R. Galzin,Journal of Experimental Marine Biology and Ecology,journal-article,Elsevier BV,https://doi.org/10.1016/0022-0981(94)00184-f,64.22297,0.646465,0.350000,18,False,2026-08-13T22:46:03+00:00
1a6096a36781eac3,"Late Prehistoric Burial Structures and Evidence of Spanish Contact at Makira, Southeast Solomon Islands",2013,"Blake, N; Gibbs, M",JOURNAL OF PACIFIC ARCHAEOLOGY,Web of Science,WOS_SED_DEPOSITION_01,WOS_SED_DEPOSITION_01.ris#438,1,no_match,best Crossref candidate failed conservative match threshold,10.70460/jpa.v4i2.117,"Late Prehistoric Burial Structures, and a burial possibly associated with 16th century Spanish contact at Pamua, Makira, Southeast Solomon Islands",2013,Natalie Blake; Martin Gibbs,Journal of Pacific Archaeology,journal-article,New Zealand Archaeological Association,https://doi.org/10.70460/jpa.v4i2.117,111.50558,0.775510,0.571429,0,True,2026-08-13T22:46:09+00:00
b222b2e6f49b4f02,"[Community structure of sponges (Porifera) in three reefs at Morrocoy National Park, Venezuela and its correspondence with some environmental variables].",2013,M. Romero; E. Villamizar; Nora Malaver,Revista de Biología Tropical,Semantic Scholar | Web of Science,SS_RESP_THRESHOLD_RECOVERY_01 | SS_SED_SUSPENDED_01 | WOS_SED_SUSPENDED_01,98ed7fb0e8c8a8b84966ca2e9fcd16e42738ff34 | WOS_SED_SUSPENDED_01.ris#706,3,no_match,best Crossref candidate failed conservative match threshold,10.15517/rbt.v61i3.11937,"Estructura de la comunidad de esponjas (Porifera) en tres arrecifes del Parque Nacional Morrocoy, Venezuela y su relación con algunas variables ambientales",2013,Marco A. Romero; Estrella Villamizar; Nora Malaver,Revista de Biología Tropical,journal-article,Universidad de Costa Rica,https://doi.org/10.15517/rbt.v61i3.11937,93.5161,0.494983,0.108108,0,True,2026-08-13T22:46:09+00:00
ea349a2efd763be6,Impact of a dredging on the population of coral reef lagoon fishes of New Caledonia,2014,"Frolla, P",CYBIUM,Web of Science,WOS_SED_DREDGING_01,WOS_SED_DREDGING_01.ris#516,1,no_match,best Crossref candidate failed conservative match threshold,10.1896/978-1-934151-33-4,"Species of Reef Corals Observed in Northwestern Lagoon of Grande Terre, New Caledonia",2008,Doug Fenner; Paul Muir,"A Rapid Marine Biodiversity Assessment of the Coral Reefs of the Northwest Lagoon, between Koumac and Yandé, Province Nord, New Caledonia",book-chapter,SPIE,https://doi.org/10.1896/978-1-934151-33-4.,46.61995,0.514970,0.250000,6,False,2026-08-13T22:46:13+00:00
151f2accfa05233d,"Post Bleaching recruitment of scleractinian corals in Andaman and Nicobar Islands, special reference to Acropora sp.",2014,"Mondal, T; Raghunathan, C; Venkataraman, K",INDIAN JOURNAL OF GEO-MARINE SCIENCES,Web of Science,WOS_SED_SUSPENDED_01,WOS_SED_SUSPENDED_01.ris#923,1,no_match,best Crossref candidate failed conservative match threshold,10.1007/s12595-013-0080-5,Post Bleaching Assessment of Corals in Andaman and Nicobar Islands,2014,Tamal Mondal; C. Raghunathan; K. Venkataraman,Proceedings of the Zoological Society,journal-article,Springer Science and Business Media LLC,https://doi.org/10.1007/s12595-013-0080-5,85.26057,0.677778,0.529412,0,True,2026-08-13T22:46:13+00:00
25b5c7ed1afea4f3,"Preliminary survey of diseases in the coral reefs of Burmanallah coast, Andaman's",2014,"Ramesh, CH; Mohanraju, R; Murthy, KN; Karthick, P",INDIAN JOURNAL OF GEO-MARINE SCIENCES,Web of Science,WOS_SED_DEPOSITION_01,WOS_SED_DEPOSITION_01.ris#514,1,no_match,best Crossref candidate failed conservative match threshold,10.56042/ijms.v52i05.8010,"Preliminary report on the occurrence of lethal crustose (non-geniculate) coralline algae white band and white patch diseases in the coral reefs of Gulf of Kachchh, India",2023,,Indian Journal of Geo-Marine Sciences,journal-article,CSIR-National Institute of Science Communication and Policy Research (NIScPR),https://doi.org/10.56042/ijms.v52i05.8010,47.962013,0.463415,0.250000,9,False,2026-08-13T22:46:21+00:00
b6eb698a843acaba,"Sedimentation's Impact on Corals in Islas del Rosario and San Bernardo, Colombia",2014,"Acevedo, LA; Moreno, YB; Sierra, LAV",CUADERNO ACTIVA,Web of Science,WOS_SED_SUSPENDED_01,WOS_SED_SUSPENDED_01.ris#974,1,no_match,best Crossref candidate failed conservative match threshold,10.25268/bimc.invemar.2026.55.2.1384,"Global connectivity and genetic characterization of the hawksbill turtle (Eretmochelysimbricata) in the Islas del Rosario and San Bernardo Natural National Park, Colombia",2026,Nadine Hakim de la torre; Daniel Marín; Juan Esteban Jácome Castro; Yabriel Pagán-Benítez; Jaime Alberto-Rojas; Nicole Hakim; Adriana Marcela-Celis; Susana Caballero,Boletín de Investigaciones Marinas y Costeras,journal-article,Marine and Coastal Research Institute INVEMAR,https://doi.org/10.25268/bimc.invemar.2026.55.2.1384,50.200737,0.528455,0.320000,12,False,2026-08-13T22:46:21+00:00
1a8bbb1d79dbd055,"Golfo Dulce, Costa Rica, an important foraging ground for the Pacific hawksbill turtle (Eretmochelys imbricata)",2015,"Chacón-Chaverri, D; Martínez-Cascante, DA; Rojas, D; Fonseca, LG",REVISTA DE BIOLOGIA TROPICAL,Web of Science,WOS_MECH_FEEDING_MUCUS_CORAL_01 | WOS_SED_DEPOSITION_01,WOS_MECH_FEEDING_MUCUS_CORAL_01.ris#663 | WOS_SED_DEPOSITION_01.ris#357,2,no_match,best Crossref candidate failed conservative match threshold,10.15517/rbt.v63i1.23114,"Golfo Dulce, Costa Rica, un área importante de alimentación para la tortuga carey del Pacífico Oriental (Eretmochelys imbricata)",2016,Didiher Chacón-Chaverri; David A. Martínez-Cascante; David Rojas; Luis G. Fonseca,Revista de Biología Tropical,journal-article,Universidad de Costa Rica,https://doi.org/10.15517/rbt.v63i1.23114,118.691086,0.658009,0.222222,1,True,2026-08-13T22:46:29+00:00
7c127b9cb9b81225,Temporal and spatial variation of phytoplankton in a tropical reef area of Brazil,2015,Leandro C Ferreira; M. G. G. Silva-Cunha; E. P. Aquino; G. Borges; F. Feitosa; E. Eskinazi-Leça; J. C. Lima,TROPICAL ECOLOGY,Semantic Scholar | Web of Science,SS_SED_SUSPENDED_01 | WOS_SED_SUSPENDED_01,WOS_SED_SUSPENDED_01.ris#125 | d6c379b94fb64ec5f8899db34e8cf2fd7489d13b,2,no_match,best Crossref candidate failed conservative match threshold,10.1016/j.rsma.2020.101522,Cell biovolume and carbon biomass of phytoplankton in degraded tropical estuaries in Northeastern Brazil,2020,Gislayne Cristina Palmeira Borges; Eveline Pinheiro de Aquino; Enide Eskinazi-Leça; Antonio de Castro Santos-Junior; Marilene Felipe Santiago; Leandro Cabanez Ferreira; Carlos Noriega; Moacyr Araújo; Christiana Kelly da Silva Grego; Maria da Glória Gonçalves da Silva-Cunha,Regional Studies in Marine Science,journal-article,Elsevier BV,https://doi.org/10.1016/j.rsma.2020.101522,63.88644,0.594595,0.315789,5,False,2026-08-13T22:46:29+00:00
80a38da20f66d265,Crinoid diversity in the subtidal non-coral reef habitats of Singapore,2016,"Tay, TS; Low, JKY",RAFFLES BULLETIN OF ZOOLOGY,Semantic Scholar | Web of Science,SS_SED_DREDGING_01 | WOS_SED_DREDGING_01,WOS_SED_DREDGING_01.ris#500 | f94033595afa06c9e012c616cad0aea3902d09ad,2,no_match,best Crossref candidate failed conservative match threshold,10.18356/517960b6-en,Coral and biogenic reef habitats,2016,David Obura,,component,United Nations Publications,https://doi.org/10.18356/517960b6-en,41.745136,0.372549,0.230769,0,False,2026-08-13T22:46:34+00:00
bd652651b4882147,"DEGRADATION OF REEF FISH CATCH AS AN EFFECT OF TOURISM INDUSTRY ACTIVITIES IN GILI SULAT AND GILI LAWANG WATERS, EAST LOMBOK",2016,"Mustaruddin; Savalas, LRT; Saptoriantoro, P",JURNAL ILMU DAN TEKNOLOGI KELAUTAN TROPIS,Web of Science,WOS_SED_SUSPENDED_01,WOS_SED_SUSPENDED_01.ris#86,1,accepted,exact normalized title; year within one; author consistent if available,10.28930/jitkt.v8i2.15798,"DEGRADATION OF REEF FISH CATCH AS AN EFFECT OF TOURISM INDUSTRY ACTIVITIES IN GILI SULAT AND GILI LAWANG WATERS, EAST LOMBOK",2017,. Mustaruddin; Lalu R. T. Savalas; Pandu Saptoriantoro,Jurnal Ilmu dan Teknologi Kelautan Tropis,journal-article,Institut Pertanian Bogor,https://doi.org/10.28930/jitkt.v8i2.15798,200.7826,1.000000,1.000000,1,True,2026-08-13T22:46:34+00:00
549539f3a74cf853,The Comprehensive Marine Biodiversity Survey Singapore Strait International Workshop 2013,2016,"Tan, KS; Koh, KS; Ng, JY; Goh, L",RAFFLES BULLETIN OF ZOOLOGY,Web of Science,WOS_SED_DREDGING_01,WOS_SED_DREDGING_01.ris#499,1,no_match,best Crossref candidate failed conservative match threshold,10.11646/zootaxa.4933.1.1,Ascidians collected during the 2013 Singapore Strait International Marine Biodiversity Workshop,2021,GRETCHEN LAMBERT; SERINA SIEW-CHEN LEE; SERENA LAY-MING TEO,Zootaxa,journal-article,Magnolia Press,https://doi.org/10.11646/zootaxa.4933.1.1,43.613728,0.478261,0.615385,5,False,2026-08-13T22:46:41+00:00
f5ea173b5227d7fa,Demersal Fish and Shrimp Abundance in Relation to Mangrove Hydrogeomorphological Metrics,2017,"Jamizan, AR; Chong, VC",SAINS MALAYSIANA,Web of Science,WOS_MECH_FEEDING_MUCUS_CORAL_01,WOS_MECH_FEEDING_MUCUS_CORAL_01.ris#526,1,review,plausible title/year match below automatic acceptance threshold,10.17576/jsm-2017-4601-02,Demersal Fish and Shrimp Abundance in Relation to Mangrove Hydrogeomorphological Metrics,2017,JAMIZAN A.R.; V.C. CHONG,Sains Malaysiana,journal-article,Penerbit Universiti Kebangsaan Malaysia (UKM Press),https://doi.org/10.17576/jsm-2017-4601-02,111.71135,1.000000,1.000000,0,False,2026-08-13T22:46:41+00:00
be00355ed1f621f7,"LEVELS OF POTENTIALLY HARMFUL ELEMENTS AROUND A TRANSECT OF ANTHROSOLS IN AQABA SHORELINE, JORDAN",2017,"Wahsha, M; Al-Rousan, S; Al-Jawasreh, R",FRESENIUS ENVIRONMENTAL BULLETIN,Web of Science,WOS_SED_TAILINGS_01,WOS_SED_TAILINGS_01.ris#54,1,no_match,best Crossref candidate failed conservative match threshold,10.1007/978-94-017-8965-3_5,Potentially Harmful Elements in Abandoned Mine Waste,2014,Mohammad Wahsha; Mamoon M. D. Al-Rshaidat,"PHEs, Environment and Human Health",book-chapter,Springer Netherlands,https://doi.org/10.1007/978-94-017-8965-3_5,54.179367,0.554054,0.250000,3,True,2026-08-13T22:46:47+00:00
4effe5f3e514e103,"QUATERNARY PALEO-ENVIRONMENTAL EVOLUTION OF THE LAGOON OF TUNIS (GULF OF TUNIS, TUNISIA)",2017,"Ben Mosbah, CZ; Hajji, I; Ben Hmida, S; Chaabani, F; Temani, R; Condomines, M; Martin, C",QUATERNAIRE,Web of Science,WOS_MECH_FEEDING_MUCUS_CORAL_01,WOS_MECH_FEEDING_MUCUS_CORAL_01.ris#701,1,no_match,best Crossref candidate failed conservative match threshold,10.4000/quaternaire.8484,"Évolution paléo-environnementale et quaternaire de la lagune de Tunis (golfe de Tunis, Tunisie)",2017,Chedia Zaara Ben Mosbah; Inès Hajji; Sahar Ben Hmida; Fredj Chaabani; Rim Temani; Michel Condomines; Céline Martin,Quaternaire,journal-article,OpenEdition,https://doi.org/10.4000/quaternaire.8484,114.55959,0.677966,0.166667,0,False,2026-08-13T22:46:47+00:00
b4de028ee3e338f9,Changes in fish communities from the effect of coastal development in Huatulco National Park (Mexico),2018,"Juárez-Hernández, LG; Tapia-García, M",REVISTA DE BIOLOGIA TROPICAL,Web of Science,WOS_SED_SUSPENDED_01,WOS_SED_SUSPENDED_01.ris#394,1,no_match,best Crossref candidate failed conservative match threshold,10.4067/s0716-078x2007000400003,"Fish community structure in San Agustín Bay, Huatulco, Mexico",2007,MARTÍN RAMÍREZ-GUTIÉRREZ; MARGARITO TAPIA-GARCÍA; EDUARDO RAMOS-SANTIAGO; RAÚL ULLOA,Revista chilena de historia natural,journal-article,SciELO Agencia Nacional de Investigacion y Desarrollo (ANID),https://doi.org/10.4067/s0716-078x2007000400003,48.460167,0.468354,0.210526,11,False,2026-08-13T22:46:47+00:00
6d4bc62b06e4bc2b,Mapping and analyses of two coralline banks in the western continental margin of India using multibeam echosounder data,2018,"Menezes, A; Mahender, K; Chakraborty, B; Fernandes, WA; Vardhan, YV; Kurian, J",INDIAN JOURNAL OF GEO-MARINE SCIENCES,Semantic Scholar | Web of Science,SS_SED_DEPOSITION_01 | WOS_SED_DEPOSITION_01,526ecdafa09c051eb366b19873af8f85a1e09437 | WOS_SED_DEPOSITION_01.ris#566,2,no_match,best Crossref candidate failed conservative match threshold,10.1016/j.marpetgeo.2010.09.005,Morphology of pockmarks along the western continental margin of India: Employing multibeam bathymetry and backscatter data,2010,Sumanta Dandapath; Bishwajit Chakraborty; Siddaiah M. Karisiddaiah; Andrew Menezes; Govind Ranade; William Fernandes; Davidas K. Naik; K.N. Prudhvi Raju,Marine and Petroleum Geology,journal-article,Elsevier BV,https://doi.org/10.1016/j.marpetgeo.2010.09.005,60.851772,0.666667,0.391304,8,False,2026-08-13T22:46:57+00:00
3fc5a315121442f0,Reef Fish Depend on Corals and Natural Outcrops: Are Predation and Migration Linked to the Fractal Characteristics of Habitats?,2018,"Caddy, JF",MARINE ARTIFICIAL REEF RESEARCH AND DEVELOPMENT: INTEGRATING FISHERIES MANAGEMENT OBJECTIVES,Web of Science,WOS_MECH_FEEDING_MUCUS_CORAL_01,WOS_MECH_FEEDING_MUCUS_CORAL_01.ris#514,1,no_match,best Crossref candidate failed conservative match threshold,10.47886/9781934874516.ch8,Marine Artificial Reef Research and Development: Integrating Fisheries Management Objectives,2018,,Marine Artificial Reef Research and Development: Integrating Fisheries Management Objectives,book-chapter,American Fisheries Society,https://doi.org/10.47886/9781934874516.ch8,101.069275,0.305556,0.076923,0,False,2026-08-13T22:46:57+00:00
4a628c3381e45211,"AN ECOLOGICAL ASSESSMENT OF NUDIBRANCH DIVERSITY AMONG HABITATS RECEIVING DIFFERENT DEGREES OF SEDIMENTATION IN JEPARA COASTAL WATERS, INDONESIA",2021,"Sabdono, A; Radjasa, OK; Trianto, A; Sibero, MT; Martynov, A; Kristiana, R",INTERNATIONAL JOURNAL OF CONSERVATION SCIENCE,Web of Science,WOS_SED_SUSPENDED_01,WOS_SED_SUSPENDED_01.ris#1150,1,no_match,best Crossref candidate failed conservative match threshold,10.13057/biodiv/d230425,"Antimicrobial activity of nudibranch Chromodoris lineolata associated bacteria against skin diseases pathogens from Jepara Coastal Waters, Indonesia",2022,ALDI PRATAMA WIJAYA; AGUS SABDONO; MADA TRIANDALA SIBERO; AGUS TRIANTO; OCKY KARNA RADJASA,Biodiversitas Journal of Biological Diversity,journal-article,UNS Solo,https://doi.org/10.13057/biodiv/d230425,92.41756,0.537931,0.214286,1,False,2026-08-13T22:47:02+00:00
9ceb3f53a261aff8,DEEP-SEA ANEMONES (CNIDARIA: ANTHOZOA: ACTINIARIA) FROM THE SOUTH ATLANTIC,2021,"Gusmao, LC; Rodríguez, E",BULLETIN OF THE AMERICAN MUSEUM OF NATURAL HISTORY,Web of Science,WOS_SED_DREDGING_01,WOS_SED_DREDGING_01.ris#423,1,accepted,exact normalized title; year within one; author consistent if available,10.1206/0003-0090.444.1.1,Deep-Sea Anemones (Cnidaria: Anthozoa: Actiniaria) from the South Atlantic,2021,Luciana C. Gusmão; Estefanía Rodríguez,Bulletin of the American Museum of Natural History,journal-article,American Museum of Natural History (BioOne sponsored),https://doi.org/10.1206/0003-0090.444.1.1,113.617386,1.000000,1.000000,0,True,2026-08-13T22:47:02+00:00
38e6f159dc847e3b,"COMPARATIVE ASSESSMENT OF GORGONIAN ABUNDANCE AND DIVERSITY AMONG ISLANDS WITH DIFFERENT ANTHROPOGENIC STRESSORS IN KARIMUNJAWA MARINE NATIONAL PARK, JAVA SEA",2022,"Sabdono, A; Radjasa, OK; Trianto, A; Sibero, MT; Kristiana, R; Larasati, SJH",INTERNATIONAL JOURNAL OF CONSERVATION SCIENCE,Web of Science,WOS_SED_SUSPENDED_01,WOS_SED_SUSPENDED_01.ris#898,1,no_match,best Crossref candidate failed conservative match threshold,10.3897/arphapreprints.e86396,"Biogeographic assessment of Gorgonian associated bacteria with antipathogenic Urinary Tract Infections (UTIs) in Karimunjawa Marine National Park,  Java Sea, Indonesia",2022,Agus Sabdono; Endang Sri Lestari; Mada T. Sibero,,posted-content,Pensoft Publishers,https://doi.org/10.3897/arphapreprints.e86396,97.15815,0.658307,0.379310,0,True,2026-08-13T22:47:02+00:00
a89c90df30e5166c,The Bolognano Fm in the south-eastern sectors of Majella and correlation with the north-western domain,2023,"Brandano, M; Cornacchia, I; Di Bella, L; Marianelli, D",RENDICONTI ONLINE DELLA SOCIETA GEOLOGICA ITALIANA,Web of Science,WOS_MECH_FEEDING_MUCUS_CORAL_01,WOS_MECH_FEEDING_MUCUS_CORAL_01.ris#539,1,accepted,exact normalized title; year within one; author consistent if available,10.3301/rol.2023.18,The Bolognano Fm in the south-eastern sectors of Majella and correlation with the north-western domain,2023,Marco Brandano; Irene Cornacchia; Luca Barale; Letizia Di Bella; Diego Marianelli,Rendiconti Online della Società Geologica Italiana,journal-article,Societa Geologica Italiana,https://doi.org/10.3301/rol.2023.18,164.28783,1.000000,1.000000,0,True,2026-08-13T22:47:07+00:00
5d041d5aa3ce2986,Resolving spatio-temporal patterns of suspended sediment flux on Singapore's coral reefs using a modelling approach,2025,"Andrawina, YO; Paul, K; Kyle, M",BULLETIN OF MARINE SCIENCE,Web of Science,WOS_SED_SUSPENDED_01,WOS_SED_SUSPENDED_01.ris#97,1,no_match,best Crossref candidate failed conservative match threshold,10.25148/fiuir.31645,Spatio-Temporal Dynamics of Long Sediment-Laden Algal Turfs on Florida's Coral Reefs,2026,"Guzman, Silvana",,posted-content,Florida International University,https://doi.org/10.25148/fiuir.31645,49.391956,0.542714,0.347826,1,False,2026-08-13T22:47:07+00:00
5e2687595cf67bcd,Variability of coral mortality due to bleaching on reefs with varying levels of turbidity within and outside an MPA in eastern Sri Lanka,2025,"Perera, N; Arachchige, G",BULLETIN OF MARINE SCIENCE,Web of Science,WOS_RESP_THRESHOLD_RECOVERY_01 | WOS_SED_SUSPENDED_01,WOS_RESP_THRESHOLD_RECOVERY_01.ris#15 | WOS_SED_SUSPENDED_01.ris#723,2,no_match,best Crossref candidate failed conservative match threshold,10.3727/154427322x16615179540960,Scuba Diver Environmental Orientation and Perceptions of Diving Impact Management on Coral Reefs: Evidence from Sri Lanka,2022,Priyan Perera; Prabhath Jayewardana; James Creswell; David Newsome,Tourism in Marine Environments,journal-article,"Cognizant, LLC",https://doi.org/10.3727/154427322x16615179540960,45.94222,0.312500,0.218750,3,True,2026-08-13T22:47:07+00:00
41fc82eca424ac41,AI-Driven Marine Robotics: Emerging Trends in Underwater Perception and Ecosystem Monitoring,2026,"Raine, S; Fischer, T","FORTIETH AAAI CONFERENCE ON ARTIFICIAL INTELLIGENCE, AAAI-26, VOL 40 NO 48",Web of Science,WOS_SED_SUSPENDED_01,WOS_SED_SUSPENDED_01.ris#1014,1,accepted,exact normalized title; year within one; author consistent if available,10.1609/aaai.v40i48.42133,AI-Driven Marine Robotics: Emerging Trends in Underwater Perception and Ecosystem Monitoring,2026,Scarlett Raine; Tobias Fischer,Proceedings of the AAAI Conference on Artificial Intelligence,journal-article,Association for the Advancement of Artificial Intelligence (AAAI),https://doi.org/10.1609/aaai.v40i48.42133,127.64223,1.000000,1.000000,0,True,2026-08-13T22:47:13+00:00
