calibration_record_id,split,corpus_id,title,authors,year,source_title_or_issuer,document_type,doi,url,language,screening_text,text_truncated,full_text_status,discovery_systems,query_ids,families,primary_family,system_stratum,signal_tier,metadata_stratum,human_decision,human_reason_code,human_rationale,human_screening_source,human_confidence,human_needs_full_text,reviewer,review_date,review_notes
CAL-0001,DEVELOPMENT,CWC-AC9DB483D462,"Peer Review #2 of ""Building consensus around the assessment and interpretation of Symbiodiniaceae diversity (v0.1)""",T Oliver,2023,,peer-review,10.7287/peerj.15023v0.1/reviews/2,http://dx.doi.org/10.7287/peerj.15023v0.1/reviews/2,en,,False,OPEN_ACCESS_LANDING_PAGE,Citation chaining,OA_CHAIN_G2_FORWARD_CITATION,MECH_FEEDING_MUCUS_CORAL | RESP_THRESHOLD_RECOVERY | SED_DEPOSITION | SED_DREDGING | SED_SUSPENDED,SED_DREDGING,CITATION_CHAINING,NEITHER_SIGNAL,TITLE_ONLY,EXCLUDE,,,Covidence calibration plus reviewer adjudication,,,Jake,2026-08-17,Covidence NO mapped to EXCLUDE.
CAL-0002,DEVELOPMENT,CWC-E507A2C5CF60,"Cytoskeletal architecture, organelle transport, and impulse conduction in hexactinellid sponge syncytia",Sally P. Leys,1996,Library and Archives Canada (Government of Canada),dissertation,,http://www.collectionscanada.ca/obj/s4/f2/dsk2/tape16/PQDD_0007/NQ32755.pdf,en,"Hexactinellid sponges differ substantially from other sponges in having syncytial tissues and the ability to propagate signals rapidly, causing the arrest of the feeding current. To confirm existing light and electron microscopic evidence of the syncytial nature of hexactinellid tissue, live tissue models were developed from Rhabdocalyptus dawsoni and Aphrocallistes vastus. A native acellular tissue extract (ATE) was made from the sponges to which dissociated tissue adhered and spread in a species specific fashion. Video microscopy shows that dissociated tissue from R. dawsoni adheres to the ATE and aggregates by fusion of pieces to form a giant, multinucleated syncytium. Fusion, corroborated by dye exchange, is characterized by the bidirectional transport of organelles, including nuclei, and bulk cytoplasm at an average rate of 2.1 um·S⁻¹. Stress fibres line the periphery of adherent preparations, and giant actindense filopodia appear to anchor tissue to the substrate. Bundles of microtubules (MTs) bridge newly fused aggregates while extensive tracts of MT bundles are oriented in all directions in larger aggregates. Aggregates can become several centimetres in diameter and can cov",True,NOT_IDENTIFIED,OpenAlex,OA_MECH_FEEDING_PUMPING_SPONGE_01,MECH_FEEDING_PUMPING_SPONGE,MECH_FEEDING_PUMPING_SPONGE,OPENALEX,ORGANISM_AND_STRESSOR,TITLE_ABSTRACT,EXCLUDE,,,Covidence calibration plus reviewer adjudication,,,Jake,2026-08-17,Covidence NO mapped to EXCLUDE.
CAL-0003,DEVELOPMENT,CWC-CC3B615CC327,A community engagement framework using mental modeling : the Seven Mile Island Innovation Lab community engagement pilot—Phase I,Sarah Thorne | David Kovacs | Joseph Gailani | Burton Suedel,2022,,report,10.21079/11681/44983,https://doi.org/10.21079/11681/44983,en,,False,OPEN_ACCESS_PDF,Citation chaining,OA_CHAIN_G1_BACKWARD_REFERENCE,RESP_THRESHOLD_RECOVERY | SED_DREDGING | SED_SUSPENDED,SED_SUSPENDED,CITATION_CHAINING,NEITHER_SIGNAL,TITLE_ONLY,EXCLUDE,,,Covidence calibration plus reviewer adjudication,,,Jake,2026-08-17,Covidence NO mapped to EXCLUDE.
CAL-0004,DEVELOPMENT,CWC-67FC284AAFCC,"An update on the phylogeny of capillariid nematodes based on 18S rDNA sequences of Amphibiocapillaria tritonispunctati (Diesing, 1851) and four other species",Roman Svitin | Yaroslav Syrota | Yuriy Kuzmin | Valerіia Dupak | Oksana Nekrasova | Oleksii Marushchak | Kateryna Antipova | Oksana Greben | Zuzana Hurníková | Nataliia Brusentsova | Martina Miterpáková,2025,Current Research in Parasitology and Vector-Borne Diseases,article,10.1016/j.crpvbd.2025.100321,https://doi.org/10.1016/j.crpvbd.2025.100321,en,,False,OPEN_ACCESS_LANDING_PAGE,Citation chaining,OA_CHAIN_G2_FORWARD_CITATION,MECH_FEEDING_MUCUS_CORAL | SED_DEPOSITION | SED_SUSPENDED,MECH_FEEDING_MUCUS_CORAL,CITATION_CHAINING,NEITHER_SIGNAL,TITLE_ONLY,EXCLUDE,,,Covidence calibration plus reviewer adjudication,,,Jake,2026-08-17,Covidence NO mapped to EXCLUDE.
CAL-0005,DEVELOPMENT,CWC-D3A8DA7C158A,Dispatches,ESA,2015,Frontiers in Ecology and the Environment,article,10.1890/1540-9295-13.7.348,https://doi.org/10.1890/1540-9295-13.7.348,en,"The Urban School Food Alliance – a coalition of the biggest school districts in the US: New York City, Los Angeles, Chicago, Miami-Dade, Dallas, and Orlando – recently announced that polystyrene trays in those schools' cafeterias will be replaced with newly designed compostable round plates. The rollout of the new plates has already begun in some schools, starting in May. The districts serve 2.5 million meals each school day, meaning the switch will prevent 225 million polystyrene trays from entering the waste stream every year. Polystyrene degrades extremely slowly in the natural environment; is widely found littering beaches and urban landscapes; and contains styrene and benzene, known toxic substances and suspected carcinogens. New compostable school-lunch plates provide health, cost, and environmental benefits. The need to stop serving food to children on polystyrene trays might seem clear, but it hasn't been easy to achieve. Compostable plates typically cost three times as much as polystyrene trays (12 cents and 4 cents each, respectively), which has made the former cost-prohibitive, given schools' tight meal program budgets. The six districts of the Alliance used their collec",True,OPEN_ACCESS_LANDING_PAGE,OpenAlex,OA_SED_DREDGING_01,SED_DREDGING,SED_DREDGING,OPENALEX,NEITHER_SIGNAL,TITLE_ABSTRACT,EXCLUDE,,,Covidence calibration plus reviewer adjudication,,,Jake,2026-08-17,Covidence generic-title collision ('Dispatches') with CWC-86111C71AF4B; both records are irrelevant.
CAL-0006,VALIDATION,CWC-19F713252CB7,Simulation Of Concentrations and Depositions of Particle Matter Caused by Drilling Discharges. Comparison Between Field Measurements and Simulation Results at Coral Locations,Henrik Rye | May Kristin Ditlevsen | Jannecke A. Moe | Morten Løkken,2012,,conference-paper,10.2118/156775-ms,https://doi.org/10.2118/156775-ms,en,"Abstract Deepwater corals (Lophelia) was identified in the vicinity of the location of the exploration well Pumbaa on the Norwegian Continental Shelf where a drilling operation was carried out by the GDF SUEZ E&amp;P Norge AS (GDF SUEZ). When drilling in sensitive areas, it is a requirement from the Norwegian authorities that the operator shall monitor the drilling operation. Possible impacts on the corals were simulated prior to the drilling operation. In addition, monitoring of the discharges during drilling was carried out in order to document effects on the corals. The paper considers a comparison between measured and simulated discharges of drill cuttings and mud to the sea on the Pumbaa field in the Norwegian Sea. The actual monitoring program is presented in a separate paper on this conference (Moskeland et al. 2012). The main objective of the monitoring was to assess effects from the drilling activities on the corals south (and nearest) of the drilling location. The monitoring program included measurements of current, turbidity and sedimentation, as well as sampling of sediments from the seafloor. The data collected in the monitoring program turned out to be useful as well ",True,NOT_IDENTIFIED,OpenAlex | Semantic Scholar,OA_RESP_THRESHOLD_RECOVERY_01 | OA_SED_DRILLING_01 | OA_SED_SUSPENDED_01 | SS_SED_DRILLING_01,RESP_THRESHOLD_RECOVERY | SED_DRILLING | SED_SUSPENDED,SED_DRILLING,MULTI_SCHOLARLY,ORGANISM_AND_STRESSOR,TITLE_ABSTRACT,CORE_INCLUDE,,,Covidence calibration plus reviewer adjudication,,,Jake,2026-08-17,
CAL-0007,DEVELOPMENT,CWC-B5012FAD0CF4,Gravity anomalies over extinct spreading centres: a new evidence of an aborted ridge in the South Atlantic Ocean,Renata Regina Constantino | Peter Christian Hackspacher | Iago Sousa Lima Costa | Eder Cassola Molina | Iata Anderson de Souza,2019,Geophysical Journal International,article,10.1093/gji/ggz019,https://doi.org/10.1093/gji/ggz019,en,"An aborted ridge has been suggested in the Vema region, South Atlantic Ocean, and we investigate it in terms of residual gravity anomalies and half spreading rate. Gravity signature over extinct spreading centres displays residual gravity anomaly lows flanked by positive highs with systematic palaeo-spreading rate dependency. The amplitude and half-widths of the gravity lows are smaller for fast spreading rates, a relationship that has been presented for several well-constrained extinct spreading centres, such as Coral Sea and Labrador Sea, both regarded in this work for comparative purposes. The residual gravity anomalies are estimated from the removal of a long-wavelength regional trend and the gravitational effect of basement and suprabasement sources. The global sediment thickness model of NOAA is used to evaluate the sediment layer and a compaction model that fits observed density values is also considered. The basement topography is obtained from gravity field inversion and shows clearly the extinct spreading axes of the Coral Sea Basin and Labrador Sea, which are not evident from the bathymetric data set due to sedimentary deposits that lie over them. The Vema basement shows",True,OPEN_ACCESS_LANDING_PAGE,OpenAlex | Web of Science,OA_SED_DEPOSITION_01 | WOS_SED_DEPOSITION_01,SED_DEPOSITION,SED_DEPOSITION,WEB_OF_SCIENCE,ORGANISM_AND_STRESSOR,TITLE_ABSTRACT,EXCLUDE,,,Covidence calibration plus reviewer adjudication,,,Jake,2026-08-17,Covidence NO mapped to EXCLUDE.
CAL-0008,DEVELOPMENT,CWC-51A3CC5AC50F,The perfect calm: Reoccurring mass die-offs on a remote coral atoll,L. Gajdzik; T. DeCarlo,2017,,,10.19185/matters.201707000003,https://www.semanticscholar.org/paper/2f44e6dbc12a888955096cc3fd8a770d0aad477e,,,False,OPEN_ACCESS_PDF,Semantic Scholar,SS_RESP_THRESHOLD_RECOVERY_01 | SS_SED_SUSPENDED_01,RESP_THRESHOLD_RECOVERY | SED_SUSPENDED,SED_SUSPENDED,SEMANTIC_SCHOLAR,ORGANISM_ONLY,TITLE_ONLY,EXCLUDE,,,Covidence calibration plus reviewer adjudication,,,Jake,2026-08-17,Covidence NO mapped to EXCLUDE.
CAL-0009,DEVELOPMENT,CWC-5E8D1C7983B3,The control of nitrate and ammonium concentrations in a coral reef lagoon,A. Hatcher | Carol Anne Frith,1985,Coral Reefs,article,10.1007/bf00300868,https://doi.org/10.1007/bf00300868,en,,False,NOT_IDENTIFIED,Citation chaining,OA_CHAIN_G1_BACKWARD_REFERENCE | OA_CHAIN_G2_FORWARD_CITATION,MECH_FEEDING_MUCUS_CORAL | RESP_THRESHOLD_RECOVERY | SED_DEPOSITION | SED_DREDGING | SED_SUSPENDED,SED_SUSPENDED,CITATION_CHAINING,ORGANISM_ONLY,TITLE_ONLY,EXCLUDE,,,Covidence calibration plus reviewer adjudication,,,Jake,2026-08-17,Covidence NO mapped to EXCLUDE.
CAL-0010,DEVELOPMENT,CWC-AFE718C7ED1A,Tite significan ce of emerging diseases in tite tropical coral reef ecosystem,L.; I..,2010,,,,https://www.semanticscholar.org/paper/63e8822744e2d3661778665cf74d21b8265f3097,,,False,NOT_IDENTIFIED,Semantic Scholar,SS_MECH_FEEDING_MUCUS_CORAL_01,MECH_FEEDING_MUCUS_CORAL,MECH_FEEDING_MUCUS_CORAL,SEMANTIC_SCHOLAR,ORGANISM_ONLY,TITLE_ONLY,EXCLUDE,,,Covidence calibration plus reviewer adjudication,,,Jake,2026-08-17,Covidence NO mapped to EXCLUDE.
CAL-0011,DEVELOPMENT,CWC-EF558A39F017,Effects of suspended sediment on aquatic organisms : a literature review and database effort,Paige Krupa | Alan R. Kennedy | Andrew McQueen | Justin Wilkens,2025,,report,10.21079/11681/49968,https://doi.org/10.21079/11681/49968,en,"The US Army Corps of Engineers (USACE) acknowledges that uncertainties and public perceptions regarding the effects of suspended sediment on aquatic organisms, particularly the concentration thresholds associated with harmful effects, present an ongoing challenge to its dredging mission. USACE is actively working to address these challenges through improved monitoring, research, and collaboration to support safer and more sustainable dredging practices. To help mitigate this uncertainty, 159 field- and laboratory-based studies describing the effects of sediment on aquatic organisms were reviewed and compiled in a database. No- and low-effect ecotoxicity data from this review were further analyzed to determine percentiles of effects data and species sensitivity distributions. The analysis indicated corals and freshwater crustaceans were most sensitive, followed by fish, while bivalves and marine crustaceans appeared to be the most tolerant of suspended sediment. This literature review provides a foundational framework for visualizing site-specific suspended sediment thresholds for effects concentrations associated with potential effects on aquatic species. It serves as a starting po",True,OPEN_ACCESS_PDF,OpenAlex | Semantic Scholar,OA_RESP_THRESHOLD_RECOVERY_01 | OA_SED_DREDGING_01 | OA_SED_SUSPENDED_01 | SS_RESP_THRESHOLD_RECOVERY_01 | SS_SED_DREDGING_01 | SS_SED_SUSPENDED_01,RESP_THRESHOLD_RECOVERY | SED_DREDGING | SED_SUSPENDED,RESP_THRESHOLD_RECOVERY,MULTI_SCHOLARLY,ORGANISM_AND_STRESSOR,TITLE_ABSTRACT,EXCLUDE,,,Covidence calibration plus reviewer adjudication,,,Jake,2026-08-17,Covidence NO mapped to EXCLUDE.
CAL-0012,VALIDATION,CWC-36BFB5AFDA8F,"Mercury in the hydrothermal fluids and gases in Paleochori Bay, Milos, Greece","Roberts, H | Price, R | Brombach, CC | Pichler, T",2021,MARINE CHEMISTRY,JOUR,10.1016/j.marchem.2021.103984,https://doi.org/10.1016/j.marchem.2021.103984,English,"Seafloor hydrothermal activity may constitute a considerable mercury (Hg) source to the oceans, but the flux from marine shallow-water hydrothermal systems (MSWHS) remains poorly constrained to date. To study the presence of Hg in MSWHS in Paleochori Bay (Milos Island, Greece), sea surface, bottom, pore fluid and hydrothermal gas samples were collected in June of 2017, October of 2018 and July of 2020, and analyzed for Cl, Br, SO4, As, Ca, Fe, K, Mg, Mn, Na, Si, Sr, H2S, unfiltered total Hg (THg), and filtered Hg (Hg-diss). Specific sites were selected for the analysis of volatile elemental Hg (Hg-o), dimethylmercury (DMHg), monomethylmercury (MMHg), and Hg in the gas phase (Hg-gas). Concentrations of THg observed in samples collected from the sea surface were elevated compared to surface samples taken outside Paleochori Bay. The highest surface water concentrations (similar to 10 to 15 pM) were measured in samples collected directly above shallow-water hydrothermal discharge areas. Pore fluids outside Paleochori Bay were significantly lower in THg (0.8 to 8.6 pM) than those taken inside (17.4 to 1511 pM). Porewaters collected from areas with visible gaseous or fluid emission were ",True,NOT_IDENTIFIED,Web of Science,WOS_SED_DEPOSITION_01,SED_DEPOSITION,SED_DEPOSITION,WEB_OF_SCIENCE,STRESSOR_ONLY,TITLE_ABSTRACT,EXCLUDE,,,Covidence calibration plus reviewer adjudication,,,Jake,2026-08-17,Covidence NO mapped to EXCLUDE.
CAL-0013,DEVELOPMENT,CWC-4104E2BC4FE5,Scenario modeling of sedimentation in the Verde Island Passage from selected surrounding watersheds - effects of changes in land use/cover and climate,Adonis Gallentes,2025,Zenodo (CERN European Organization for Nuclear Research),dissertation,10.5281/zenodo.18033350,https://doi.org/10.5281/zenodo.18033350,en,"On a global scale, coral bleaching and ocean acidification resulting from climate change have become the main threats to coral reefs. On regional to local scales where humans can have a more direct environmental control, terrestrial pollution, especially heavy sedimentation, has become the main threat to inshore corals. Here, monthly hydrologic simulations focusing on sedimentation from 2004 to 2022 using the Soil and Water Assessment Tool was done for eleven selected watersheds around the Verde Island Passage (VIP), a marine corridor declared as the world’s center of the center of marine shore fish biodiversity. Reasonable agreement between model outputs and observations (e.g., DPWH river gauges, news articles) suggests reliability of the SWAT model. Model results indicate that relative maxima of sedimentation coincide with precipitation maxima and consecutive rainfall events. Dependence of sedimentation on slope class and land use was also observed, identifying Mindoro island in the southern side of the VIP as a critical source of land surface erosion. To gain insights on the effects of Land Use Land Cover (LULC) change, LULC maps from 2017 and 2022 were used in separate simulati",True,OPEN_ACCESS_LANDING_PAGE,OpenAlex,OA_RESP_THRESHOLD_RECOVERY_01 | OA_SED_DEPOSITION_01 | OA_SED_DREDGING_01 | OA_SED_SUSPENDED_01,RESP_THRESHOLD_RECOVERY | SED_DEPOSITION | SED_DREDGING | SED_SUSPENDED,RESP_THRESHOLD_RECOVERY,OPENALEX,ORGANISM_AND_STRESSOR,TITLE_ABSTRACT,EXCLUDE,,,Covidence calibration plus reviewer adjudication,,,Jake,2026-08-17,Covidence NO mapped to EXCLUDE.
CAL-0014,DEVELOPMENT,CWC-1967017BDE6D,Benthic bacteria communities of coral reefs are shaped by sediment properties rather than coral trophic state,Ana Olmos Pin | Graeme F. Clark | Raphael Fin Burkart-Radtke | Jakob Quade | Stephanie G. Gardner,2026,PLoS ONE,article,10.1371/journal.pone.0346135,https://doi.org/10.1371/journal.pone.0346135,en,"Understanding how different reef components contribute to ecosystem stability and function is crucial for assessing the health of reefs. Reef sediments and their associated bacteria are essential for reef productivity and stability, but are often overlooked in reef assessments. Here we examined bacterial communities and environmental properties in sediments closely associated with the coral Porites lutea, compared to those in adjacent sediment controls at One Tree Island Reef, and used incubation chambers to assess metabolic rates and nutrient availability. We found that seawater enclosed in the chamber containing P. lutea coral-associated sediment exhibited significantly higher gross photosynthetic and respiration rates than seawater enclosed in the chamber as sediment only controls, and the coral-associated bacterial assemblages within the sediment had higher alpha diversity and richness metrics. Additionally, bacterial communities were primarily shaped by total nitrogen, which was the strongest predictor of microbial community. Differential abundance analyses identified the families Woeseiaceae, Pirellulaceae, and Streptomycetaceae increased with higher photosynthetic and respir",True,OPEN_ACCESS_PDF,Citation chaining | Web of Science,OA_CHAIN_G1_FORWARD_CITATION | OA_CHAIN_G2_FORWARD_CITATION | WOS_MECH_FEEDING_MUCUS_CORAL_01,MECH_FEEDING_MUCUS_CORAL | MECH_FEEDING_MUCUS_CORAL | MECH_FEEDING_PUMPING_SPONGE | RESP_THRESHOLD_RECOVERY | SED_DEPOSITION | SED_DREDGING | SED_DRILLING | SED_SUSPENDED,MECH_FEEDING_PUMPING_SPONGE,WEB_OF_SCIENCE,ORGANISM_AND_STRESSOR,TITLE_ABSTRACT,EXCLUDE,,,Covidence calibration plus reviewer adjudication,,,Jake,2026-08-17,Covidence NO mapped to EXCLUDE.
CAL-0015,DEVELOPMENT,CWC-CDD102E7D250,Evolution of anthozoan polyp retraction mechanisms: convergent functional morphology and evolutionary allometry of the marginal musculature in order Zoanthidea (Cnidaria: Anthozoa: Hexacorallia),Timothy D. Swain | Jennifer Schellinger | Anna M. Strimaitis | Kim E. Reuter,2015,BMC Evolutionary Biology,article,10.1186/s12862-015-0406-1,https://doi.org/10.1186/s12862-015-0406-1,en,"Background: Retraction is among the most important basic behaviors of anthozoan Cnidaria polyps and is achieved through the coordinated contraction of at least six different muscle groups. Across the Anthozoa, these muscles range from unrecognizable atrophies to massive hypertrophies, producing a wide diversity of retraction abilities and functional morphologies. The marginal musculature is often the single largest component of the retraction mechanism and is composed of a diversity of muscular, attachment, and structural features. Although the arrangements of these features have defined the higher taxonomy of Zoanthidea for more than 100 years, a decade of inferring phylogenies from nucleotide sequences has demonstrated fundamental misconceptions of their evolution. Results: Here we expand the diversity of known marginal muscle forms from two to at least ten basic states and reconstruct the evolution of its functional morphology across the most comprehensive molecular phylogeny available. We demonstrate that the evolution of these forms follows a series of transitions that are much more complex than previously hypothesized and converge on similar forms multiple times. Evolution of",True,OPEN_ACCESS_PDF,Citation chaining | Web of Science,OA_CHAIN_G1_BACKWARD_REFERENCE | OA_CHAIN_G1_FORWARD_CITATION | WOS_MECH_FEEDING_MUCUS_CORAL_01,MECH_FEEDING_MUCUS_CORAL | MECH_FEEDING_MUCUS_CORAL | SED_DEPOSITION | SED_SUSPENDED,SED_SUSPENDED,WEB_OF_SCIENCE,NEITHER_SIGNAL,TITLE_ABSTRACT,EXCLUDE,,,Covidence calibration plus reviewer adjudication,,,Jake,2026-08-17,Covidence NO mapped to EXCLUDE.
CAL-0016,DEVELOPMENT,CWC-5813B109BE5B,"A Diverse Assemblage of Reef Corals Thriving in a Dynamic Intertidal Reef Setting (Bonaparte Archipelago, Kimberley, Australia)",Zoe T. Richards | Rodrigo Garcia | Carden C. Wallace | Natalie L. Rosser | Paul Muir,2015,PLoS ONE,article,10.1371/journal.pone.0117791,https://doi.org/10.1371/journal.pone.0117791,en,"The susceptibility of reef-building corals to climatic anomalies is well documented and a cause of great concern for the future of coral reefs. Reef corals are normally considered to tolerate only a narrow range of climatic conditions with only a small number of species considered heat-tolerant. Occasionally however, corals can be seen thriving in unusually harsh reef settings and these are cause for some optimism about the future of coral reefs. Here we document for the first time a diverse assemblage of 225 species of hard corals occurring in the intertidal zone of the Bonaparte Archipelago, north western Australia. We compare the environmental conditions at our study site (tidal regime, SST and level of turbidity) with those experienced at four other more typical tropical reef locations with similar levels of diversity. Physical extremes in the Bonaparte Archipelago include tidal oscillations of up to 8 m, long subaerial exposure times (>3.5 hrs), prolonged exposure to high SST and fluctuating turbidity levels. We conclude the timing of low tide in the coolest parts of the day ameliorates the severity of subaerial exposure, and the combination of strong currents and a naturally ",True,OPEN_ACCESS_PDF,Citation chaining | OpenAlex | Semantic Scholar | Web of Science,OA_CHAIN_G1_BACKWARD_REFERENCE | OA_CHAIN_G1_FORWARD_CITATION | OA_RESP_THRESHOLD_RECOVERY_01 | OA_SED_SUSPENDED_01 | SS_RESP_THRESHOLD_RECOVERY_01 | SS_SED_SUSPENDED_01 | WOS_SED_SUSPENDED_01,MECH_FEEDING_MUCUS_CORAL | RESP_THRESHOLD_RECOVERY | SED_DEPOSITION | SED_DREDGING | SED_SUSPENDED | RESP_THRESHOLD_RECOVERY | SED_SUSPENDED,SED_DREDGING,WEB_OF_SCIENCE,ORGANISM_AND_STRESSOR,TITLE_ABSTRACT,EXCLUDE,,,Covidence calibration plus reviewer adjudication,,,Jake,2026-08-17,Covidence NO mapped to EXCLUDE.
CAL-0017,DEVELOPMENT,CWC-72507672F3B0,Book Reviews,Richard H. McCuen,2008,JAWRA Journal of the American Water Resources Association,book-review,10.1111/j.1752-1688.2008.00234.x,https://doi.org/10.1111/j.1752-1688.2008.00234.x,en,"Estuarine Ecohydrology , E. Wolanski . Elsevier , Radarweb 29, P.O. Box 211, 1000 AE Amsterdam , The Netherlands . 2007 . 168 pages . ISBN 978-0-444-53066-0 . Ecohydrology is a new interdisciplinary area that links hydrology with ecological processes. With the use of mathematical models that simulate actual ecosystems, the purpose of ecohydrology is to provide solutions for water quality and quantity problems that are now adversely affecting many coastal communities worldwide. This book tries to encourage scientists and engineers to combine their knowledge and skills so as to manage estuarine waters effectively. This is one of the few books on this new topic available today that specifically deals with estuarine ecohydrology. Estuaries, where freshwater and coastal ecosystems meet, are a complex system. The author has shown that many of these delicate estuarine ecosystems in various localities are being damaged by human activities. To restore them, they must first be understood. The first few chapters of this book focus on the components of an estuary. In Chapter 1 (Introduction), the author provides several definitions of an estuary. Then, he describes how human activities impact ",True,OPEN_ACCESS_LANDING_PAGE,OpenAlex,OA_RESP_THRESHOLD_RECOVERY_01 | OA_SED_SUSPENDED_01,RESP_THRESHOLD_RECOVERY | SED_SUSPENDED,SED_SUSPENDED,OPENALEX,ORGANISM_AND_STRESSOR,TITLE_ABSTRACT,EXCLUDE,,,Covidence calibration plus reviewer adjudication,,,Jake,2026-08-17,Covidence NO mapped to EXCLUDE.
CAL-0018,DEVELOPMENT,CWC-50AA8D97F29E,"Fishes of the Dampier Archipelago, Western Australia",J. Hutchins,2004,,,10.18195/issn.0313-122x.66.2004.343-398,https://www.semanticscholar.org/paper/0d910d7d31764b856f17cbf223e38984d03d1820,,,False,OPEN_ACCESS_PDF,Semantic Scholar,SS_SED_SUSPENDED_01,SED_SUSPENDED,SED_SUSPENDED,SEMANTIC_SCHOLAR,NEITHER_SIGNAL,TITLE_ONLY,EXCLUDE,,,Covidence calibration plus reviewer adjudication,,,Jake,2026-08-17,Covidence NO mapped to EXCLUDE.
CAL-0019,DEVELOPMENT,CWC-967F441ABC04,An evaluation of the antimicrobial properties of the eggs of 11 species of scleractinian corals,Christopher P. Marquis | Andrew H. Baird | Rocky de Nys | Carola Holmström | Noriko Koziumi,2005,Coral Reefs,article,10.1007/s00338-005-0473-7,https://doi.org/10.1007/s00338-005-0473-7,en,,False,NOT_IDENTIFIED,Citation chaining,OA_CHAIN_G1_FORWARD_CITATION | OA_CHAIN_G2_BACKWARD_REFERENCE,MECH_FEEDING_MUCUS_CORAL | RESP_THRESHOLD_RECOVERY | SED_DEPOSITION | SED_DREDGING | SED_SUSPENDED,SED_DREDGING,CITATION_CHAINING,ORGANISM_ONLY,TITLE_ONLY,EXCLUDE,,,Covidence calibration plus reviewer adjudication,,,Jake,2026-08-17,Covidence NO mapped to EXCLUDE.
CAL-0020,VALIDATION,CWC-B4F0834CAFF6,Coordinated Canyon Experiment (CCE) • MBARI,,,MBARI,project_or_program_page,,https://www.mbari.org/project/coordinated-canyon-experiment-cce,English,"turbidity currents as well as the associated changes in seafloor morphology. The resulting data yielded a new and detailed view of one of the major global sediment transport processes on earth. [...] The CCE involved instruments mounted on moorings above the seafloor, deployed on the seafloor and buried in the canyon floor. Current velocity, temperature, and turbidity data were collected during the passage of sediment-laden flows. Additionally, newly developed sensors were used for the first time, monitoring the motion of the seafloor itself. Coupling the sensor observations with bathymetric (",False,LIKELY_FULL_DOCUMENT_URL,Grey literature,GL_MBARI_MECH_FEEDING_MUCUS_CORAL_01,MECH_FEEDING_MUCUS_CORAL,MECH_FEEDING_MUCUS_CORAL,GREY_LITERATURE,STRESSOR_ONLY,TITLE_ABSTRACT,EXCLUDE,,,Covidence calibration plus reviewer adjudication,,,Jake,2026-08-17,Covidence NO mapped to EXCLUDE.
CAL-0021,VALIDATION,CWC-C2541E2726D9,VME indicators | Vulnerable Marine Ecosystems | منظمة الأغذية والزراعة للأمم المتحدة,,,Food and Agriculture Organization,project_or_program_page,,https://www.fao.org/in-action/vulnerable-marine-ecosystems/vme-indicators/ar,Arabic,Title: VME indicators | Vulnerable Marine Ecosystems | منظمة الأغذية والزراعة للأمم المتحدة | **South Pacific** SPRFMO CMM 3-2019 | **Annex 5** Sponges (Porifera: Demospongiae and Hexactinellidae) Stony corals (Scleractinia: Solenosmilia; Goniocorella; Oculina; Enallopsammia; Madrepora; Lophelia) Black corals (Antipatharia) True soft corals (Alcyonacea: all taxa excluding Gorgonacea) Sea fans octocorals (Informal group Gorgonacea: Holaxonia; Calaxonia; Scleraxonia) Sea pens (Pennatulacea) Anemones (Actiniaria) Hydrocorals (Stylasteridae) | **Annex 6A** one tow for a single VME indica,False,LIKELY_FULL_DOCUMENT_URL,Grey literature,GL_BROAD_RESP_THRESHOLD_RECOVERY_01 | GL_CNLOER_SED_TAILINGS_01 | GL_FAO_MECH_FEEDING_MUCUS_CORAL_01 | GL_FAO_SED_SUSPENDED_01 | GL_FAO_SED_TAILINGS_01 | GL_NOAA_SED_TAILINGS_01,MECH_FEEDING_MUCUS_CORAL | RESP_THRESHOLD_RECOVERY | SED_SUSPENDED | SED_TAILINGS,RESP_THRESHOLD_RECOVERY,GREY_LITERATURE,ORGANISM_ONLY,TITLE_ABSTRACT,EXCLUDE,,,Covidence calibration plus reviewer adjudication,,,Jake,2026-08-17,Covidence NO mapped to EXCLUDE.
CAL-0022,DEVELOPMENT,CWC-6875E7EDA612,Welcome to ICES,,,ICES,project_or_program_page,,http://ices.dk/advice/aquaculture_overviews/Pages/default.aspx,English,"Title: Welcome to ICES ## Latest News. ## Latest Advice. Sandeel (Ammodytes spp.) in divisions 4.b and 4.c, Sandeel Area 1r (central and southern North Sea, Dogger Bank) in divisions 4.b and 4.c, Sandeel Area 1r (central and southern North Sea, Dogger Bank)""). Sandeel (Ammodytes spp.) in divisions 4.b and 4.c, and Subdivision 20, Sandeel Area 2r (Skagerrak, central and southern North Sea) in divisions 4.b and 4.c, and Subdivision 20, Sandeel Area 2r (Skagerrak, central and southern North Sea)""). Sandeel (Ammodytes spp.) in divisions 4.a and 4.b, and Subdivision 20, Sandeel Area 3r (Skagerrak,",False,LIKELY_FULL_DOCUMENT_URL,Grey literature,GL_ICES_SED_TAILINGS_01,SED_TAILINGS,SED_TAILINGS,GREY_LITERATURE,NEITHER_SIGNAL,TITLE_ABSTRACT,EXCLUDE,,,Covidence calibration plus reviewer adjudication,,,Jake,2026-08-17,Covidence NO mapped to EXCLUDE.
CAL-0023,VALIDATION,CWC-2B706DE34D1A,[PDF] Report of the North-Western Working Group (NWWG) - ICES,,2006,ICES,monitoring_report,,https://www.ices.dk/sites/pub/CM%20Doccuments/2006/ACFM/ACFM2606.pdf,English,"although reaching here its ecological northern boundary. Given suitable environmental conditions, cod in the offshore areas of Greenland are considered to be self-sustaining. Stock parameters, slow growth and poor conditions (Lloret and Rätz 2000), late maturation, and highly variable recruitment strongly affected by environmental conditions, suggest that to be sustainable in long term, exploitation rates would need to be low, particularly in periods of cold water. In productive periods, higher [...] 1995 0 , .36, -.13, .20, -.19, -.17, -.26, -.31, .28, -.21, -.32 1 , .08, .09, .04, .13, -.24,",False,LIKELY_FULL_DOCUMENT_URL,Grey literature,GL_ICES_SED_DRILLING_01,SED_DRILLING,SED_DRILLING,GREY_LITERATURE,NEITHER_SIGNAL,TITLE_ABSTRACT,EXCLUDE,,,Covidence calibration plus reviewer adjudication,,,Jake,2026-08-17,Covidence NO mapped to EXCLUDE.
CAL-0024,DEVELOPMENT,CWC-7F7FAD2F61A9,How a sponge ‘sneezes’ mucus: against the flow,,2022,Nature,article,10.1038/d41586-022-02132-w,https://doi.org/10.1038/d41586-022-02132-w,en,,False,NOT_IDENTIFIED,Citation chaining,OA_CHAIN_G1_FORWARD_CITATION,MECH_FEEDING_MUCUS_CORAL | SED_TAILINGS,SED_TAILINGS,CITATION_CHAINING,ORGANISM_ONLY,TITLE_ONLY,UNCERTAIN,,,Covidence calibration plus reviewer adjudication,,True,Jake,2026-08-17,Covidence MAYBE mapped to UNCERTAIN.
CAL-0025,DEVELOPMENT,CWC-CB52942FFE5B,"Feeding behaviour of the felt-, sponge-, and coral-feeder sea stars, mainlyCulcita schmideliana",Culcita schmideliana; B. Thomassin; Culcita schmideliana,1976,Helgoländer Wissenschaftliche Meeresuntersuchungen,,10.1007/bf01610796,https://www.semanticscholar.org/paper/d393a15b98bc8e4364ac2a55c78aa95769e076ea,,,False,OPEN_ACCESS_PDF,Semantic Scholar,SS_MECH_FEEDING_MUCUS_CORAL_01,MECH_FEEDING_MUCUS_CORAL,MECH_FEEDING_MUCUS_CORAL,SEMANTIC_SCHOLAR,ORGANISM_ONLY,TITLE_ONLY,EXCLUDE,,,Covidence calibration plus reviewer adjudication,,,Jake,2026-08-17,Covidence NO mapped to EXCLUDE.
CAL-0026,DEVELOPMENT,CWC-3F60F03E12FE,From coral to cows: using ecosystem processes to inform catchment management of the Great Barrier Reef,Rebecca Bartley | Zoë Bainbridge | Stephen Lewis | Frederieke J. Kroon | Scott Wilkinson | Jon Brodie | Mark Silburn,2014,ResearchOnline at James Cook University (James Cook University),conference-paper,,https://researchonline.jcu.edu.au/38404/1/From%20Coral%20to%20cows%20-using%20ecosystem%20processes.pdf,en,"In this paper we propose a framework that can be used for designing management responses that are effective in improving the condition of Great Barrier Reef (GBR) ecosystems. The approach starts by defining the ecological process that is threatened and quantifies the properties of the constituent that is causing the impact. The framework then allows the use of a range of scientific approaches to work back up into the catchment from the coast to look at the dominant sub-catchment sources, the key processes generating the constituent, and the potential management options for reducing delivery of the constituent. We demonstrate this approach for sediment in the Burdekin catchment, however, it could be used for other constituents and chemicals of concern (e.g. nitrate). The results suggest that there is excess sediment (above pre-European) levels reaching coral reefs. The dominant source of this sediment is the Bowen and Upper Burdekin sub-catchments, and sub-surface (rill, scald and gully) erosion is dominating sediment loads. Further work on the various rehabilitation options and time frames for reducing sediment from these sources is required.",False,OPEN_ACCESS_PDF,Citation chaining | OpenAlex | Semantic Scholar,OA_CHAIN_G1_FORWARD_CITATION | OA_CHAIN_G2_FORWARD_CITATION | OA_SED_DEPOSITION_01 | SS_SED_DEPOSITION_01,MECH_FEEDING_MUCUS_CORAL | MECH_FEEDING_PUMPING_SPONGE | RESP_THRESHOLD_RECOVERY | SED_DEPOSITION | SED_DREDGING | SED_DRILLING | SED_SUSPENDED | SED_TAILINGS | SED_DEPOSITION,SED_TAILINGS,CITATION_CHAINING,ORGANISM_AND_STRESSOR,TITLE_ABSTRACT,EXCLUDE,,,Covidence calibration plus reviewer adjudication,,,Jake,2026-08-17,Covidence NO mapped to EXCLUDE.
CAL-0027,DEVELOPMENT,CWC-FFC87352500E,"Carbon skins in seagrass meadows: rates, control, vulnerability, and the role of carbonate",Inés Mazarrasa Elósegui,2019,Dialnet (Universidad de la Rioja),dissertation,,https://dialnet.unirioja.es/servlet/tesis?codigo=214857,en,"espanolResumen: Esta tesis evalua la funcion de las praderas de fanerogamas marinas (p.ej. Posidonia oceanica) como sumideros de carbono a largo plazo y por tanto su papel en la mitigacion del Cambio Climatico; analizando, sobretodo, la capacidad de estos ecosistemas de enterrar carbono en el sedimento en forma de biomasa subterranea y materia organica de origen aloctono. En esta tesis se abordan, a lo largo de seis capitulos, distintos aspectos determinantes de esta funcion: la variabilidad espacial y temporal en la magnitud de los depositos de carbono y en las tasas de enterramiento; la relacion de esta variabilidad con factores ambientales (profundidad de la pradera y exposicion al oleaje) y con el nivel de presion antropica; la vulnerabilidad de los depositos de carbono a ser remineralizados y remitidos en forma de CO2 cuando las praderas se degradan y la magnitud de los depositos de carbonato (CaCO3) en el sedimento de praderas de fanerogamas asi como su implicacion en la capacidad de estos ecosistemas de actuar como sumideros de carbono. Los resultados obtenidos en los capitulos 1 y 2 muestran diferencias significativas entre praderas en la magnitud de los depositos de carbon",True,NOT_IDENTIFIED,OpenAlex | Semantic Scholar,OA_SED_DEPOSITION_01 | SS_SED_DEPOSITION_01,SED_DEPOSITION,SED_DEPOSITION,MULTI_SCHOLARLY,STRESSOR_ONLY,TITLE_ABSTRACT,EXCLUDE,,,Covidence calibration plus reviewer adjudication,,,Jake,2026-08-17,Covidence NO mapped to EXCLUDE.
CAL-0028,DEVELOPMENT,CWC-D1880945A7BA,Insights from multispecies coral seeding deployments on turbid nearshore reefs,Cathie A. Page | Christine Giuliano | Carly J. Randall,2025,Research Square,preprint,10.21203/rs.3.rs-8110203/v1,https://doi.org/10.21203/rs.3.rs-8110203/v1,,,False,OPEN_ACCESS_PDF,Citation chaining | OpenAlex,OA_CHAIN_G1_FORWARD_CITATION | OA_RESP_THRESHOLD_RECOVERY_01 | OA_SED_SUSPENDED_01,MECH_FEEDING_MUCUS_CORAL | RESP_THRESHOLD_RECOVERY | SED_DEPOSITION | SED_DREDGING | SED_SUSPENDED | RESP_THRESHOLD_RECOVERY | SED_SUSPENDED,RESP_THRESHOLD_RECOVERY,CITATION_CHAINING,ORGANISM_AND_STRESSOR,TITLE_ONLY,EXCLUDE,,,Covidence calibration plus reviewer adjudication,,,Jake,2026-08-17,Covidence NO mapped to EXCLUDE.
CAL-0029,DEVELOPMENT,CWC-68D1CF29EC74,Advanced adaptive strategies in an ancestral body plan: insights from a 510-Ma-old leptomitid sponge,Cui Luo | Yanjie Hong | Zhixin Sun | Haijing Sun | Swee Cheng Lim | Tianyu Wang | Lei Zhang | Fangchen Zhao,2025,Royal Society Open Science,article,10.1098/rsos.251072,https://doi.org/10.1098/rsos.251072,en,,False,OPEN_ACCESS_LANDING_PAGE,Citation chaining,OA_CHAIN_G1_FORWARD_CITATION,MECH_FEEDING_PUMPING_SPONGE | SED_DEPOSITION,MECH_FEEDING_PUMPING_SPONGE,CITATION_CHAINING,ORGANISM_ONLY,TITLE_ONLY,EXCLUDE,,,Covidence calibration plus reviewer adjudication,,,Jake,2026-08-17,Covidence NO mapped to EXCLUDE.
CAL-0030,DEVELOPMENT,CWC-9362C0B0ADB5,DECOMPOSING THE BACTERIAL COMMUNITIES OF CORAL AND ALGAE INTO STABLE AND SPORADIC SPECIES,Eric R. Hester,2015,"CSUN ScholarWorks (California State University, Northridge)",dissertation,,http://hdl.handle.net/10211.3/143548,en,,False,NOT_IDENTIFIED,Citation chaining,OA_CHAIN_G2_FORWARD_CITATION,MECH_FEEDING_MUCUS_CORAL | MECH_FEEDING_PUMPING_SPONGE | RESP_THRESHOLD_RECOVERY | SED_DEPOSITION | SED_SUSPENDED,MECH_FEEDING_PUMPING_SPONGE,CITATION_CHAINING,ORGANISM_ONLY,TITLE_ONLY,EXCLUDE,,,Covidence calibration plus reviewer adjudication,,,Jake,2026-08-17,Covidence NO mapped to EXCLUDE.
CAL-0031,VALIDATION,CWC-06DF8A14342F,The effect of sediment run-off on the coral populations of fringing reefs at Cape Tribulation,A.M. Ayling | A.L. Ayling,1991,GBRMPA ELibrary (Great Barrier Reef Marine Park Authority),report,,http://hdl.handle.net/11017/233,en,The aims of this study were to investigate the effects of sediment run-off caused by the&#13;\nconstruction in late 1984 of a coastal road through rainforest catchments on the coral&#13;\ncommunities of the Cape Tribulation fringing reefs. In the absence of any pre-construction&#13;\nbaseline we relied on surveys of two similar control locations north and&#13;\nsouth of the potential impact location adjacent to the new road catchment to determine&#13;\nthe significance of any changes that occurred. The southern control was adjacent to the&#13;\nlong-established portion of the road south of Cape Tribulation and the northern control&#13;\nadjacent to a small undisturbed catchment.,False,NOT_IDENTIFIED,Citation chaining,OA_CHAIN_G1_BACKWARD_REFERENCE | OA_CHAIN_G1_RELATED_WORK | OA_CHAIN_G2_BACKWARD_REFERENCE | OA_CHAIN_G2_FORWARD_CITATION,MECH_FEEDING_MUCUS_CORAL | RESP_THRESHOLD_RECOVERY | SED_DEPOSITION | SED_DREDGING | SED_DRILLING | SED_SUSPENDED,MECH_FEEDING_MUCUS_CORAL,CITATION_CHAINING,ORGANISM_AND_STRESSOR,TITLE_ABSTRACT,EXCLUDE,,,Covidence calibration plus reviewer adjudication,,,Jake,2026-08-17,Covidence NO mapped to EXCLUDE.
CAL-0032,DEVELOPMENT,CWC-7DD723B6313F,"Comparison of two reef sites in the Wakatobi Marine National Park (SE Sulawesi, Indonesia) using digital image analysis",James M. Crabbe | David J. Smith,2002,Coral Reefs,article,10.1007/s00338-002-0250-9,https://doi.org/10.1007/s00338-002-0250-9,en,,False,NOT_IDENTIFIED,Citation chaining | Semantic Scholar | Web of Science,OA_CHAIN_G1_BACKWARD_REFERENCE | OA_CHAIN_G2_BACKWARD_REFERENCE | OA_CHAIN_G2_FORWARD_CITATION | SS_SED_SUSPENDED_01 | WOS_SED_SUSPENDED_01,MECH_FEEDING_MUCUS_CORAL | MECH_FEEDING_PUMPING_SPONGE | RESP_THRESHOLD_RECOVERY | SED_DEPOSITION | SED_DREDGING | SED_DRILLING | SED_SUSPENDED | SED_TAILINGS | SED_SUSPENDED,MECH_FEEDING_PUMPING_SPONGE,WEB_OF_SCIENCE,NEITHER_SIGNAL,TITLE_ONLY,EXCLUDE,,,Covidence calibration plus reviewer adjudication,,,Jake,2026-08-17,Covidence NO mapped to EXCLUDE.
CAL-0033,VALIDATION,CWC-F3ABABB9A2C7,Analyzing Changes to Coral Health and Metabolic Activity in an Oxygen Depauperate Environment,James WA Murphy,2013,ScholarSpace (University of Hawaii at Manoa),article,,http://hdl.handle.net/10125/29647,en,"Scleractinian corals play a critical role in marine ecosystems by providing essential structure for coral reef habitats. However, recent investigations have found an alarming increase in coral death as the result of stressors, which threaten the general health of tropical coastal environments. Of particular interest is the effect of oxygen deprivation on the health of Hawaiian corals through the analysis of anaerobic respiration, as it is poorly documented. The fast-paced growth of Gracilaria salicornia gives this alga the ability to overgrow coral heads, restricting water flow and light, thereby smothering corals. Field data shows hypoxic conditions (DO2 < 2 mg/L) occurring underneath algal mats at night, and concurrent bleaching and partial tissue loss of shaded corals. This study aims to simulate hypoxia in a laboratory setting in order to limit the effect of environmental variables on coral health. Analyses of stress in corals due to anoxia were accomplished through the quantification lactate dehydrogenase and opine dehydrogenase activities. Treatment corals were found to exhibit almost complete tissue loss and severe bleaching with increasing exposure duration to hypoxia. Conv",True,NOT_IDENTIFIED,OpenAlex,OA_RESP_THRESHOLD_RECOVERY_01 | OA_SED_DEPOSITION_01,RESP_THRESHOLD_RECOVERY | SED_DEPOSITION,RESP_THRESHOLD_RECOVERY,OPENALEX,ORGANISM_ONLY,TITLE_ABSTRACT,EXCLUDE,,,Covidence calibration plus reviewer adjudication,,,Jake,2026-08-17,Covidence NO mapped to EXCLUDE.
CAL-0034,DEVELOPMENT,CWC-FA9FECD9D0A1,Modelling Potential Fishery Pressures Facing Western Scotland's Cold Water Coral Reefs,C. Broughton,2014,ERA,dissertation,,http://hdl.handle.net/1842/10362,en,"Cold water coral reefs are of enormous importance to science and society, being hotspots of biodiversity, indicators of past climate and a potential source of new medicines. However, their existence is under threat from pressures including climate change and deep sea mining. In western Scotland the fishing industry poses the greatest threat due to the productivity of the waters. Previous studies have examined the potential impacts of different types of fishing gear upon cold water corals. This dissertation aimed to model potential pressure using fishing activity data in order to inform broader marine policy and conservation strategies. This was achieved by weighting each type of gear in accordance with its potential impact and combining the weighted layers to address three scenarios, revealing spatial and temporal patterns of potential pressure. The results showed that the use of less harmful gear such as nets, hooks, pots and traps warrants greater concern than more destructive gear types because of their greater usage. The results also revealed that inshore reefs face greater pressure than offshore reefs, but that pressure facing offshore reefs is increasing. This could reflect t",True,NOT_IDENTIFIED,OpenAlex,OA_SED_TAILINGS_01,SED_TAILINGS,SED_TAILINGS,OPENALEX,ORGANISM_ONLY,TITLE_ABSTRACT,EXCLUDE,,,Covidence calibration plus reviewer adjudication,,,Jake,2026-08-17,Covidence NO mapped to EXCLUDE.
CAL-0035,DEVELOPMENT,CWC-B3ACC8A0F81C,Multi-century time-series of 15N and 14C in bamboo corals from deep Tasmanian seamounts: evidence for stable oceanographic conditions,Owen A. Sherwood | RE Thresher | Stewart Fallon | Diana M. Davies | TW Trull,2009,Marine Ecology Progress Series,article,10.3354/meps08166,https://doi.org/10.3354/meps08166,en,,False,OPEN_ACCESS_PDF,Citation chaining,OA_CHAIN_G1_BACKWARD_REFERENCE,SED_DEPOSITION,SED_DEPOSITION,CITATION_CHAINING,ORGANISM_ONLY,TITLE_ONLY,EXCLUDE,,,Covidence calibration plus reviewer adjudication,,,Jake,2026-08-17,Covidence NO mapped to EXCLUDE.
CAL-0036,DEVELOPMENT,CWC-726A31767A97,Cuttlefish,Anne‐Sophie Darmaillacq | Daniel Osorio,2017,Current Biology,article,10.1016/j.cub.2017.08.070,https://doi.org/10.1016/j.cub.2017.08.070,en,,False,OPEN_ACCESS_LANDING_PAGE,OpenAlex,OA_MECH_FEEDING_MUCUS_CORAL_01 | OA_RESP_THRESHOLD_RECOVERY_01 | OA_SED_SUSPENDED_01,MECH_FEEDING_MUCUS_CORAL | RESP_THRESHOLD_RECOVERY | SED_SUSPENDED,MECH_FEEDING_MUCUS_CORAL,OPENALEX,NEITHER_SIGNAL,TITLE_ONLY,EXCLUDE,,,Covidence calibration plus reviewer adjudication,,,Jake,2026-08-17,Covidence NO mapped to EXCLUDE.
CAL-0037,DEVELOPMENT,CWC-82EED4AC9FFE,A synthesis of marine invasive species research and management in the ROPME Sea Area,Sarah A. Bailey | Mohiuddin Munawar,2015,Aquatic Ecosystem Health & Management,article,10.1080/14634988.2015.1039917,https://doi.org/10.1080/14634988.2015.1039917,en,"The Regional Organization for the Protection of the Marine Environment (ROPME) was formed in 1978 as an inter-governmental organization to coordinate efforts undertaken by Bahrain, Iran, Iraq, Kuwait, Oman, Qatar, Saudi Arabia and the United Arab Emirates to protect the marine environment in the Arabian Gulf, the Gulf of Oman and the open coastal waters of Oman in the Arabian Sea (Naqvi, 2009; Figure 1). With production and export of crude oil and natural gas being the mainstay of the economies of the ROPME countries, initial objectives centred on assessments of oil pollution, as well as pollution from land-based sources associated with industrialization and urbanization (UNEP, 1983). The ROPME Sea Area provides about 50% of world energy requirements, which also makes it the largest recipient of ships' ballast water in the world with more than 45,000 vessels (20,000 oil tankers) visiting the region annually, the majority of which will discharge ballast water to load cargo for export (Globallast, 2002; IMO, 2009a). The volume of ballast water discharged annually in the ROPME Sea Area is not readily available, although Endresen et al. (2004) estimated 194 million tonnes of ballast wa",True,NOT_IDENTIFIED,OpenAlex,OA_RESP_THRESHOLD_RECOVERY_01 | OA_SED_SUSPENDED_01,RESP_THRESHOLD_RECOVERY | SED_SUSPENDED,RESP_THRESHOLD_RECOVERY,OPENALEX,STRESSOR_ONLY,TITLE_ABSTRACT,EXCLUDE,,,Covidence calibration plus reviewer adjudication,,,Jake,2026-08-17,Covidence NO mapped to EXCLUDE.
CAL-0038,DEVELOPMENT,CWC-E6B6E6D378FD,"Palicoides whitei (Miers, 1884) (Decapoda, Brachyura, Palicidae) recorded from Kenya",G. Innocenti; M. Vannini; P. Castro,2019,Crustaceana,Review,10.1163/15685403-00003875,https://www.semanticscholar.org/paper/a5072d883de135eee55e312232cc3ce6ba9c154d,,"Brachyuran crabs belonging to the family Palicidae Bouvier, 1898, frequently occur in a wide variety of marine environments (Castro, 2000; Davie et al., 2015). However, the feeding habits, locomotion, reproduction, and larval development of palicids remain practically unknown. The evolution and biological significance of their uniquely reduced, dorsally-placed last pair of pereopods (P5) remained an open question (Castro, 2000), but they have been more recently recorded carrying fragments of sediment or seaweeds with their P5, a behaviour known as carrying behaviour (Guinot et al., 2013), a type of camouflage (Guinot & Wicksten, 2015). This behaviour is probably universal for palicids (Castro & Naruse, 2014). Most species are inhabitants of soft sediments in relatively deep water, whereas some are found in shallow water often associated with coarse sediments near coral reefs or with rocky bottoms. All seem to ingest sediment particles. The taxonomy and biogeography of the 46 known species of Indo-West Pacific palicids have been reviewed by Castro (2000, 2010), Promdam & Nabhitabhata (2012) and Castro & Naruse (2014).",False,NOT_IDENTIFIED,Semantic Scholar,SS_MECH_FEEDING_MUCUS_CORAL_01,MECH_FEEDING_MUCUS_CORAL,MECH_FEEDING_MUCUS_CORAL,SEMANTIC_SCHOLAR,ORGANISM_AND_STRESSOR,TITLE_ABSTRACT,EXCLUDE,,,Covidence calibration plus reviewer adjudication,,,Jake,2026-08-17,Covidence NO mapped to EXCLUDE.
CAL-0039,DEVELOPMENT,CWC-4077722D965B,A novel in-vivo phagocytosis assay to gain cellular insights on sponge-microbe interactions,Ángela M. Marulanda-Gómez | Kristina Bayer | Lucía Pita | Ute Hentschel,2023,bioRxiv (Cold Spring Harbor Laboratory),preprint,10.1101/2023.02.28.530395,http://dx.doi.org/10.1101/2023.02.28.530395,en,,False,OPEN_ACCESS_PDF,Citation chaining,OA_CHAIN_G2_FORWARD_CITATION,MECH_FEEDING_PUMPING_SPONGE | RESP_THRESHOLD_RECOVERY | SED_DREDGING | SED_SUSPENDED | SED_TAILINGS,SED_DREDGING,CITATION_CHAINING,ORGANISM_ONLY,TITLE_ONLY,EXCLUDE,,,Covidence calibration plus reviewer adjudication,,,Jake,2026-08-17,Covidence NO mapped to EXCLUDE.
CAL-0040,VALIDATION,CWC-A652E961F940,"Influence of Local Pressures on Maldivian Coral Reef Resilience Following Repeated Bleaching Events, and Recovery Perspectives",Monica Montefalcone | Carla Morri | Carlo Nike Bianchi,2020,Frontiers in Marine Science,article,10.3389/fmars.2020.00587,https://doi.org/10.3389/fmars.2020.00587,en,,False,OPEN_ACCESS_PDF,Citation chaining,OA_CHAIN_G1_BACKWARD_REFERENCE | OA_CHAIN_G1_FORWARD_CITATION | OA_CHAIN_G1_RELATED_WORK | OA_CHAIN_G2_RELATED_WORK,MECH_FEEDING_MUCUS_CORAL | RESP_THRESHOLD_RECOVERY | SED_DEPOSITION | SED_DREDGING | SED_SUSPENDED,SED_DREDGING,CITATION_CHAINING,ORGANISM_ONLY,TITLE_ONLY,EXCLUDE,,,Covidence calibration plus reviewer adjudication,,,Jake,2026-08-17,Covidence NO mapped to EXCLUDE.
CAL-0041,DEVELOPMENT,CWC-6CD5ED19329B,Effect of Vetiver Technology on Sediment Loss and Water Quality in Southern Guam,Mohammad H. Golabi | Clancy Iyekar and D. Minton,2013,,conference-paper,10.13031/2013.18090,https://doi.org/10.13031/2013.18090,en,"Sedimentation as the result of runoff is the principle anthropogenic threat to environmentin general and the water quality in particular in the Pacific Island of Guam. Runoff water ischaracterized by flash floods of high velocity but short duration. The rapid flow is attributed tolow soil infiltration, a high proportion of rain converted to overland flow, and scanty or novegetation cover due to wildfires. In the areas that protective vegetation cover is at its minimum,the soil is subjected to the high shearing force of such an overland flow.<br><br>The on site damage from erosion is indeed a problem to environmental ecosystem of theisland. Sediment lost due to erosion clogs rivers, lakes, and waterways. Erosion andsedimentation loss are a major source of water-quality problems in Guam. Sedimentationprovides a vehicle for the transport of agricultural chemical residues into the canals, streams,rivers and eventually the near-shore coral reef ecosystems, damaging the coral reefs.<br><br>The objective of this project is to make an assessment on the sediment-loading rate to thenear-shore coral reef originated from the upland watershed. The effect of Vetiver grass assediment trapping tec",True,NOT_IDENTIFIED,OpenAlex | Semantic Scholar,OA_SED_DEPOSITION_01 | OA_SED_SUSPENDED_01 | SS_SED_DEPOSITION_01 | SS_SED_SUSPENDED_01,SED_DEPOSITION | SED_SUSPENDED,SED_SUSPENDED,MULTI_SCHOLARLY,ORGANISM_AND_STRESSOR,TITLE_ABSTRACT,EXCLUDE,,,Covidence calibration plus reviewer adjudication,,,Jake,2026-08-17,Covidence NO mapped to EXCLUDE.
CAL-0042,DEVELOPMENT,CWC-7F8E773C31AD,Pioneers of plankton research: Sheina Marshall (1896–1977),John R. Dolan,2022,Journal of Plankton Research,editorial,10.1093/plankt/fbac001,https://doi.org/10.1093/plankt/fbac001,en,"Sheina Marshall (Fig. 1) is known to senior workers in the field as an important figure in plankton research. In the 1960s, the names of Sheina Marshall, and her long-time collaborator Andrew Orr, were said to be familiar to every worker in marine biology and fisheries (Yonge, 1962) and that “Anyone attempting to study the biology of the marine plankton would not get far into the literature before becoming aware of the notable contributions made to this field by Sheina Marshall and the late A.P. Orr” (Dorsett, 1966). Bruce Frost named a species of copepod for her, Calanus marshallae (Frost, 1974). Recently, Gustav Paffenhöfer described Marshall as the “Queen of Copepods” (Paffenhöffer, 2018). However, to the younger generation of plankton researchers, the work of Sheina Marshall may not be well known. This editorial aims to introduce her to them, and her substantial and varied contributions to plankton research. Marshall’s work on plankton was mainly concentrated on copepods, thus explaining her being attributed the title “Queen of Copepods.” However as will be shown here, Marshall early on did important work on a variety of other planktonic taxa such as diatoms, dinoflagellates, c",True,OPEN_ACCESS_PDF,Citation chaining | OpenAlex,OA_CHAIN_G2_FORWARD_CITATION | OA_MECH_FEEDING_MUCUS_CORAL_01,MECH_FEEDING_MUCUS_CORAL | MECH_FEEDING_MUCUS_CORAL | RESP_THRESHOLD_RECOVERY | SED_DEPOSITION | SED_DREDGING | SED_SUSPENDED,SED_DEPOSITION,CITATION_CHAINING,NEITHER_SIGNAL,TITLE_ABSTRACT,EXCLUDE,,,Covidence calibration plus reviewer adjudication,,,Jake,2026-08-17,Covidence NO mapped to EXCLUDE.
CAL-0043,DEVELOPMENT,CWC-6A1483BFACC0,Radiocarbon dating in sediment core CE18011_VC1 and RH17002_VC7,,,Food and Agriculture Organization of the United Nations,repository_record,,https://agris.fao.org/search/en/providers/125238/records/674871697625988a371c1707,English,Title: Radiocarbon dating in sediment core CE18011_VC1 and RH17002_VC7 Food and Agriculture Organization of the United Nations. About FAO News Multimedia Main topics Statistics Members Publications. العربية Español Français Русский 中文. ## FAO AGRIS - International System for Agricultural Science and Technology. # Radiocarbon dating in sediment core CE18011\_VC1 and RH17002\_VC7. A remotely operated vehicle mounted (ROV) vibrocorer rig acquired the two cores from the Porcupine Bank Canyon (NE Atlantic) and western Porcupine Bank (NE Atlantic) during the RH17002 and CE18011 research crui,False,NOT_IDENTIFIED,Grey literature,GL_FAO_MECH_FEEDING_MUCUS_CORAL_01,MECH_FEEDING_MUCUS_CORAL,MECH_FEEDING_MUCUS_CORAL,GREY_LITERATURE,STRESSOR_ONLY,TITLE_ABSTRACT,EXCLUDE,,,Covidence calibration plus reviewer adjudication,,,Jake,2026-08-17,Covidence NO mapped to EXCLUDE.
CAL-0044,DEVELOPMENT,CWC-89F7A3BD6421,Symbiotic germination and development of myco-heterotrophic plants in nature: ontogeny of Corallorhiza trifida and characterization of its mycorrhizal fungi.,SL Mckendrick; J. Leake; D. Taylor; D. Read,2000,New Phytologist,Review; JournalArticle,10.1046/j.1469-8137.2000.00603.x,https://www.semanticscholar.org/paper/6e630612fbfcb1a5223ff0daad5f0646a4c147a8,English,"The processes of symbiotic germination and seedling development were analysed in the myco-heterotrophic orchid Corallorhiza trifida, seeds of which were buried in 'packets' either adjacent to or at varying distances from adult plants in defined communities of ectomycorrhizal tree species. Germination occurred within eight months of burial under Betula-Alnus and within seven months under Salix repens. It was always associated with penetration of the suspensor by a clamp-forming mycorrhizal fungus. Four distinct developmental stages were defined and the rates of transition through these stages were plotted. There was no evidence of a relationship between extent of germination or rate of development and the presence of naturally distributed plants of C. trifida at the spatial scale of 1 m. The best germination and the most rapid rate of development of C. trifida seedlings occurred in a Salix repens community located at a considerable distance from any extant C. trifida population. Determination of internal transcribed spacer (ITS) RFLPs and of gene sequences of the fungi involved in symbiotic germination and growth of C. trifida, revealed them to belong exclusively to the Thelephora-T",True,OPEN_ACCESS_PDF,Semantic Scholar | Web of Science,SS_SED_DEPOSITION_01 | WOS_SED_DEPOSITION_01,SED_DEPOSITION,SED_DEPOSITION,WEB_OF_SCIENCE,STRESSOR_ONLY,TITLE_ABSTRACT,EXCLUDE,,,Covidence calibration plus reviewer adjudication,,,Jake,2026-08-17,Covidence NO mapped to EXCLUDE.
CAL-0045,DEVELOPMENT,CWC-DF2C5419DE7D,Cyclopoid copepods associated with antipatharian coelenterates in Madagascar,Arthur G. Humes,1969,Data Archiving and Networked Services (DANS),article,,http://www.repository.naturalis.nl/record/319282,en,"Previous work (in i960) at Nosy Bé, in northwestern Madagascar, resulted in the collection by dredging of the antipatharian Stichopathes echinulata Brook parasitized by the copepod Vahinius petax Humes, 1967. More recently (in 1964 and 1967) I have obtained by SCUBA diving several other antipatharians with which the copepods described below were associated. The collection in 1964 was made as part of the U. S. Program in Biology of the International Indian Ocean Expedition. The collections in 1967 were made during field work supported by a grant (GB-5838) from the National Science Foundation of the United States. The study of the copepods has been aided by the same N. S. F. grant. All figures have been drawn with the aid of a camera lucida. The letter after the explanation of each figure refers to the scale at which it was drawn. The abbreviations used are: Ax = first antenna, A2 = second antenna, R = rostrum, L = labrum, MD = mandible, Ρ = paragnath, ΜΧχ = first maxilla, MX2 = second maxilla, MXPD = maxilliped, and Pi = leg ι. The measurements of the length of the body have been made in all cases from specimens in lactic acid and do not include the setae on the caudal rami. In the ",True,OPEN_ACCESS_LANDING_PAGE,OpenAlex | Semantic Scholar,OA_SED_DREDGING_01 | SS_SED_DREDGING_01,SED_DREDGING,SED_DREDGING,MULTI_SCHOLARLY,NEITHER_SIGNAL,TITLE_ABSTRACT,EXCLUDE,,,Covidence calibration plus reviewer adjudication,,,Jake,2026-08-17,Covidence NO mapped to EXCLUDE.
CAL-0046,VALIDATION,CWC-1899269FBC04,"Microhabitat complexity—an example from Middle Devonian bryozoan-rich sediments in the Blankenheim Syncline (northern Eifel, Rheinisches Schiefergebirge)",Andrej Ernst | Peter Königshof | Paul D. Taylor | Jan Bohatý,2011,Palaeobiodiversity and Palaeoenvironments,article,10.1007/s12549-011-0060-6,https://doi.org/10.1007/s12549-011-0060-6,en,,False,NOT_IDENTIFIED,OpenAlex | Semantic Scholar,OA_MECH_FEEDING_MUCUS_CORAL_01 | SS_MECH_FEEDING_MUCUS_CORAL_01,MECH_FEEDING_MUCUS_CORAL,MECH_FEEDING_MUCUS_CORAL,MULTI_SCHOLARLY,NEITHER_SIGNAL,TITLE_ONLY,EXCLUDE,,,Covidence calibration plus reviewer adjudication,,,Jake,2026-08-17,Covidence NO mapped to EXCLUDE.
CAL-0047,VALIDATION,CWC-358B735EB79B,Correction to: High coral reef connectivity across the Indian Ocean is revealed 6–7 Ma ago by a turbid-water scleractinian assemblage from Tanzania (Eastern Africa),Markus Reuter | Francesca Bosellini | Ann F. Budd | Stjepan Ćorić | Werner E. Piller | Mathias Harzhauser,2019,Coral Reefs,erratum,10.1007/s00338-019-01840-6,https://doi.org/10.1007/s00338-019-01840-6,en,,False,OPEN_ACCESS_PDF,OpenAlex | Semantic Scholar,OA_SED_SUSPENDED_01 | SS_SED_SUSPENDED_01,SED_SUSPENDED,SED_SUSPENDED,MULTI_SCHOLARLY,ORGANISM_AND_STRESSOR,TITLE_ONLY,EXCLUDE,,,Covidence calibration plus reviewer adjudication,,,Jake,2026-08-17,Covidence NO mapped to EXCLUDE.
CAL-0048,DEVELOPMENT,CWC-D78CB45C1880,"The Rio Grande Rise: Current Knowledge and Future Frontiers for Deep-Sea Science, Mineral Resources and Governance","Jovane, L | Ulsen, C | Galante, D | Bernardini, S | Bergo, NM | Braga, ED | Brandini, FP | Carrion, R | de Castro, DL | Constantino, RR | Bin Hassan, M | Janasi, VD | Jeck, IK | de Oliveira, L Jr | Couto, MA Jr | Lima, FA | Marques, S | Massola, GM | Mestre, NCC | Mohriak, W | Monlevade, EF | de Oliveira, CC | Pellizari, VH | Portes, MC | Praxedes, AGP | Rodrigues, F | Rodrigues, LCV | Sanz, FJG | da Silveira, ICA | Soto, JMR | Souza-Neto, PW | Sumida, PYG | Tagliaro, GT | da Silva, ST | Turra, A | Santos, RV | Yamamoto, M | Mello, SLM",2026,MINERALS,JOUR,10.3390/min16040418,https://doi.org/10.3390/min16040418,English,"The Rio Grande Rise (RGR) is the largest oceanic plateau in the South Atlantic and represents a key natural laboratory for understanding oceanic plateau formation, deep-sea circulation, ecosystem functioning, and ferromanganese crust development. This study presents a critical synthesis of current scientific knowledge on the RGR, integrating geological, geophysical, oceanographic, biological, and geochemical evidence published over the last two decades. Geophysical data reveal a complex tectono-magmatic evolution involving Late Cretaceous plume-related volcanism, crustal thickening, rifting, and subsequent subsidence. The structural framework of the plateau is dominated by the Cruzeiro do Sul Rift, which plays a central role in controlling sedimentation, magmatism, and seawater circulation. Oceanographic studies demonstrate that the interaction between the southern branch of the South Equatorial Current and the complex topography of the RGR generates intense internal tides and bottom currents, strongly influencing sediment transport and benthic habitats. Biological investigations indicate that the RGR hosts diverse deep-sea communities, including sponge grounds, cold-water corals, ",True,NOT_IDENTIFIED,Web of Science,WOS_SED_TAILINGS_01,SED_TAILINGS,SED_TAILINGS,WEB_OF_SCIENCE,ORGANISM_AND_STRESSOR,TITLE_ABSTRACT,EXCLUDE,,,Covidence calibration plus reviewer adjudication,,,Jake,2026-08-17,Covidence NO mapped to EXCLUDE.
CAL-0049,DEVELOPMENT,CWC-B7D603B827D7,Screening for Cultivable Species of Marine Sponges (porifera) in an Ecologically Inspired ex situ System,Rodrigo Cunha Wanick | Ricardo Vieira | Ricardo Erthal Santelli | Rodolfo Pinheiro Da RochaParanhos | Cristiano C. Coutinho,2015,Journal of FisheriesSciences com,article,,https://www.fisheriessciences.com/fisheries-aqua/screening-for-cultivable-species-of-marine-sponges-porifera-in-an-ecologically-inspired-ex-situ-system.pdf,en,"The development of sponges (Porifera) in ex situ cultivation systems is essential to the progress of researches on pharmacology, biomaterials, biomonitoring and conservation. The aim of this study was to provide a long-term ex situ cultivation condition to obtain a representative sponge biomass growth. Among the four species of marine sponges tested, only Haliclona sp. showed an initial growth. The Haliclona sp. was cultivated in a non-axenic ex situ cultivation system for 14 months. An eutrophic tropical environment was reproduced in an aquarium system. In the growth aquarium, a high biomass of interstitial invertebrates, anemones, macro-algae and bacterioplankton was observed. The orthophosphate represented 93.2% of the phosphate form in the growth aquarium and the nitrate was the predominant form of nitrogen, amounting to 68.2%. Nitrate concentration was about 4-fold higher than that of the sampling station, which can be attributed to high nutrient supply and poor denitrification process. Sponge feeding procedures showed an increase of bacterioplankton density during the water resuspension event with a maximum value of 0.86 × 106 cells mL-1, whereas in the non-blowing situation ",True,NOT_IDENTIFIED,OpenAlex | Semantic Scholar,OA_SED_DREDGING_01 | OA_SED_SUSPENDED_01 | SS_SED_DREDGING_01 | SS_SED_SUSPENDED_01,SED_DREDGING | SED_SUSPENDED,SED_DREDGING,MULTI_SCHOLARLY,ORGANISM_AND_STRESSOR,TITLE_ABSTRACT,EXCLUDE,,,Covidence calibration plus reviewer adjudication,,,Jake,2026-08-17,Covidence NO mapped to EXCLUDE.
CAL-0050,VALIDATION,CWC-46D56F406D2C,Regional assessment of the historical trends of mercury in sediment cores from Wider Caribbean coastal environments,Yoelvis Bolaños-Álvarez | Ana Carolina Ruíz-Fernández | Joan-Albert Sánchez-Cabeza | Misael Díaz-Asencio | Luisa Fernanda Espinosa | Juan Pablo Parra | Jesús Garay | Ramón Delanoy | Nicolás Solares | Katia Montenegro | Alexis Peña | Fabiola López | Ana Carolina Castillo-Navarro | Miguel Gómez-Batista | Alberto José Quejido-Cabezas | Marc Métian | Libia Hascibe Pérez-Bernal | Carlos Alonso‐Hernández,2024,The Science of The Total Environment,article,10.1016/j.scitotenv.2024.170609,https://doi.org/10.1016/j.scitotenv.2024.170609,en,,False,NOT_IDENTIFIED,Citation chaining,OA_CHAIN_G2_FORWARD_CITATION,MECH_FEEDING_MUCUS_CORAL | RESP_THRESHOLD_RECOVERY | SED_DREDGING | SED_DRILLING | SED_SUSPENDED | SED_TAILINGS,SED_DRILLING,CITATION_CHAINING,STRESSOR_ONLY,TITLE_ONLY,EXCLUDE,,,Covidence calibration plus reviewer adjudication,,,Jake,2026-08-17,Covidence NO mapped to EXCLUDE.
CAL-0051,VALIDATION,CWC-6E73938F5223,Anton Dohrn Seamount MPA | Advisor to Government on Nature Conservation | JNCC,,,JNCC,project_or_program_page,,https://jncc.gov.uk/our-work/anton-dohrn-seamount-mpa,English,"aggregations of sea whips (or sea fans) and other corals, in communities known as 'coral gardens' – an OSPAR Threatened and/or Declining habitat. Also present is biogenic reef formed from Lophelia pertusa"") and Solenosmilia variabilis cold-water corals. This structurally complex habitat supports a diverse and unique range of fauna, including black corals, sea whips, soft corals and stony corals. [...] Orange roughy (Hoplostethus atlanticus) at Anton Dohrn Seamount SAC ©JNCC Corals with sea spider on biogenic reef at Anton Dohrn Seamount SAC©JNCC Corals and sponges at Anton Dohrn Seamount SAC ©",False,NOT_IDENTIFIED,Grey literature,GL_JNCC_NERC_SED_DRILLING_01 | GL_JNCC_NERC_SED_TAILINGS_01,SED_DRILLING | SED_TAILINGS,SED_DRILLING,GREY_LITERATURE,ORGANISM_ONLY,TITLE_ABSTRACT,EXCLUDE,,,Covidence calibration plus reviewer adjudication,,,Jake,2026-08-17,Covidence NO mapped to EXCLUDE.
CAL-0052,DEVELOPMENT,CWC-E1358698743F,Sponges: Heroes of Coral Reefs | Shape of Life,,,Shape of Life,other,,https://www.shapeoflife.org/blog/sponges-heroes-coral-reefs,English,"Some sponges make carbon biologically available for other organisms through their sponge poop thereby fueling productivity throughout the ecosystem. Sponges efficiently filter bacteria and tiny plankton from the seawater. They also consume organic material sloughed off of various marine organisms, technically named dissolved organic matter (DOM). Sponges and their symbionts transform the DOM into sponge biomass. Then, very rapid cell cycling in the sponges results in the shedding of cells that [...] Sponge Reef Repair In addition to their recycling and seawater cleaning roles, sponges are key",False,LIKELY_FULL_DOCUMENT_URL,Grey literature,GL_AIMS_SED_DREDGING_01 | GL_BROAD_SED_DREDGING_02 | GL_ESRF_SED_DREDGING_01 | GL_FAO_SED_DREDGING_01 | GL_IAAC_SED_DREDGING_01 | GL_ICES_SED_DREDGING_01 | GL_MBARI_SED_DREDGING_01 | GL_NOAA_SED_DREDGING_01 | GL_NORWAY_SED_DREDGING_01 | GL_USGS_SED_DREDGING_01,SED_DREDGING,SED_DREDGING,GREY_LITERATURE,ORGANISM_ONLY,TITLE_ABSTRACT,EXCLUDE,,,Covidence calibration plus reviewer adjudication,,,Jake,2026-08-17,Covidence NO mapped to EXCLUDE.
CAL-0053,DEVELOPMENT,CWC-A734C25E14AC,Conditions of Coral Reef and Target fish in Waters of Maitara Islands,Mohdi Umanahu; Umar Tangke; S. S. Titaheluw,2020,,Review,10.35724/mfmj.v3i1.3080,https://www.semanticscholar.org/paper/538e689c0ecccfec3f82d990514f61e9c04244ce,,"___________________________________________________________ This research was conducted with a survey method during August 2019 with the aim of find out the biodiversity of target fish along with the potential in the coral reef ecosystem at waters of Maitara Island, North Maluku Province through collecting primary and secondary data such as coral reef conditions (lifeform), fish conditions (diversity, similarity and dominance) as well as environmental parameter data like temperature, salinity, current velocity, and turbidity. Visual census method is used to collect reef fish data. The results of visual observation of reef fish in the waters of Maitara Island found that there were 13 families included in the major fish group consisting of 7 families, 1 family of indicator fish and 5 target fish groups. The reef fish which is found at the observation location in station 1 consisted of 59.3% major fish groups, 24.2% target fish and 16.5% indicator fish, while at station 2 reef fish consisted of 62.1% major fish groups, target fish is 23.8% and indicator fish is 4.1%. Overall, the results of the visual observations of reef fish showed that major fish were the most dominant, found as mu",True,OPEN_ACCESS_PDF,Semantic Scholar,SS_SED_SUSPENDED_01,SED_SUSPENDED,SED_SUSPENDED,SEMANTIC_SCHOLAR,ORGANISM_AND_STRESSOR,TITLE_ABSTRACT,EXCLUDE,,,Covidence calibration plus reviewer adjudication,,,Jake,2026-08-17,Covidence NO mapped to EXCLUDE.
CAL-0054,DEVELOPMENT,CWC-99655D1A46A7,Faunal Succession Within Deep-Water Coral Mounds North of Little Bahama Bank: ABSTRACT,C. R. Newton; H. T. Mullins,1981,,,10.1306/2f91a0ca-16ce-11d7-8645000102c1865d,https://www.semanticscholar.org/paper/b07c0876c93e88c22e5fca7b9f009ae1bb4d42b1,,"Deep-water coral mounds of 5 to 40 m relief occur at depths of 1,000 to 1,300 m over a 2,500 sq km area of the lower slope north of Little Bahama Bank. These coral/gorgonian buildups, apparently unlithified, have yielded radiocarbon ages of 860 ± 50 and 940 ± 40 years for the best preserved corals and gorgonians, and preliminary dates of 22,100 years for the most intensively bored corals, the youngest deep-water coral mounds ever reported. Eight genera of deep-water coral represent the highest diversity recorded from a single locality. These ahermatypes are predominantly solitary, although branching and weakly branched forms are also present. The colonial ahermatypes from the mounds possess large-diameter corallites and relatively few corallites per specimen. Se eral of the coral general, most notably Thecopsammia, have significant stereomal deposits in the skeleton, a feature common among deep-water corals. The scleractinians are associated with a diverse fauna. The primary framework builders of the mounds, however, appear to be branching corals and gorgonians. Based on the relative amounts of boring and Mn-oxide coating on coral specimens recovered from dredge hauls, there appear",True,OPEN_ACCESS_PDF,Semantic Scholar,SS_SED_DREDGING_01,SED_DREDGING,SED_DREDGING,SEMANTIC_SCHOLAR,ORGANISM_AND_STRESSOR,TITLE_ABSTRACT,EXCLUDE,,,Covidence calibration plus reviewer adjudication,,,Jake,2026-08-17,Covidence NO mapped to EXCLUDE.
CAL-0055,DEVELOPMENT,CWC-D43D45E9A074,"Assessment of the relative risk of water quality to ecosystems of the Great Barrier Reef. A report to the Department of the Environment and Heritage Protection, Queensland Government, Brisbane - Report 13/28",Jon Brodie | Jane Waterhouse | Jeffrey Maynard | John M. Bennett | Miles Furnas | Michelle Devlin | Stephen Lewis | Catherine Collier | Britta Schaffelke | Katharina Fabricius | Caroline Petus | Eduardo Ferreira da Silva | Daniel Zeh | Lucy Randall | Vittorio Brando | Len McKenzie | Dominique O’Brien | Rachael Smith | Michael St. J. Warne | Richard Brinkman | Hemerson Tonin | Zoë Bainbridge | Rebecca Bartley | Andrew P. Negri | Ryan Turner | Aaron M. Davis | Christie Bentley | Jochen A. Müller | Jorge G. Álvarez‐Romero | Nyssa Henry | David Waters | Hugh Yorkston | Dieter Tracey,2013,ResearchOnline - JCU (James Cook University),report,,https://researchonline.jcu.edu.au/59186/1/2013%20Brodie%20et%20al%20-%20GBR%20WQ%20Risk%20Assessment.pdf,en,"A risk assessment method was developed and applied to the Great Barrier Reef (GBR) to provide robust and scientifically defensible information for policy makers and catchment managers on the key land-based pollutants of greatest risk to the health of the two main GBR ecosystems (coral reefs and seagrass beds). This information was used to inform management prioritisation for Reef Rescue 2 and Reef Plan 3. The risk assessment method needed to take account of the fact that catchment-associated risk will vary with distance from the river mouth, with coastal habitats nearest to river mouths most impacted by poor marine water quality. The main water quality pollutants of concern for the GBR are enhanced levels of suspended sediments, excess nutrients and pesticides added to the GBR lagoon from the adjacent catchments. Until recently, there has been insufficient knowledge about the relative exposure to and effects of these pollutants to guide effective prioritisation of the management of their sources.",False,OPEN_ACCESS_LANDING_PAGE,OpenAlex,OA_SED_SUSPENDED_01,SED_SUSPENDED,SED_SUSPENDED,OPENALEX,ORGANISM_ONLY,TITLE_ABSTRACT,EXCLUDE,,,Covidence calibration plus reviewer adjudication,,,Jake,2026-08-17,Covidence NO mapped to EXCLUDE.
CAL-0056,VALIDATION,CWC-465505D8AD20,"Differences in coral cover between high and low sediment influx areas in southwestern , Puerto Rico",J. L. Torres; J. Morelock,2001,,,,https://www.semanticscholar.org/paper/aa83cbeb1dc0486b7336266107973538849fa49a,,,False,NOT_IDENTIFIED,Semantic Scholar,SS_SED_DEPOSITION_01 | SS_SED_SUSPENDED_01,SED_DEPOSITION | SED_SUSPENDED,SED_SUSPENDED,SEMANTIC_SCHOLAR,ORGANISM_AND_STRESSOR,TITLE_ONLY,EXCLUDE,,,Covidence calibration plus reviewer adjudication,,,Jake,2026-08-17,Covidence NO mapped to EXCLUDE.
CAL-0057,DEVELOPMENT,CWC-6A2417974F48,Carbohydrate composition of mucus released by scleractinian warm- and cold-water reef corals,Christian Wild | Malik S. Naumann | Wolfgang Niggl | Andreas F. Haas,2010,Aquatic Biology,article,10.3354/ab00269,https://doi.org/10.3354/ab00269,en,"Mucus, a complex composed primarily of carbohydrates, is released in similar quantities by scleractinian warm- and cold-water reef corals, and can function as an important carrier of organic material from corals to a range of consumers, microbes in particular. However, information about mucus chemical composition is rare for warm-water corals and non-existent for cold-water corals. This study therefore presents comparative carbohydrate composition analyses of mucus released by the dominant and cosmopolitan warm- and cold-water coral genera. Arabinose was the major mucus carbohydrate component for the genus Acropora, but was not found in cold-water coral mucus. Mucus derived from corals of the genus Fungia contained significantly more fucose than the mucus of all other coral genera. However, comparison of mucus carbohydrate composition for the warm- and cold-water corals in the present study and in the literature revealed no significant differences. This indicates use of similar carbohydrate components (with the exception of arabinose) during mucus synthesis by scleractinian corals, largely irrespective of zooxanthellate or azooxanthellate carbon supply mechanisms.",False,OPEN_ACCESS_PDF,Citation chaining,OA_CHAIN_G1_BACKWARD_REFERENCE | OA_CHAIN_G1_FORWARD_CITATION | OA_CHAIN_G2_BACKWARD_REFERENCE | OA_CHAIN_G2_FORWARD_CITATION | OA_CHAIN_G2_RELATED_WORK,MECH_FEEDING_MUCUS_CORAL | MECH_FEEDING_PUMPING_SPONGE | RESP_THRESHOLD_RECOVERY | SED_DEPOSITION | SED_DREDGING | SED_DRILLING | SED_SUSPENDED,SED_DRILLING,CITATION_CHAINING,ORGANISM_ONLY,TITLE_ABSTRACT,UNCERTAIN,,,Covidence calibration plus reviewer adjudication,,True,Jake,2026-08-17,Covidence MAYBE mapped to UNCERTAIN.
CAL-0058,DEVELOPMENT,CWC-5A40C77132FD,Macrobenthos communities on reefs of the An Thoi archipelago of the South China Sea,Yu. Ya. Latypov,2000,Russian Journal of Marine Biology,article,10.1007/bf02759489,https://doi.org/10.1007/bf02759489,en,,False,NOT_IDENTIFIED,OpenAlex | Semantic Scholar,OA_SED_SUSPENDED_01 | SS_SED_SUSPENDED_01,SED_SUSPENDED,SED_SUSPENDED,MULTI_SCHOLARLY,NEITHER_SIGNAL,TITLE_ONLY,EXCLUDE,,,Covidence calibration plus reviewer adjudication,,,Jake,2026-08-17,Covidence NO mapped to EXCLUDE.
CAL-0059,DEVELOPMENT,CWC-B37790B266F9,Canadian Environmental Assessment Act,,,Equinor Canada Ltd.,monitoring_report,,https://cdn.equinor.com/files/h61q9gi9/global/82beabdc83bcde9849b525bd89f7b41bda6b1e0c.pdf?2023-pre-clearance-survey-ea-closeout-report-equinor.pdf=,English,"The Proponent shall document in the report: • 2.7.1: the activities undertaken by the Proponent in the reporting year to comply with each of the conditions set out in this Decision Statement; • 2.7.2: how the Proponent complied with condition 2.1; • 2.7.3: for conditions set out in this Decision Statement for which consultation is a requirement, how the Proponent considered any views and information that the Proponent received during or as a result of the consultation; • 2.7.4: the information referred to in conditions 2.4 and 2.5 for each follow-up program; • 2.7.5: the results of the follow-",False,LIKELY_FULL_DOCUMENT_URL,Grey literature,GL_OFFSHORE_OPERATORS_RESP_THRESHOLD_RECOVERY_01 | GL_OFFSHORE_OPERATORS_SED_DEPOSITION_01 | GL_OFFSHORE_OPERATORS_SED_DREDGING_01 | GL_OFFSHORE_OPERATORS_SED_SUSPENDED_01,RESP_THRESHOLD_RECOVERY | SED_DEPOSITION | SED_DREDGING | SED_SUSPENDED,SED_DEPOSITION,GREY_LITERATURE,NEITHER_SIGNAL,TITLE_ABSTRACT,EXCLUDE,,,Covidence calibration plus reviewer adjudication,,,Jake,2026-08-17,Covidence NO mapped to EXCLUDE.
CAL-0060,DEVELOPMENT,CWC-5C0970FA9A3D,Potential and challenges of biominerals for applications in construction and mining industry,N. Dhami; Sakshi Tiwari; A. Ramachandran; Abhijit Mukherjee,2021,Goldschmidt2021 abstracts,,10.7185/gold2021.6690,https://www.semanticscholar.org/paper/520544e3e3b21ea99b08ee3bc75bd6b12cae4ca6,,"Biogeochemical activities leading to precipitation of carbonates, phosphates, sulfates, iron oxides/hydroxides minerals have been illustrated in a variety of natural geological formations including microbialites, corals, beach rocks, whiting events. Microbial physiological activities are known to have a significant impact on the mineral reaction kinetics, precipitation as well as microstructural properties of these biominerals. Mimicking these natural biogeochemical processes, a range of biominerals have been created under laboratory conditions including carbonates, phosphates, iron oxides/hydroxides and promising applications of these biominerals have been demonstrated in different sectors of environment, construction and recently in the mining industry. This includes applications in metal remediation, soil reinforcement, construction restoration, crack sealing, dust stabilisation, in-situ barriers, solidification of mine tailings and slope stabilisation. We have investigated the potential of a",False,OPEN_ACCESS_PDF,Semantic Scholar,SS_SED_TAILINGS_01,SED_TAILINGS,SED_TAILINGS,SEMANTIC_SCHOLAR,ORGANISM_AND_STRESSOR,TITLE_ABSTRACT,EXCLUDE,,,Covidence calibration plus reviewer adjudication,,,Jake,2026-08-17,Covidence NO mapped to EXCLUDE.
CAL-0061,DEVELOPMENT,CWC-18A1BC367C4A,Avoidance and Mitigation of Coral and Sponge Species During Exploratory Drilling Activities Offshore Newfoundland and Labrador,L. Gullage | V. Hayes | B. M. Neves | N. Wells | F. Cyr | F. J. Murillo,2022,Federal Open Science Repository of Canada / Le Dépôt fédéral de science ouverte du Canada,report,,https://open-science.canada.ca/handle/123456789/1614,en,"An investigation was conducted into the likely impacts of exploratory drilling to coral and sponge species in the Newfoundland and Labrador (NL) region, as well as the ways in which avoidance and mitigation measures can be applied to reduce them. Impacts described in existing literature suggest that coral and sponge species may experience changes in behaviour (e.g. feeding, reproduction), fitness, and survival as a result of physical damage, exposure to chemicals, and/or excess sedimentation which result from exploratory drilling activities. As outlined in the Fisheries Act, it is recommended that a “mitigation hierarchy” of: (1) avoid, (2) mitigate, (3) offset, be used to reduce risks to biodiversity. However, because offsetting impacts would not generally be compatible with benthic conservation objectives, they are not discussed in depth in this report. Following this hierarchy, the avoidance of exploratory drilling in existing special areas that have been previously delineated based on the presence of coral and/or sponge species in high densities is essential for preserving biodiversity in the region. This would include Significant Benthic Areas (SiBAs), Vulnerable Marine Ecosys",True,OPEN_ACCESS_LANDING_PAGE,OpenAlex,OA_RESP_THRESHOLD_RECOVERY_01 | OA_SED_DRILLING_01,RESP_THRESHOLD_RECOVERY | SED_DRILLING,SED_DRILLING,OPENALEX,ORGANISM_AND_STRESSOR,TITLE_ABSTRACT,CORE_INCLUDE,,,Covidence calibration plus reviewer adjudication,,,Jake,2026-08-17,
CAL-0062,DEVELOPMENT,CWC-BCE7DF777DC8,"Resources, Population, and the Philippines’ Future: A Case Study",Gary Hawes,1989,Pacific Affairs,article,10.2307/2760663,https://doi.org/10.2307/2760663,en,Land in the Philippines has at least an 18% slope which with the expanding depletion of its forests makes it vulnerable to soil erosion. Rapid population growth also contributes to a decline in available nutrient rich land for cultivation thereby decreasing rice yields. In an attempt to increase food production beginning in the 1960s the Philippines government supported high yielding varieties of rice along with their concomitant need for increased fertilizers and pesticides which further depleted the soil of its nutrients as well as polluted the soil and waterways. Further its export oriented development strategy advances the exploitation of natural resources. For example the government encourages rapid depletion of the forests by allocating concessions on the basis of political influence and the political elite receives a share of logging profits. In the past it also gave concessions to giant copper mining companies which dumped toxic mine tailings into waterways thereby threatening marine life. This elite centered political system and ecologically and socially flawed development strategy also caused decreases in fish catches. Some examples of these unsound practices include over,True,NOT_IDENTIFIED,OpenAlex | Semantic Scholar,OA_SED_TAILINGS_01 | SS_SED_TAILINGS_01,SED_TAILINGS,SED_TAILINGS,MULTI_SCHOLARLY,ORGANISM_AND_STRESSOR,TITLE_ABSTRACT,EXCLUDE,,,Covidence calibration plus reviewer adjudication,,,Jake,2026-08-17,Covidence NO mapped to EXCLUDE.
CAL-0063,DEVELOPMENT,CWC-922F85413644,Diverse communities of active Bacteria and Archaea along oxygen gradients in coral reef sediments,Antje Rusch | Angelos K. Hannides | Eric Gaidos,2008,Coral Reefs,article,10.1007/s00338-008-0427-y,https://doi.org/10.1007/s00338-008-0427-y,en,,False,NOT_IDENTIFIED,Citation chaining,OA_CHAIN_G1_FORWARD_CITATION | OA_CHAIN_G2_BACKWARD_REFERENCE | OA_CHAIN_G2_FORWARD_CITATION,MECH_FEEDING_MUCUS_CORAL | MECH_FEEDING_PUMPING_SPONGE | RESP_THRESHOLD_RECOVERY | SED_DEPOSITION | SED_DREDGING | SED_SUSPENDED,RESP_THRESHOLD_RECOVERY,CITATION_CHAINING,ORGANISM_ONLY,TITLE_ONLY,EXCLUDE,,,Covidence calibration plus reviewer adjudication,,,Jake,2026-08-17,Covidence NO mapped to EXCLUDE.
CAL-0064,DEVELOPMENT,CWC-6278CD6FAA38,Land-Sourced Pollution with an Emphasis on Domestic Sewage: Lessons from the Caribbean and Implications for Coastal Development on Indian Ocean and Pacific Coral Reefs,Andre Degeorges | Thomas J. Goreau | Brian K. Reilly,2010,Sustainability,article,10.3390/su2092919,https://doi.org/10.3390/su2092919,en,"This paper discusses land-sourced pollution with an emphasis on domestic sewage in the Caribbean in relation to similar issues in the Indian Ocean and Pacific. Starting on a large-scale in the 1980s, tropical Atlantic coastlines of Florida and Caribbean islands were over-developed to the point that traditional sewage treatment and disposal were inadequate to protect fragile coral reefs from eutrophication by land-sourced nutrient pollution. This pollution caused both ecological and public health problems. Coral reefs were smothered by macro-algae and died, becoming rapidly transformed into weedy algal lawns, which resulted in beach erosion, and loss of habitat that added to fisheries collapse previously caused by over-fishing. Barbados was one of the first countries to recognize this problem and to begin implementation of effective solutions. Eastern Africa, the Indian Ocean Islands, Pacific Islands, and South East Asia, are now starting to develop their coastlines for ecotourism, like the Caribbean was in the 1970s. Tourism is an important and increasing component of the economies of most tropical coastal areas. There are important lessons to be learned from this Caribbean experie",True,OPEN_ACCESS_PDF,OpenAlex | Semantic Scholar,OA_RESP_THRESHOLD_RECOVERY_01 | OA_SED_DEPOSITION_01 | SS_RESP_THRESHOLD_RECOVERY_01 | SS_SED_DEPOSITION_01,RESP_THRESHOLD_RECOVERY | SED_DEPOSITION,RESP_THRESHOLD_RECOVERY,MULTI_SCHOLARLY,ORGANISM_ONLY,TITLE_ABSTRACT,EXCLUDE,,,Covidence calibration plus reviewer adjudication,,,Jake,2026-08-17,Covidence NO mapped to EXCLUDE.
CAL-0065,DEVELOPMENT,CWC-C783A9DA898D,wling on the Benthic Ecosystem along the Northern European Continental Ecosystem along the Northern European Continental Ecosystem along the Northern European Continental Ecosystem along the Northern European Continental Ecosystem along the Northern European Continental Margin: A Review,J. Gage; J. Roberts; J. H. Artley; J. Humphery,2005,,Review,,https://www.semanticscholar.org/paper/8bb24054036dec4cf3f030bde4b9bb2c0a665801,,,False,NOT_IDENTIFIED,Semantic Scholar,SS_RESP_THRESHOLD_RECOVERY_01 | SS_SED_DEPOSITION_01,RESP_THRESHOLD_RECOVERY | SED_DEPOSITION,SED_DEPOSITION,SEMANTIC_SCHOLAR,NEITHER_SIGNAL,TITLE_ONLY,EXCLUDE,,,Covidence calibration plus reviewer adjudication,,,Jake,2026-08-17,Covidence NO mapped to EXCLUDE.
CAL-0066,DEVELOPMENT,CWC-6104100E11E8,Descriptions of South African Sponges.,Randolph Kirkpatrick,1902,Marine investigations in South Africa,JournalArticle,10.5962/p.366552,https://www.semanticscholar.org/paper/7aaacbd9e943cb67396a25783224cfa9864afe4c,,"Dr. J. D. F. Gilchrist, Government Biologist, of Cape Town. has recently sent to the British Museum a collection of Sponges dredged by him off the coasts of Cape Colony and Natal from depths ranging from 13 to 300 fathoms. Most of the specimens were preserved in formalin, but some were dried. All the wet specimens have been transferred to alcohol. By the kind permission of Professor E. Ray Lankester, their description has been entrusted to me. This collection contains several new and interesting forms, and this is not surprising, seeing how little has hitherto been done towards working out the Sponge Fauna’ of South Africa. In the present paper the Hexactinellida and Tetractinellida Choristida are described. Below is a list of species :—",False,OPEN_ACCESS_PDF,Semantic Scholar,SS_SED_DREDGING_01,SED_DREDGING,SED_DREDGING,SEMANTIC_SCHOLAR,ORGANISM_ONLY,TITLE_ABSTRACT,EXCLUDE,,,Covidence calibration plus reviewer adjudication,,,Jake,2026-08-17,Covidence NO mapped to EXCLUDE.
CAL-0067,DEVELOPMENT,CWC-2A64908994B5,"Coral Cover and Algae Growth Along a Water Quality Gradient in Moorea, French Polynesia",Savannah Sturla,2021,Berkeley Scientific Journal,article,10.5070/bs3251051913,https://doi.org/10.5070/bs3251051913,en,"As climate change and anthropogenic perturbations cause dramatic shifts in coral reef ecosystems, it is of increasing importance to understand corals’ tolerance, response, and adaptation to a combination of stressors. Nutrient enrichment increases the sensitivity of corals, making them more prone to bleaching from thermal stress. In Moorea, French Polynesia, Cook’s Bay is more developed and potentially more impacted by nutrient runoff from sewage and agriculture than its neighbor, Opunohu Bay. To assess the ecological gradient and level of human disturbance along these two central bays in Moorea, this study surveyed coral diversity by genera, percent coral cover, percent bleached coral cover, macroalgae cover, and nutrient-treated coral transplants in five sites surrounding the two bays. The site in between the two bays was the most ecologically diverse and rich, significantly differing from the Cook’s Bay sites as it had a greater average total coral cover. When Pocillopora verrucosa fragments were transplanted to each of the varying environments at the sites, in which some were treated experimentally with a nutrient diffuser at a different field-site prior to this study, treatmen",True,OPEN_ACCESS_PDF,Citation chaining | Semantic Scholar,OA_CHAIN_G1_FORWARD_CITATION | SS_RESP_THRESHOLD_RECOVERY_01 | SS_SED_SUSPENDED_01,MECH_FEEDING_MUCUS_CORAL | SED_SUSPENDED | RESP_THRESHOLD_RECOVERY | SED_SUSPENDED,RESP_THRESHOLD_RECOVERY,CITATION_CHAINING,ORGANISM_ONLY,TITLE_ABSTRACT,EXCLUDE,,,Covidence calibration plus reviewer adjudication,,,Jake,2026-08-17,Covidence NO mapped to EXCLUDE.
CAL-0068,VALIDATION,CWC-123D1D1D0B8D,"Population expansion of a new invasive coral species, Tubastraea micranthus, in the northern Gulf of Mexico",PW Sammarco | S.A. Porter | J. E. Sinclair | Melissa A. Genazzio,2013,Marine Ecology Progress Series,article,10.3354/meps10576,https://doi.org/10.3354/meps10576,en,"An Indo-Pacific scleractinian coral has invaded the northern Gulf of Mexico (GOM): Tubastraea micranthus. It was initially observed on one oil platform (GI-93C) near the Mississippi River. Here, we determined whether its populations were spreading and whether there was evidence of rapid expansion. We compared population density data of T. micranthus with those from T. coccinea, a congener which invaded the western Atlantic earlier. Fourteen oil/gas platforms were assessed down to 138 m depth using remotely operated vehicle digital video. Colony densities in numbers m -2 were determined for both species, and colony size was measured for T. micranthus. Data were analyzed by platform and for geographic distribution. T. micranthus densities were highest on GI-93C and on GI-116A, SW of the Mississippi River, being significantly higher than on other platforms. Densities declined radially from there. Mean colony size was highest on MC-311A, with colonies generally being >100 cm 2 . This platform is situated at the head of the Mississippi Canyon and may have been the original site of colonization. It also receives blue water instead of turbid, lower salinity water, and this species may gro",True,OPEN_ACCESS_PDF,OpenAlex | Semantic Scholar,OA_SED_SUSPENDED_01 | SS_SED_SUSPENDED_01,SED_SUSPENDED,SED_SUSPENDED,MULTI_SCHOLARLY,ORGANISM_AND_STRESSOR,TITLE_ABSTRACT,EXCLUDE,,,Covidence calibration plus reviewer adjudication,,,Jake,2026-08-17,Covidence NO mapped to EXCLUDE.
CAL-0069,VALIDATION,CWC-9AB5A6BEAA7F,sediment PAH parent compounds,,2024,ICES,monitoring_report,,https://dome.ices.dk/OHAT/trDocuments/2024/regional_assessment_sediment_pah_parent.html,English,"Title: sediment PAH parent compounds ## Regional assessment of status and trends in PAH concentrations in sediment. * Summary of individual time series results. The 2024 OSPAR CEMP assessment describes the status and trends of contaminant concentrations in biota and sediment at monitoring stations in the OSPAR area. Assessments are made for a large number of time series, each of a single contaminant in a single species and tissue (for biota) or matrix (for sediment) at a single monitoring station. This document is one of a series that synthesises the results of the individual time series to as",False,LIKELY_FULL_DOCUMENT_URL,Grey literature,GL_ICES_RESP_THRESHOLD_RECOVERY_01,RESP_THRESHOLD_RECOVERY,RESP_THRESHOLD_RECOVERY,GREY_LITERATURE,STRESSOR_ONLY,TITLE_ABSTRACT,EXCLUDE,,,Covidence calibration plus reviewer adjudication,,,Jake,2026-08-17,Covidence NO mapped to EXCLUDE.
CAL-0070,DEVELOPMENT,CWC-EF0CBC2EDD39,Add-on studies to the current NFR Project “Impact of water- based drilling mud: a study using the epibenthic coral species Lophelia pertusa,"Thierry Baussant | Fiona Provan | Maria Sydnes | Fiona M. Lyng | Eivind Larssen | Bjørkblom, C. | Krista M. Kaster | Boccadoro, Cathrine | Nævdal, A. | A. Eide",2010,Duo Research Archive (University of Oslo),report,,http://hdl.handle.net/11250/2632304,en,"This study was made in the frame of an ongoing NFR project aiming at assessing the impact of drilling mud (DM) discharges from offshore O&amp;G operations on the coldwater coral species Lophelia pertusa. Here, we have initiated developments and use of methodologies that could have a potential for application, at a later stage of their optimization, in field monitoring of coral health and hence for documenting the effects of drilling mud discharges",False,OPEN_ACCESS_LANDING_PAGE,OpenAlex | Semantic Scholar,OA_SED_DRILLING_01 | SS_SED_DRILLING_01,SED_DRILLING,SED_DRILLING,MULTI_SCHOLARLY,ORGANISM_AND_STRESSOR,TITLE_ABSTRACT,CORE_INCLUDE,,,Covidence calibration plus reviewer adjudication,,,Jake,2026-08-17,
CAL-0071,VALIDATION,CWC-8F13584D6035,96/05602 A review of dioxin emissions in the UK,,1996,Fuel and Energy Abstracts,conference-abstract,10.1016/0140-6701(96)80262-1,https://doi.org/10.1016/0140-6701(96)80262-1,en,,False,NOT_IDENTIFIED,Citation chaining,OA_CHAIN_G2_RELATED_WORK,MECH_FEEDING_MUCUS_CORAL | MECH_FEEDING_PUMPING_SPONGE | RESP_THRESHOLD_RECOVERY | SED_DEPOSITION | SED_DREDGING | SED_DRILLING | SED_SUSPENDED | SED_TAILINGS,SED_TAILINGS,CITATION_CHAINING,NEITHER_SIGNAL,TITLE_ONLY,EXCLUDE,,,Covidence calibration plus reviewer adjudication,,,Jake,2026-08-17,Covidence NO mapped to EXCLUDE.
CAL-0072,DEVELOPMENT,CWC-EE0ADB28C192,Size structure and possible bleaching susceptibility of mushroom corals in the Philippines following a bleaching event,Giannina Nicole R. Feliciano | Leah Marie F. Gagalac | Aurelia Maria Cecilia G. Nava | Wilfredo Y. Licuanan,2018,Regional Studies in Marine Science,article,10.1016/j.rsma.2018.09.003,https://doi.org/10.1016/j.rsma.2018.09.003,en,,False,NOT_IDENTIFIED,Citation chaining,OA_CHAIN_G1_FORWARD_CITATION | OA_CHAIN_G2_BACKWARD_REFERENCE,MECH_FEEDING_MUCUS_CORAL | RESP_THRESHOLD_RECOVERY | SED_DEPOSITION | SED_DREDGING | SED_SUSPENDED,SED_DREDGING,CITATION_CHAINING,ORGANISM_ONLY,TITLE_ONLY,EXCLUDE,,,Covidence calibration plus reviewer adjudication,,,Jake,2026-08-17,Covidence NO mapped to EXCLUDE.
CAL-0073,DEVELOPMENT,CWC-9B56BBFA45AA,Composition and Functional Characterization of Microbiome Associated with Mucus of the Coral Fungia echinata Collected from Andaman Sea,Jhasketan Badhai | Tarini Shankar Ghosh | Subrata K. Das,2016,Frontiers in Microbiology,article,10.3389/fmicb.2016.00936,https://doi.org/10.3389/fmicb.2016.00936,en,"This study describes the community composition and functions of the microbiome associated with the mucus of the coral Fungia echinata based on metagenomic approach. Metagenome sequence data showed a dominance of the class Gammaproteobacteria followed by Alphaproteobacteria, Betaproteobacteria, Deltaproteobacteria, Flavobacteriia, Bacilli, and Clostridia. At the order level, the most abundant groups were Pseudomonadales, Oceanospirillales, Alteromonadales, and Rhodobacterales. The genus Psychrobacter was the most predominant followed by Thalassolituus and Cobetia, although other genera were also present, such as Sulfitobacter, Pseudoalteromonas, Oleispira, Halomonas, Oceanobacter, Acinetobacter, Pseudomonas, Vibrio, and Marinobacter. The metabolic profile of the bacterial community displayed high prevalence of genes associated with core-housekeeping processes, such as carbohydrates, amino acids, proteins, and nucleic acid metabolism. Further, high abundance of genes coding for DNA replication and repair, stress response, and virulence factors in the metagenome suggested acquisition of specific environmental adaptation by the microbiota. Comparative analysis with other coral metageno",True,OPEN_ACCESS_PDF,Citation chaining,OA_CHAIN_G1_FORWARD_CITATION | OA_CHAIN_G2_FORWARD_CITATION,MECH_FEEDING_MUCUS_CORAL | MECH_FEEDING_PUMPING_SPONGE | RESP_THRESHOLD_RECOVERY | SED_DEPOSITION | SED_SUSPENDED,SED_DEPOSITION,CITATION_CHAINING,ORGANISM_ONLY,TITLE_ABSTRACT,EXCLUDE,,,Covidence calibration plus reviewer adjudication,,,Jake,2026-08-17,Covidence NO mapped to EXCLUDE.
CAL-0074,DEVELOPMENT,CWC-CFCB3E687B8D,"Linking pattern to process in reef sediment dynamics at Lady Musgrave Island, southern Great Barrier Reef",Sarah M. Hamylton | Rafael C. Carvalho | Stephanie Duce | Chris Roelfsema | Ana Vila‐Concejo,2016,Sedimentology,article,10.1111/sed.12278,https://doi.org/10.1111/sed.12278,en,"Linking surficial sediment patterns in reef environments to the processes that underlie their depositional dynamics enables predictions to be made of how environmental changes will influence reef-associated sedimentary landforms, such as islands and beaches. Geomorphic linkages between sediment deposition patterns and the biophysical processes that drive them are often poorly resolved, particularly at broad landscape scales where tangible statements can be made about structural changes to landforms. The present study applies geospatial techniques to link patterns in reef sediment dynamics at Lady Musgrave Island to the underlying processes driving them. In situ calcification is characterized by developing a high resolution map of the surficial calcium carbonate producing communities inhabiting the reef platform, and associated sediments across the reef flat are analysed for grain size, kurtosis, sorting and threshold bed shear stress to explore transport pathways across the reef flat and lagoon. Wave energy is modelled across the entire reef platform as a potential driver of sediment dynamics, and morphometric linkages are empirically defined between wave energy and grain size. Fin",True,OPEN_ACCESS_PDF,Citation chaining | Web of Science,OA_CHAIN_G1_FORWARD_CITATION | OA_CHAIN_G2_BACKWARD_REFERENCE | WOS_SED_DEPOSITION_01,SED_DEPOSITION | SED_SUSPENDED,SED_DEPOSITION,WEB_OF_SCIENCE,STRESSOR_ONLY,TITLE_ABSTRACT,EXCLUDE,,,Covidence calibration plus reviewer adjudication,,,Jake,2026-08-17,Covidence NO mapped to EXCLUDE.
CAL-0075,DEVELOPMENT,CWC-3E123F826EF6,Commensalism between a boring mytilid bivalve and a soft bottom coral in the Upper Eocene of northern Italy,Enrico Savazzi,1982,Paläontologische Zeitschrift,article,10.1007/bf02988796,https://doi.org/10.1007/bf02988796,en,,False,NOT_IDENTIFIED,OpenAlex | Semantic Scholar,OA_RESP_THRESHOLD_RECOVERY_01 | OA_SED_DEPOSITION_01 | SS_RESP_THRESHOLD_RECOVERY_01 | SS_SED_DEPOSITION_01,RESP_THRESHOLD_RECOVERY | SED_DEPOSITION,RESP_THRESHOLD_RECOVERY,MULTI_SCHOLARLY,ORGANISM_ONLY,TITLE_ONLY,EXCLUDE,,,Covidence calibration plus reviewer adjudication,,,Jake,2026-08-17,Covidence NO mapped to EXCLUDE.
CAL-0076,DEVELOPMENT,CWC-F228DE68AD94,"Report of the Workshop on Deep-sea Species Identification, Rome...",,,Food and Agriculture Organization of the United Nations,government_report,,https://openknowledge.fao.org/server/api/core/bitstreams/25a323c7-00d8-4bb2-855c-6bcb0e525a59/content,English,iv ABBREVIATIONS AND ACRONYMS ABNJ area beyond national jurisdiction CBD Convention on Biological Diversity CITES Convention on International Trade in Endangered Species of Wild Fauna and Flora CCAMLR Commission for the Conservation of Antarctic Marine Living Resources COFI FAO Committee on Fisheries EAF ecosystem approach to fisheries EBSA ecologically or biologically significant area EEZ exclusive economic zone GIS geographic information system GOBI Global Ocean Biodiversity Initiative IUCN International Union for Conservation of Nature IEO Instituto Español de Oceanografía NIWA National Ins,False,LIKELY_FULL_DOCUMENT_URL,Grey literature,GL_FAO_SED_TAILINGS_01,SED_TAILINGS,SED_TAILINGS,GREY_LITERATURE,NEITHER_SIGNAL,TITLE_ABSTRACT,EXCLUDE,,,Covidence calibration plus reviewer adjudication,,,Jake,2026-08-17,Covidence NO mapped to EXCLUDE.
CAL-0077,VALIDATION,CWC-07DB25DFDBAB,"Seawall Construction Activities Cause a Localized Mass Mortality of Threatened Elkhorn Coral (Acropora palmata) at Vega Baja, Puerto Rico",Mots Clés | Edwin A. Hernández‐Delgado | Alejandra Alvarado | Ricardo Laureano | Katie Flynn | Sean Griffin,2011,,article,,http://nsgl.gso.uri.edu/flsgp/flsgpw10002/data.suspect/papers/abstracts/011.pdf,en,"Improper implementation of sedimentation controls at a seawall construction site at Vega Baja beach, Puerto Rico, resulted in significant high turbidity followed by localized mass mortality of threatened Elkhorn coral (Acropora palmata) populations along a east-west gradient during August 13 - 20, 2010. A total of 63 tagged coral colonies along eight permanent transects (0.5 to 2.2 km downstream of the construction site) were unblemished before the event. Those located below 0.9 km away showed an increase in % frequency infections (22 - 78% with decreasing distance). None of the corals located farther away were impacted. Fifty more corals were tagged after the incident along two transects at 0.6 (east) and 0.8 km away (middle). A total of 90% of the corals were partially killed by patchy necrosis (PN) at each site, with 75% still showing active infections at the east and 50% at the middle site. Also, 45% of the colonies showed 26 - 50% recent tissue loss at the east, while 23% of those from the middle showed only 6 - 25% tissue loss. Live % coral cover was significantly lower at the east site (44%) than at the middle (66%). Recent mortality was higher at the east site (37%) in comp",True,NOT_IDENTIFIED,OpenAlex | Semantic Scholar,OA_RESP_THRESHOLD_RECOVERY_01 | OA_SED_SUSPENDED_01 | SS_RESP_THRESHOLD_RECOVERY_01 | SS_SED_SUSPENDED_01,RESP_THRESHOLD_RECOVERY | SED_SUSPENDED,SED_SUSPENDED,MULTI_SCHOLARLY,ORGANISM_AND_STRESSOR,TITLE_ABSTRACT,EXCLUDE,,,Covidence calibration plus reviewer adjudication,,,Jake,2026-08-17,Covidence NO mapped to EXCLUDE.
CAL-0078,DEVELOPMENT,CWC-88EBF19DE90B,Shallow-water sea fans: the exceptional assemblage of <i>Leptogorgia sarmentosa</i> (Anthozoa: Gorgoniidae) in the Genoa harbour (Ligurian Sea),Federico Betti | Marzia Bo | Simone Bava | Marco Faimali | Giorgio Bavestrello,2018,The European Zoological Journal,article,10.1080/24750263.2018.1494219,https://doi.org/10.1080/24750263.2018.1494219,en,"Abstract An exceptional assemblage of the sea fan Leptogorgia sarmentosa (Anthozoa: Gorgoniidae) was observed inside the Genoa harbour, which represents one of the major Mediterranean ports. The studied assemblage is confined in a shaded portion of a floating dock thriving in extremely shallow water, with specimens even touching the sea surface. It represents the shallowest population of this species and of this genus known worldwide. A total of 188 specimens were observed and measured: the maximum density of 45 specimens m−2 was reached in the most shaded part of the dock, where the maximum height of colonies (30 cm) was also recorded. Light measurements showed that the illuminance along the dock was comparable to that observed outside the harbour at 20 m depth, where the nearest colonies of L. sarmentosa were recorded for this region. This suggests that high levels of incident light might be putatively interpreted as the limiting factor in the upper bathymetrical distribution of the species. Despite the extremely shallow distribution, however, the population cannot be defined as intertidal as the floating dock avoids exposing the gorgonians to air. The chance to grow far from the",True,OPEN_ACCESS_PDF,Citation chaining | OpenAlex | Semantic Scholar,OA_CHAIN_G1_FORWARD_CITATION | OA_SED_SUSPENDED_01 | SS_SED_SUSPENDED_01,MECH_FEEDING_MUCUS_CORAL | SED_DEPOSITION | SED_DREDGING | SED_SUSPENDED,MECH_FEEDING_MUCUS_CORAL,CITATION_CHAINING,STRESSOR_ONLY,TITLE_ABSTRACT,EXCLUDE,,,Covidence calibration plus reviewer adjudication,,,Jake,2026-08-17,Covidence NO mapped to EXCLUDE.
CAL-0079,DEVELOPMENT,CWC-E86DE653C9E1,Ecology and morphology of the Caribbean Mlo-Pliocen reef-coral Siderastrea,Ann Budd Foster,1980,Acta Palaeontologica Polonica,article,,https://www.app.pan.pl/article/item/app25-439.html?pdf=39,en,"Small paucispeciflc banks constructed by the massive scleractinian Siderasirea occur along the northern margins of hermatypic coral distribution during the Miocene and Pliocene epochs. Quantitative studies of environmental variation in one bank-builder, S. mendenhaltt, from sandstones north of the Gulf of California show that distinctively thin, closely spaced synapticulae form in turbid, nearshore habitats in the same manner as in modern S. siderea from Jamaica. Analysis of variation between Siderasirea species suggests that, like these nearshore populations, framework-building species have comparatively large corallite diameters; thin septa, columellae, and walls; and numerous synapticular rings. These results imply that skeletal configurations of Tertiary bank-building Siderastrea may have been uniquely adapted for rapid colony growth in turbid, protected environments with abundant suspended organic material.",False,OPEN_ACCESS_LANDING_PAGE,OpenAlex | Semantic Scholar,OA_SED_SUSPENDED_01 | SS_SED_SUSPENDED_01,SED_SUSPENDED,SED_SUSPENDED,MULTI_SCHOLARLY,ORGANISM_AND_STRESSOR,TITLE_ABSTRACT,EXCLUDE,,,Covidence calibration plus reviewer adjudication,,,Jake,2026-08-17,Covidence NO mapped to EXCLUDE.
CAL-0080,VALIDATION,CWC-5590F502CF56,The evolution of the Great Barrier Reef during the Last Interglacial Period,Belinda Dechnik | Jody M. Webster | Gregory E. Webb | Luke D. Nothdurft | Andrea Dutton | Juan-Carlos Braga | Jian‐xin Zhao | Stephanie Duce | James Sadler,2016,ResearchOnline - JCU (James Cook University),article,10.1016/j.gloplacha.2016.11.018,https://researchonline.jcu.edu.au/47334/1/Dechnik_etal_2017_Evo%20of%20the%20GBR%20LIG_GCP.pdf,en,,False,NOT_IDENTIFIED,OpenAlex | Semantic Scholar,OA_SED_SUSPENDED_01 | SS_SED_SUSPENDED_01,SED_SUSPENDED,SED_SUSPENDED,MULTI_SCHOLARLY,NEITHER_SIGNAL,TITLE_ONLY,EXCLUDE,,,Covidence calibration plus reviewer adjudication,,,Jake,2026-08-17,Covidence NO mapped to EXCLUDE.
CAL-0081,DEVELOPMENT,CWC-50E7237DCB88,"Mineral sediments of the Kholodnyy grotto cave(Bzyb Gorge, Abkhazia) and d13C carbon and d18O oxygenisotope composition of karstogenic carbonates",O. Chervyatsova; S. Potapov; L. V. Leonova; J. L. Baker; R. Dbar; G. Ras,2020,,,10.19110/geov.2020.10.2,https://www.semanticscholar.org/paper/7b29e6a11a48d16010118775a0e74360a77f6e09,,"The article is devoted to the results of the study of the mineral and isotopic composition of speleothems of the of the Kholodnyy Grotto cavein the Bzyb gorge of Abkhazia. The cavity was mapped and various types of secondary mineral deposits were recorded. The following mineral formations (speleothems) have been established in the cave: Mondmilch, corallites, guhrs, carbonate breccias, biogenic phosphates. Attention is drawn to the abundance of allogeneic mineral inclusions in drip calcite associated with the weathering products of igneous rocks (zircon, potassium feldspar, ilmenite, rutile, monazite, apatite). The source of these minerals is presumably the weathering crust of the Middle Jurassic volcanics. The oxygen isotope composition of all studied carbonates reflects the participation of meteoric waters. Moreover, the isotopic composition of carbon is subject to significant variations associated with kinetic fractionation (CO2 degassing). Based on the results of petrographic and isotopic studies, an attempt was made to typify speleothems according to the nature of their feeding and the characteristics of crystallization. Also, the cave revealed phosphate mineralization in the ",True,OPEN_ACCESS_PDF,Semantic Scholar,SS_MECH_FEEDING_MUCUS_CORAL_01,MECH_FEEDING_MUCUS_CORAL,MECH_FEEDING_MUCUS_CORAL,SEMANTIC_SCHOLAR,NEITHER_SIGNAL,TITLE_ABSTRACT,EXCLUDE,,,Covidence calibration plus reviewer adjudication,,,Jake,2026-08-17,Covidence NO mapped to EXCLUDE.
CAL-0082,DEVELOPMENT,CWC-A929D148B6E5,Deep sea mining's future effects on Fiji's tourism industry: A contingent behaviour study,Maja Vinde Folkersen | Christopher M. Fleming | Syezlin Hasan,2018,Marine Policy,article,10.1016/j.marpol.2018.08.001,https://doi.org/10.1016/j.marpol.2018.08.001,en,"Abstract Pristine coral reefs possess a tremendous potential for contributing to tourism and economic development. This is especially important for Fiji given their tourism economy's reliance on diving and coastal activities. Understanding divers’ perceptions of coral reefs and environmental issues is, therefore, paramount to sustaining the tourism industry. Despite the importance of coral reefs to the Fijian tourism sector, the Fijian Government has granted exploration licenses to mining companies to assess the viability of deep sea mining (DSM) activities in Fiji's seas. There is concern that DSM may negatively impact reef-related tourism due to tourists’ perception that DSM activities degrades Fiji's coral reefs. This study conducts a contingent behaviour survey to explore how tourists’ expectations of DSM will affect their future travel decisions and subsequently influence overall tourism demand in Fiji. Our findings show that divers and snorkelers demonstrate a high willingness to return to Fiji in the future, based on their previous travel experience, but that they would significantly reduce their future visits if DSM was to take place in Fiji. These results contribute to our",True,NOT_IDENTIFIED,OpenAlex | Semantic Scholar | Web of Science,OA_SED_TAILINGS_01 | SS_SED_TAILINGS_01 | WOS_SED_TAILINGS_01,SED_TAILINGS,SED_TAILINGS,WEB_OF_SCIENCE,ORGANISM_ONLY,TITLE_ABSTRACT,EXCLUDE,,,Covidence calibration plus reviewer adjudication,,,Jake,2026-08-17,Covidence NO mapped to EXCLUDE.
CAL-0083,DEVELOPMENT,CWC-DFBD04BB7B8F,First attempts towards the restoration of gorgonian populations on the Mediterranean continental shelf,María Montseny | Cristina Linares | Núria Viladrich | Alejandro Olariaga | Marc Carreras | Narcís Palomeras | Nuno Gracias | Klemen Istenič | Rafael García | Stefano Ambroso | Andreu Santín | Jordi Grinyó | Josep María Gili | Andrea Gori,2019,Aquatic Conservation Marine and Freshwater Ecosystems,article,10.1002/aqc.3118,https://doi.org/10.1002/aqc.3118,en,,False,NOT_IDENTIFIED,Citation chaining,OA_CHAIN_G1_FORWARD_CITATION,MECH_FEEDING_PUMPING_SPONGE | SED_DREDGING | SED_SUSPENDED,MECH_FEEDING_PUMPING_SPONGE,CITATION_CHAINING,ORGANISM_ONLY,TITLE_ONLY,EXCLUDE,,,Covidence calibration plus reviewer adjudication,,,Jake,2026-08-17,Covidence NO mapped to EXCLUDE.
CAL-0084,DEVELOPMENT,CWC-7E8D803EEE2C,Platy coral assemblages: 200 million years of functional stability in response to the limiting effects of light and turbidity.,Brian Rosen | G. S. Aillud | Francesca Bosellini | N. J. Clack | Enzo Insalaco | F. Xavier Valldeperas | Moyra E.J. Wilson,2002,IRIS UNIMORE (University of Modena and Reggio Emilia),conference-paper,,https://iris.unimore.it/handle/11380/464243,en,,False,NOT_IDENTIFIED,OpenAlex | Semantic Scholar,OA_SED_SUSPENDED_01 | SS_SED_SUSPENDED_01,SED_SUSPENDED,SED_SUSPENDED,MULTI_SCHOLARLY,ORGANISM_AND_STRESSOR,TITLE_ONLY,EXCLUDE,,,Covidence calibration plus reviewer adjudication,,,Jake,2026-08-17,Covidence NO mapped to EXCLUDE.
CAL-0085,DEVELOPMENT,CWC-6E207F30BB98,Low community photosynthetic quotient in coral reef sediments,Dorothée Taddei | Pascale Cuet | Patrick Frouin | Clémentine Esbelin | Jacques Clavier,2008,Comptes Rendus Biologies,article,10.1016/j.crvi.2008.06.006,https://doi.org/10.1016/j.crvi.2008.06.006,en,"Fluxes of dissolved inorganic carbon and oxygen at the water-sediment interface were measured at eight coral reef stations (Indian Ocean) in summer and winter. The dark fluxes provided the community respiratory quotient (CRQ = dissolved inorganic carbon release / oxygen uptake) and the diurnal fluxes corrected from the dark fluxes gave the community photosynthetic quotient (CPQ = oxygen gross release / dissolved inorganic carbon gross uptake). The CRQ and the winter CPQ were not significantly different from 1. Summer CPQ (0.79; SD 0.02) was significantly lower than 1 due to the combined effect of the daily evolution of the community respiration and the discrepancy between the daily evolution in community oxygen respiration and community carbon respiration. These results highlight the importance of measuring simultaneously the benthic community production and respiration for long term integrated data sets, instead of the traditional daily or seasonal budget calculations from limited measures of community respiration.",False,OPEN_ACCESS_PDF,Citation chaining,OA_CHAIN_G1_FORWARD_CITATION | OA_CHAIN_G2_FORWARD_CITATION,MECH_FEEDING_MUCUS_CORAL | MECH_FEEDING_PUMPING_SPONGE | RESP_THRESHOLD_RECOVERY | SED_DEPOSITION | SED_DREDGING | SED_SUSPENDED,RESP_THRESHOLD_RECOVERY,CITATION_CHAINING,ORGANISM_AND_STRESSOR,TITLE_ABSTRACT,EXCLUDE,,,Covidence calibration plus reviewer adjudication,,,Jake,2026-08-17,Covidence NO mapped to EXCLUDE.
CAL-0086,DEVELOPMENT,CWC-4F04FD5E0DD2,"Chondrilla nucula (Porifera, Demospongiae) : an example of successful plasticity ; ecological and morphological aspects",Marzia Sidri,2004,OPUS Publication Server of the University of Stuttgart (University of Stuttgart),dissertation,10.18419/opus-1648,http://nbn-resolving.de/urn:nbn:de:bsz:93-opus-21391,en,"Sponges (Porifera) represent an important component of the Mediterranean sessile benthic community. They are present both in shallow and deeper waters, on soft and hard bottoms and some species, namely the bath sponges, has an application in human life since a long time. In the last few decades, they also assumed an importance among the organisms producing bioactive compounds which application goes from the homeopathy to the classical medicine to the industry. The study of the taxonomy, ecology and biology of sponges has an history hundreds years old. Now, due to the new findings that render sponges an exploitable marine resource, a coupling of the traditional sciences with the new emerging applications (biotechnology) is urgently needed. The Northern Adriatic Sea was the craddle of the sponge science hosting 36% of the sponge species present in the whole Mediterranean Sea. For the present work, the sponge fauna of a channel-like bay called Limski kanal (Croatia) has been intensively studied for the first time and a list of sponges, including species new for this area, is the result of a series of surveys in twelve sampling sites along the channel. As an introduction to the classif",True,OPEN_ACCESS_LANDING_PAGE,OpenAlex | Semantic Scholar,OA_MECH_FEEDING_PUMPING_SPONGE_01 | SS_MECH_FEEDING_PUMPING_SPONGE_01,MECH_FEEDING_PUMPING_SPONGE,MECH_FEEDING_PUMPING_SPONGE,MULTI_SCHOLARLY,ORGANISM_AND_STRESSOR,TITLE_ABSTRACT,EXCLUDE,,,Covidence calibration plus reviewer adjudication,,,Jake,2026-08-17,Covidence NO mapped to EXCLUDE.
CAL-0087,DEVELOPMENT,CWC-3912BCC7EB56,Facies distribution patterns of some marine benthic faunas in early paleozoic platform environments,William B. N. Berry,1974,Palaeogeography Palaeoclimatology Palaeoecology,article,10.1016/0031-0182(74)90012-1,https://doi.org/10.1016/0031-0182(74)90012-1,en,,False,OPEN_ACCESS_PDF,OpenAlex | Semantic Scholar,OA_MECH_FEEDING_MUCUS_CORAL_01 | SS_MECH_FEEDING_MUCUS_CORAL_01,MECH_FEEDING_MUCUS_CORAL,MECH_FEEDING_MUCUS_CORAL,MULTI_SCHOLARLY,NEITHER_SIGNAL,TITLE_ONLY,EXCLUDE,,,Covidence calibration plus reviewer adjudication,,,Jake,2026-08-17,Covidence NO mapped to EXCLUDE.
CAL-0088,VALIDATION,CWC-2BFF51243348,"Sedimentation Rate in Fringing Reefs of Honda Bay, Puerto Princesa City, Palawan, Philippines with Reference to Coral Reef Condition",Joel G. Becira,2009,DOAJ (DOAJ: Directory of Open Access Journals),article,,https://doaj.org/article/d89ff2461754447cbb01d6e4bd66745f,en,,False,OPEN_ACCESS_LANDING_PAGE,Citation chaining,OA_CHAIN_G1_BACKWARD_REFERENCE,SED_DEPOSITION | SED_DREDGING | SED_SUSPENDED,SED_DREDGING,CITATION_CHAINING,ORGANISM_AND_STRESSOR,TITLE_ONLY,EXCLUDE,,,Covidence calibration plus reviewer adjudication,,,Jake,2026-08-17,Covidence NO mapped to EXCLUDE.
CAL-0089,DEVELOPMENT,CWC-126FCED968AB,Changes within the coral symbiosis underpin seasonal trophic plasticity in reef corals,Emily Chei | Inga Conti-Jerpe | Leonard Pons | David M. Baker,2025,ISME Communications,article,10.1093/ismeco/ycae162,https://doi.org/10.1093/ismeco/ycae162,en,,False,OPEN_ACCESS_PDF,Citation chaining,OA_CHAIN_G1_FORWARD_CITATION,MECH_FEEDING_MUCUS_CORAL | SED_DEPOSITION | SED_SUSPENDED,SED_DEPOSITION,CITATION_CHAINING,ORGANISM_ONLY,TITLE_ONLY,EXCLUDE,,,Covidence calibration plus reviewer adjudication,,,Jake,2026-08-17,Covidence NO mapped to EXCLUDE.
CAL-0090,DEVELOPMENT,CWC-5D9F1237C3D1,Applicant Guide: Full Project Proposal for Environmental and Social Studies – Corals and Sponges Workshop | The Environmental Studies Research Fund,,,Environmental Studies Research Fund,other,,https://www.esrfunds.org/applicant-guide-full-project-proposal-environmental-and-social-studies-corals-and-sponges-workshop,English,"In the context of the application of the DFO guidance to offshore exploration drilling it is timely to review the application of this guidance to determine its effectiveness and efficiency in protecting corals and sponges in an operational context. To that end, this call for proposals aims at bringing together the government, regulators, scientific experts, and industry to review current practices, implementation and outcomes from recent drilling programs. ## Objective & Scope [...] Post-workshop Phase: This phase should include a draft of the workshop report to be circulated to all participa",False,NOT_IDENTIFIED,Grey literature,GL_ESRF_MECH_FEEDING_MUCUS_CORAL_01 | GL_ESRF_MECH_FEEDING_PUMPING_SPONGE_01 | GL_ESRF_RESP_THRESHOLD_RECOVERY_01 | GL_ESRF_SED_DRILLING_01,MECH_FEEDING_MUCUS_CORAL | MECH_FEEDING_PUMPING_SPONGE | RESP_THRESHOLD_RECOVERY | SED_DRILLING,MECH_FEEDING_MUCUS_CORAL,GREY_LITERATURE,ORGANISM_ONLY,TITLE_ABSTRACT,EXCLUDE,,,Covidence calibration plus reviewer adjudication,,,Jake,2026-08-17,Covidence NO mapped to EXCLUDE.
CAL-0091,DEVELOPMENT,CWC-4339D73E3E76,Sediment Budget of the Yellow River over the Period 1855～1968,Shi Chang,2003,Journal of Sediment Research,article,,https://en.cnki.com.cn/Article_en/CJFDTOTAL-NSYJ200302000.htm,en,,False,NOT_IDENTIFIED,Citation chaining,OA_CHAIN_G1_RELATED_WORK | OA_CHAIN_G2_RELATED_WORK,MECH_FEEDING_MUCUS_CORAL | MECH_FEEDING_PUMPING_SPONGE | RESP_THRESHOLD_RECOVERY | SED_DEPOSITION | SED_DREDGING | SED_DRILLING | SED_SUSPENDED | SED_TAILINGS,MECH_FEEDING_PUMPING_SPONGE,CITATION_CHAINING,STRESSOR_ONLY,TITLE_ONLY,EXCLUDE,,,Covidence calibration plus reviewer adjudication,,,Jake,2026-08-17,Covidence NO mapped to EXCLUDE.
CAL-0092,DEVELOPMENT,CWC-05C4F306805E,Short-term responses of estuarine mesozooplankton to maintenance dredging activities,M.J. Reyes-Martínez | L. Vicente | C. Megina | J.M. Miró | I. Donázar-Aramendía | J.C. García-Gómez | J.I. González-Gordillo,2026,SSRN Electronic Journal,preprint,10.2139/ssrn.6538522,https://doi.org/10.2139/ssrn.6538522,,,False,OPEN_ACCESS_LANDING_PAGE,Citation chaining,OA_CHAIN_G1_FORWARD_CITATION,RESP_THRESHOLD_RECOVERY | SED_DREDGING | SED_SUSPENDED,RESP_THRESHOLD_RECOVERY,CITATION_CHAINING,NEITHER_SIGNAL,TITLE_ONLY,EXCLUDE,,,Covidence calibration plus reviewer adjudication,,,Jake,2026-08-17,Covidence NO mapped to EXCLUDE.
CAL-0093,DEVELOPMENT,CWC-EF75DED24304,Hydrodynamic influences on acoustical and optical backscatter in a fringing reef environment,Geno Pawlak | Mark A. Moline | Eric Terrill | Patrick L. Colin,2016,Journal of Geophysical Research Oceans,article,10.1002/2016jc012497,https://doi.org/10.1002/2016jc012497,en,"Observations of hydrodynamics along with optical and acoustical water characteristics in a tropical fringing reef environment reveal a distinct signature associated with flow characteristics and tidal conditions. Flow conditions are dominated by tidal forcing with an offshore component from the reef flat during ebb. Measurements span variable wave conditions enabling identification of wave effects on optical and acoustical water properties. High-frequency acoustic backscatter (6 MHz) is strongly correlated with tidal forcing increasing with offshore directed flow and modulated by wave height, indicating dominant hydrodynamic influence. Backscatter at 300 and 1200 kHz is predominantly diurnal suggesting a biological component. Optical backscatter is closely correlated with high-frequency acoustic backscatter across the range of study conditions. Acoustic backscatter frequency dependence is used along with changes in optical properties to interpret particle-size variations. Changes across wave heights suggest shifts in particle-size distributions with increases in relative concentrations of smaller particles for larger wave conditions. Establishing a connection between the physical p",True,OPEN_ACCESS_PDF,Citation chaining | Web of Science,OA_CHAIN_G1_FORWARD_CITATION | WOS_SED_SUSPENDED_01,MECH_FEEDING_MUCUS_CORAL | RESP_THRESHOLD_RECOVERY | SED_DREDGING | SED_SUSPENDED | SED_SUSPENDED,RESP_THRESHOLD_RECOVERY,WEB_OF_SCIENCE,NEITHER_SIGNAL,TITLE_ABSTRACT,EXCLUDE,,,Covidence calibration plus reviewer adjudication,,,Jake,2026-08-17,Covidence NO mapped to EXCLUDE.
CAL-0094,VALIDATION,CWC-33F4864C543C,A combined modelling and geochemical study of the fate of terrigenous inputs from mixed natural and mining sources in a coral reef lagoon (New Caledonia),Jean-Michel Fernandez | Sylvain Ouillon | Christophe Chevillon | Pascal Douillet | Renaud Fichez | Romain Le Gendre,2005,Marine Pollution Bulletin,article,10.1016/j.marpolbul.2005.09.010,https://doi.org/10.1016/j.marpolbul.2005.09.010,en,"Open-cast mining for Ni, Cr and Co was conducted in the south-west part of New Caledonia during the 20th century. Abandoned mining and prospecting sites were severely affected by erosion, resulting in all increase in the load of terrigenous particles transported to the coral reef lagoon. This article assesses the impact of a typical small catchment area (La Coulee River, 85 km 2 watershed) oil two bays (Boulari and Sainte Marie) located near Noumea, New Caledonia's main city. This multi-disciplinary study combines geochemical, sedimentological, and hydrodynamic approaches. Ni and Cr concentrations contained in the geochemical matrix phase of the pelitic fraction were determined. The study of the geochemical signatures together with sedimentological data and 3D numerical simulations of the transport of non-settling particles throughout the lagoon demonstrated that terrigenous inputs from the Coulee River were mainly transported and deposited along the shoreline, reaching areas as distant as Sainte Marie Bay. Although quantitatively low (about 3% of the pelite mass of the bay sediments), the terrigenous inputs in Sainte Marie Bay originating from the Coulee River could be traced. The",True,NOT_IDENTIFIED,Citation chaining | Web of Science,OA_CHAIN_G1_BACKWARD_REFERENCE | OA_CHAIN_G2_FORWARD_CITATION | WOS_SED_SUSPENDED_01,RESP_THRESHOLD_RECOVERY | SED_DEPOSITION | SED_DREDGING | SED_SUSPENDED | SED_SUSPENDED,RESP_THRESHOLD_RECOVERY,WEB_OF_SCIENCE,ORGANISM_ONLY,TITLE_ABSTRACT,EXCLUDE,,,Covidence calibration plus reviewer adjudication,,,Jake,2026-08-17,Covidence NO mapped to EXCLUDE.
CAL-0095,DEVELOPMENT,CWC-65B8DDB18E57,"Spongiaires provenant des campagnes scientifiques de la Princesse-Alice dans les Mers du Nord (1898-1899, 1906-1907)",Émile Topsent,1913,Medical Entomology and Zoology,article,,http://ci.nii.ac.jp/ncid/BA61091003,fr,,False,NOT_IDENTIFIED,Citation chaining,OA_CHAIN_G2_BACKWARD_REFERENCE,MECH_FEEDING_MUCUS_CORAL | MECH_FEEDING_PUMPING_SPONGE | RESP_THRESHOLD_RECOVERY | SED_DEPOSITION | SED_DREDGING | SED_DRILLING | SED_SUSPENDED | SED_TAILINGS,MECH_FEEDING_PUMPING_SPONGE,CITATION_CHAINING,NEITHER_SIGNAL,TITLE_ONLY,EXCLUDE,,,Covidence calibration plus reviewer adjudication,,,Jake,2026-08-17,Covidence NO mapped to EXCLUDE.
CAL-0096,DEVELOPMENT,CWC-740C687D916A,Results in coastal waters with high resolution in situ spectral radiometry: The Marine Optical System ROV,Mark Yarbrough | Michael Feinholz | Stephanie J. Flora | Terrance Houlihan | Bettye C. Johnson | Yong S. Kim | Marilyn Y. Murphy | Michael Ondrusek | Dennis Clark,2007,"Proceedings of SPIE, the International Society for Optical Engineering/Proceedings of SPIE",conference-paper,10.1117/12.735064,https://doi.org/10.1117/12.735064,en,"The water-leaving spectral radiance is a basic ocean color remote sensing parameters required for the vicarious calibration. Determination of water-leaving spectral radiance using in-water radiometry requires measurements of the upwelling spectral radiance at several depths. The Marine Optical System (MOS) Remotely Operated Vehicle (ROV) is a portable, fiber-coupled, high-resolution spectroradiometer system with spectral coverage from 340 nm to 960 nm. MOS was developed at the same time as the Marine Optical Buoy (MOBY) spectrometer system and is optically identical except that it is configured as a profiling instrument. Concerns with instrument self-shadowing because of the large exterior dimensions of the MOS underwater housing led to adapting MOS and ROV technology. This system provides for measurement of the near-surface upwelled spectral radiance while minimizing the effects of shadowing. A major advantage of this configuration is that the ROV provides the capability to acquire measurements 5 cm to 10 cm below the water surface and is capable of very accurate depth control (1 cm) allowing for high vertical resolution observations within the very near-surface. We describe the i",True,NOT_IDENTIFIED,OpenAlex | Semantic Scholar,OA_SED_SUSPENDED_01 | SS_SED_SUSPENDED_01,SED_SUSPENDED,SED_SUSPENDED,MULTI_SCHOLARLY,ORGANISM_AND_STRESSOR,TITLE_ABSTRACT,EXCLUDE,,,Covidence calibration plus reviewer adjudication,,,Jake,2026-08-17,Covidence NO mapped to EXCLUDE.
CAL-0097,VALIDATION,CWC-60ED61B06267,"Depth-related plasticity in the diet composition of Pseudechinus magellanicus (Echinoidea, Temnopleuridae) in nearshore environments off central Patagonia, Argentina",D. G. Gil; A. Boraso; E. C. Lopretto; H. Zaixso,2021,Aquatic Ecology,JOUR,10.1007/s10452-021-09847-4,https://www.semanticscholar.org/paper/d283ac3f2043600a420695dda637be5961119856,English,"Pseudechinus magellanicus is one of the most abundant sea urchins in southern South America, but many aspects of its feeding ecology in nearshore environments remain unknown. Here, we aimed to analyze the variability of the diet composition along a coastal depth gradient from intertidal tidepools to upper circalittoral zones and examine the relation between seaweed availability and the diet composition at intertidal tidepools. A total of 118 food items, including seaweeds and animal components, were identified. The diet composition showed a large variation between the different coastal habitats present along the depth gradient studied. In tidepools, articulate coralline seaweeds (Corallina spp.), mussel shell fragments and small crustaceans were frequent in the gut contents, suggesting that this species behaves like a general omnivore but can also act as a mussel bioeroder when consuming epizoic algae and microeuendolithic organisms. In intertidal tidepools, the species showed a negative preference toward typical species of late successional stages such as Dictyota dichotoma, Adenocystis utricularis, Codium fragile and Chondria macrocarpa. Sea urchins from kelp forests showed highe",True,OPEN_ACCESS_PDF,Semantic Scholar | Web of Science,SS_MECH_FEEDING_MUCUS_CORAL_01 | WOS_MECH_FEEDING_MUCUS_CORAL_01,MECH_FEEDING_MUCUS_CORAL,MECH_FEEDING_MUCUS_CORAL,WEB_OF_SCIENCE,NEITHER_SIGNAL,TITLE_ABSTRACT,EXCLUDE,,,Covidence calibration plus reviewer adjudication,,,Jake,2026-08-17,Covidence NO mapped to EXCLUDE.
CAL-0098,DEVELOPMENT,CWC-82C15F938CB0,Impacts of water quality on Acropora coral settlement: The relative importance of substrate quality and light,Gerard F. Ricardo | Charlotte E. Harper | Andrew P. Negri | Heidi M. Luter | Muhammad Azmi Abdul Wahab | Ross Jones,2021,The Science of The Total Environment,article,10.1016/j.scitotenv.2021.146079,https://doi.org/10.1016/j.scitotenv.2021.146079,en,,False,NOT_IDENTIFIED,Citation chaining,OA_CHAIN_G1_BACKWARD_REFERENCE | OA_CHAIN_G1_FORWARD_CITATION | OA_CHAIN_G2_FORWARD_CITATION,MECH_FEEDING_MUCUS_CORAL | MECH_FEEDING_PUMPING_SPONGE | RESP_THRESHOLD_RECOVERY | SED_DEPOSITION | SED_DREDGING | SED_DRILLING | SED_SUSPENDED | SED_TAILINGS,SED_TAILINGS,CITATION_CHAINING,ORGANISM_ONLY,TITLE_ONLY,EXCLUDE,,,Covidence calibration plus reviewer adjudication,,,Jake,2026-08-17,Covidence NO mapped to EXCLUDE.
CAL-0099,DEVELOPMENT,CWC-776C9FCDFB5D,"Species composition of benthic macroalgae in the coastal areas of Surigao City , Philippines",Louella Degamon; Rose Ann S. Bukid; Frances Love C. Caulin; Remedios M. Adanza,2021,,,,https://www.semanticscholar.org/paper/6f8fc8bc61d36fe6f037aadecc7506d6f2ce1c24,,,False,NOT_IDENTIFIED,Semantic Scholar,SS_RESP_THRESHOLD_RECOVERY_01 | SS_SED_SUSPENDED_01,RESP_THRESHOLD_RECOVERY | SED_SUSPENDED,RESP_THRESHOLD_RECOVERY,SEMANTIC_SCHOLAR,NEITHER_SIGNAL,TITLE_ONLY,EXCLUDE,,,Covidence calibration plus reviewer adjudication,,,Jake,2026-08-17,Covidence NO mapped to EXCLUDE.
CAL-0100,DEVELOPMENT,CWC-686EA4BE1676,An examination of the ability of coral geochemical records to reconstruct suspended sediment loads to the Great Barrier Reef lagoon,S. Lewis; J. Lough; N. Cantin; E. Matson; L. Kinsley; J. Brodie,2016,,,,https://www.semanticscholar.org/paper/462d4e5a027c75e147e57defaf07e5f35c70045e,,,False,NOT_IDENTIFIED,Semantic Scholar,SS_SED_DEPOSITION_01 | SS_SED_SUSPENDED_01,SED_DEPOSITION | SED_SUSPENDED,SED_DEPOSITION,SEMANTIC_SCHOLAR,ORGANISM_AND_STRESSOR,TITLE_ONLY,EXCLUDE,,,Covidence calibration plus reviewer adjudication,,,Jake,2026-08-17,Covidence NO mapped to EXCLUDE.
CAL-0101,DEVELOPMENT,CWC-F44681C3DAE5,Coral Reefs,S Smithers | David Hopley,2018,Encyclopedia of earth sciences series/Encyclopedia of earth sciences,reference-entry,10.1007/978-3-319-48657-4_102-2,https://doi.org/10.1007/978-3-319-48657-4_102-2,en,,False,NOT_IDENTIFIED,OpenAlex,OA_SED_SUSPENDED_01,SED_SUSPENDED,SED_SUSPENDED,OPENALEX,ORGANISM_ONLY,TITLE_ONLY,EXCLUDE,,,Covidence calibration plus reviewer adjudication,,,Jake,2026-08-17,Covidence NO mapped to EXCLUDE.
CAL-0102,DEVELOPMENT,CWC-70337402AC83,Legislation | The Environmental Studies Research Fund,,,Environmental Studies Research Fund,other,,https://www.esrfunds.org/legislation,English,Legislation | The Environmental Studies Research Fund. * Moving within Canada to work. * Employment Insurance benefits and leave. * Work in Canada - work permits. * View your records of employment. * Submit a record of employment - employers. * Apply for a Social Insurance Number (SIN). * Settling in Canada as a newcomer. * Canadian passports and travel documents. * Return or travel to Canada. * Find out if you need a visa to travel to Canada. * Canada's response to U.S. tariffs on Canadian goods. * File Corporations Canada annual return. * My Business Account (Canada Revenue Agency). * Employ,False,NOT_IDENTIFIED,Grey literature,GL_ESRF_MECH_FEEDING_MUCUS_CORAL_01 | GL_ESRF_MECH_FEEDING_PUMPING_SPONGE_01 | GL_ESRF_RESP_THRESHOLD_RECOVERY_01 | GL_ESRF_SED_DRILLING_01,MECH_FEEDING_MUCUS_CORAL | MECH_FEEDING_PUMPING_SPONGE | RESP_THRESHOLD_RECOVERY | SED_DRILLING,MECH_FEEDING_PUMPING_SPONGE,GREY_LITERATURE,NEITHER_SIGNAL,TITLE_ABSTRACT,EXCLUDE,,,Covidence calibration plus reviewer adjudication,,,Jake,2026-08-17,Covidence NO mapped to EXCLUDE.
CAL-0103,DEVELOPMENT,CWC-53EB06B9216F,Numerical simulations of a storm‐generated island‐trapped wave event at the Hawaiian Islands,M. A. Merrifield | Linqiang Yang | Douglas S. Luther,2002,Journal of Geophysical Research Atmospheres,article,10.1029/2001jc001134,https://doi.org/10.1029/2001jc001134,en,,False,OPEN_ACCESS_PDF,Citation chaining,OA_CHAIN_G1_BACKWARD_REFERENCE,SED_DREDGING | SED_SUSPENDED,SED_SUSPENDED,CITATION_CHAINING,NEITHER_SIGNAL,TITLE_ONLY,EXCLUDE,,,Covidence calibration plus reviewer adjudication,,,Jake,2026-08-17,Covidence NO mapped to EXCLUDE.
CAL-0104,DEVELOPMENT,CWC-97C23CD983AA,Annual Reports | The Environmental Studies Research Fund,,,Environmental Studies Research Fund,other,,https://www.esrfunds.org/annual-reports,English,"[Annual Report 2025 – 2026 [PDF, 1571 Kb]](/sites/esrf/files/2026-06/esrf_-_annual_report_-_2025-26_en.pdf) [Annual Report 2024 – 2025 [PDF, 1718 Kb]](/sites/esrf/files/2026-02/ESRF%20-%20Annual%20Report%20-%202024-25%20-%20EN%20-%20final_0.pdf) [Annual Report 2023 – 2024 [PDF, 1798 Kb]](/sites/esrf/files/2024-06/2023-2024%20ESRF%20Annual%20Report.pdf) [Annual Report 2022 – 2023 [PDF, 1579 Kb]](/sites/esrf/files/2024-06/2022-2023%20ESRF%20Annual%20Report.pdf) [...] Report a problem or mistake on this page Date modified: [...] [Annual Report 2011 [PDF, 1007 Kb]]( [Annual Report 2010 [PDF,",False,NOT_IDENTIFIED,Grey literature,GL_ESRF_MECH_FEEDING_MUCUS_CORAL_01 | GL_ESRF_MECH_FEEDING_PUMPING_SPONGE_01 | GL_ESRF_RESP_THRESHOLD_RECOVERY_01 | GL_ESRF_SED_DRILLING_01,MECH_FEEDING_MUCUS_CORAL | MECH_FEEDING_PUMPING_SPONGE | RESP_THRESHOLD_RECOVERY | SED_DRILLING,RESP_THRESHOLD_RECOVERY,GREY_LITERATURE,NEITHER_SIGNAL,TITLE_ABSTRACT,EXCLUDE,,,Covidence calibration plus reviewer adjudication,,,Jake,2026-08-17,Covidence NO mapped to EXCLUDE.
CAL-0105,DEVELOPMENT,CWC-0EB0F31D21F5,"Production and off-bank transport of carbonate sediment, Black Rock, southwest Little Bahama Bank",Charles M. Hoskin | John K. Reed | David Mook,1986,Marine Geology,article,10.1016/0025-3227(86)90115-5,https://doi.org/10.1016/0025-3227(86)90115-5,en,,False,NOT_IDENTIFIED,OpenAlex | Semantic Scholar,OA_MECH_FEEDING_MUCUS_CORAL_01 | SS_MECH_FEEDING_MUCUS_CORAL_01,MECH_FEEDING_MUCUS_CORAL,MECH_FEEDING_MUCUS_CORAL,MULTI_SCHOLARLY,STRESSOR_ONLY,TITLE_ONLY,EXCLUDE,,,Covidence calibration plus reviewer adjudication,,,Jake,2026-08-17,Covidence NO mapped to EXCLUDE.
CAL-0106,VALIDATION,CWC-5CEDE9F40F7C,To dredge or not to dredge? The Kingston Pier channel project — Norfolk Island's Reef,,,,other,,https://www.norfolkislandreef.com.au/out-on-a-swim/to-dredge-or-not-to-dredge-the-kingston-pier-channel-project,English,"Direct physical destruction: Reefs inside the footprint are literally removed, fractured or buried by dredge heads and spoil disposal. Dredging has repeatedly led to permanent loss of coral habitat by either directly removing the corals or by burying them (Erftemeijer et al., 2012). [...] Chronic turbidity (cloudiness of the water caused by silt particles) and consequential light reduction: Dredging creates persistent sediment plumes. The closer the marine habitat is to the dredge site, the worse the effect will be (Fisher et al., 2015). Suspended sediments reduce light, which is needed by the",False,NOT_IDENTIFIED,Grey literature,GL_USGS_SED_DREDGING_01 | GL_WOA_SED_DREDGING_01,SED_DREDGING,SED_DREDGING,GREY_LITERATURE,ORGANISM_AND_STRESSOR,TITLE_ABSTRACT,EXCLUDE,,,Covidence calibration plus reviewer adjudication,,,Jake,2026-08-17,Covidence NO mapped to EXCLUDE.
CAL-0107,DEVELOPMENT,CWC-92FD7FB9F14D,Particle size and confining-pressure effects of shear characteristics of coral sand: an experimental study,Xing Wang | Xinzhi Wang | Xinzhi Wang | Xinzhi Wang | Jianhua Shen | Changqi Zhu,2022,Bulletin of Engineering Geology and the Environment,article,10.1007/s10064-022-02599-x,https://doi.org/10.1007/s10064-022-02599-x,en,,False,NOT_IDENTIFIED,Citation chaining,OA_CHAIN_G1_BACKWARD_REFERENCE,SED_DREDGING,SED_DREDGING,CITATION_CHAINING,ORGANISM_ONLY,TITLE_ONLY,EXCLUDE,,,Covidence calibration plus reviewer adjudication,,,Jake,2026-08-17,Covidence NO mapped to EXCLUDE.
CAL-0108,VALIDATION,CWC-A2A3A58B4E85,"Distribution, growth, and disturbance of Catalina Island rhodoliths",Paul Tompkins,2011,,,10.31979/etd.vpw7-rnrn,https://www.semanticscholar.org/paper/d7ef1ba3033c040098731b4847f9178a41901352,,"Rhodoliths are free-living coralline algae (Rhodophyta) that form large beds on the seafloor. Rhodolith beds are globally widespread and biologically diverse shallow marine habitats. Beds are ecologically sensitive, disturbed by humans, and in Europe are protected by law. While rhodolith beds have been found in California waters at Catalina Island, no literature exists regarding their distribution or ecological significance. This study sought to (1) map the distribution and characterize the rhodolith beds around Catalina, (2) determine the seasonal growth rates, and (3) investigate the effect of common sources of disturbance. A systematic search of shallow subtidal (0-40 meters) areas revealed seven beds. These were mapped by divers using SCUBA. Living and dead rhodolilths and rhodalgal sediments covered approximately 22,900 and 42,696 square meters of seafloor, respectively. Percentage cover, and mean size of living rhodoliths varied across beds. Growth rates varied seasonally but were consistent with global averages; branches grew just over a millimeter a year. Vessel mooring chains were a common source of disturbance, and decreased 3-dimensional rhodolith habitat and living rhod",True,OPEN_ACCESS_PDF,Semantic Scholar,SS_SED_DEPOSITION_01,SED_DEPOSITION,SED_DEPOSITION,SEMANTIC_SCHOLAR,NEITHER_SIGNAL,TITLE_ABSTRACT,EXCLUDE,,,Covidence calibration plus reviewer adjudication,,,Jake,2026-08-17,Covidence NO mapped to EXCLUDE.
CAL-0109,DEVELOPMENT,CWC-CBFEA0F4D67F,Optimizing return‐on‐effort for coral nursery and outplanting practices to aid restoration of the Great Barrier Reef,David J. Suggett | Emma F. Camp | John Edmondson | Lisa Boström‐Einarsson | Vanessa Ramler | Kathryn E. Lohr | Joshua T. Patterson,2018,Restoration Ecology,article,10.1111/rec.12916,https://doi.org/10.1111/rec.12916,en,,False,OPEN_ACCESS_PDF,Citation chaining,OA_CHAIN_G2_FORWARD_CITATION,MECH_FEEDING_MUCUS_CORAL | RESP_THRESHOLD_RECOVERY | SED_DEPOSITION | SED_DREDGING | SED_SUSPENDED,RESP_THRESHOLD_RECOVERY,CITATION_CHAINING,ORGANISM_ONLY,TITLE_ONLY,EXCLUDE,,,Covidence calibration plus reviewer adjudication,,,Jake,2026-08-17,Covidence NO mapped to EXCLUDE.
CAL-0110,DEVELOPMENT,CWC-71ACCA10CA0C,Automated Quantification of Parrotfish Grazing in Coral Reef Soundscapes Enhances Our Understanding of Environmental Forcing of this Key Function,Simon Élise | Manon Ducrettet | François Guilhaumon | Martin Cagnato | J. Henrich Bruggemann,2023,SSRN Electronic Journal,preprint,10.2139/ssrn.4482303,http://dx.doi.org/10.2139/ssrn.4482303,en,,False,OPEN_ACCESS_LANDING_PAGE,OpenAlex,OA_MECH_FEEDING_MUCUS_CORAL_01,MECH_FEEDING_MUCUS_CORAL,MECH_FEEDING_MUCUS_CORAL,OPENALEX,ORGANISM_ONLY,TITLE_ONLY,EXCLUDE,,,Covidence calibration plus reviewer adjudication,,,Jake,2026-08-17,Covidence NO mapped to EXCLUDE.
CAL-0111,DEVELOPMENT,CWC-E8ABDB420B84,,Jorge R García-Sais | Stacey M Williams | Ali Amirrezvani,2018,,dataset,10.7287/peerj.preprints.2898/supp-9,https://doi.org/10.7287/peerj.preprints.2898/supp-9,,"This work analyzes the mortality, recovery, and shifts in the composition of scleractinian corals in Puerto Rico one decade after the 2005 regional coral bleaching event. Temporal and spatial patterns of coral community structure were examined using a stratified, non-random sampling approach based on five permanent transects per reef at 16 reef stations. A negative correlation between percent coral cover loss and light attenuation coefficient (Kd490) was observed, suggesting that water turbidity played a major role in coral protection during the bleaching event (“sunblock effect”). Loss of coral cover after the bleaching event was lower at nearshore reefs, and with increasing depth at oceanic and shelf-edge reefs. By 2015, coral recovery was observed at all reefs surveyed, but coastal reefs exhibited a higher rate of recovery. The responses of coral assemblages varied after the bleaching event, including shifts in cover from massive corals (Orbicella spp.) to turf algae and/or by opportunistic (Porites astreoides) and branching corals (Madracis auretenra, P. porites); partial recovery by O. annularis complex; and no measurable change in coral assemblages before and after the event.",False,OPEN_ACCESS_LANDING_PAGE,OpenAlex,OA_RESP_THRESHOLD_RECOVERY_01 | OA_SED_SUSPENDED_01,RESP_THRESHOLD_RECOVERY | SED_SUSPENDED,SED_SUSPENDED,OPENALEX,ORGANISM_AND_STRESSOR,TITLE_ABSTRACT,EXCLUDE,,,Covidence calibration plus reviewer adjudication,,,Jake,2026-08-17,Covidence NO mapped to EXCLUDE.
CAL-0112,VALIDATION,CWC-8A517C09BA2C,Turbidity and light attenuation in coastal waters of the Great Barrier Reef,R. Macdonald,2015,,,,https://www.semanticscholar.org/paper/ce53a6779a354dc6983c2cef623723673a4cfb30,,,False,NOT_IDENTIFIED,Semantic Scholar,SS_SED_DREDGING_01 | SS_SED_SUSPENDED_01,SED_DREDGING | SED_SUSPENDED,SED_SUSPENDED,SEMANTIC_SCHOLAR,STRESSOR_ONLY,TITLE_ONLY,EXCLUDE,,,Covidence calibration plus reviewer adjudication,,,Jake,2026-08-17,Covidence NO mapped to EXCLUDE.
CAL-0113,DEVELOPMENT,CWC-5B85EC31589B,Glass sponges arrest pumping in response to increased sediment loads,"Leys, SP | Tompkins, GJ",2004,INTEGRATIVE AND COMPARATIVE BIOLOGY,JOUR,,,English,,False,NOT_IDENTIFIED,Web of Science,WOS_MECH_FEEDING_PUMPING_SPONGE_01 | WOS_SED_DEPOSITION_01,MECH_FEEDING_PUMPING_SPONGE | SED_DEPOSITION,MECH_FEEDING_PUMPING_SPONGE,WEB_OF_SCIENCE,ORGANISM_AND_STRESSOR,TITLE_ONLY,CORE_INCLUDE,,,Covidence calibration plus reviewer adjudication,,,Jake,2026-08-17,
CAL-0114,DEVELOPMENT,CWC-73F78B770C85,Towards Bringing a Change: Creating an Ecocentric Awareness Through Texts of Popular Culture,Raghunandanan Roshni; D. Anthony,2020,,,,https://www.semanticscholar.org/paper/9b41f4fbf5dbf539b634193e5b51bbfa042146d6,,,False,NOT_IDENTIFIED,Semantic Scholar,SS_MECH_FEEDING_MUCUS_CORAL_01,MECH_FEEDING_MUCUS_CORAL,MECH_FEEDING_MUCUS_CORAL,SEMANTIC_SCHOLAR,NEITHER_SIGNAL,TITLE_ONLY,EXCLUDE,,,Covidence calibration plus reviewer adjudication,,,Jake,2026-08-17,Covidence NO mapped to EXCLUDE.
CAL-0115,DEVELOPMENT,CWC-E64D3EBB2C8F,"Arthropoda; Crustacea; Decapoda of deep-sea volcanic habitats of the Galapagos Marine Reserve, Tropical Eastern Pacific","Arnés-Urgellés, C | Buglass, S | Ahyong, ST | Salinas-de-León, P | Wicksten, MK | Marsh, L",2020,BIODIVERSITY DATA JOURNAL,JOUR,10.3897/bdj.8.e54482,https://doi.org/10.3897/bdj.8.e54482,English,"Background The deep-sea biome (> 200 m depth) is the world's last great wilderness, covering more than 65% of the earth's surface. Due to rapid technological advances, deep-sea environments are becoming more accessible to scientific research and ocean exploration around the world and, in recent years, this is also true for the Galapagos Islands. Deep-sea habitats cover the largest proportion of Galapagos Marine Reserve (GMR), yet to date, no comprehensive baseline exists on the biodiversity of the benthic fauna associated with volcanic seafloor formations within this region. Closing this knowledge gap is essential to provide information for decision-making for the management of marine resources within the GMR and assessing any potential changes in biodiversity resulting from climate-driven alterations that deep-sea environments are expected to experience. In 2015, the Charles Darwin Foundation's Seamounts of the GMR Research Project, together with the Galapagos National Park Directorate (GNPD) and Ocean Exploration Trust (OET), conducted a joint expedition on board the EV Nautilus. Using Remotely operated vehicles (ROVs), the aim of the expedition was to characterise the geological",True,NOT_IDENTIFIED,Web of Science,WOS_SED_DREDGING_01,SED_DREDGING,SED_DREDGING,WEB_OF_SCIENCE,NEITHER_SIGNAL,TITLE_ABSTRACT,EXCLUDE,,,Covidence calibration plus reviewer adjudication,,,Jake,2026-08-17,Covidence NO mapped to EXCLUDE.
CAL-0116,DEVELOPMENT,CWC-05F5189CF727,"Coral mortality and serpulid infestations associated with red tide, in the Persian Gulf",K. Samimi Namin; M. Risk; B. Hoeksema; Z. Zohari; H. Rezai,2010,Coral reefs,,10.1007/s00338-010-0601-x,https://www.semanticscholar.org/paper/c9b05fec2cd9eef69cf5307e4856d5f77775f556,,,False,OPEN_ACCESS_PDF,Semantic Scholar,SS_RESP_THRESHOLD_RECOVERY_01 | SS_SED_DEPOSITION_01,RESP_THRESHOLD_RECOVERY | SED_DEPOSITION,RESP_THRESHOLD_RECOVERY,SEMANTIC_SCHOLAR,ORGANISM_ONLY,TITLE_ONLY,EXCLUDE,,,Covidence calibration plus reviewer adjudication,,,Jake,2026-08-17,Covidence NO mapped to EXCLUDE.
CAL-0117,DEVELOPMENT,CWC-3444B99C490F,"A discussion of the sponge fauna of the Dry Tortugas in particular and the West Indies in general, with material for a revision of the families and orders of the Porifera",De Laubenfels,1936,Carnegie Institution of Washington eBooks,book,,http://ci.nii.ac.jp/ncid/BA67696299,en,,False,NOT_IDENTIFIED,Citation chaining,OA_CHAIN_G2_BACKWARD_REFERENCE,MECH_FEEDING_PUMPING_SPONGE | SED_DEPOSITION | SED_DREDGING,MECH_FEEDING_PUMPING_SPONGE,CITATION_CHAINING,ORGANISM_ONLY,TITLE_ONLY,EXCLUDE,,,Covidence calibration plus reviewer adjudication,,,Jake,2026-08-17,Covidence NO mapped to EXCLUDE.
CAL-0118,DEVELOPMENT,CWC-D63EE9D92570,Current Knowledge of Coral Diseases Present Within the Red Sea,Amin R. Mohamed | Michael Sweet,2018,Springer oceanography,book-chapter,10.1007/978-3-319-99417-8_21,https://doi.org/10.1007/978-3-319-99417-8_21,en,,False,NOT_IDENTIFIED,Citation chaining,OA_CHAIN_G1_FORWARD_CITATION,RESP_THRESHOLD_RECOVERY | SED_DREDGING | SED_SUSPENDED,SED_SUSPENDED,CITATION_CHAINING,ORGANISM_ONLY,TITLE_ONLY,EXCLUDE,,,Covidence calibration plus reviewer adjudication,,,Jake,2026-08-17,Covidence NO mapped to EXCLUDE.
CAL-0119,DEVELOPMENT,CWC-B226C658FDF3,Monitoring coral reefs in optically-deep waters,R. Armstrong; H. Singh; S. Rivero; F. Gilbes,2009,,Review,,https://www.semanticscholar.org/paper/81aa61503772a929ee5394c83331105d7d9c5c53,,,False,NOT_IDENTIFIED,Semantic Scholar,SS_SED_SUSPENDED_01,SED_SUSPENDED,SED_SUSPENDED,SEMANTIC_SCHOLAR,ORGANISM_ONLY,TITLE_ONLY,EXCLUDE,,,Covidence calibration plus reviewer adjudication,,,Jake,2026-08-17,Covidence NO mapped to EXCLUDE.
CAL-0120,DEVELOPMENT,CWC-3A86C8DE9693,Productivity controlled cold-water coral growth periods during the last glacial off Mauritania,Markus Hermann Eisele | Norbert Frank | Claudia Wienberg | Dierk Hebbeln | Matthias López Correa | Éric Douville | André Freiwald,2010,Marine Geology,article,10.1016/j.margeo.2010.12.007,https://doi.org/10.1016/j.margeo.2010.12.007,en,,False,NOT_IDENTIFIED,Citation chaining,OA_CHAIN_G2_BACKWARD_REFERENCE | OA_CHAIN_G2_FORWARD_CITATION,MECH_FEEDING_MUCUS_CORAL | RESP_THRESHOLD_RECOVERY | SED_DEPOSITION | SED_DREDGING | SED_DRILLING | SED_SUSPENDED,RESP_THRESHOLD_RECOVERY,CITATION_CHAINING,ORGANISM_ONLY,TITLE_ONLY,EXCLUDE,,,Covidence calibration plus reviewer adjudication,,,Jake,2026-08-17,Covidence NO mapped to EXCLUDE.
CAL-0121,DEVELOPMENT,CWC-9FCD2AAC5806,Energy budgets for the Caribbean reef coral Porites porites (pallas),Peter J. Edmunds,1986,Enlighten: Theses (The University of Glasgow),dissertation,,http://theses.gla.ac.uk/77463/1/10991927.pdf,en,"The aim of this study was to extend the contemporary energy budget methodology for algal-cnidarian symbioses and apply it to the tropical reef coral Porites porites growing in two different environments. It was hoped that the measured energy inputs to P. porites would be equalled by the measured energy requiring processes, without a surplus or deficit of energy being determined by subtraction, and that P. porites would show a differential derivation, allocation and utilisation of energy in the two environments. Porites porites was studied at 10 m depth at both the West Fore Reef (WFR) and Columbus Park (CP) regions of Discovery Bay, Jamaica. The transmission of surface photosynthetically active radiation (PAR) to lu m depth, the temperature, sedimentation rates and nutrient levels were recorded at both sites. The CP site received less PAR, had a greater sedimentation rate and slightly enhanced nitrate concentrations compared to the WFR site. The energy budgets were calculated from measurements of photosynthesis, zooxanthellae and host respiration, zooxanthellae and host growth, colony reproduction and mucus loss. These budgets show that P. porites at both sites can be autotrophic i",True,OPEN_ACCESS_LANDING_PAGE,OpenAlex,OA_MECH_FEEDING_MUCUS_CORAL_01,MECH_FEEDING_MUCUS_CORAL,MECH_FEEDING_MUCUS_CORAL,OPENALEX,ORGANISM_AND_STRESSOR,TITLE_ABSTRACT,EXCLUDE,,,Covidence calibration plus reviewer adjudication,,,Jake,2026-08-17,Covidence NO mapped to EXCLUDE.
CAL-0122,VALIDATION,CWC-EBE60CBEDD1B,Electrical Fields Increase Salt Marsh Survival and Growth and Speed Restoration in Adverse Conditions,Thomas J. Goreau | Robert Kent Trench,2012,,book-chapter,10.1201/b14314-20,https://doi.org/10.1201/b14314-20,en,"There have been many efforts to plant salt-marsh grass to trap suspended sediments and reduce coastal erosion� These are generally successful where plants can be protected against erosion from storm waves before they are fully established, but fail in many places where storms erode them before they are deeply rooted� Methods that accelerate their growth rates, densities, root growth, overwinter survival, and ability to grow deeper in the intertidal, seaward of the normal lower limit, CONTENTS Introduction ������������������������������������������������������������������������������������������������������������������������������������ 169 Site History ������������������������������������������������������������������������������������������������������������������������������������ 170 Spartina Ecology and Physiology �������������������������������������������������������������������������������������������������� 170 Pollution Effects ����������������������������������������������������������������������������������������������������������������������������� 171 Methods ���������������������������������������������������������������������������������������������������������������",True,NOT_IDENTIFIED,OpenAlex,OA_RESP_THRESHOLD_RECOVERY_01 | OA_SED_SUSPENDED_01,RESP_THRESHOLD_RECOVERY | SED_SUSPENDED,SED_SUSPENDED,OPENALEX,STRESSOR_ONLY,TITLE_ABSTRACT,EXCLUDE,,,Covidence calibration plus reviewer adjudication,,,Jake,2026-08-17,Covidence NO mapped to EXCLUDE.
CAL-0123,DEVELOPMENT,CWC-8F20D43C1795,Monitoring Strategies of Suspended Matter after Natural and Deep-Sea Mining Disturbances,Sabine Haalboom,2024,,dissertation,10.33540/2217,http://dx.doi.org/10.33540/2217,en,"The world’s oceans are increasingly under pressure from human activities, leading to warming and acidification of ocean waters, overexploitation of living resources, and uncontrolled dispersion of plastic litter and other pollutants. The advance of deep-sea mining poses yet another threat, especially to the unique, vulnerable, and largely unknown deep-sea life. The excavation of metal-rich mineral deposits from the deep-sea bed will not only remove hard substrate which deep-sea fauna like sponges and corals need for settlement; it will also produce sediment plumes which will be dispersed by currents, and which are expected to affect deep-sea life over a much wider area than the actually mined area. If deep-sea mining will be given green light, strict monitoring of these sediment plumes will be needed to ensure that the dispersal of sediment plumes and concentrations of suspended particulate matter (SPM) therein will not exceed prescribed thresholds. In my PhD research I have explored strategies for effective monitoring of sediment plumes produced by deep-sea mining, with a focus on different sensor types that can be used for measuring SPM and how these sensors can best be deployed ",True,OPEN_ACCESS_PDF,OpenAlex | Semantic Scholar,OA_RESP_THRESHOLD_RECOVERY_01 | OA_SED_DREDGING_01 | OA_SED_SUSPENDED_01 | OA_SED_TAILINGS_01 | SS_RESP_THRESHOLD_RECOVERY_01 | SS_SED_DREDGING_01 | SS_SED_SUSPENDED_01 | SS_SED_TAILINGS_01,RESP_THRESHOLD_RECOVERY | SED_DREDGING | SED_SUSPENDED | SED_TAILINGS,SED_TAILINGS,MULTI_SCHOLARLY,ORGANISM_AND_STRESSOR,TITLE_ABSTRACT,UNCERTAIN,,,Covidence calibration plus reviewer adjudication,,True,Jake,2026-08-17,Covidence MAYBE mapped to UNCERTAIN.
CAL-0124,DEVELOPMENT,CWC-86111C71AF4B,Dispatches,ESA,2015,Frontiers in Ecology and the Environment,article,10.1890/1540-9295-13.6.292,https://doi.org/10.1890/1540-9295-13.6.292,en,"Scientists and birders have long struggled to observe the elusive nighttime migrations of songbirds, but an innovative approach (IEEE Geosci Remote S 2015; doi:10.1109/TGRS.2015.2443131) developed by doctoral students at the University of Oklahoma (Norman, OK) relies on weather radar to detect the behaviors of these birds in the Great Plains of the US. Most songbirds migrate at night and often fly at heights that are very difficult to detect visually from the ground. According to author Kyle Horton, “To begin to understand how a migrant bird moves from one destination to another, you generally need two different measurements: track and orientation”. Track is calculated from wind characteristics (speed and direction) and the bird's velocity, whereas orientation is the compass direction in which the bird aligns itself. “You can think of track in terms of swimming across a river. You want to go straight across, but the current of the river causes you to drift downstream; this resultant direction is the track”, explains Horton. “Track is easily measured for most aerial organisms using radar techniques; however, orientation is much harder [to gauge].” Weather radar can track migratory s",True,NOT_IDENTIFIED,OpenAlex,OA_SED_SUSPENDED_01,SED_SUSPENDED,SED_SUSPENDED,OPENALEX,NEITHER_SIGNAL,TITLE_ABSTRACT,EXCLUDE,,,Covidence calibration plus reviewer adjudication,,,Jake,2026-08-17,Covidence NO mapped to EXCLUDE.
CAL-0125,DEVELOPMENT,CWC-D24E84A8C0D1,Review: Quantifying reef-derived sediment generation: Introducing the SedBudget methodology to support tropical coastline and island vulnerability studies — R0/PR2,Chris T. Perry | Ines D. Lange | Marleen Stuhr,2023,,peer-review,10.1017/cft.2023.14.pr2,http://dx.doi.org/10.1017/cft.2023.14.pr2,en,,False,OPEN_ACCESS_LANDING_PAGE,Citation chaining,OA_CHAIN_G1_FORWARD_CITATION,MECH_FEEDING_MUCUS_CORAL | SED_DEPOSITION | SED_DREDGING | SED_SUSPENDED,SED_DREDGING,CITATION_CHAINING,STRESSOR_ONLY,TITLE_ONLY,EXCLUDE,,,Covidence calibration plus reviewer adjudication,,,Jake,2026-08-17,Covidence NO mapped to EXCLUDE.
CAL-0126,DEVELOPMENT,CWC-D853A48EC603,Function of funnel-shaped coral growth in a high-sedimentation environment,Bernhard Riegl | Christian Heine | George M. Branch,1996,Marine Ecology Progress Series,article,10.3354/meps145087,https://doi.org/10.3354/meps145087,en,"ABSTKACT Advantages and dlsadvantayes of a funnel-shaped growth In 2 coral species (.4cropora clat111-ata, Jurblnana peltata) in a high-sedimentation environment (Natal, South Afr~ca) were observed in the field and modeled In a flow tank Funnel-shaped growth servcs different purposes in d~fferent hydrographic settings In calm waters w ~t h l~ttle currents (in our casr deep reef areas, 18 to 25 m) funnel-qhaped colonres served as ' s a c r ~f ~c ~a l sediment traps'. all sediment trapped inside the funnel was dirrcted towards the centre, c v h e r ~ ~t was concentrated. There, tissues undertuent necroses, but all other tissues r e m a ~n e d sedinient free and healthy In areas w ~t h 111rlh currents (in our case shallower reef areas with high surge. 8 to 14 m ) funncls tended to be self-c-ltlan~nq By a PI-ocess of vortex shedd ~n g , mass replacement ot f l ~~~d w ~t h i n thi. funnel also led to the ~enlovdl of all sediment. Current speeds between 30 and 90 cm s ' \vprcJ enough to clean the funnels of 3 exper~rnental grain si?es (coarse, flne, m e d ~u m sand)",False,OPEN_ACCESS_PDF,Citation chaining,OA_CHAIN_G1_BACKWARD_REFERENCE | OA_CHAIN_G2_BACKWARD_REFERENCE,MECH_FEEDING_MUCUS_CORAL | MECH_FEEDING_PUMPING_SPONGE | RESP_THRESHOLD_RECOVERY | SED_DEPOSITION | SED_DREDGING | SED_DRILLING | SED_SUSPENDED | SED_TAILINGS,SED_DEPOSITION,CITATION_CHAINING,ORGANISM_AND_STRESSOR,TITLE_ABSTRACT,TRANSFERABLE_MECHANISM,,,Covidence calibration plus reviewer adjudication,,,Jake,2026-08-17,
CAL-0127,DEVELOPMENT,CWC-78C49FD1050F,"Sedimentologic and Reservoir Character of a Middle-to-Late Miocene Tropical Heterozoan-Large Benthic Foraminifera-Volcaniclastic Ramp System, Los Haitises Area, Northeastern Dominican Republic",Elson Emanuel Core-Suarez,2023,KU ScholarWorks (The University of Kansas),dissertation,,http://dissertations.umi.com/ku:19254,en,"This thesis documents outcrops of a middle-to-late Miocene heterozoan-photozoan transitional carbonate ramp system in the northeastern Dominican Republic that developed when the Pacific Ocean and Caribbean Sea were connected through the Central America Seaway. The system is a grainy ramp system consisting of mixed heterozoans, large benthic foraminifera, and volcaniclastic facies with photozoan corals entirely absent. Regional upwelling, sea-level fluctuation, and paleotopography were important factors controlling facies distributions and sequence architecture.Five 3rd- to 4th-order sequences developed during cycles of sea-level rises and falls. Sequences show a pattern of draping, with local thickening into lows, lap out against sloping substrate, and distinctive deepening-upward facies pattern. Basal carbonate facies overlying the sequence boundary are well sorted, have fine-grained and abraded skeletal grains, with coarse-grained volcaniclastics, and are interpreted to have been deposited in higher energy, shallow water conditions above wave base during transgressions. Basal facies grade upward to carbonate facies that are poorly sorted, have coarse-grained and unabraded skeleta",True,NOT_IDENTIFIED,OpenAlex,OA_SED_SUSPENDED_01,SED_SUSPENDED,SED_SUSPENDED,OPENALEX,ORGANISM_AND_STRESSOR,TITLE_ABSTRACT,EXCLUDE,,,Covidence calibration plus reviewer adjudication,,,Jake,2026-08-17,Covidence NO mapped to EXCLUDE.
CAL-0128,VALIDATION,CWC-B997F88DB370,Morphological variation in the oral disc of the scleractinian coral Favia speciosa (Dana) at Indonesia,Tamir Caras | Ami Bachar | Zohar Pasternak,2008,Computational Biology and Chemistry,article,10.1016/j.compbiolchem.2008.06.003,https://doi.org/10.1016/j.compbiolchem.2008.06.003,en,"Photographic analysis Was used to examine morphological differences in the oral disc of n = 1196 living polyps of Favia speciosa Dana (1846) sampled from four sites in the Wakatobi Marine National Park, Indonesia. Although oral disc size attributes differed significantly between the Study sites, the geographic difference accounted for only a small fraction of the morphological variation and did not show a clear pattern of correspondence to sedimentation rates. A Much higher fraction of the morphological variation was attributed to depth and so to incident light: oral discs grew significantly larger with increasing depth. These results Suggest that for F speciosa corals at Wakatobi, oral disc size may be optimised for heterotrophic nutrition under low light conditions, and photosynthesis in conditions where light is not limiting. Furthermore, the driving force for this phenotypic plasticity is more likely to he depth than sedimentation rate. (c) 2008 Elsevier Ltd. All rights reserved.",False,NOT_IDENTIFIED,Citation chaining | Web of Science,OA_CHAIN_G1_FORWARD_CITATION | OA_CHAIN_G2_FORWARD_CITATION | WOS_MECH_FEEDING_MUCUS_CORAL_01,MECH_FEEDING_MUCUS_CORAL | MECH_FEEDING_MUCUS_CORAL | MECH_FEEDING_PUMPING_SPONGE | RESP_THRESHOLD_RECOVERY | SED_DEPOSITION | SED_DREDGING | SED_DRILLING | SED_SUSPENDED,SED_DREDGING,WEB_OF_SCIENCE,ORGANISM_AND_STRESSOR,TITLE_ABSTRACT,EXCLUDE,,,Covidence calibration plus reviewer adjudication,,,Jake,2026-08-17,Covidence NO mapped to EXCLUDE.
CAL-0129,DEVELOPMENT,CWC-C87236C7C18D,The 1991–1992 rapid ecological assessment of Palau’s coral reefs,James E. Maragos | Chuck Cook,1995,Coral Reefs,article,10.1007/bf00334348,https://doi.org/10.1007/bf00334348,en,,False,NOT_IDENTIFIED,OpenAlex | Semantic Scholar,OA_SED_DREDGING_01 | SS_SED_DREDGING_01,SED_DREDGING,SED_DREDGING,MULTI_SCHOLARLY,ORGANISM_ONLY,TITLE_ONLY,EXCLUDE,,,Covidence calibration plus reviewer adjudication,,,Jake,2026-08-17,Covidence NO mapped to EXCLUDE.
CAL-0130,DEVELOPMENT,CWC-264EBF74DB28,Calcification and organic productivity at the world's southernmost coral reef,Kay L. Davis | Ashly McMahon | Rogger E. Correa | Isaac R. Santos,2020,Marine Chemistry,article,10.1016/j.marchem.2020.103870,https://doi.org/10.1016/j.marchem.2020.103870,en,,False,NOT_IDENTIFIED,Citation chaining,OA_CHAIN_G2_FORWARD_CITATION,MECH_FEEDING_MUCUS_CORAL | RESP_THRESHOLD_RECOVERY | SED_DEPOSITION | SED_DREDGING | SED_SUSPENDED | SED_TAILINGS,SED_TAILINGS,CITATION_CHAINING,ORGANISM_ONLY,TITLE_ONLY,EXCLUDE,,,Covidence calibration plus reviewer adjudication,,,Jake,2026-08-17,Covidence NO mapped to EXCLUDE.
CAL-0131,DEVELOPMENT,CWC-775336C20A96,Photo-physiological costs associated with acute sediment stress events in three near-shore turbid water corals,Nicola K. Browne | Elimar Precht | KS Last | PA Todd,2014,Marine Ecology Progress Series,article,10.3354/meps10714,https://doi.org/10.3354/meps10714,en,"Many coral reef communities thriving in inshore coastal waters characterised by chronically high natural turbidity (> 5 mg l(-1)) have adapted to low light (< 200 mu mol photons m(-2) s(-1)) and high sedimentation rates (< 10 mg cm(-2) d(-1)). Yet, short (hours) acute sediment stress events driven by wind waves, dredging operations involving suction or screening, or shipping activities with vessel wake or propeller disturbance, can result in a rise in turbidity above the natural background level. Although these may not be lethal to corals given the time frame, there could be a considerable impact on photo-trophic energy production. A novel sediment delivery system was used to quantify the effects of 3 acute sediment resuspension stress events (turbidity = 100, 170, 240 mg l(-1); sedimentation rates = 4, 9, 13 mg cm(-2) h(-1)) on 3 inshore turbid water corals common in the Indo-Pacific (Merulina ampliata, Pachyseris speciosa and Platygyra sinensis). Coral photo-physiology response (respiration, net photosynthesis, and maximum quantum yield) was measured immediately after 2 h of exposure. The respiration rate increased (from 0.72-1.44 to 0.78-1.76 mu mol O-2 cm(-2) h(-1)) as the seve",True,OPEN_ACCESS_PDF,Citation chaining | OpenAlex | Semantic Scholar | Web of Science,OA_CHAIN_G1_BACKWARD_REFERENCE | OA_CHAIN_G1_FORWARD_CITATION | OA_CHAIN_G1_RELATED_WORK | OA_CHAIN_G2_BACKWARD_REFERENCE | OA_CHAIN_G2_FORWARD_CITATION | OA_SED_DREDGING_01 | OA_SED_SUSPENDED_01 | SS_SED_DREDGING_01 | SS_SED_SUSPENDED_01 | WOS_SED_DREDGING_01 | WOS_SED_SUSPENDED_01,MECH_FEEDING_MUCUS_CORAL | MECH_FEEDING_PUMPING_SPONGE | RESP_THRESHOLD_RECOVERY | SED_DEPOSITION | SED_DREDGING | SED_DRILLING | SED_SUSPENDED | SED_TAILINGS | SED_DREDGING | SED_SUSPENDED,SED_DRILLING,WEB_OF_SCIENCE,ORGANISM_AND_STRESSOR,TITLE_ABSTRACT,EXCLUDE,,,Covidence calibration plus reviewer adjudication,,,Jake,2026-08-17,Covidence NO mapped to EXCLUDE.
CAL-0132,VALIDATION,CWC-23B0619250A0,ENVIRONMENTAL MONITORING AND MANAGEMENT OF RECLAMATION WORKS CLOSE TO CORAL REEF HABITATS,"Foster, TM | Doorn-Groen, SM",2010,"PROCEEDINGS OF THE 5TH INTERNATIONAL CONFERENCE ON ASIAN AND PACIFIC COASTS, VOL 1",CPAPER,,,English,"Traditional methods for environmental management of marine reclamation works close to sensitive habitats have generally not provided the level of control necessary to ensure preservation of these habitats. Obtaining the level of control necessary to assure authorities and NGOs of compliance with environmental quality objectives requires quantifiable compliance targets covering multiple temporal and spatial scales. Of equal importance are effective and rapid response mechanisms, to allow feedback of monitoring results into compliance targets and work methods. This paper describes the successful implementation of comprehensive Environmental Monitoring and Management Plans (EMMP), based upon such feedback principles, which allow reclamation activities to proceed in close proximity to Singapore's most important marine habitats under third party scrutiny. Specific focus is placed on describing the methods utilized to quantify compliance with daily spill budget targets and how such targets and compliances are assessed. To improve reliability, the spill budgets take into account specific habitat tolerance limits for varying magnitudes and durations of sediment loading. Refinements to sedi",True,NOT_IDENTIFIED,Web of Science,WOS_RESP_THRESHOLD_RECOVERY_01 | WOS_SED_DEPOSITION_01 | WOS_SED_DREDGING_01 | WOS_SED_SUSPENDED_01,RESP_THRESHOLD_RECOVERY | SED_DEPOSITION | SED_DREDGING | SED_SUSPENDED,RESP_THRESHOLD_RECOVERY,WEB_OF_SCIENCE,ORGANISM_AND_STRESSOR,TITLE_ABSTRACT,EXCLUDE,,,Covidence calibration plus reviewer adjudication,,,Jake,2026-08-17,Covidence NO mapped to EXCLUDE.
CAL-0133,DEVELOPMENT,CWC-C0F0650BB8A2,Capture rates of the Cold Water Coral Lophelia pertusa on living phyto and zooplankton under different current speed regimes,Covadonga Orejas | Andrea Gori | Cecilia Rad‐Menéndez | J. Murray Roberts,2012,DIGITAL.CSIC (Spanish National Research Council (CSIC)),other,,http://hdl.handle.net/10261/317548,en,,False,OPEN_ACCESS_PDF,Citation chaining,OA_CHAIN_G1_RELATED_WORK,SED_DRILLING,SED_DRILLING,CITATION_CHAINING,ORGANISM_ONLY,TITLE_ONLY,EXCLUDE,,,Covidence calibration plus reviewer adjudication,,,Jake,2026-08-17,Covidence NO mapped to EXCLUDE.
CAL-0134,VALIDATION,CWC-7F7D0DB116FB,The role of benthic foraminifera in the benthic nitrogen cycle of the Peruvian oxygen minimum zone,Nicolaas Glock | Joachim Schönfeld | Anton Eisenhauer | Christian Hensen | Jürgen Mallon | Stefan Sommer,2012,,preprint,10.5194/bgd-9-17775-2012,https://doi.org/10.5194/bgd-9-17775-2012,en,,False,OPEN_ACCESS_PDF,Citation chaining,OA_CHAIN_G2_RELATED_WORK,MECH_FEEDING_MUCUS_CORAL | MECH_FEEDING_PUMPING_SPONGE | RESP_THRESHOLD_RECOVERY | SED_DEPOSITION | SED_DREDGING | SED_DRILLING | SED_SUSPENDED | SED_TAILINGS,MECH_FEEDING_PUMPING_SPONGE,CITATION_CHAINING,NEITHER_SIGNAL,TITLE_ONLY,EXCLUDE,,,Covidence calibration plus reviewer adjudication,,,Jake,2026-08-17,Covidence NO mapped to EXCLUDE.
CAL-0135,DEVELOPMENT,CWC-3083483BBAE2,"Monitoring, assessment and impacts of the seasonal and spatial sedimentation patterns/rates around coral reef ecosystems",M. Ismail,2011,,,,https://www.semanticscholar.org/paper/c65deaa536417a6fdca8fd84600b1e18555c2f9f,,,False,NOT_IDENTIFIED,Semantic Scholar,SS_RESP_THRESHOLD_RECOVERY_01 | SS_SED_SUSPENDED_01,RESP_THRESHOLD_RECOVERY | SED_SUSPENDED,RESP_THRESHOLD_RECOVERY,SEMANTIC_SCHOLAR,ORGANISM_AND_STRESSOR,TITLE_ONLY,EXCLUDE,,,Covidence calibration plus reviewer adjudication,,,Jake,2026-08-17,Covidence NO mapped to EXCLUDE.
CAL-0136,VALIDATION,CWC-D571B828A3D7,"Organic geochemical proxies of paleoceanographic, paleolimnologic, and paleoclimatic processes",Philip A. Meyers,1997,Organic Geochemistry,article,10.1016/s0146-6380(97)00049-1,https://doi.org/10.1016/s0146-6380(97)00049-1,en,,False,NOT_IDENTIFIED,Citation chaining,OA_CHAIN_G1_BACKWARD_REFERENCE | OA_CHAIN_G2_BACKWARD_REFERENCE,MECH_FEEDING_MUCUS_CORAL | RESP_THRESHOLD_RECOVERY | SED_DEPOSITION | SED_SUSPENDED,MECH_FEEDING_MUCUS_CORAL,CITATION_CHAINING,NEITHER_SIGNAL,TITLE_ONLY,EXCLUDE,,,Covidence calibration plus reviewer adjudication,,,Jake,2026-08-17,Covidence NO mapped to EXCLUDE.
CAL-0137,VALIDATION,CWC-08BFE4864E65,Synergistic effects of diuron and sedimentation on photosynthesis and survival of crustose coralline algae,Lindsay Harrington | Katharina Fabricius | Geoff Eaglesham | Andrew P. Negri,2004,Marine Pollution Bulletin,article,10.1016/j.marpolbul.2004.10.042,https://doi.org/10.1016/j.marpolbul.2004.10.042,en,"Effects of short-term exposure to sedimentation and diuron, separately and in combination, on the photophysiology and survival of crustose coralline algae (CCA) were examined in controlled time-course experiments, using pulse-amplitude modulation (PAM) chlorophyll fluorometry. These experiments indicated that the effects of sediments and diuron, when applied in isolation, were often reversible, with recovery time dependant upon sediment type and diuron concentration. Exposure to fine (< 63 Pm grain size), nutrient-rich estuarine sediments reduced effective quantum yields (Delta F/F-m,) of photosystem II in CCA species more than exposure to the same amount of fine (< 63 mu m grain size) calcareous sediments. Significant inhibition of photosynthesis (Delta F/F-m') was also observed at diuron concentrations >= 2.9 mu g L-1. Fine estuarine sediments in combination with >= 0.79 mu g L-1 dissolved diuron, caused yields (Delta F/ F-m') to drop by 60% compared with controls after 24h. The combined exposure to sediments and diuron also retarded recovery, thus Delta F/F-m' values were still only 60% of the controls after 9 days recovery in clean seawater. Mortality of CCA was observed in som",True,NOT_IDENTIFIED,Citation chaining | Semantic Scholar | Web of Science,OA_CHAIN_G1_BACKWARD_REFERENCE | OA_CHAIN_G1_FORWARD_CITATION | OA_CHAIN_G2_BACKWARD_REFERENCE | OA_CHAIN_G2_FORWARD_CITATION | SS_RESP_THRESHOLD_RECOVERY_01 | SS_SED_DEPOSITION_01 | WOS_SED_DEPOSITION_01,MECH_FEEDING_MUCUS_CORAL | MECH_FEEDING_PUMPING_SPONGE | RESP_THRESHOLD_RECOVERY | SED_DEPOSITION | SED_DREDGING | SED_DRILLING | SED_SUSPENDED | SED_TAILINGS | RESP_THRESHOLD_RECOVERY | SED_DEPOSITION,RESP_THRESHOLD_RECOVERY,WEB_OF_SCIENCE,STRESSOR_ONLY,TITLE_ABSTRACT,EXCLUDE,,,Covidence calibration plus reviewer adjudication,,,Jake,2026-08-17,Covidence NO mapped to EXCLUDE.
CAL-0138,DEVELOPMENT,CWC-0DF1F9026F19,The Unsinkable Aircraft Carrier: Inside Diego Garcia,Daniel Rosehill | Gemini 3.1 (Flash) | Chatterbox TTS,2026,Open MIND,other,10.5281/zenodo.19142280,https://myweirdprompts.com/episode/diego-garcia-military-base,en,"Episode summary: In the heart of the Indian Ocean lies Diego Garcia, a footprint-shaped atoll that serves as one of the most strategic military outposts on Earth. Often called an ""unsinkable aircraft carrier,"" this remote base allows the United States to project power across the Middle East and Asia without the political complications of a traditional host nation. This episode dives into the engineering challenges of maintaining a 12,000-foot runway on a coral reef, the logistics of ""lily pad"" warfare, and the complex legal and human rights history surrounding the displacement of the Chagossian people. We examine how a tiny speck of land became an indispensable insurance policy for global stability and a cornerstone of modern distributed lethality. Show Notes Located in the middle of the Indian Ocean, thousands of miles from the nearest major landmass, Diego Garcia is a geographical anomaly that has become a cornerstone of global military strategy. Often referred to as an ""unsinkable aircraft carrier,"" this small atoll in the Chagos Archipelago provides a unique platform for power projection that traditional naval vessels cannot match. ### The Tyranny of Distance The primary value ",True,OPEN_ACCESS_LANDING_PAGE,OpenAlex,OA_SED_DREDGING_01,SED_DREDGING,SED_DREDGING,OPENALEX,ORGANISM_ONLY,TITLE_ABSTRACT,EXCLUDE,,,Covidence calibration plus reviewer adjudication,,,Jake,2026-08-17,Covidence NO mapped to EXCLUDE.
CAL-0139,DEVELOPMENT,CWC-10CDF445B174,"Pleistocene aeolianites at Cape Spencer, South Australia; record of a vanished inner neritic cool-water carbonate factory","James, NP | Bone, Y",2015,SEDIMENTOLOGY,JOUR,10.1111/sed.12216,https://doi.org/10.1111/sed.12216,English,"Aeolianites are integral components of many modern and ancient carbonate depositional systems. Southern Australia contains some of the most impressive and extensive late Cenozoic aeolianites in the modern world. Pleistocene aeolianites on Yorke Peninsula are sculpted into imposing seacliffs up to 60m high and comprise two distinct imposing complexes of the Late Pleistocene Bridgewater Formation. The lower aeolianite complex, which forms the bulk of the cliffs, is a series of stacked palaeodunes and intervening palaeosols. The diagenetic low Mg-calcite sediment particles are mostly bivalves, echinoids, bryozoans and small benthic foraminifera. This association is similar to sediments forming offshore today on the adjacent shelf in a warm-temperate ocean. By contrast, the upper aeolianite complex is a series of mineralogically metastable biofragmental carbonates in a succession of stacked lenticular palaeodunes with impressive interbedded calcretes and palaeosols. Bivalves, geniculate coralline algae and benthic foraminifera, together with sparse peloids and ooids, dominate sediment grains. Fragments of large benthic foraminifera including Marginopora vertebralis, a photosymbiont-bea",True,NOT_IDENTIFIED,Web of Science,WOS_SED_DEPOSITION_01,SED_DEPOSITION,SED_DEPOSITION,WEB_OF_SCIENCE,STRESSOR_ONLY,TITLE_ABSTRACT,EXCLUDE,,,Covidence calibration plus reviewer adjudication,,,Jake,2026-08-17,Covidence NO mapped to EXCLUDE.
CAL-0140,DEVELOPMENT,CWC-16C3EE359848,A Review of Rhodolith/Maerl Beds of the Italian Seas,"Ingrassia, M | Pierdomenico, M | Casalbore, D | Falese, FG | Chiocci, FL",2023,DIVERSITY-BASEL,JOUR,10.3390/d15070859,https://doi.org/10.3390/d15070859,English,"Coralline algal beds are comprised of biogenic calcareous formations considered a habitat of high conservation interest, hosting a high great biodiversity. To assess the status of this habitat in the Italian seas, we report results from a systematic analysis of the available scientific literature. Italian rhodolith/maerl beds are reported on 31 Italian sites mostly located around islands, shoals, banks, terraces, and gentley sloping shelves, from 9 m to 130 m water depth (with a mean depth of about 56 m). The dominant species occurring in the Italian submarine sites are Phymatolithon calcareum and Lithothamnion corallioides, with a rich associated fauna including sponges, bryozoans, hydrozoans, polichaetes, molluscs, amphipods, gastropods, echinoderms. Despite the high biodiversity characterizing the Italian rhodolith/maerl beds, only seven submarine sites hosting this sensitive habitat are part of Marine Protected Areas (MPAs). This evidence highlights the need for actions focused on the implementation of effective management and proper conservation measures to preserve such precious habitats. Protection of this habitat cannot be effectively provided without access to multidiscipl",True,NOT_IDENTIFIED,Web of Science,WOS_SED_DRILLING_01,SED_DRILLING,SED_DRILLING,WEB_OF_SCIENCE,ORGANISM_ONLY,TITLE_ABSTRACT,EXCLUDE,,,Covidence calibration plus reviewer adjudication,,,Jake,2026-08-17,Covidence NO mapped to EXCLUDE.
CAL-0141,DEVELOPMENT,CWC-0655BDE5F2F8,"Shoreline and coral reef ecosystem changes in gulf of Mannar, Southeast coast of India",Muniappan Thanikachalam | S. Ramachandran,2003,Journal of the Indian Society of Remote Sensing,article,10.1007/bf03030823,https://doi.org/10.1007/bf03030823,en,,False,NOT_IDENTIFIED,OpenAlex | Semantic Scholar,OA_SED_SUSPENDED_01 | SS_SED_SUSPENDED_01,SED_SUSPENDED,SED_SUSPENDED,MULTI_SCHOLARLY,ORGANISM_ONLY,TITLE_ONLY,EXCLUDE,,,Covidence calibration plus reviewer adjudication,,,Jake,2026-08-17,Covidence NO mapped to EXCLUDE.
CAL-0142,VALIDATION,CWC-06C691CB2D15,"Refining fine sediment source identification through integration of spatial modelling, concentration monitoring and source tracing: A case study in the Great Barrier Reef catchments",Zoë Bainbridge | Jon Olley | Scott Wilkinson | Rebecca Bartley | Stephen Lewis | C. Dougall | Sana Khan | Petra Kuhnert | Joanne Burton,2023,The Science of The Total Environment,article,10.1016/j.scitotenv.2023.164731,https://doi.org/10.1016/j.scitotenv.2023.164731,en,"Excess fine sediment delivery is a major contributor to the declining health of the Great Barrier Reef and identifying the dominant source areas of fine sediment has been critical to prioritising erosion remediation programs. The Bowen River catchment within the Burdekin Basin has been recognised as a major contributor and hence received considerable research investment over the last two decades. This study adopts a novel approach to integrate three independently derived sediment budgets produced from a catchment scale sediment budget model (Dynamic SedNet), targeted tributary water quality monitoring and geochemical sediment source tracing to refine and map the sediment source zones within the Bowen catchment. A four year study of water quality monitoring combined with modelled discharge estimates and geochemical source tracing both identified that the Little Bowen River and Rosella Creek were the largest sources of sediment in the Bowen River catchment. Both data sets contradicted initial synoptic sediment budget model predictions due to inadequate representation of hillslope and gully erosion. Recent improvements in model inputs have resulted in predictions that are consistent w",True,OPEN_ACCESS_PDF,Citation chaining | Web of Science,OA_CHAIN_G1_FORWARD_CITATION | WOS_SED_SUSPENDED_01,SED_DEPOSITION | SED_DREDGING | SED_SUSPENDED | SED_SUSPENDED,SED_DREDGING,WEB_OF_SCIENCE,STRESSOR_ONLY,TITLE_ABSTRACT,UNCERTAIN,,,Covidence calibration plus reviewer adjudication,,True,Jake,2026-08-17,Covidence MAYBE mapped to UNCERTAIN.
CAL-0143,DEVELOPMENT,CWC-E508D75665A0,Comparative Analysis of In Situ Eukaryotic Food Sources in Three Tropical Sea Cucumber Species by Metabarcoding,"Jia, CH | Zhang, Y | Xu, Q | Sun, CY | Wang, YA | Gao, F",2022,ANIMALS,JOUR,10.3390/ani12172303,https://doi.org/10.3390/ani12172303,English,"Simple Summary There are large numbers of sea cucumbers naturally inhabiting tropical seas, which play an important ecological role in the habitat through their biological activity. However, despite the diversity of tropical sea cucumbers, until now there have been few studies on their exact eukaryotic food sources. In the present study, we systemically investigated the eukaryotic food sources of three sea cucumber species. We also study the differences of eukaryotic composition among three sea cucumber species and provide new insight into reasons for the differences. The reported information could be valuable in further biological and ecological studies of these species. In this study, the eukaryotic composition of gut contents in three tropical sea cucumber species, Stichopus monotuberculatus, S. chloronotus and Holothuria atra were surveyed and compared by metabarcoding analysis based on 18S rRNA gene V4 region. The sequences were assigned to 21.80 +/- 1.07, 22.60 +/- 0.68 and 22.40 +/- 0.25 different phyla from the gut contents of S. monotuberculatus, S. chloronotus and H. atra, respectively, and those in sediment samples were assigned to 21.00 +/- 1.67 phyla. The results of al",True,NOT_IDENTIFIED,Web of Science,WOS_MECH_FEEDING_MUCUS_CORAL_01,MECH_FEEDING_MUCUS_CORAL,MECH_FEEDING_MUCUS_CORAL,WEB_OF_SCIENCE,STRESSOR_ONLY,TITLE_ABSTRACT,EXCLUDE,,,Covidence calibration plus reviewer adjudication,,,Jake,2026-08-17,Covidence NO mapped to EXCLUDE.
CAL-0144,DEVELOPMENT,CWC-8C4CBFD84F5F,Developments in offshore geotechnics,Dong‐Sheng Jeng | Horst G. Brandes,2011,Ocean Engineering,article,10.1016/j.oceaneng.2011.04.001,https://doi.org/10.1016/j.oceaneng.2011.04.001,en,,False,NOT_IDENTIFIED,OpenAlex,OA_SED_DREDGING_01,SED_DREDGING,SED_DREDGING,OPENALEX,NEITHER_SIGNAL,TITLE_ONLY,EXCLUDE,,,Covidence calibration plus reviewer adjudication,,,Jake,2026-08-17,Covidence NO mapped to EXCLUDE.
CAL-0145,DEVELOPMENT,CWC-EDEA4D839C0A,A dynamic subtropical coastal hotspot of benthic foraminifera in the Southeastern Mediterranean indicates early-stage tropicalization,Sneha Manda | Barak Herut | Gil Rilov | Michal Kučera | Raphaël Morard | Sigal Abramovich | Sarit Ashckenazi‐Polivoda,2024,The Science of The Total Environment,article,10.1016/j.scitotenv.2024.173917,https://doi.org/10.1016/j.scitotenv.2024.173917,en,,False,NOT_IDENTIFIED,Citation chaining,OA_CHAIN_G1_FORWARD_CITATION,SED_DEPOSITION,SED_DEPOSITION,CITATION_CHAINING,NEITHER_SIGNAL,TITLE_ONLY,EXCLUDE,,,Covidence calibration plus reviewer adjudication,,,Jake,2026-08-17,Covidence NO mapped to EXCLUDE.
CAL-0146,DEVELOPMENT,CWC-C1531BED7B34,The Secretion of Mucus By Marine Nematodes (Enoplus Spp.): a Possible Mechanism Influencing the Uptake and Loss of Heavy Metal Pollutants,R. Howell,1982,Nematologica,article,10.1163/187529282x00565,https://doi.org/10.1163/187529282x00565,en,,False,NOT_IDENTIFIED,Citation chaining,OA_CHAIN_G1_BACKWARD_REFERENCE,MECH_FEEDING_MUCUS_CORAL,MECH_FEEDING_MUCUS_CORAL,CITATION_CHAINING,NEITHER_SIGNAL,TITLE_ONLY,EXCLUDE,,,Covidence calibration plus reviewer adjudication,,,Jake,2026-08-17,Covidence NO mapped to EXCLUDE.
CAL-0147,VALIDATION,CWC-6ABFA4BF4E10,Assessing the Effects of Hydrocarbon Drilling Activity on Deep-water Megafauna in the Northern North Atlantic. A Rapid Universal Assessment Method?,Daniel O. B. Jones | Andrew R. Gates,2010,"SPE International Conference on Health, Safety and Environment in Oil and Gas Exploration and Production",conference-paper,10.2118/126841-ms,https://doi.org/10.2118/126841-ms,en,,False,NOT_IDENTIFIED,Citation chaining,OA_CHAIN_G1_FORWARD_CITATION,RESP_THRESHOLD_RECOVERY | SED_DEPOSITION | SED_SUSPENDED,SED_SUSPENDED,CITATION_CHAINING,NEITHER_SIGNAL,TITLE_ONLY,UNCERTAIN,,,Covidence calibration plus reviewer adjudication,,True,Jake,2026-08-17,Reviewer correction: final category changed to UNCERTAIN on 2026-08-17.
CAL-0148,DEVELOPMENT,CWC-997084982267,Remote Sensing of Wetlands : Applications and Advances,R. Tiner; M. Lang; V. Klemas,2015,,,10.1201/b18210,https://www.semanticscholar.org/paper/42b8867286b2f2032fe08d14f5de207629c8d7ca,,,False,OPEN_ACCESS_PDF,Semantic Scholar,SS_SED_SUSPENDED_01,SED_SUSPENDED,SED_SUSPENDED,SEMANTIC_SCHOLAR,NEITHER_SIGNAL,TITLE_ONLY,EXCLUDE,,,Covidence calibration plus reviewer adjudication,,,Jake,2026-08-17,Covidence NO mapped to EXCLUDE.
CAL-0149,DEVELOPMENT,CWC-851E9F9A9A3E,Metabolic integration between symbiotic cyanobacteria and sponges: a possible mechanism,Antonio Arillo | Giorgio Bavestrello | Bruno Burlando | M. Sar�,1993,Marine Biology,article,10.1007/bf00346438,https://doi.org/10.1007/bf00346438,en,,False,NOT_IDENTIFIED,Citation chaining,OA_CHAIN_G1_BACKWARD_REFERENCE | OA_CHAIN_G2_BACKWARD_REFERENCE,MECH_FEEDING_MUCUS_CORAL | MECH_FEEDING_PUMPING_SPONGE | RESP_THRESHOLD_RECOVERY | SED_DEPOSITION | SED_DREDGING | SED_DRILLING | SED_SUSPENDED | SED_TAILINGS,SED_DRILLING,CITATION_CHAINING,ORGANISM_ONLY,TITLE_ONLY,EXCLUDE,,,Covidence calibration plus reviewer adjudication,,,Jake,2026-08-17,Covidence NO mapped to EXCLUDE.
CAL-0150,VALIDATION,CWC-F0AC3625CBC2,Single-cell measurement of ammonium and bicarbonate uptake within a photosymbiotic bioeroding sponge,Michelle Achlatis | Mathieu Pernice | Kathryn Green | Paul Guagliardo | Matt R. Kilburn | Ove Hoegh‐Guldberg | Sophie Dove,2018,The ISME Journal,article,10.1038/s41396-017-0044-2,https://doi.org/10.1038/s41396-017-0044-2,en,,False,OPEN_ACCESS_PDF,Citation chaining,OA_CHAIN_G1_FORWARD_CITATION | OA_CHAIN_G2_FORWARD_CITATION,MECH_FEEDING_MUCUS_CORAL | MECH_FEEDING_PUMPING_SPONGE | RESP_THRESHOLD_RECOVERY | SED_DEPOSITION | SED_DREDGING | SED_DRILLING | SED_SUSPENDED | SED_TAILINGS,SED_TAILINGS,CITATION_CHAINING,ORGANISM_ONLY,TITLE_ONLY,EXCLUDE,,,Covidence calibration plus reviewer adjudication,,,Jake,2026-08-17,Covidence NO mapped to EXCLUDE.
CAL-0151,DEVELOPMENT,CWC-C6BC56414DA2,"Soil Microbial Community Changes in a Field Treatment with Chlorotoluron, Flufenacet and Diflufenican and Two Organic Amendments",María José Carpio | Carlos García‐Delgado | Jesús M. Marín-Benito | María J. Sánchez‐Martín | M. Sonia Rodríguez‐Cruz,2020,Agronomy,article,10.3390/agronomy10081166,https://doi.org/10.3390/agronomy10081166,en,,False,OPEN_ACCESS_PDF,Citation chaining,OA_CHAIN_G2_BACKWARD_REFERENCE,MECH_FEEDING_MUCUS_CORAL,MECH_FEEDING_MUCUS_CORAL,CITATION_CHAINING,NEITHER_SIGNAL,TITLE_ONLY,EXCLUDE,,,Covidence calibration plus reviewer adjudication,,,Jake,2026-08-17,Covidence NO mapped to EXCLUDE.
CAL-0152,DEVELOPMENT,CWC-6EAAE6E74D92,[PDF] Report of the Working Group on the Assessment of Demersal Stocks ...,,2007,ICES,monitoring_report,,https://www.ices.dk/sites/pub/CM%20Doccuments/CM-2007/ACFM/ACFM1807Draft.pdf,English,"Biscay stocks using mitochondrial DNA (Hoarau et al., 2004). Juvenile plaice were distributed more offshore in recent years. Surveys in the Wadden Sea have shown that 1-group plaice is almost absent from the area where it was very abundant in earlier years. The Wadden Sea Quality Status Report 2004 (Vorberg et al. 2005) notes that increased temperature, lower levels of eutrophication, and decline in turbidity have been suggested as causal factors, but that no conclusive evidence is available; [...] -0.72 -2.57 1.12 -0.77 -0.03 1.31 -0.29 -0.75 -0.12 3 -0.26 -0.49 -0.05 0.03 0.78 0.04 0.2 -0.08",False,LIKELY_FULL_DOCUMENT_URL,Grey literature,GL_ICES_SED_DRILLING_01 | GL_ICES_SED_SUSPENDED_01,SED_DRILLING | SED_SUSPENDED,SED_DRILLING,GREY_LITERATURE,STRESSOR_ONLY,TITLE_ABSTRACT,EXCLUDE,,,Covidence calibration plus reviewer adjudication,,,Jake,2026-08-17,Covidence NO mapped to EXCLUDE.
CAL-0153,DEVELOPMENT,CWC-62F03DD6A12D,Guest Post: The Secret to Flexibility in a Glass Sponge | Deep Sea News,,2010,Deep Sea News,other,,https://deepseanews.com/2010/12/guest-post-the-secret-to-flexibility-in-a-glass-sponge,English,"Skip to content Wednesday, August 05, 2026 Twitter Facebook Pinterest Tumblr Deep Sea News ## Deep Sea News All the news on the Earth's largest environment. Deep Sea News Adaptations Evolution New Research # Guest Post: The Secret to Flexibility in a Glass Sponge Kevin Zelnio December 7, 2010 aquanautixbiomaterialsBiomimeticsBioprospectingGlass SpongeHyalonemaPoriferaSpiculessponge [...] Hexactinellid (glass) sponges are phylogenetically the oldest living organisms, dating back to the Cambrian period, 600 million years ago. Silica-collagen-based biomaterials are therefore highly",False,LIKELY_FULL_DOCUMENT_URL,Grey literature,GL_BROAD_SED_DEPOSITION_02,SED_DEPOSITION,SED_DEPOSITION,GREY_LITERATURE,ORGANISM_ONLY,TITLE_ABSTRACT,EXCLUDE,,,Covidence calibration plus reviewer adjudication,,,Jake,2026-08-17,Covidence NO mapped to EXCLUDE.
CAL-0154,VALIDATION,CWC-3871DA335DA4,"Diversity of Microbial Communities and Quantitative Chemodiversity in Layers of Marine Sediment Cores from a Causeway (Kaichu-Doro) in Okinawa Island, Japan",Taha Soliman | James Davis Reimer | Sung‐Yin Yang | Alejandro Villar‐Briones | Michael C. Roy | Holger Jenke‐Kodama,2017,Frontiers in Microbiology,article,10.3389/fmicb.2017.02451,https://doi.org/10.3389/fmicb.2017.02451,en,,False,OPEN_ACCESS_PDF,Citation chaining,OA_CHAIN_G1_FORWARD_CITATION | OA_CHAIN_G2_BACKWARD_REFERENCE,MECH_FEEDING_MUCUS_CORAL | SED_SUSPENDED,SED_SUSPENDED,CITATION_CHAINING,STRESSOR_ONLY,TITLE_ONLY,EXCLUDE,,,Covidence calibration plus reviewer adjudication,,,Jake,2026-08-17,Covidence NO mapped to EXCLUDE.
CAL-0155,DEVELOPMENT,CWC-6A794C242F17,"Patterns of glass sponge (Porifera, Hexactinellida) distribution in coastal waters of British Columbia, Canada",Sally P. Leys | K. W. Wilson | Claire Holeton | HM Reiswig | W. Chandler Roberts Austin | Verena Tunnicliffe,2004,Marine Ecology Progress Series,article,10.3354/meps283133,https://doi.org/10.3354/meps283133,en,"Glass sponges are enigmatic members of the deep-sea fauna that inhabit shallow waters in only a few locations world-wide. In order to understand what factors influence the distribution of glass sponges, patterns of distribution and abundance of reef and non-reef forming hexactinellids in fjords of British Columbia, Canada, were analyzed from photographs and transcripts recorded on dives undertaken by the 'Pisces IV' manned submersible during the 1980s. Hexactinellids are widely distributed throughout all fjords from 16 to 650 m depths, and in some fjords abundances reach 240 individuals in 10 m(2). In all fjords hexactinellids were most abundant at depths of 20 to 260 m, even where water depths exceeded 500 m. Glass sponges were rare in regions of inlets where oxygen levels fall below 2 ml l(-1), or in areas of high sediment deposition. Highest abundances coincided with water conditions of high dissolved silicate, low light, temperatures between 9 and 10degreesC and low suspended sediments. Extensive glass sponge skeletons in the inner basin of Howe Sound reflect past stress in this fjord that may include oxygen deficit, sediment loading from a mine and contamination from industria",True,OPEN_ACCESS_PDF,Citation chaining | OpenAlex | Semantic Scholar | Web of Science,OA_CHAIN_G1_BACKWARD_REFERENCE | OA_CHAIN_G2_BACKWARD_REFERENCE | OA_SED_DEPOSITION_01 | OA_SED_SUSPENDED_01 | SS_SED_DEPOSITION_01 | WOS_SED_DEPOSITION_01 | WOS_SED_SUSPENDED_01,MECH_FEEDING_MUCUS_CORAL | MECH_FEEDING_PUMPING_SPONGE | RESP_THRESHOLD_RECOVERY | SED_DEPOSITION | SED_DREDGING | SED_DRILLING | SED_SUSPENDED | SED_TAILINGS | SED_DEPOSITION | SED_SUSPENDED,SED_DRILLING,WEB_OF_SCIENCE,ORGANISM_AND_STRESSOR,TITLE_ABSTRACT,EXCLUDE,,,Covidence calibration plus reviewer adjudication,,,Jake,2026-08-17,Covidence NO mapped to EXCLUDE.
CAL-0156,DEVELOPMENT,CWC-ADF7DF16174B,Changes in water clarity in response to river discharges on the Great Barrier Reef continental shelf: 2002–2013,Katharina Fabricius | Murray Logan | Scarla Weeks | Stephen Lewis | Jon Brodie,2016,Estuarine Coastal and Shelf Science,article,10.1016/j.ecss.2016.03.001,https://doi.org/10.1016/j.ecss.2016.03.001,en,"Water clarity is a key factor for the health of marine ecosystems. The Australian Great Barrier Reef (GBR) is located on a continental shelf, with >35 major seasonal rivers discharging into this 344,000 km(2) tropical to subtropical ecosystem. This work investigates how river discharges affect water clarity in different zones along and across the GBR. For each day over 11 years (2002-2013) we calculated 'photic depth' as a proxy measure of water clarity (calibrated to be equivalent to Secchi depth), for each 1 km2 pixel from MODIS-Aqua remote sensing data. Long-term and seasonal changes in photic depth were related to the daily discharge volumes of the nearest rivers, after statistically removing the effects of waves and tides on photic depth. The relationships between photic depths and rivers differed across and along the GBR. They typically declined from the coastal to offshore zones, and were strongest in proximity to rivers in agriculturally modified catchments. In most southern inner zones, photic depth declined consistently throughout the 11-year observation period; such long-term trend was not observed offshore nor in the northern regions. Averaged across the GBR, photic dep",True,OPEN_ACCESS_PDF,Citation chaining | Web of Science,OA_CHAIN_G1_BACKWARD_REFERENCE | OA_CHAIN_G1_FORWARD_CITATION | OA_CHAIN_G2_BACKWARD_REFERENCE | WOS_SED_DEPOSITION_01 | WOS_SED_SUSPENDED_01,MECH_FEEDING_MUCUS_CORAL | MECH_FEEDING_PUMPING_SPONGE | RESP_THRESHOLD_RECOVERY | SED_DEPOSITION | SED_DREDGING | SED_DRILLING | SED_SUSPENDED | SED_TAILINGS | SED_DEPOSITION | SED_SUSPENDED,SED_DRILLING,WEB_OF_SCIENCE,STRESSOR_ONLY,TITLE_ABSTRACT,EXCLUDE,,,Covidence calibration plus reviewer adjudication,,,Jake,2026-08-17,Covidence NO mapped to EXCLUDE.
CAL-0157,DEVELOPMENT,CWC-28AEC004DC05,"Coral community structure at Isla Lobos reef, Gulf of Mexico",Carolina Escobar-Vásquez | Ernesto Aarón Chávez Ortiz,2012,,article,,https://www.icrs2012.com/proceedings/manuscripts/ICRS2012_15A_3.pdf,en,"Isla Lobos is the northernmost reef on southwestern margin of the Gulf of Mexico and like the others reefs in the area, these are frequently influenced by the action of natural (each winter cold fronts decrease seawater temperature and increase surf and turbidity) and anthropogenic stressors (chemical pollutants, unrestricted recreational diving, ship groundings, sewage effluents etc). It’s well known that some of these factors influence the coral community structure, so the aim of this work was to contribute with information about this coral reef and assess its condition. For this purpose, structural patterns on windward and leeward fore-reefs were compared, at shallow (5-10m) and deep (10-15) depths. At five sites of the reef, we use in 40 transects lines (50m each) underwater digital photography and employing Coral Point Count with Excel extensions (CPCe) we estimate coral abundance, species richness, ShannonWeaver diversity and Pielou evenness index. Patterns in coral community structure were found by multivariate statistical analysis. Results shows that the reef is dominated by fleshy algae mostly and that stony coral common species are Colpophyllia natans, Montastraea caverno",True,NOT_IDENTIFIED,OpenAlex | Semantic Scholar,OA_SED_SUSPENDED_01 | SS_SED_SUSPENDED_01,SED_SUSPENDED,SED_SUSPENDED,MULTI_SCHOLARLY,ORGANISM_AND_STRESSOR,TITLE_ABSTRACT,EXCLUDE,,,Covidence calibration plus reviewer adjudication,,,Jake,2026-08-17,Covidence NO mapped to EXCLUDE.
CAL-0158,DEVELOPMENT,CWC-FD3FD5501F20,"Coral community structure and risk assessment of high-latitude reefs at Sodwana Bay, South Africa",Louis Celliers | Michael H. Schleyer,2007,Biodiversity and Conservation,article,10.1007/s10531-007-9271-6,https://doi.org/10.1007/s10531-007-9271-6,en,"The importance of studying coral communities at different spatial scales is acknowledged in a growing volume of scientific literature, and principles of landscape ecology were thus used to elucidate the patterns in coral community structure on the high-latitude reefs in South Africa. These reefs are at the southernmost distribution of this fauna in Africa, are surprisingly species rich, and represent a biodiversity peak in this fauna south of the equator, regardless of the marginal nature of the environment. Coral community patterns were identified on and between the reefs at Sodwana Bay, justifying the grouping of reef areas in distinct zones. A number of landscape components were identified, ranging from the entire reef complex (10 km scale), individual reefs (1 km scales) and reef zones, to components that were separated using multivariate statistical analysis of transect data. These components transcended spatial similarities, e.g. the fore-reef on Five-mile Reef was not similar to the fore-reef on Seven-mile Reef, but was rather grouped with the reef flat on Two-mile Reef. This information was ""translated"" into an index of management intervention, based on risk assessment, and",True,NOT_IDENTIFIED,Citation chaining | Web of Science,OA_CHAIN_G1_FORWARD_CITATION | WOS_MECH_FEEDING_MUCUS_CORAL_01,MECH_FEEDING_MUCUS_CORAL | MECH_FEEDING_MUCUS_CORAL | RESP_THRESHOLD_RECOVERY | SED_DEPOSITION,RESP_THRESHOLD_RECOVERY,WEB_OF_SCIENCE,ORGANISM_ONLY,TITLE_ABSTRACT,EXCLUDE,,,Covidence calibration plus reviewer adjudication,,,Jake,2026-08-17,Covidence NO mapped to EXCLUDE.
CAL-0159,DEVELOPMENT,CWC-1CFBFE488C79,Transdisciplinary Citizen Science Connects Caribbean Hope Spots of Colombia to Improve Coral Reefs Governance,Nohora Galvis | Rosa Helena Galvis,2021,"Palgrave studies in democracy, innovation, and entrepreneurship for growth",book-chapter,10.1007/978-3-030-80720-7_3,https://doi.org/10.1007/978-3-030-80720-7_3,en,,False,NOT_IDENTIFIED,Citation chaining | OpenAlex,OA_CHAIN_G1_FORWARD_CITATION | OA_SED_DREDGING_01,MECH_FEEDING_MUCUS_CORAL | RESP_THRESHOLD_RECOVERY | SED_DEPOSITION | SED_DREDGING | SED_SUSPENDED | SED_DREDGING,RESP_THRESHOLD_RECOVERY,CITATION_CHAINING,ORGANISM_ONLY,TITLE_ONLY,EXCLUDE,,,Covidence calibration plus reviewer adjudication,,,Jake,2026-08-17,Covidence NO mapped to EXCLUDE.
CAL-0160,DEVELOPMENT,CWC-A0032A31CC51,Long‐term Observations Reveal Environmental Conditions and Food Supply Mechanisms at an Arctic Deep‐Sea Sponge Ground,Ulrike Hanz | Emyr Martyn Roberts | Gerard Duineveld | Andrew J. Davies | Hans van Haren | Hans Tore Rapp | Gert‐Jan Reichart | Furu Mienis,2021,Journal of Geophysical Research Oceans,article,10.1029/2020jc016776,https://doi.org/10.1029/2020jc016776,en,"Deep-sea sponge grounds are hotspots of benthic biomass and diversity. To date, very limited data exist on the range of environmental conditions in areas containing deep-sea sponge grounds and which factors are driving their distribution and sustenance. We investigated oceanographic conditions at a deep-sea sponge ground located on an Arctic Mid-Ocean Ridge seamount. Hydrodynamic measurements were performed along Conductivity-Temperature-Depth transects, and a lander was deployed within the sponge ground that recorded near-bottom physical properties as well as vertical fluxes of organic matter over an annual cycle. The data demonstrate that the sponge ground is found at water temperatures of -0.5 degrees C to 1 degrees C and is situated at the interface between two water masses at only 0.7 degrees equatorward of the turning point latitude of semi-diurnal lunar internal tides. Internal waves supported by vertical density stratification interact with the seamount topography and produce turbulent mixing as well as resuspension of organic matter with temporarily very high current speeds up to 0.72 m s(-1). The vertical movement of the water column delivers food and nutrients from water",True,OPEN_ACCESS_PDF,Citation chaining | OpenAlex | Semantic Scholar | Web of Science,OA_CHAIN_G1_BACKWARD_REFERENCE | OA_CHAIN_G2_FORWARD_CITATION | OA_SED_DREDGING_01 | OA_SED_SUSPENDED_01 | SS_SED_DREDGING_01 | SS_SED_SUSPENDED_01 | WOS_SED_DREDGING_01 | WOS_SED_SUSPENDED_01,MECH_FEEDING_PUMPING_SPONGE | RESP_THRESHOLD_RECOVERY | SED_DEPOSITION | SED_DREDGING | SED_SUSPENDED | SED_TAILINGS | SED_DREDGING | SED_SUSPENDED,SED_DEPOSITION,WEB_OF_SCIENCE,ORGANISM_AND_STRESSOR,TITLE_ABSTRACT,EXCLUDE,,,Covidence calibration plus reviewer adjudication,,,Jake,2026-08-17,Covidence NO mapped to EXCLUDE.
CAL-0161,DEVELOPMENT,CWC-2F329681A4D9,"Environmentally relevant concentrations of polyethylene microplastics negatively impact the survival, growth and emergence of sediment-dwelling invertebrates",Shima Ziajahromi | Anupama Kumar | Peta A. Neale | Frédéric D.L. Leusch,2018,Environmental Pollution,article,10.1016/j.envpol.2018.01.094,https://doi.org/10.1016/j.envpol.2018.01.094,en,,False,OPEN_ACCESS_LANDING_PAGE,Citation chaining,OA_CHAIN_G2_BACKWARD_REFERENCE,MECH_FEEDING_MUCUS_CORAL | MECH_FEEDING_PUMPING_SPONGE | RESP_THRESHOLD_RECOVERY | SED_DEPOSITION | SED_DREDGING | SED_DRILLING | SED_SUSPENDED | SED_TAILINGS,MECH_FEEDING_PUMPING_SPONGE,CITATION_CHAINING,STRESSOR_ONLY,TITLE_ONLY,EXCLUDE,,,Covidence calibration plus reviewer adjudication,,,Jake,2026-08-17,Covidence NO mapped to EXCLUDE.
CAL-0162,DEVELOPMENT,CWC-AEF29B892263,Seasonal Turbidity Distribution and Estimating by Forel Ule Scale in Midi Secchi Disk Depth in Northern Java Coast,Lamona Irmudyawati Bernawis | Angelina Diva Vicario | Liza Kurnia Mansur | Mutiara Rachmat Putri | Mochamad Riam Badriana | Adriani Sunuddin,2025,SSRN Electronic Journal,preprint,10.2139/ssrn.5850832,https://doi.org/10.2139/ssrn.5850832,,,False,OPEN_ACCESS_LANDING_PAGE,OpenAlex,OA_SED_SUSPENDED_01,SED_SUSPENDED,SED_SUSPENDED,OPENALEX,STRESSOR_ONLY,TITLE_ONLY,EXCLUDE,,,Covidence calibration plus reviewer adjudication,,,Jake,2026-08-17,Covidence NO mapped to EXCLUDE.
CAL-0163,DEVELOPMENT,CWC-996E8FA22B04,Effects of sedimentation on subtidal macroalgal assemblages: an experimental study from a mediterranean rocky shore,Laura Airoldi | Francesco Cinelli,1997,Journal of Experimental Marine Biology and Ecology,article,10.1016/s0022-0981(96)02770-0,https://doi.org/10.1016/s0022-0981(96)02770-0,en,,False,NOT_IDENTIFIED,Citation chaining,OA_CHAIN_G1_FORWARD_CITATION | OA_CHAIN_G1_RELATED_WORK | OA_CHAIN_G2_BACKWARD_REFERENCE,MECH_FEEDING_MUCUS_CORAL | MECH_FEEDING_PUMPING_SPONGE | RESP_THRESHOLD_RECOVERY | SED_DEPOSITION | SED_DREDGING | SED_DRILLING | SED_SUSPENDED | SED_TAILINGS,SED_TAILINGS,CITATION_CHAINING,STRESSOR_ONLY,TITLE_ONLY,EXCLUDE,,,Covidence calibration plus reviewer adjudication,,,Jake,2026-08-17,Covidence NO mapped to EXCLUDE.
CAL-0164,VALIDATION,CWC-78027E92F41A,Contact Us | The Environmental Studies Research Fund,,,,other,,https://www.esrfunds.org/contact-us,English,"# Your connection is not private. Attackers might be trying to steal your information from ** (for example, passwords, messages, or credit cards). Learn more about this warning. net::ERR\_CERT\_AUTHORITY\_INVALID. Issuer: Entrust OV TLS Issuing RSA CA 1. Expires on: Jun 26, 2026. Current date: Jan 21, 2026. PEM encoded chain: -----BEGIN CERTIFICATE-----. /n7HGZLZK/4sDJqHQzvOZYUsXJZZVFyJFkq+1nSAVaBO+zMOb+hjZH8ANVH/OwyS. cjsCZ+9qwgL/M/AApXmpaaXeOqq4rmCmK/Kd3dho5d8Oupz3ckCSrk9/ZfjryaaW. aPqvS+IC7fqtHYUTJe+qaiEdySd3hR4M523RTy+lz0UByKiW/5BafK7xWqmNjv+N. This server could not prove that it is ** its",False,NOT_IDENTIFIED,Grey literature,GL_ESRF_MECH_FEEDING_MUCUS_CORAL_01 | GL_ESRF_MECH_FEEDING_PUMPING_SPONGE_01 | GL_ESRF_RESP_THRESHOLD_RECOVERY_01 | GL_ESRF_SED_DRILLING_01,MECH_FEEDING_MUCUS_CORAL | MECH_FEEDING_PUMPING_SPONGE | RESP_THRESHOLD_RECOVERY | SED_DRILLING,MECH_FEEDING_MUCUS_CORAL,GREY_LITERATURE,NEITHER_SIGNAL,TITLE_ABSTRACT,EXCLUDE,,,Covidence calibration plus reviewer adjudication,,,Jake,2026-08-17,Covidence NO mapped to EXCLUDE.
CAL-0165,DEVELOPMENT,CWC-01CBBC898B01,Marine plastic debris emits a keystone infochemical for olfactory foraging seabirds,Matthew S. Savoca | Martha E. Wohlfeil | Susan E. Ebeler | Gabrielle A. Nevitt,2016,Science Advances,article,10.1126/sciadv.1600395,https://doi.org/10.1126/sciadv.1600395,en,,False,OPEN_ACCESS_PDF,Citation chaining,OA_CHAIN_G2_BACKWARD_REFERENCE,MECH_FEEDING_MUCUS_CORAL | MECH_FEEDING_PUMPING_SPONGE | RESP_THRESHOLD_RECOVERY | SED_DEPOSITION | SED_DREDGING | SED_DRILLING | SED_SUSPENDED | SED_TAILINGS,SED_SUSPENDED,CITATION_CHAINING,NEITHER_SIGNAL,TITLE_ONLY,EXCLUDE,,,Covidence calibration plus reviewer adjudication,,,Jake,2026-08-17,Covidence NO mapped to EXCLUDE.
CAL-0166,DEVELOPMENT,CWC-FEF6F1A187D1,The Basket Fish,H. C. Hovey,1880,Scientific American,article,10.1038/scientificamerican01101880-23a,https://doi.org/10.1038/scientificamerican01101880-23a,en,,False,OPEN_ACCESS_LANDING_PAGE,OpenAlex,OA_SED_DREDGING_01,SED_DREDGING,SED_DREDGING,OPENALEX,NEITHER_SIGNAL,TITLE_ONLY,EXCLUDE,,,Covidence calibration plus reviewer adjudication,,,Jake,2026-08-17,Covidence NO mapped to EXCLUDE.
CAL-0167,DEVELOPMENT,CWC-3836D935226B,Are infectious diseases really killing corals? Alternative interpretations of the experimental and ecological data,Michael P. Lesser | John C. Bythell | Ruth D. Gates | Ron Johnstone | Ove Hoegh‐Guldberg,2007,Journal of Experimental Marine Biology and Ecology,article,10.1016/j.jembe.2007.02.015,https://doi.org/10.1016/j.jembe.2007.02.015,en,,False,NOT_IDENTIFIED,Citation chaining,OA_CHAIN_G1_BACKWARD_REFERENCE | OA_CHAIN_G2_BACKWARD_REFERENCE | OA_CHAIN_G2_FORWARD_CITATION,MECH_FEEDING_MUCUS_CORAL | MECH_FEEDING_PUMPING_SPONGE | RESP_THRESHOLD_RECOVERY | SED_DEPOSITION | SED_DREDGING | SED_DRILLING | SED_SUSPENDED,SED_DRILLING,CITATION_CHAINING,ORGANISM_ONLY,TITLE_ONLY,EXCLUDE,,,Covidence calibration plus reviewer adjudication,,,Jake,2026-08-17,Covidence NO mapped to EXCLUDE.
CAL-0168,DEVELOPMENT,CWC-F5975BF758D9,"Peer Review #1 of ""Coral-algal interactions at Weizhou Island in the northern South China Sea: variations by taxa and the exacerbating impact of sediments trapped in turf algae (v0.3)""",,2019,,peer-review,10.7287/peerj.6590v0.3/reviews/1,https://doi.org/10.7287/peerj.6590v0.3/reviews/1,en,"Competitive interactions between corals and benthic algae are increasingly frequent on degrading coral reefs, but the processes and mechanisms surrounding the interactions, as well as the exacerbating effects of sediments trapped in turf algae, are poorly described.We surveyed the frequency, proportion, and outcomes of interactions between benthic algae (turf algae and macroalgae) and 631 corals (genera: Porites, Favites, Favia, Platygyra, and Pavona) on a degenerating reef in the northern South China Sea, with a specific focus on the negative effects of algal contact on corals.Our data indicated that turf algae were the main algal competitors for each surveyed coral genus and the proportion of algal contact along the coral edges varied significantly among the coral genera and the algal types.The proportions of algal wins between corals and turf algae or macroalgae differed significantly among coral genera.Compared to macroalgae, turf algae consistently yielded more algal wins and fewer coral wins on all coral genera.Amongst the coral genera, Porites was the most easily damaged by algal competition.The proportions of turf algal wins on the coral genera increased 1.1-1.9times in the",True,OPEN_ACCESS_LANDING_PAGE,Citation chaining,OA_CHAIN_G1_FORWARD_CITATION | OA_CHAIN_G2_FORWARD_CITATION,MECH_FEEDING_MUCUS_CORAL | RESP_THRESHOLD_RECOVERY | SED_DEPOSITION | SED_DREDGING | SED_SUSPENDED | SED_TAILINGS,SED_DEPOSITION,CITATION_CHAINING,ORGANISM_ONLY,TITLE_ABSTRACT,EXCLUDE,,,Covidence calibration plus reviewer adjudication,,,Jake,2026-08-17,Covidence NO mapped to EXCLUDE.
CAL-0169,VALIDATION,CWC-DF2B5CD7897B,"Coral Reefs of the Indian Ocean, Their Ecology and Conservation",,2000,,book,10.1093/oso/9780195125962.001.0001,https://doi.org/10.1093/oso/9780195125962.001.0001,en,,False,NOT_IDENTIFIED,Citation chaining,OA_CHAIN_G2_BACKWARD_REFERENCE,MECH_FEEDING_MUCUS_CORAL | MECH_FEEDING_PUMPING_SPONGE | RESP_THRESHOLD_RECOVERY | SED_DEPOSITION | SED_DREDGING | SED_DRILLING | SED_SUSPENDED | SED_TAILINGS,SED_TAILINGS,CITATION_CHAINING,ORGANISM_ONLY,TITLE_ONLY,EXCLUDE,,,Covidence calibration plus reviewer adjudication,,,Jake,2026-08-17,Covidence NO mapped to EXCLUDE.
CAL-0170,VALIDATION,CWC-313D3EF59AB6,"Alacran Reef, Campeche Bank, Mexico",Louis S. Kornicker | F. Bonet | R. Cann | Charles M. Hoskin,1959,Smithsonian Digital Repository (Smithsonian Institution),article,,http://hdl.handle.net/10088/8558,en,,False,OPEN_ACCESS_PDF,Citation chaining,OA_CHAIN_G2_BACKWARD_REFERENCE,SED_DEPOSITION | SED_DREDGING | SED_DRILLING | SED_SUSPENDED,SED_DRILLING,CITATION_CHAINING,NEITHER_SIGNAL,TITLE_ONLY,EXCLUDE,,,Covidence calibration plus reviewer adjudication,,,Jake,2026-08-17,Covidence NO mapped to EXCLUDE.
CAL-0171,DEVELOPMENT,CWC-1D6A7CA76DE5,"Distribution Patterns of Larger Symbiont-Bearing Foraminifera of the Florida Reef Tract, USA",Rebekah Duncan Baker,2008,Digital Commons - University of South Florida (University of South Florida),dissertation,,https://digitalcommons.usf.edu/etd/3799,en,"Studies of larger symbiont-bearing foraminifers on reefs have revealed their potential as indicators of environmental stress because of their physiological analogies to corals (dependence on algal symbionts for growth and calcification) and relatively short life cycle (a few months to 2 years or more). The purpose of this study is to report distribution patterns and population densities of larger benthic foraminifers (LBF) of the Florida reef tract, specifically reporting abundance data collected from offshore (1995-2000, 2006, 2007) and patch reefs (1996, 2006, 2007).\nSix years of quarterly data collected from two offshore reefs, Conch (10, 18 and 30m) and Tennessee (8 and 20m), revealed that LBF assemblages primarily varied with habitat depth, in turn reflecting available light and water motion.These assemblages were dominated by Amphistegina gibbosa d'Orbigny and Laevipeneroplis proteus d'Orbigny, which tended to occur together, making up ~40-50% of the assemblages and up to 80% at the Tennessee 20m site. Both overall abundance and evenness of the LBF assemblage structure exhibited the greatest variability at shallower depths. Evenness was inversely related to densities of A. g",True,OPEN_ACCESS_LANDING_PAGE,OpenAlex | Semantic Scholar,OA_SED_SUSPENDED_01 | SS_SED_SUSPENDED_01,SED_SUSPENDED,SED_SUSPENDED,MULTI_SCHOLARLY,ORGANISM_AND_STRESSOR,TITLE_ABSTRACT,EXCLUDE,,,Covidence calibration plus reviewer adjudication,,,Jake,2026-08-17,Covidence NO mapped to EXCLUDE.
CAL-0172,DEVELOPMENT,CWC-00BEAE05DC2E,"A preliminary survey of marine contamination from mining-related activities on Marinduque Island, Philippines: porewater toxicity and chemistry results from a field trip, October 14-19, 2000",,2001,,Review,10.3133/ofr01441,https://www.semanticscholar.org/paper/60a4d0ed2195494a6aafe5f229dad80eb38ff4c6,,,False,OPEN_ACCESS_PDF,Semantic Scholar,SS_SED_TAILINGS_01,SED_TAILINGS,SED_TAILINGS,SEMANTIC_SCHOLAR,NEITHER_SIGNAL,TITLE_ONLY,EXCLUDE,,,Covidence calibration plus reviewer adjudication,,,Jake,2026-08-17,Covidence NO mapped to EXCLUDE.
CAL-0173,VALIDATION,CWC-3CCA55D30A9F,"The high turbidity reduced mortality of coral bleaching in Kabira Bay, Ishigaki Island",Kotaro Yashiro | Koichi Kinjo | Yoshiyuki NAKAMURA,2017,Japan Geoscience Union,article,,https://confit.atlas.jp/guide/event/jpguagu2017/subject/ACG50-P03/detail,en,,False,NOT_IDENTIFIED,OpenAlex | Semantic Scholar,OA_RESP_THRESHOLD_RECOVERY_01 | OA_SED_SUSPENDED_01 | SS_RESP_THRESHOLD_RECOVERY_01 | SS_SED_SUSPENDED_01,RESP_THRESHOLD_RECOVERY | SED_SUSPENDED,RESP_THRESHOLD_RECOVERY,MULTI_SCHOLARLY,ORGANISM_AND_STRESSOR,TITLE_ONLY,EXCLUDE,,,Covidence calibration plus reviewer adjudication,,,Jake,2026-08-17,Covidence NO mapped to EXCLUDE.
CAL-0174,VALIDATION,CWC-D4573BAF228F,Plio-Pleistocene palaeogeography of the southern North Sea basin (3.75-0.60 Ma),"Funnell, BM",1996,QUATERNARY SCIENCE REVIEWS,JOUR,10.1016/0277-3791(96)00022-4,https://doi.org/10.1016/0277-3791(96)00022-4,English,"Palaeogeographical maps are presented for the southern North Sea basin, from approximately 1 degrees W to 7 degrees E, and 51-55 degrees N, for the period from approximately 3.75-0.60 Ma. Reconstructions centre on: 3.75 Ma (Coralline Crag/Brunssumian); 2.55 Ma (Red Crag/Brielle Ground/Reuverian); 2.40 Ma (Red Crag/Westkapelle Ground/Praetiglian-Early Tiglian); 2.00 Ma (Norwich Crag/Smith's Knoll and IJmuiden Ground/Middle Tiglian); 1.75-1.70 Ma (Cromer Forest Bed (Paston)/Winterton Shoal/Late Tiglian-Eburonian); 1.40 Ma (Kesgrave/Yarmouth Roads/Waalian); 1.15 Ma (Kesgrave/Yarmouth Roads/Menapian); and 0.60 Ma (Cromer Forest Bed (West Runton)Yarmouth Roads/Cromerian Complex). From 3.75-2.40 Ma the basin is mainly a marine area fringed to the east and south by fluviatile deposition, and broadly open via the southwest to the Atlantic. Following marked marine regression and cooling at around 2.40 Ma, the period from 2.00-1.70 Ma is mainly one of renewed marine transgression and warmer conditions, during which a Great European delta built out, fed mainly from the east and south, into the southern North Sea. From 1.40-0.60 Ma marine waters were almost entirely excluded from the area, and",True,NOT_IDENTIFIED,Web of Science,WOS_MECH_FEEDING_MUCUS_CORAL_01,MECH_FEEDING_MUCUS_CORAL,MECH_FEEDING_MUCUS_CORAL,WEB_OF_SCIENCE,NEITHER_SIGNAL,TITLE_ABSTRACT,EXCLUDE,,,Covidence calibration plus reviewer adjudication,,,Jake,2026-08-17,Covidence NO mapped to EXCLUDE.
CAL-0175,DEVELOPMENT,CWC-041A4066A580,Sponges: New Views of Old Animals,Scott Nichols,2005,Integrative and Comparative Biology,article,10.1093/icb/45.2.333,https://doi.org/10.1093/icb/45.2.333,en,"Sponges (phylum Porifera) are exclusively aquatic, sedentary, filter-feeding invertebrates, occupying essentially all benthic marine and some freshwater environments. With a worldwide fauna of at least 15,000 species (Hooper, 1994), poriferans are among the most diverse of sessile marine taxa. Sponges diverged from other animals earlier in evolutionary history than any other known animal group, extant or extinct, with the first sponge-related record in earth history found in 1.8 billion year old sediments, based on a demosponge-specific chemofossil, 24-isopropylcholestane (McCaffrey et al., 1994). The first morphological sponge fossils are known from the Early Vendian Doushantou phosphorites in China (∼580 Milllion years ago; Li et al., 1998) and the Neoproterozoic (∼550 my) Cloudina-Reefs of southern Namibia (Reitner and Wörheide, 2002). The sponge body plan, comprising tissue-like cell associations, inhalant and exhalant canal systems, and chambers lined by flagellated choanocytes, allows for the efficient filtration of particles from the water column and is so constrained that little variation has arisen in its core components during at least 580 Ma of animal history (the fossil",True,OPEN_ACCESS_LANDING_PAGE,OpenAlex,OA_MECH_FEEDING_PUMPING_SPONGE_01,MECH_FEEDING_PUMPING_SPONGE,MECH_FEEDING_PUMPING_SPONGE,OPENALEX,ORGANISM_ONLY,TITLE_ABSTRACT,EXCLUDE,,,Covidence calibration plus reviewer adjudication,,,Jake,2026-08-17,Covidence NO mapped to EXCLUDE.
CAL-0176,DEVELOPMENT,CWC-BF8E35F6071C,Networks,Jonathan Shepard,2018,Past & Present,article,10.1093/pastj/gty033,https://doi.org/10.1093/pastj/gty033,en,"The essence of networks involving humans is that they are voluntary. This is so even though they can be subsumed for a while within coercive structures. Networks need not be self-declared or even self-aware, and do not necessarily entail direct contact between their human components, even in the case of the more active members of a network. They represent an aggregate of countless individuals’ appetites, orientations and conscious preferences but need not have — or wish for — a collective identity. Degrees of personal involvement in a network range from direct, organizational and continuous to fitful, tenuous and passive, while membership of multiple networks is entirely feasible. And, if full participation is optional, enforcement of generally acceptable behavioural norms and also, in commercial transactions, assurance of standards of quality may be difficult, raising the question of appropriate sanctions for glaring breaches. This catalogue of the characteristics of networks involving humans is far from comprehensive, and is in all senses contestable. But for all the problems of definition that beset ‘network’, and the glaring mismatches between theory, data and application, ‘net",True,OPEN_ACCESS_LANDING_PAGE,OpenAlex,OA_RESP_THRESHOLD_RECOVERY_01 | OA_SED_DEPOSITION_01,RESP_THRESHOLD_RECOVERY | SED_DEPOSITION,SED_DEPOSITION,OPENALEX,NEITHER_SIGNAL,TITLE_ABSTRACT,EXCLUDE,,,Covidence calibration plus reviewer adjudication,,,Jake,2026-08-17,Covidence NO mapped to EXCLUDE.
CAL-0177,DEVELOPMENT,CWC-B48108077A11,Solar UVB-induced DNA damage and photoenzymatic DNA repair in antarctic zooplankton,Kirk D. Malloy | Molly A. Holman | David L. Mitchell | H. William Detrich,1997,Proceedings of the National Academy of Sciences,article,10.1073/pnas.94.4.1258,https://doi.org/10.1073/pnas.94.4.1258,en,,False,OPEN_ACCESS_LANDING_PAGE,Citation chaining,OA_CHAIN_G2_BACKWARD_REFERENCE,RESP_THRESHOLD_RECOVERY | SED_DEPOSITION | SED_DREDGING | SED_SUSPENDED | SED_TAILINGS,SED_TAILINGS,CITATION_CHAINING,NEITHER_SIGNAL,TITLE_ONLY,EXCLUDE,,,Covidence calibration plus reviewer adjudication,,,Jake,2026-08-17,Covidence NO mapped to EXCLUDE.
CAL-0178,DEVELOPMENT,CWC-4FE46BD659D1,Modelling South African cold-water coral habitats,James A. de Haast | James Andrew,2019,Open University of Cape Town (University of Cape Town),dissertation,,http://hdl.handle.net/11427/31361,en,,False,OPEN_ACCESS_PDF,Citation chaining,OA_CHAIN_G2_FORWARD_CITATION,MECH_FEEDING_MUCUS_CORAL | MECH_FEEDING_PUMPING_SPONGE | RESP_THRESHOLD_RECOVERY | SED_DEPOSITION | SED_DREDGING | SED_DRILLING | SED_SUSPENDED | SED_TAILINGS,SED_TAILINGS,CITATION_CHAINING,ORGANISM_ONLY,TITLE_ONLY,EXCLUDE,,,Covidence calibration plus reviewer adjudication,,,Jake,2026-08-17,Covidence NO mapped to EXCLUDE.
CAL-0179,VALIDATION,CWC-CFCDA995A53E,"Microsensor study of photosynthesis and calcification in the scleractinian coral, Galaxea fascicularis: active internal carbon cycle",Fuad A. Al‐Horani | Salim M Al-Moghrabi | Dirk de Beer,2003,Journal of Experimental Marine Biology and Ecology,article,10.1016/s0022-0981(02)00578-6,https://doi.org/10.1016/s0022-0981(02)00578-6,en,,False,NOT_IDENTIFIED,Citation chaining,OA_CHAIN_G1_FORWARD_CITATION | OA_CHAIN_G2_BACKWARD_REFERENCE,MECH_FEEDING_MUCUS_CORAL | SED_DEPOSITION | SED_DREDGING | SED_SUSPENDED,SED_DEPOSITION,CITATION_CHAINING,ORGANISM_ONLY,TITLE_ONLY,EXCLUDE,,,Covidence calibration plus reviewer adjudication,,,Jake,2026-08-17,Covidence NO mapped to EXCLUDE.
CAL-0180,DEVELOPMENT,CWC-94EAB9FF3886,The effect of suspended sediment on fertilization success in sockeye (<i>Oncorhynchus nerka</i>) and coho (<i>Oncorhynchus kisutch</i>) salmon,Ryan V. Galbraith | Erland A. MacIsaac | J. Stevenson Macdonald | Anthony P. Farrell,2006,Canadian Journal of Fisheries and Aquatic Sciences,article,10.1139/f06-133,https://doi.org/10.1139/f06-133,en,,False,NOT_IDENTIFIED,Citation chaining,OA_CHAIN_G1_BACKWARD_REFERENCE,MECH_FEEDING_MUCUS_CORAL | RESP_THRESHOLD_RECOVERY | SED_DREDGING | SED_SUSPENDED,RESP_THRESHOLD_RECOVERY,CITATION_CHAINING,STRESSOR_ONLY,TITLE_ONLY,EXCLUDE,,,Covidence calibration plus reviewer adjudication,,,Jake,2026-08-17,Covidence NO mapped to EXCLUDE.
CAL-0181,DEVELOPMENT,CWC-6B94FF0C4384,"Benthic Primary Production Budget of a Caribbean Reef Lagoon (Puerto Morelos, Mexico)",Malik S. Naumann | Carin Jantzen | Andreas F. Haas | Roberto Iglesias‐Prieto | Christian Wild,2013,PLoS ONE,article,10.1371/journal.pone.0082923,https://doi.org/10.1371/journal.pone.0082923,en,,False,OPEN_ACCESS_PDF,Citation chaining,OA_CHAIN_G1_FORWARD_CITATION | OA_CHAIN_G2_FORWARD_CITATION,MECH_FEEDING_MUCUS_CORAL | MECH_FEEDING_PUMPING_SPONGE | RESP_THRESHOLD_RECOVERY | SED_DEPOSITION | SED_DREDGING | SED_DRILLING | SED_SUSPENDED,MECH_FEEDING_PUMPING_SPONGE,CITATION_CHAINING,NEITHER_SIGNAL,TITLE_ONLY,EXCLUDE,,,Covidence calibration plus reviewer adjudication,,,Jake,2026-08-17,Covidence NO mapped to EXCLUDE.
CAL-0182,VALIDATION,CWC-C077B702E894,"Traditional datu cactus (ritterocereus griseus) fences reduce run-off rates and transport of sediment and nutrients on hillsides in bonaire, dutch caribbean",Alison Masyr,2011,Biochemistry and Molecular Biology Education,article,,https://paperity.org/p/37446219/traditional-datu-cactus-ritterocereus-griseus-fences-reduce-run-off-rates-and-transport,en,"ð Most reef building corals require seawater with low nutrients and sediment loads to thrive. On coral reefs around the world, increases in run-off and its constituent pollutants are damaging and killing reef building corals due to poor coastal zone management practices. In the marine environment, mangroves provide protection for coral reefs by filtering sediments and absorbing nutrients from run-off. On Bonaire, Ritterocereus griseus, a common cactus species, has the potential to act as a natural filter, analogous to mangroves in the marine environment, on hillsides where run-off is problematic. This research sought to determine the amounts of run-off, phosphate and sediment transported down-slope of plots with cactus fences and plots without fences. Experimental plots with cactus fence were compared to plots without cacti by utilizing simulated rainfall and catching the run-off to measure the difference in volume, phosphate and sediment loads between plots. This study determined that R. griseus reduces the volume of run-off and the amount of sediment and nutrients transported down-slope. The use of cactus fences could increase the resilience on Bonaire's reefs by decreasing sedim",True,NOT_IDENTIFIED,Citation chaining | OpenAlex | Semantic Scholar,OA_CHAIN_G1_FORWARD_CITATION | OA_SED_DEPOSITION_01 | SS_SED_DEPOSITION_01,RESP_THRESHOLD_RECOVERY | SED_DEPOSITION | SED_SUSPENDED | SED_DEPOSITION,SED_SUSPENDED,CITATION_CHAINING,ORGANISM_AND_STRESSOR,TITLE_ABSTRACT,EXCLUDE,,,Covidence calibration plus reviewer adjudication,,,Jake,2026-08-17,Covidence NO mapped to EXCLUDE.
CAL-0183,VALIDATION,CWC-61245A09A873,Mixed Carbonate and Clastic Sedimentation: North Insular Shelf of Puerto Rico: ABSTRACT,O. Pilkey; R. W. Rodriguez,1983,,,10.1306/03b5b420-16d1-11d7-8645000102c1865d,https://www.semanticscholar.org/paper/c1f6dc7bdfd087e60044b3ad5e3d34837b9272f0,,"Light-colored carbonate sands and dark-colored muddy clastic sands are deposited in distinct and sharply defined bands across the narrow (less than 3 km, 1.9 mi) and steep insular shelf of northern Puerto Rico. The narrow bands of clastic sands are found adjacent to the mouths of each of the rivers. These bands are in textural equilibrium with the present-day physical conditions on the shelf and are deposited as a result of successive hurricane-related flooding events. Dominant sand-sized components are quartz, feldspar, and rock fragments. The rate of sedimentation in the intervening cross-shelf strips of carbonate sediment is much lower, and the shelf sediment cover here is not in textural equilibrium with the physical environment. Dominant sand-sized components are mol usk, algae, coral, and bryozoan fragments. The boundary between carbonate and clastic bands is very sharp, often occurring within 100 m (330 ft). The small carbonate fraction of the rapidly deposited clastic sediment and the particles making up the slowly deposited carbonate sediment exhibit strong differences in physical condition. The clastic calcareous fraction is fresh in appearance, highly angular if fragment",True,OPEN_ACCESS_PDF,Semantic Scholar,SS_SED_DEPOSITION_01,SED_DEPOSITION,SED_DEPOSITION,SEMANTIC_SCHOLAR,ORGANISM_AND_STRESSOR,TITLE_ABSTRACT,EXCLUDE,,,Covidence calibration plus reviewer adjudication,,,Jake,2026-08-17,Covidence NO mapped to EXCLUDE.
CAL-0184,DEVELOPMENT,CWC-AFEC07CED906,"Sedimentation ralentie et diagenese sous-marine au se de la nouvelle-caledonie (dolomitisation, ferruginisation, phosphatisation)",R. Anglada; C. Froget; J. Récy,1975,,,10.1016/0037-0738(75)90004-4,https://www.semanticscholar.org/paper/efac2a07ee2acfc93e3a9ec2591d8f6c267e92bf,,,False,NOT_IDENTIFIED,Semantic Scholar,SS_SED_DREDGING_01,SED_DREDGING,SED_DREDGING,SEMANTIC_SCHOLAR,STRESSOR_ONLY,TITLE_ONLY,EXCLUDE,,,Covidence calibration plus reviewer adjudication,,,Jake,2026-08-17,Covidence NO mapped to EXCLUDE.
CAL-0185,DEVELOPMENT,CWC-865693F0AEA7,"El Arrecife Coralino del Parque Nacional Cahuita, Costa Rica",Jorge Cortés | Michael J. Risk,1984,LA Referencia (Red Federada de Repositorios Institucionales de Publicaciones Científicas),article,,https://revistas.ucr.ac.cr/index.php/rbt/article/view/24858,es,"The coral reef at Parque Nacional Cahuita, Limón, Costa Rica, is a reef under stress due to siltation. The amount of suspended sediments is high and resuspension of bottom sediments is also high. Growth rates of corals, live coral coverage and diversity were low. Colonies are generally larger than in other areas studied, and recruitment of planulae seems to be low. Most of the corals present are good at rejecting sediments and morphologies of some change to better resist the sediments (vertical fronds of Agaricia agaricites) or to receive more light (shingles of Montastrea annularis and Porites astreoides).Analyses of the currents and the type of minerals present in the noncarbonate fraction of the sediments at the reef point to Río La Estrella as the source of sediments. The amount of sediments carried by this river has probably increased recently as a result of watershed deforestation. The problem of siltation in reef environments is bound to increase as new areas in the tropics are being developed.Sediments affect both the individual coral and the coral community. Whether a reef is (or was) under stress due to siltation, can be determined by analyzing the following: growth rates",True,OPEN_ACCESS_PDF,Citation chaining | OpenAlex | Semantic Scholar,OA_CHAIN_G1_BACKWARD_REFERENCE | OA_CHAIN_G2_BACKWARD_REFERENCE | OA_SED_DREDGING_01 | OA_SED_SUSPENDED_01 | SS_SED_DREDGING_01 | SS_SED_SUSPENDED_01,MECH_FEEDING_MUCUS_CORAL | RESP_THRESHOLD_RECOVERY | SED_DEPOSITION | SED_SUSPENDED | SED_DREDGING | SED_SUSPENDED,SED_DEPOSITION,CITATION_CHAINING,ORGANISM_AND_STRESSOR,TITLE_ABSTRACT,EXCLUDE,,,Covidence calibration plus reviewer adjudication,,,Jake,2026-08-17,Covidence NO mapped to EXCLUDE.
CAL-0186,DEVELOPMENT,CWC-17F95F1B9B5A,"UK deep‐sea conservation: Progress, lessons learned, and actions for the future",Peter Chaniotis | Laura M. Robson | Anaëlle J. Lemasson | Alice Cornthwaite | Kerry L. Howell,2019,Aquatic Conservation Marine and Freshwater Ecosystems,article,10.1002/aqc.3243,https://doi.org/10.1002/aqc.3243,en,,False,OPEN_ACCESS_LANDING_PAGE,Citation chaining,OA_CHAIN_G1_FORWARD_CITATION,MECH_FEEDING_MUCUS_CORAL | RESP_THRESHOLD_RECOVERY | SED_DEPOSITION | SED_DREDGING | SED_DRILLING | SED_SUSPENDED,MECH_FEEDING_MUCUS_CORAL,CITATION_CHAINING,NEITHER_SIGNAL,TITLE_ONLY,EXCLUDE,,,Covidence calibration plus reviewer adjudication,,,Jake,2026-08-17,Covidence NO mapped to EXCLUDE.
CAL-0187,DEVELOPMENT,CWC-4CAAAAF0E7FC,The Importance of Posidonia oceanica and Cymodocea nodosa as Contributors of Free Amino Acids in Water and Sediment of Seagrass Beds,Niels O. G. Jørgensen | T. H. Blackburn | Kai Henriksen | Daniel Bay,1981,Marine Ecology,article,10.1111/j.1439-0485.1981.tb00267.x,https://doi.org/10.1111/j.1439-0485.1981.tb00267.x,en,,False,NOT_IDENTIFIED,Citation chaining,OA_CHAIN_G2_BACKWARD_REFERENCE,MECH_FEEDING_MUCUS_CORAL | SED_DREDGING | SED_SUSPENDED,MECH_FEEDING_MUCUS_CORAL,CITATION_CHAINING,STRESSOR_ONLY,TITLE_ONLY,EXCLUDE,,,Covidence calibration plus reviewer adjudication,,,Jake,2026-08-17,Covidence NO mapped to EXCLUDE.
CAL-0188,DEVELOPMENT,CWC-2DCD30A43752,"Seabed pockmarks and seepages — impact on geology, biology and the marine environment",R. H. Clarke,1989,Marine and Petroleum Geology,article,10.1016/0264-8172(89)90010-x,https://doi.org/10.1016/0264-8172(89)90010-x,en,,False,NOT_IDENTIFIED,Citation chaining,OA_CHAIN_G1_BACKWARD_REFERENCE,SED_DREDGING | SED_SUSPENDED,SED_DREDGING,CITATION_CHAINING,NEITHER_SIGNAL,TITLE_ONLY,EXCLUDE,,,Covidence calibration plus reviewer adjudication,,,Jake,2026-08-17,Covidence NO mapped to EXCLUDE.
CAL-0189,DEVELOPMENT,CWC-5215FD9B6068,"Roles of disturbance, sediment stress, and substratum retention on spatial dominance in algal turf","Airoldi, L",1998,ECOLOGY,JOUR,10.2307/176515,https://doi.org/10.2307/176515,English,"A common assumption of ecological theories addressing the causes of spatial dominance and stability in natural communities is that organisms have trade-offs between resistance to disturbance, environmental tolerance, and competitive abilities, i.e., that different species or groups of species dominate under different regimes of disturbance and stress. A multifactorial field experiment was conducted from June 1994 to October 1995 in a turf-dominated macroalgal assemblage on a rocky subtidal shore south of Livorno (western Mediterranean, Italy) to test the hypothesis that variable patterns of disturbance and stress influence the differential success of species, and to identify functional characteristics resulting in persistent monopolization of space. The experiment, which included manipulation of the depositional environment, was designed specifically to test whether patterns of recovery following abrasion or removal of the biota differed among patches of different sizes, produced at different times of the year and at different locations and undergoing different rates of sediment deposition. Variable size, intensity, timing and location of disturbance, and variable stress induced by",True,NOT_IDENTIFIED,Web of Science,WOS_SED_DEPOSITION_01,SED_DEPOSITION,SED_DEPOSITION,WEB_OF_SCIENCE,STRESSOR_ONLY,TITLE_ABSTRACT,EXCLUDE,,,Covidence calibration plus reviewer adjudication,,,Jake,2026-08-17,Covidence NO mapped to EXCLUDE.
CAL-0190,DEVELOPMENT,CWC-1A68D45C8FC5,"Regulation of coral assemblages: Spatial and temporal variation in the abundance of recruits, juveniles, and adults",Radonirina Lebely Botosoamananto | Gildas Todinanahary | Lahitsiresy Max Gasimandova | Mahery Randrianarivo | Lucie Penin | Mehdi Adjeroud,2025,PLoS ONE,article,10.1371/journal.pone.0329546,https://doi.org/10.1371/journal.pone.0329546,en,,False,OPEN_ACCESS_PDF,Citation chaining,OA_CHAIN_G1_FORWARD_CITATION | OA_CHAIN_G2_FORWARD_CITATION,MECH_FEEDING_MUCUS_CORAL | RESP_THRESHOLD_RECOVERY | SED_DEPOSITION | SED_DREDGING | SED_SUSPENDED | SED_TAILINGS,RESP_THRESHOLD_RECOVERY,CITATION_CHAINING,ORGANISM_ONLY,TITLE_ONLY,EXCLUDE,,,Covidence calibration plus reviewer adjudication,,,Jake,2026-08-17,Covidence NO mapped to EXCLUDE.
CAL-0191,VALIDATION,CWC-9CC2AB95F1BA,"Introduction: organisms, sediments, and water movements",Colin Little,2000,,book-chapter,10.1093/oso/9780198504276.003.0001,https://doi.org/10.1093/oso/9780198504276.003.0001,en,"Abstract During winter, the intertidal mudflats of the Chesapeake Bay, a large estuarine system on the east coast of North America, are crowded with wading birds. Dunlin (Calidris alpma), dowitchers (Limnodromus spp.), and oystercatchers (Haematopus spp.) accumulate in large feeding flocks. Meanwhile, mudflats in the Severn estuary, in southwest England, are visited by up to 2000 curlew (Numenius arcata), 2000 redshank (Tringa totanus), and 50 000 dunlin. As well as these mobile armies, the richness of the habitats is emphasized by the extensive fringing salt marshes, where cordgrasses (Spartina spp.) dominate meadows that are flooded by sea water at high spring tides. These salt marshes are some of the most productive areas in the world, vying with tropical rain forests and coral reefs for the highest rates at which carbon is fixed.",False,NOT_IDENTIFIED,OpenAlex,OA_MECH_FEEDING_MUCUS_CORAL_01,MECH_FEEDING_MUCUS_CORAL,MECH_FEEDING_MUCUS_CORAL,OPENALEX,ORGANISM_ONLY,TITLE_ABSTRACT,EXCLUDE,,,Covidence calibration plus reviewer adjudication,,,Jake,2026-08-17,Covidence NO mapped to EXCLUDE.
CAL-0192,DEVELOPMENT,CWC-D109362DB0AD,"Impacts of non-point source sewage pollution on Elkhorn coral, Acropora palmata (Lamarck), assemblages of the southwestern Puerto Rico shelf",B. Sandoz; H. Mattei,2008,,,,https://www.semanticscholar.org/paper/39e1c91f9d917a3b950cc88fb181b0142cc11f2e,,,False,NOT_IDENTIFIED,Semantic Scholar,SS_RESP_THRESHOLD_RECOVERY_01 | SS_SED_SUSPENDED_01,RESP_THRESHOLD_RECOVERY | SED_SUSPENDED,RESP_THRESHOLD_RECOVERY,SEMANTIC_SCHOLAR,ORGANISM_ONLY,TITLE_ONLY,EXCLUDE,,,Covidence calibration plus reviewer adjudication,,,Jake,2026-08-17,Covidence NO mapped to EXCLUDE.
CAL-0193,DEVELOPMENT,CWC-051643F6A974,Marine Reserves Enhance the Recovery of Corals on Caribbean Reefs,Peter J. Mumby | Alastair R. Harborne,2010,PLoS ONE,article,10.1371/journal.pone.0008657,https://doi.org/10.1371/journal.pone.0008657,en,,False,OPEN_ACCESS_PDF,Citation chaining,OA_CHAIN_G2_BACKWARD_REFERENCE,MECH_FEEDING_MUCUS_CORAL | RESP_THRESHOLD_RECOVERY | SED_DEPOSITION | SED_DREDGING | SED_DRILLING | SED_SUSPENDED | SED_TAILINGS,SED_DRILLING,CITATION_CHAINING,ORGANISM_ONLY,TITLE_ONLY,EXCLUDE,,,Covidence calibration plus reviewer adjudication,,,Jake,2026-08-17,Covidence NO mapped to EXCLUDE.
CAL-0194,DEVELOPMENT,CWC-FB5471D18DA2,Trait‐mediated environmental filtering drives assembly at biogeographic transition zones,Brigitte Sommer | Peter L. Harrison | Maria Beger | John M. Pandolfi,2013,Ecology,article,10.1890/13-1445.1,https://doi.org/10.1890/13-1445.1,en,,False,NOT_IDENTIFIED,Citation chaining,OA_CHAIN_G1_FORWARD_CITATION,MECH_FEEDING_MUCUS_CORAL | RESP_THRESHOLD_RECOVERY | SED_SUSPENDED,RESP_THRESHOLD_RECOVERY,CITATION_CHAINING,NEITHER_SIGNAL,TITLE_ONLY,EXCLUDE,,,Covidence calibration plus reviewer adjudication,,,Jake,2026-08-17,Covidence NO mapped to EXCLUDE.
CAL-0195,DEVELOPMENT,CWC-7A6CA3ECD30A,Nutrient excess and the demise of coral reefs and carbonate platforms,Pamela Hallock | Wolfgang Schlager,1986,Palaios,article,10.2307/3514476,https://doi.org/10.2307/3514476,en,"Growth rates of corals on Holocene reefs indicate that carbonate platforms should easily keep pace with long-term subsidence and sea-level changes, yet drowned reefs and platforms are common in the geologic record. Recognition of the negative influence of nutrients on reef communities provides a clue to that paradox. The primary carbonate-sediment producers of the coral reef community are highly adapted to nutrient-deficient environments. Input of nitrates and phosphates stimulates growth of plankton, which reduces water transparency, limiting depth ranges of zooxanthellate corals and calcareous algae and thereby reducing carbonate production. Higher nutrient concentrations and plankton densities also stimulate growth of fleshy algae and ahermatypic suspension-feeding animals in the benthos. Besides displacing hermatypic algae and corals, many of these fastgrowing competitors are bioeroders that actively destroy thze reefal structure. Because rates of carbonate production and bioerosion are similar, even modest increases in nutrient availability can shift a reef community from net production to net erosion. In the geologic record, drowned reefs and carbonate platforms typically exh",True,NOT_IDENTIFIED,Citation chaining | OpenAlex | Semantic Scholar,OA_CHAIN_G1_BACKWARD_REFERENCE | OA_CHAIN_G1_RELATED_WORK | OA_CHAIN_G2_BACKWARD_REFERENCE | OA_MECH_FEEDING_MUCUS_CORAL_01 | SS_MECH_FEEDING_MUCUS_CORAL_01,MECH_FEEDING_MUCUS_CORAL | MECH_FEEDING_MUCUS_CORAL | RESP_THRESHOLD_RECOVERY | SED_DEPOSITION | SED_DREDGING | SED_DRILLING | SED_SUSPENDED | SED_TAILINGS,SED_TAILINGS,CITATION_CHAINING,ORGANISM_AND_STRESSOR,TITLE_ABSTRACT,EXCLUDE,,,Covidence calibration plus reviewer adjudication,,,Jake,2026-08-17,Covidence NO mapped to EXCLUDE.
CAL-0196,DEVELOPMENT,CWC-7AD604E463DD,Rame Head Environmental Impact study: Review of Evidence,Krysia Mazik | Michael Elliott,2011,Repository@Hull (Worktribe) (University of Hull),report,,https://hull-repository.worktribe.com/output/417644,en,"Dredging, and the disposal of dredged material, are activities essential to the maintenance of navigable waterways and to the construction and operating of ports and harbours. The activities must comply with the OSPAR Convention, relating to north-western Europe, and the global London Protocol of 1972. The disposal of dredged material at sea is subject to strict regulation under licences granted under the Food & Environmental Protection Act 1985, the Coast Protection Act 1949 (CPA) and/or the Marine Works (Environmental Impact Assessment) Regulations 2007. These controls cover maintenance (relocation of settled material from channels and berths) and capital (creation of new harbour facilities or deeper channels) dredging. The Rame Head dredged material disposal site, located in Whitsand Bay, off the SE coast of Cornwall, receives dredgings from the Tamar Estuary, including the channel, Dockyard and marina areas of Plymouth. The disposal site has been in use for over a century and has received materials from before present controls were implemented. Compared to many UK disposal sites, this site is not only very close to the coast but also to an area significantly dependent on touris",True,OPEN_ACCESS_LANDING_PAGE,OpenAlex,OA_SED_DREDGING_01 | OA_SED_SUSPENDED_01,SED_DREDGING | SED_SUSPENDED,SED_DREDGING,OPENALEX,STRESSOR_ONLY,TITLE_ABSTRACT,EXCLUDE,,,Covidence calibration plus reviewer adjudication,,,Jake,2026-08-17,Covidence NO mapped to EXCLUDE.
CAL-0197,DEVELOPMENT,CWC-3E48D16E29A4,Chapter 12 Fossil Coral Reefs,,1983,Developments in petroleum science,book-chapter,10.1016/s0376-7361(08)70096-7,https://doi.org/10.1016/s0376-7361(08)70096-7,en,,False,NOT_IDENTIFIED,OpenAlex,OA_SED_DEPOSITION_01,SED_DEPOSITION,SED_DEPOSITION,OPENALEX,ORGANISM_ONLY,TITLE_ONLY,EXCLUDE,,,Covidence calibration plus reviewer adjudication,,,Jake,2026-08-17,Covidence NO mapped to EXCLUDE.
CAL-0198,VALIDATION,CWC-81534EADAFCA,FOCUS ON ECOLOGICAL IMPROVEMENTS IN THE DESIGN OF A BEACH STABILIZATION PROJECT,Kevin MacIntosh | Tundi Agardy | Seth Logan,2018,Coastal Engineering Proceedings,article,10.9753/icce.v36.risk.6,https://doi.org/10.9753/icce.v36.risk.6,en,"Baird harnessed the latest technology to improve the beach while minimizing environmental impacts and improving habitat wherever possible at a west coast location in Barbados. Baird used an Echoscope to precisely map bathymetry, living reef, and voids in relic reef. Following numerical and physical modeling, underwater structures for beach stabilization were specifically designed to accommodate coral transplants and lab grown corals. This first phase of shoreline stabilization creates new opportunities for enhancement, training, and education. Subsequent monitoring of biodiversity will measure the rate of reef recovery. Turbidity monitoring, as well as rainfall and surface run-off rates, will provide much needed information regarding the relative impacts of wave sediment resuspension and surface run-off on coral health.",False,OPEN_ACCESS_PDF,OpenAlex | Semantic Scholar,OA_RESP_THRESHOLD_RECOVERY_01 | OA_SED_DREDGING_01 | OA_SED_SUSPENDED_01 | SS_RESP_THRESHOLD_RECOVERY_01 | SS_SED_DREDGING_01 | SS_SED_SUSPENDED_01,RESP_THRESHOLD_RECOVERY | SED_DREDGING | SED_SUSPENDED,SED_DREDGING,MULTI_SCHOLARLY,ORGANISM_AND_STRESSOR,TITLE_ABSTRACT,EXCLUDE,,,Covidence calibration plus reviewer adjudication,,,Jake,2026-08-17,Covidence NO mapped to EXCLUDE.
CAL-0199,VALIDATION,CWC-167FF0C7FBB3,Hatton-Rockall Basin MPA | Advisor to Government on Nature Conservation | JNCC,,,JNCC,project_or_program_page,,https://jncc.gov.uk/our-work/hatton-rockall-basin-mpa,English,The MPA also includes protection for offshore deep-sea muds and a series of unique geological features known as polygonal faults. *Map displaying the Hatton-Rockall Basin MPA boundary and associated protected feature data. Information about the Nature Conservation MPA site selection process is available on the JNCC's Nature Conservation MPA webpages. Offshore deep sea mud habitat is predicted to be present throughout the Hatton-Rockall Basin MPA and is another of the site’s protected features. There is little information on the level of biological diversity and composition of communities suppo,False,NOT_IDENTIFIED,Grey literature,GL_JNCC_NERC_SED_DRILLING_01,SED_DRILLING,SED_DRILLING,GREY_LITERATURE,NEITHER_SIGNAL,TITLE_ABSTRACT,EXCLUDE,,,Covidence calibration plus reviewer adjudication,,,Jake,2026-08-17,Covidence NO mapped to EXCLUDE.
CAL-0200,DEVELOPMENT,CWC-5398E138CCA7,The Manihiki Plateau—A multistage volcanic emplacement history,Ricarda Pietsch | Gabriele Uenzelmann‐Neben,2015,Geochemistry Geophysics Geosystems,article,10.1002/2015gc005852,https://doi.org/10.1002/2015gc005852,en,,False,OPEN_ACCESS_PDF,Citation chaining,OA_CHAIN_G1_BACKWARD_REFERENCE,SED_DEPOSITION,SED_DEPOSITION,CITATION_CHAINING,NEITHER_SIGNAL,TITLE_ONLY,EXCLUDE,,,Covidence calibration plus reviewer adjudication,,,Jake,2026-08-17,Covidence NO mapped to EXCLUDE.
CAL-0201,VALIDATION,CWC-A9BDDCEB6615,Bio-optical Model for Mapping Spatial Distribution of Total Suspended Matter from Satellite Imagery,W. Ambarwulan,2004,,,,https://www.semanticscholar.org/paper/575f6fabc8952d40182f9313747526f61006af48,,,False,NOT_IDENTIFIED,Semantic Scholar,SS_SED_SUSPENDED_01,SED_SUSPENDED,SED_SUSPENDED,SEMANTIC_SCHOLAR,NEITHER_SIGNAL,TITLE_ONLY,EXCLUDE,,,Covidence calibration plus reviewer adjudication,,,Jake,2026-08-17,Covidence NO mapped to EXCLUDE.
CAL-0202,DEVELOPMENT,CWC-CFF1946A2E38,Sediment yield in Africa,Matthias Vanmaercke | Jean Poesen | Jente Broeckx | Jan Nyssen,2014,Earth-Science Reviews,article,10.1016/j.earscirev.2014.06.004,https://doi.org/10.1016/j.earscirev.2014.06.004,en,,False,OPEN_ACCESS_LANDING_PAGE,Citation chaining,OA_CHAIN_G1_BACKWARD_REFERENCE,SED_DEPOSITION | SED_SUSPENDED,SED_DEPOSITION,CITATION_CHAINING,STRESSOR_ONLY,TITLE_ONLY,EXCLUDE,,,Covidence calibration plus reviewer adjudication,,,Jake,2026-08-17,Covidence NO mapped to EXCLUDE.
CAL-0203,DEVELOPMENT,CWC-2325C1053BF4,Indicators of metal pollution in prospective mining regions: a case study from Philippines,Kathleen Cedeno | Mansour Edraki | Neil McIntyre | Trang Huynh | Ian Callow,2018,Environmental Geochemistry and Health,article,10.1007/s10653-018-0152-6,https://doi.org/10.1007/s10653-018-0152-6,en,,False,NOT_IDENTIFIED,Citation chaining,OA_CHAIN_G1_RELATED_WORK,SED_TAILINGS,SED_TAILINGS,CITATION_CHAINING,NEITHER_SIGNAL,TITLE_ONLY,EXCLUDE,,,Covidence calibration plus reviewer adjudication,,,Jake,2026-08-17,Covidence NO mapped to EXCLUDE.
CAL-0204,DEVELOPMENT,CWC-E8B4E03E525F,EA Condition Tracker,,2024,Equinor Canada Ltd.,monitoring_report,,https://cdn.equinor.com/files/h61q9gi9/global/70c5ec5dc881af75f7e16c5f84a4cfbe72b10ddf.pdf?ea-committments-2024-drilling-verification-tracker-240628-equinor-canada.pdf=,English,"As part of these follow-up requirements, for the duration of the drilling program, the Proponent shall: Follow-up and Monitoring 18-Jun-24 In Progress 48 3.12.1 for every well, measure the concentration of synthetic-based drilling fluids retained on discharged drill cuttings as described in the Offshore Waste Treatment Guidelines to verify that the discharge meets, at a minimum, the performance targets set out in the Guidelines and any applicable legislative requirements, and report the results to the Board; Drilling Not Started To be reported per monthly compliance reporting WR0239 Marine Ope",False,LIKELY_FULL_DOCUMENT_URL,Grey literature,GL_OFFSHORE_OPERATORS_RESP_THRESHOLD_RECOVERY_01 | GL_OFFSHORE_OPERATORS_SED_DEPOSITION_01 | GL_OFFSHORE_OPERATORS_SED_DREDGING_01,RESP_THRESHOLD_RECOVERY | SED_DEPOSITION | SED_DREDGING,SED_DEPOSITION,GREY_LITERATURE,STRESSOR_ONLY,TITLE_ABSTRACT,EXCLUDE,,,Covidence calibration plus reviewer adjudication,,,Jake,2026-08-17,Covidence NO mapped to EXCLUDE.
CAL-0205,VALIDATION,CWC-D5E89543E983,How to assemble a beneficial microbiome in three easy steps,István Scheuring | Douglas W. Yu,2012,Ecology Letters,article,10.1111/j.1461-0248.2012.01853.x,https://doi.org/10.1111/j.1461-0248.2012.01853.x,en,,False,OPEN_ACCESS_LANDING_PAGE,Citation chaining,OA_CHAIN_G2_FORWARD_CITATION,MECH_FEEDING_MUCUS_CORAL | MECH_FEEDING_PUMPING_SPONGE | RESP_THRESHOLD_RECOVERY | SED_DEPOSITION | SED_SUSPENDED,MECH_FEEDING_MUCUS_CORAL,CITATION_CHAINING,NEITHER_SIGNAL,TITLE_ONLY,EXCLUDE,,,Covidence calibration plus reviewer adjudication,,,Jake,2026-08-17,Covidence NO mapped to EXCLUDE.
CAL-0206,VALIDATION,CWC-8324902E1EDE,Physiological Responses of the Cold-Water Octocoral Dentomuricea Aff. Meteor to Sublethal Effects of Cu Exposure: A Risk Assessment to Deep-Sea Mining Activities,Inês do Carmo Alves Martins | Beatriz Mano | Antônio Francisco Godinho | Joana Goulart | Guilherme Vinícius Teixeira | Marina Carreiro e Silva,2024,SSRN Electronic Journal,preprint,10.2139/ssrn.5063370,https://doi.org/10.2139/ssrn.5063370,en,,False,OPEN_ACCESS_LANDING_PAGE,OpenAlex,OA_SED_TAILINGS_01,SED_TAILINGS,SED_TAILINGS,OPENALEX,ORGANISM_ONLY,TITLE_ONLY,UNCERTAIN,,,Covidence calibration plus reviewer adjudication,,True,Jake,2026-08-17,Covidence MAYBE mapped to UNCERTAIN.
CAL-0207,DEVELOPMENT,CWC-96981AD7B160,"Tectonic controls on the sedimentation patterns in the Danakil Depression, Afar, Ethiopia",V. Rime; A. Foubert; Léa Perrochet; David Jaramillo‐Vogel; H. Negga; B. Atnafu; T. Kidane,2021,,,10.5194/egusphere-egu21-6135,https://www.semanticscholar.org/paper/50f8de5d85e3b31d7520e4279a7a337e82ac0356,,"The Danakil depression in the northern part of the Afar is the only modern example of a rift undergoing the active transition from continental to marine settings, a crucial stage in rift and passive margin development. Thick evaporite deposits in its central part, and fringing Pleistocene coralgal reef terraces along its margins evidence at least four Red Sea incursions in to the basin and subsequent desiccation. The two youngest coralgal reef terraces were dated as respectively MIS 5e and MIS 7. Recent field expeditions measuring the paleo-shorelines' elevation provide a precious record of neotectonic activity in the basin. The margins show varied uplift while outcrops situated closer to the rift axis subsided below sea level. MIS 7 sediments at the northern, western margin, were uplifted up to 170 masl. Neotectonic movements are smaller on the eastern margin of the Danakil depression but moderate uplift was sufficient to avoid flooding of the depression during the Holocene. Syn-rift sedimentary patterns in the Danakil basin illustrate that the transition from continental to marine conditions is not gradual but marked by alternating marine and continental episodes. This alternatio",True,OPEN_ACCESS_PDF,Semantic Scholar,SS_SED_DEPOSITION_01,SED_DEPOSITION,SED_DEPOSITION,SEMANTIC_SCHOLAR,STRESSOR_ONLY,TITLE_ABSTRACT,EXCLUDE,,,Covidence calibration plus reviewer adjudication,,,Jake,2026-08-17,Covidence NO mapped to EXCLUDE.
CAL-0208,DEVELOPMENT,CWC-BE1541A75C5D,"ANALISIS FASIES PADA FORMASI HULUSIMPANG PEKON WAY MANAK, SUKAAGUNG, SUKAMARA, KABUPATEN TANGGAMUS, LAMPUNG",Novita Anjelina Damanik,2022,Prosiding SNAST,article,10.34151/prosidingsnast.v8i1.4116,https://doi.org/10.34151/prosidingsnast.v8i1.4116,en,,False,OPEN_ACCESS_LANDING_PAGE,Citation chaining,OA_CHAIN_G2_RELATED_WORK,RESP_THRESHOLD_RECOVERY | SED_DEPOSITION | SED_DREDGING | SED_SUSPENDED,RESP_THRESHOLD_RECOVERY,CITATION_CHAINING,NEITHER_SIGNAL,TITLE_ONLY,EXCLUDE,,,Covidence calibration plus reviewer adjudication,,,Jake,2026-08-17,Covidence NO mapped to EXCLUDE.
CAL-0209,VALIDATION,CWC-7CB01D98047F,"Spatio- temporal juvenile corals (Scleractinia) following the 2016 coral bleaching event at the Pieh Islands Marine Tourism Park (PIMTP), West Sumatra Province, Indonesia",Muhammad Abrar | Dietriech Geoffrey Bengen | Neviaty Putri Zamani | Suharsono Suharsono | Risandi Dwirama Putra | Ni Wayan Purnama Sari | Rikoh Manogar Siringoringo | Tri Aryono Hadi | Giyanto Giyanto | Raden Sutiadi | Ana Faricha | Yuwanda Ilham | Abdullah Salatalohi | Sam Wouthuyzen,2024,Regional Studies in Marine Science,article,10.1016/j.rsma.2024.103533,https://doi.org/10.1016/j.rsma.2024.103533,en,,False,NOT_IDENTIFIED,Citation chaining,OA_CHAIN_G1_FORWARD_CITATION | OA_CHAIN_G2_FORWARD_CITATION,MECH_FEEDING_MUCUS_CORAL | RESP_THRESHOLD_RECOVERY | SED_DEPOSITION | SED_DREDGING | SED_SUSPENDED | SED_TAILINGS,MECH_FEEDING_MUCUS_CORAL,CITATION_CHAINING,ORGANISM_ONLY,TITLE_ONLY,EXCLUDE,,,Covidence calibration plus reviewer adjudication,,,Jake,2026-08-17,Covidence NO mapped to EXCLUDE.
CAL-0210,DEVELOPMENT,CWC-AB752BA50031,Exploring Indirect Environmental Risks That Impact Coral Reef Tourism in the East African Marine Ecoregion,Dimitri Dimopoulos | Dorothy Ruth Queiros | Ciná Van Zyl,2022,Springer proceedings in business and economics,book-chapter,10.1007/978-3-030-92491-1_9,https://doi.org/10.1007/978-3-030-92491-1_9,en,,False,NOT_IDENTIFIED,Citation chaining,OA_CHAIN_G1_FORWARD_CITATION,RESP_THRESHOLD_RECOVERY | SED_DREDGING | SED_SUSPENDED,SED_SUSPENDED,CITATION_CHAINING,ORGANISM_ONLY,TITLE_ONLY,EXCLUDE,,,Covidence calibration plus reviewer adjudication,,,Jake,2026-08-17,Covidence NO mapped to EXCLUDE.
CAL-0211,VALIDATION,CWC-E67663C2CD05,The ecophysiology of the cold-water coral Lophelia pertusa (Scleractinia),Lyndsey A. Dodds,2007,OpenGrey (Institut de l'Information Scientifique et Technique),dissertation,,http://hdl.handle.net/10068/944266,en,,False,OPEN_ACCESS_LANDING_PAGE,Citation chaining,OA_CHAIN_G1_RELATED_WORK,SED_DRILLING,SED_DRILLING,CITATION_CHAINING,ORGANISM_ONLY,TITLE_ONLY,EXCLUDE,,,Covidence calibration plus reviewer adjudication,,,Jake,2026-08-17,Covidence NO mapped to EXCLUDE.
CAL-0212,DEVELOPMENT,CWC-57C8B446D019,Sea Level Change and Coastal Aquifers,Jimmy Jiao | Vincent Post,2019,Cambridge University Press eBooks,book-chapter,10.1017/9781139344142.010,https://doi.org/10.1017/9781139344142.010,en,,False,NOT_IDENTIFIED,Citation chaining,OA_CHAIN_G2_FORWARD_CITATION,MECH_FEEDING_MUCUS_CORAL | MECH_FEEDING_PUMPING_SPONGE | RESP_THRESHOLD_RECOVERY | SED_DEPOSITION | SED_SUSPENDED,MECH_FEEDING_PUMPING_SPONGE,CITATION_CHAINING,NEITHER_SIGNAL,TITLE_ONLY,EXCLUDE,,,Covidence calibration plus reviewer adjudication,,,Jake,2026-08-17,Covidence NO mapped to EXCLUDE.
CAL-0213,DEVELOPMENT,CWC-2D4B063C2C51,A hidden coral destruction,Nigel Williams,2002,Current Biology,article,10.1016/s0960-9822(02)00794-7,https://doi.org/10.1016/s0960-9822(02)00794-7,en,,False,OPEN_ACCESS_PDF,OpenAlex | Semantic Scholar,OA_MECH_FEEDING_MUCUS_CORAL_01 | SS_MECH_FEEDING_MUCUS_CORAL_01,MECH_FEEDING_MUCUS_CORAL,MECH_FEEDING_MUCUS_CORAL,MULTI_SCHOLARLY,ORGANISM_ONLY,TITLE_ONLY,EXCLUDE,,,Covidence calibration plus reviewer adjudication,,,Jake,2026-08-17,Covidence NO mapped to EXCLUDE.
CAL-0214,DEVELOPMENT,CWC-08DC5F63E0CC,"High levels of microplastics and microrubber pollution in a remote, protected Mediterranean Cladocora caespitosa coral bed",Lars Reuning | Lars Hildebrandt | Diego K. Kersting | Daniel Pröfrock,2025,Marine Pollution Bulletin,article,10.1016/j.marpolbul.2025.118070,https://doi.org/10.1016/j.marpolbul.2025.118070,en,"Coral reefs are increasingly threatened by anthropogenic stressors, including plastic pollution. This study investigates the abundance and possible ecological impact of microplastics (MPs) and microrubber pollution in sediments from a Cladocora caespitosa coral bed in the north-western Mediterranean. Despite being located in a remote marine protected area with no local plastic pollution sources, our results indicate exceptionally high MP concentrations (mean: 1514 particles/kg dry weight), attributed to long-distance transport of plastics by the Northern Current. Laser Directs Infrared (LDIR) Chemical Imaging and ATR-FTIR spectroscopy were used to characterize the MPs in terms of size, shape and polymer types. Most MPs are fragments (96 %), while fibers contribute only 4 %. The most abundant polymers were polyethylene (PE, 28 %), polyethylene terephthalate (PET, 25 %), and polystyrene (PS, 19 %), with significant contributions from polyurethane (PU) and micro-rubber. Particle size analysis showed that 92 % of MPs were smaller than 250 mu m, with a median particle size varying by polymer type. Notably, polymers with heteroatoms in their main chain, such as PET and polyurethane, exhi",True,OPEN_ACCESS_PDF,OpenAlex | Semantic Scholar | Web of Science,OA_MECH_FEEDING_MUCUS_CORAL_01 | SS_MECH_FEEDING_MUCUS_CORAL_01 | WOS_MECH_FEEDING_MUCUS_CORAL_01,MECH_FEEDING_MUCUS_CORAL,MECH_FEEDING_MUCUS_CORAL,WEB_OF_SCIENCE,ORGANISM_ONLY,TITLE_ABSTRACT,EXCLUDE,,,Covidence calibration plus reviewer adjudication,,,Jake,2026-08-17,Covidence NO mapped to EXCLUDE.
CAL-0215,VALIDATION,CWC-D605F7652986,Peranan Padang Lamun Selatan Bali Sebagai Pendukung Kelimpahan Ikan di Perairan Bali,Elok Faiqoh; D. Wiyanto; I. W. G. Astrawan,2017,,,10.24843/jmas.2017.v3.i01.10-18,https://www.semanticscholar.org/paper/9af585c68aa3a9c3a2e0c90f53b0123a14d0daa6,,"Seagrass ecosystem is providing feeding ground, nursery ground, spawning ground , habitat and shelter area. The threat of physical destruction such as the reclamation, pollution, sedimentation and tourism activities decreasing the diversity and the abundance of fishery commodities. The purpose of this study was to describe the condition of seagrass, determine the composition and abundance of seagrass fish in the three Southern coast of Bali and assess the association of fish-sea grass. Samples were taken from three coastal areas, Samuh, Shindu and Serangan coastal area. The results are in Samuhthere are 6 types of seagrass, in Shindu there are 7 types and in Serangan there are three types, whichdominates with Cymodocea rotundata and Syringodium isoetifolium. From the three coastal areas,we found 21 families of fish, where the family Pomacentridaehas the highest species abundance in Samuh, Apogon sp in Serangan and Terapon sp. found in Shindu. We can see the interaction between the seagrass ecosystems of coral reefs in the waters of South Bali and ecological role of seagrass from the family and species of fish.",False,OPEN_ACCESS_PDF,Semantic Scholar,SS_MECH_FEEDING_MUCUS_CORAL_01,MECH_FEEDING_MUCUS_CORAL,MECH_FEEDING_MUCUS_CORAL,SEMANTIC_SCHOLAR,ORGANISM_AND_STRESSOR,TITLE_ABSTRACT,EXCLUDE,,,Covidence calibration plus reviewer adjudication,,,Jake,2026-08-17,Covidence NO mapped to EXCLUDE.
CAL-0216,VALIDATION,CWC-EC22040E7E8C,Effects of coral bleaching on coral reef fish assemblages,Nicholas A. J. Graham,2008,OpenGrey (Institut de l'Information Scientifique et Technique),dissertation,,http://hdl.handle.net/10068/949814,en,"Coral reefs have emerged as one of the ecosystems most vulnerable to climate variation and change. While the contribution of climate warming to the loss of live coral cover has been well documented, the associated effects on fish have not. Such information is important as coral reef fish assemblages provide critical contributions to ecosystem function and services. This thesis assesses the medium to long term impacts of coral loss on fish assemblages in the western Indian Ocean. Feeding observations of corallivorous butterflyfish demonstrates that considerable feeding plasticity occurs among habitat types, but strong relationships exist between degree of specialisation and declines in abundance following coral loss. Furthermore, obligate corallivores are lost fairly rapidly following decline in coral cover, whereas facultative corallivores are sustained until the structure of the dead coral begins to erode. Surveys of benthic and fish assemblages in Mauritius spanning 11 years highlight small changes in both benthos and fish through time, but strong spatial trends associated with dredging and inter-specific competition. In Seychelles, although there was little change in biomass of ",True,NOT_IDENTIFIED,Citation chaining | OpenAlex | Semantic Scholar,OA_CHAIN_G1_RELATED_WORK | OA_CHAIN_G2_RELATED_WORK | OA_SED_DREDGING_01 | SS_SED_DREDGING_01,MECH_FEEDING_MUCUS_CORAL | RESP_THRESHOLD_RECOVERY | SED_DEPOSITION | SED_DREDGING | SED_SUSPENDED | SED_DREDGING,MECH_FEEDING_MUCUS_CORAL,CITATION_CHAINING,ORGANISM_ONLY,TITLE_ABSTRACT,EXCLUDE,,,Covidence calibration plus reviewer adjudication,,,Jake,2026-08-17,Covidence NO mapped to EXCLUDE.
CAL-0217,DEVELOPMENT,CWC-9B14EFCFA72E,Environmental Implication of Dumping Waste on Marine Ecosystem,Y. Dhahiyat,2016,,,,https://www.semanticscholar.org/paper/3875f477905152b90bdf0cc096ebd2a72a332791,,,False,NOT_IDENTIFIED,Semantic Scholar,SS_RESP_THRESHOLD_RECOVERY_01 | SS_SED_DREDGING_01 | SS_SED_DRILLING_01,RESP_THRESHOLD_RECOVERY | SED_DREDGING | SED_DRILLING,SED_DRILLING,SEMANTIC_SCHOLAR,NEITHER_SIGNAL,TITLE_ONLY,EXCLUDE,,,Covidence calibration plus reviewer adjudication,,,Jake,2026-08-17,Covidence NO mapped to EXCLUDE.
CAL-0218,DEVELOPMENT,CWC-39AEBCB813DD,"Seamounts in the southeastern Pacific Ocean and biodiversity on Juan Fernandez seamounts, Chile",Eleuterio Yáñez | Cláudio Silva | Rodrigo Vega | Fernando Espíndola | Lorena Álvarez | Nelson Silva | Sergio Palma | Sergio Salinas | Eduardo Menschel | Vreni Haeussermann | Daniela C. Soto | Nadín Ramirez,2009,Latin American Journal of Aquatic Research,article,10.3856/vol37-issue3-fulltext-20,https://doi.org/10.3856/vol37-issue3-fulltext-20,en,"Seamounts are vulnerable marine ecosystems. In Chile, information on these ecosystems is quite scarce; thus, a compilation of information on their geographical distribution and biodiversity is presented herein. A total of 118 seamounts distributed in the Chilean EEZ are identified and characterized. Additionally, an in situ assessment was carried out on the Juan Fernandez seamounts 1 and 2 (JF1 and JF2), which were also oceanographically characterized. Phytoplankton, zooplankton, and marine invertebrate samples were collected and an exploratory fishing survey was executed using different gears. According to the bibliographical review, a total of 82 species have been collected on the JF1 and JF2 seamounts, highlighting findings of black coral species caught in lobster traps at the Juan Fernandez Archipelago. Submarine images of the marine substrate at JF1 and JF2 reveal characteristics attributable to the impact of bottom dredges, coinciding with the information obtained from the trawling fleet. The fishing activity was carried out primarily at JF2 (4,667 km of trawling). The monthly fishing effort increased considerably in 2002, 2003, and 2005, reaching values above 500 km of trawl",True,OPEN_ACCESS_LANDING_PAGE,OpenAlex | Web of Science,OA_SED_DREDGING_01 | WOS_SED_DREDGING_01,SED_DREDGING,SED_DREDGING,WEB_OF_SCIENCE,ORGANISM_ONLY,TITLE_ABSTRACT,EXCLUDE,,,Covidence calibration plus reviewer adjudication,,,Jake,2026-08-17,Covidence exact-title duplicate of CWC-BEA6991859F6; inherited NO/EXCLUDE.
CAL-0219,DEVELOPMENT,CWC-9B5D5563B8A1,"Assessing the extinction risk of insular, understudied marine species",Elin A. Thomas | Monika Böhm | Caroline M. Pollock | Chong Chen | Mary B Seddon | Julia D. Sigwart,2021,Conservation Biology,article,10.1111/cobi.13854,https://doi.org/10.1111/cobi.13854,en,"Hydrothermal vents are rare deep-sea oases that house faunal assemblages with a similar density of life as coral reefs. Only approximately 600 of these hotspots are known worldwide, most only one-third of a football field in size. With advancing development of the deep-sea mining industry, there is an urgent need to protect these unique, insular ecosystems and their specialist endemic faunas. We applied the IUCN (International Union for the Conservation of Nature) Red List criteria to assess the extinction risk of vent-endemic molluscs with varying exposure to potential deep-sea mining. We assessed 31 species from three key areas under different regulatory frameworks in the Indian, West Pacific, and Southern Oceans. Three vent mollusc species were also examined as case studies of different threat contexts (protected or not from potential mining) to explore the interaction of local regulatory frameworks and IUCN Red List category assignment. We found that these assessments were robust even when there was some uncertainty in the total range of individual species, allowing assessment of species that have only recently been named and described. For vent-endemic species, regulatory chan",True,OPEN_ACCESS_PDF,OpenAlex | Semantic Scholar | Web of Science,OA_SED_TAILINGS_01 | SS_SED_TAILINGS_01 | WOS_SED_TAILINGS_01,SED_TAILINGS,SED_TAILINGS,WEB_OF_SCIENCE,ORGANISM_ONLY,TITLE_ABSTRACT,EXCLUDE,,,Covidence calibration plus reviewer adjudication,,,Jake,2026-08-17,Covidence NO mapped to EXCLUDE.
CAL-0220,DEVELOPMENT,CWC-78F642F293CE,Two offshore coral species show greater acclimatization capacity to environmental variation than nearshore counterparts in southern Belize,L. Carne | Isabel Castillo Gutiérrez | Justin H. Baumann | C.B. Bove | Karl D. Castillo,2022,UNC Libraries,article,10.17615/1t3m-w369,https://doi.org/10.17615/1t3m-w369,en,,False,OPEN_ACCESS_LANDING_PAGE,OpenAlex,OA_RESP_THRESHOLD_RECOVERY_01 | OA_SED_SUSPENDED_01,RESP_THRESHOLD_RECOVERY | SED_SUSPENDED,RESP_THRESHOLD_RECOVERY,OPENALEX,ORGANISM_ONLY,TITLE_ONLY,EXCLUDE,,,Covidence calibration plus reviewer adjudication,,,Jake,2026-08-17,Covidence NO mapped to EXCLUDE.
CAL-0221,DEVELOPMENT,CWC-B43E123BDCC7,An Adaptive Fuzzy Logic-Based Three-Layer Model for Predicting Invasive Species Across Gulf of Mannar Zones,S. Divya | M Sumithra | V. Deepa | Subha Rathi Priya,2025,"International Conference on Computing, Communication and Automation",conference-paper,10.1109/iccca66364.2025.11325570,https://doi.org/10.1109/iccca66364.2025.11325570,,"In the Gulf of Mannar, particularly across the 10 islands of the Keelakarai and Vembar groups, the presence of the non-native species Carijoa riisei, commonly known as snowflake coral, has been increasingly observed. Coral reefs, which form the foundation of this rich ecosystem, support the survival and proliferation of various native marine species. However, the invasion of snowflake coral poses a serious threat by smothering these reefs and inhibiting their ability to absorb oxygen, thereby disrupting the ecological balance and endangering other vital marine life. Although biological control methods for eradicating Carijoa riisei may be cost-effective, the potential environmental impacts of introducing bio-control agents must be carefully evaluated. To address this issue, a three-layer adaptive fuzzy logic-based prediction model has been developed to assess the likelihood of non-native species’ presence across different zones in the Gulf of Mannar. The model incorporates three key zones and applies fuzzy inference rules to estimate which zone is most likely to harbor snowflake corals. According to the prediction, Zone C has the highest concentration of non-native species at 7.98%",True,NOT_IDENTIFIED,OpenAlex | Semantic Scholar,OA_RESP_THRESHOLD_RECOVERY_01 | OA_SED_DEPOSITION_01 | SS_RESP_THRESHOLD_RECOVERY_01 | SS_SED_DEPOSITION_01,RESP_THRESHOLD_RECOVERY | SED_DEPOSITION,RESP_THRESHOLD_RECOVERY,MULTI_SCHOLARLY,ORGANISM_ONLY,TITLE_ABSTRACT,EXCLUDE,,,Covidence calibration plus reviewer adjudication,,,Jake,2026-08-17,Covidence NO mapped to EXCLUDE.
CAL-0222,DEVELOPMENT,CWC-DDC1146FC58E,Use of Oseen's correction in sedimentation analysis of powders,R. A. Krasovitskaya | M. I. Ermolaev | A. A. Mukhin | R. S. Mil'shenko,1970,Refractories and Industrial Ceramics,article,10.1007/bf01290741,https://doi.org/10.1007/bf01290741,en,,False,NOT_IDENTIFIED,Citation chaining,OA_CHAIN_G1_RELATED_WORK | OA_CHAIN_G2_RELATED_WORK,MECH_FEEDING_MUCUS_CORAL | RESP_THRESHOLD_RECOVERY | SED_DEPOSITION | SED_DREDGING | SED_SUSPENDED,SED_DEPOSITION,CITATION_CHAINING,STRESSOR_ONLY,TITLE_ONLY,EXCLUDE,,,Covidence calibration plus reviewer adjudication,,,Jake,2026-08-17,Covidence NO mapped to EXCLUDE.
CAL-0223,DEVELOPMENT,CWC-357294F0A7FC,THE EFFECTS OF SUSPENDED AND ACCRETED SEDIMENT ON THE MARINE INVERTEBRATE FOULING COMMUNITY OF HUMBOLDT BAY,K. Houle,2015,John Spoor Broome Library Institutional Repository (California State University),dissertation,,http://hdl.handle.net/10211.3/157159,en,,False,OPEN_ACCESS_PDF,Citation chaining,OA_CHAIN_G1_FORWARD_CITATION | OA_CHAIN_G2_FORWARD_CITATION,MECH_FEEDING_MUCUS_CORAL | MECH_FEEDING_PUMPING_SPONGE | RESP_THRESHOLD_RECOVERY | SED_DEPOSITION | SED_DREDGING | SED_DRILLING | SED_SUSPENDED | SED_TAILINGS,SED_DRILLING,CITATION_CHAINING,STRESSOR_ONLY,TITLE_ONLY,EXCLUDE,,,Covidence calibration plus reviewer adjudication,,,Jake,2026-08-17,Covidence NO mapped to EXCLUDE.
CAL-0224,DEVELOPMENT,CWC-A32F111A706B,The effect of warming and benthic community acclimation on coral reef carbonate sediment metabolism and dissolution,Coulson A. Lantz | Kai G. Schulz | Bradley D. Eyre,2018,Coral Reefs,article,10.1007/s00338-018-01752-x,https://doi.org/10.1007/s00338-018-01752-x,en,,False,NOT_IDENTIFIED,Citation chaining,OA_CHAIN_G1_FORWARD_CITATION | OA_CHAIN_G2_BACKWARD_REFERENCE | OA_CHAIN_G2_FORWARD_CITATION,MECH_FEEDING_MUCUS_CORAL | RESP_THRESHOLD_RECOVERY | SED_DEPOSITION | SED_SUSPENDED,SED_SUSPENDED,CITATION_CHAINING,ORGANISM_AND_STRESSOR,TITLE_ONLY,EXCLUDE,,,Covidence calibration plus reviewer adjudication,,,Jake,2026-08-17,Covidence NO mapped to EXCLUDE.
CAL-0225,DEVELOPMENT,CWC-C10CE6484AD1,Developing a Better Bio-Geology Overview and Information Needs for Effective Assessment of the Environmental Risks of Deepwater Oil and Gas Development,Robert S. Carney,2008,,conference-paper,10.2118/19355-ms,https://doi.org/10.2118/19355-ms,en,"Impact on Well Site Selection and Facilities Location \ Developing a Better Bio-Geology Overview and Information Needs for Effective Assessment of the Environmental Risks of Deepwater Oil and Gas Development Robert Spencer Carney Robert Spencer Carney Louisiana State University Search for other works by this author on: This Site Google Scholar Paper presented at the Offshore Technology Conference, Houston, Texas, USA, May 2008. Paper Number: OTC-19355-MS https://doi.org/10.4043/19355-MS Published: May 05 2008 Cite View This Citation Add to Citation Manager Share Icon Share Twitter LinkedIn Get Permissions Search Site Citation Carney, Robert Spencer. ""Impact on Well Site Selection and Facilities Location \ Developing a Better Bio-Geology Overview and Information Needs for Effective Assessment of the Environmental Risks of Deepwater Oil and Gas Development."" Paper presented at the Offshore Technology Conference, Houston, Texas, USA, May 2008. doi: https://doi.org/10.4043/19355-MS Download citation file: Ris (Zotero) Reference Manager EasyBib Bookends Mendeley Papers EndNote RefWorks BibTex Search Dropdown Menu nav search search input Search input auto suggest search filter All Conten",True,NOT_IDENTIFIED,OpenAlex,OA_SED_DRILLING_01,SED_DRILLING,SED_DRILLING,OPENALEX,ORGANISM_AND_STRESSOR,TITLE_ABSTRACT,EXCLUDE,,,Covidence calibration plus reviewer adjudication,,,Jake,2026-08-17,Covidence NO mapped to EXCLUDE.
CAL-0226,DEVELOPMENT,CWC-6F8885D0B43C,"Contamination profiles of heavy metals, organochlorine pesticides, polycyclic aromatic hydrocarbons and alkylphenols in sediment and oyster collected from marsh/estuarine Savannah GA, USA",Sandeep Kumar | Kenneth S. Sajwan | Joseph P. Richardson | Kurunthachalam Kannan,2008,Marine Pollution Bulletin,article,10.1016/j.marpolbul.2007.08.011,https://doi.org/10.1016/j.marpolbul.2007.08.011,en,,False,NOT_IDENTIFIED,OpenAlex,OA_SED_DEPOSITION_01,SED_DEPOSITION,SED_DEPOSITION,OPENALEX,STRESSOR_ONLY,TITLE_ONLY,EXCLUDE,,,Covidence calibration plus reviewer adjudication,,,Jake,2026-08-17,Covidence NO mapped to EXCLUDE.
CAL-0227,DEVELOPMENT,CWC-BBAE6F529549,"THE OLIGOCENE REEFAL FACIES OF BRIC SAN BERNARDINO (MILLESIMO, NW ITALY) LE FACIES RECIFALI OLIGOCENICHE DI BRIC SAN BERNARDINO (MILLESIMO, ITALIA NORD-OCCIDENTALE)",G. Vannucci; F. Quaranta; Michele Piazza; P. Fravega,2003,,,,https://www.semanticscholar.org/paper/e3949976689ebdcf53be2a3f11fdd2a5e66aef5b,,,False,NOT_IDENTIFIED,Semantic Scholar,SS_SED_SUSPENDED_01,SED_SUSPENDED,SED_SUSPENDED,SEMANTIC_SCHOLAR,NEITHER_SIGNAL,TITLE_ONLY,EXCLUDE,,,Covidence calibration plus reviewer adjudication,,,Jake,2026-08-17,Covidence NO mapped to EXCLUDE.
CAL-0228,DEVELOPMENT,CWC-09EC3760E89D,Trace metal content in annually banded scleractinian coral ‘Porites lobata’ across the northern Persian Gulf,Mehdi Bolouki Kourandeh | Seyed Mohammad Bagher Nabavi | Mohammad Reza Shokri | Kamal Ghanemi | Yuexing Feng,2021,Environmental Science and Pollution Research,article,10.1007/s11356-021-14938-8,https://doi.org/10.1007/s11356-021-14938-8,en,,False,NOT_IDENTIFIED,Citation chaining,OA_CHAIN_G1_BACKWARD_REFERENCE | OA_CHAIN_G1_FORWARD_CITATION | OA_CHAIN_G2_FORWARD_CITATION,RESP_THRESHOLD_RECOVERY | SED_DEPOSITION | SED_DREDGING | SED_SUSPENDED | SED_TAILINGS,SED_TAILINGS,CITATION_CHAINING,ORGANISM_ONLY,TITLE_ONLY,EXCLUDE,,,Covidence calibration plus reviewer adjudication,,,Jake,2026-08-17,Covidence NO mapped to EXCLUDE.
CAL-0229,DEVELOPMENT,CWC-7FBAFC767447,Deep-sea fisheries | Common Oceans Program | Food and Agriculture Organization of the United Nations,,,Food and Agriculture Organization of the United Nations,project_or_program_page,,https://www.fao.org/in-action/commonoceans/what-we-do/deep-sea-fisheries/en,English,"About FAO News Multimedia Main topics Statistics Members Publications. ##### Share. ## Common Oceans Program. ##### Deep-sea fisheries. Deep-sea fisheries are an important source of employment and nutrition. They typically take place between depths of 200 and 1500 meters, targeting bottom-dwelling species on continental shelves, seamounts and ocean ridges using trawls, set gill nets, longlines and pots. Their careful management is vital because the target species are generally slow to reproduce which makes them particularly sensitive to overfishing. Additionally, as the gear frequently contact",False,NOT_IDENTIFIED,Grey literature,GL_FAO_SED_TAILINGS_01,SED_TAILINGS,SED_TAILINGS,GREY_LITERATURE,NEITHER_SIGNAL,TITLE_ABSTRACT,EXCLUDE,,,Covidence calibration plus reviewer adjudication,,,Jake,2026-08-17,Covidence NO mapped to EXCLUDE.
CAL-0230,DEVELOPMENT,CWC-801EA99F201C,Do benthic sediment characteristics explain the distribution of juveniles of the deposit-feeding sea cucumber Australostichopus mollis?,Matthew James Slater | Andrew Jeffs,2010,Journal of Sea Research,article,10.1016/j.seares.2010.03.005,https://doi.org/10.1016/j.seares.2010.03.005,en,,False,NOT_IDENTIFIED,Citation chaining,OA_CHAIN_G1_BACKWARD_REFERENCE,MECH_FEEDING_MUCUS_CORAL | SED_DEPOSITION,SED_DEPOSITION,CITATION_CHAINING,STRESSOR_ONLY,TITLE_ONLY,EXCLUDE,,,Covidence calibration plus reviewer adjudication,,,Jake,2026-08-17,Covidence NO mapped to EXCLUDE.
CAL-0231,VALIDATION,CWC-5619D0D4BC63,Deep Sea Corals,P. MARTIN DUNCAN,1870,Nature,article,10.1038/001267b0,https://doi.org/10.1038/001267b0,en,,False,OPEN_ACCESS_PDF,OpenAlex | Semantic Scholar,OA_SED_DREDGING_01 | SS_SED_DREDGING_01,SED_DREDGING,SED_DREDGING,MULTI_SCHOLARLY,ORGANISM_ONLY,TITLE_ONLY,EXCLUDE,,,Covidence calibration plus reviewer adjudication,,,Jake,2026-08-17,Covidence NO mapped to EXCLUDE.
CAL-0232,DEVELOPMENT,CWC-9D33775D0456,"Distribution of recent ostracoda in offshore sediment around Pulau Besar, Johor",Ramlan Omar | Noraswana Nor Faiz,2010,,article,,http://journalarticle.ukm.my/7320/,en,,False,NOT_IDENTIFIED,Citation chaining,OA_CHAIN_G1_RELATED_WORK,MECH_FEEDING_MUCUS_CORAL | RESP_THRESHOLD_RECOVERY | SED_DEPOSITION | SED_DREDGING | SED_SUSPENDED,SED_DEPOSITION,CITATION_CHAINING,STRESSOR_ONLY,TITLE_ONLY,EXCLUDE,,,Covidence calibration plus reviewer adjudication,,,Jake,2026-08-17,Covidence NO mapped to EXCLUDE.
CAL-0233,DEVELOPMENT,CWC-B82E5E993CDE,Changes in Caribbean coral disease prevalence after the 2005 bleaching event,Aldo Cróquer | Ernesto Weil,2009,Diseases of Aquatic Organisms,article,10.3354/dao02164,https://doi.org/10.3354/dao02164,en,,False,OPEN_ACCESS_PDF,Citation chaining,OA_CHAIN_G1_BACKWARD_REFERENCE,MECH_FEEDING_MUCUS_CORAL | SED_DREDGING,MECH_FEEDING_MUCUS_CORAL,CITATION_CHAINING,ORGANISM_ONLY,TITLE_ONLY,EXCLUDE,,,Covidence calibration plus reviewer adjudication,,,Jake,2026-08-17,Covidence NO mapped to EXCLUDE.
CAL-0234,DEVELOPMENT,CWC-EABE0441E967,What the world can learn from Brazilian coral reefs,,2019,,,,https://www.semanticscholar.org/paper/04041db0359babdf7432f765709c08fee6d8d689,,,False,NOT_IDENTIFIED,Semantic Scholar,SS_SED_DEPOSITION_01,SED_DEPOSITION,SED_DEPOSITION,SEMANTIC_SCHOLAR,ORGANISM_ONLY,TITLE_ONLY,EXCLUDE,,,Covidence calibration plus reviewer adjudication,,,Jake,2026-08-17,Covidence NO mapped to EXCLUDE.
CAL-0235,DEVELOPMENT,CWC-BC01D6A24557,Increase of sedimentation in a subtidal system: Effects on the structure and diversity of macroalgal assemblages,David Balata | Luigi Piazzi | Francesco Cinelli,2007,Journal of Experimental Marine Biology and Ecology,article,10.1016/j.jembe.2007.06.019,https://doi.org/10.1016/j.jembe.2007.06.019,en,,False,NOT_IDENTIFIED,Citation chaining,OA_CHAIN_G1_BACKWARD_REFERENCE | OA_CHAIN_G2_BACKWARD_REFERENCE,MECH_FEEDING_MUCUS_CORAL | RESP_THRESHOLD_RECOVERY | SED_DEPOSITION | SED_DREDGING | SED_SUSPENDED,SED_SUSPENDED,CITATION_CHAINING,STRESSOR_ONLY,TITLE_ONLY,EXCLUDE,,,Covidence calibration plus reviewer adjudication,,,Jake,2026-08-17,Covidence NO mapped to EXCLUDE.
CAL-0236,DEVELOPMENT,CWC-AB2A1F6DD83D,West of Scotland MPA | Advisor to Government on Nature Conservation | JNCC,,,Joint Nature Conservation Committee,project_or_program_page,,https://jncc.gov.uk/our-work/west-of-scotland-mpa,English,"Deep-sea sponge aggregations, cold-water coral reefs and coral gardens are known as 'habitat formers'. The physical structures they provide, create an environment that other species can colonise. In doing so, they support a diverse community of species. Sponges may also play a significant role in silicon regulation by providing a long-term sink for silicon, while coral skeletons act as a long-term store of carbon. [...] are also listed as OSPAR Threatened and/or Declining habitats or species in the North-East Atlantic region. Burrowed mud (including sea-pens), coral gardens, cold-water coral r",False,NOT_IDENTIFIED,Grey literature,GL_JNCC_NERC_SED_DEPOSITION_01 | GL_JNCC_NERC_SED_DRILLING_01 | GL_JNCC_NERC_SED_TAILINGS_01,SED_DEPOSITION | SED_DRILLING | SED_TAILINGS,SED_DEPOSITION,GREY_LITERATURE,ORGANISM_ONLY,TITLE_ABSTRACT,EXCLUDE,,,Covidence calibration plus reviewer adjudication,,,Jake,2026-08-17,Covidence NO mapped to EXCLUDE.
CAL-0237,DEVELOPMENT,CWC-8F5A32F7B477,"Peer Review #3 of ""Disease dynamics and potential mitigation among restored and wild staghorn coral, Acropora cervicornis (v0.2)""",E Muller,2014,,peer-review,10.7287/peerj.541v0.2/reviews/3,https://doi.org/10.7287/peerj.541v0.2/reviews/3,en,,False,OPEN_ACCESS_LANDING_PAGE,Citation chaining,OA_CHAIN_G1_FORWARD_CITATION | OA_CHAIN_G2_FORWARD_CITATION,MECH_FEEDING_MUCUS_CORAL | MECH_FEEDING_PUMPING_SPONGE | RESP_THRESHOLD_RECOVERY | SED_DEPOSITION | SED_SUSPENDED,MECH_FEEDING_PUMPING_SPONGE,CITATION_CHAINING,ORGANISM_ONLY,TITLE_ONLY,EXCLUDE,,,Covidence calibration plus reviewer adjudication,,,Jake,2026-08-17,Covidence NO mapped to EXCLUDE.
CAL-0238,DEVELOPMENT,CWC-B07990FB39B8,Multipartner Symbiosis across Biological Domains: Looking at the Eukaryotic Associations from a Microbial Perspective,Marta Turon | María Jesús Uriz | Daniel Martín,2019,mSystems,article,10.1128/msystems.00148-19,https://doi.org/10.1128/msystems.00148-19,en,,False,OPEN_ACCESS_LANDING_PAGE,Citation chaining,OA_CHAIN_G2_RELATED_WORK,MECH_FEEDING_MUCUS_CORAL | MECH_FEEDING_PUMPING_SPONGE | RESP_THRESHOLD_RECOVERY | SED_DEPOSITION | SED_DREDGING | SED_DRILLING | SED_SUSPENDED | SED_TAILINGS,MECH_FEEDING_PUMPING_SPONGE,CITATION_CHAINING,NEITHER_SIGNAL,TITLE_ONLY,EXCLUDE,,,Covidence calibration plus reviewer adjudication,,,Jake,2026-08-17,Covidence NO mapped to EXCLUDE.
CAL-0239,DEVELOPMENT,CWC-C02E892B9C3B,Endolithic Borers Drive Rates of Bioerosion Among Inshore Turbid Reefs in Western Australia,Shannon Dee | Thomas M. DeCarlo | Ivan Lozić | Jake Neilsen | Nicola K. Browne,2021,Research Square,preprint,10.21203/rs.3.rs-874733/v1,https://doi.org/10.21203/rs.3.rs-874733/v1,en,"Abstract Bioerosion on turbid inshore reefs is expected to increase with global climate change reducing reef stability and accretionary potential. Most studies investigating bioerosion have focused on external grazers, such as parrotfish and urchins, whose biomass is more easily measured. Yet, cryptic endolithic bioeroders such as macroboring (worms, sponges and bivalves) and microboring taxa (fungus and algae) have the potential to be the dominant bioeroders, especially among inshore reef systems exposed to increased nutrient supply. We measured bioerosion rates of three bioeroder groups (microborers, macroborers, and grazers), and their response to environmental parameters (temperature, turbidity, light, chlorophyll a, salinity, pH) across two inshore reefs of north Western Australia. Total bioerosion rates were low (0.152 ± 0.012 kg m -1 yr -1 ) compared to average global rates, but were comparable to other inshore turbid reefs. Macroboring worms were the dominant source of bioerosion and displayed a significant negative relationship with temperature (r 2 = 0.24, P=0.008) and light (r 2 = 0.16, P=0.037). A global assessment of environmental influences on bioerosion further ident",True,OPEN_ACCESS_PDF,OpenAlex | Semantic Scholar,OA_SED_SUSPENDED_01 | SS_SED_SUSPENDED_01,SED_SUSPENDED,SED_SUSPENDED,MULTI_SCHOLARLY,ORGANISM_AND_STRESSOR,TITLE_ABSTRACT,EXCLUDE,,,Covidence calibration plus reviewer adjudication,,,Jake,2026-08-17,Covidence NO mapped to EXCLUDE.
CAL-0240,VALIDATION,CWC-F81D45D5361F,"Peer Review #1 of ""Effects of thermal stress on amount, composition, and antibacterial properties of coral mucus (v0.1)""",,2019,,peer-review,10.7287/peerj.6849v0.1/reviews/1,https://doi.org/10.7287/peerj.6849v0.1/reviews/1,en,"The surface mucus layer of reef-building corals supports feeding, sediment clearing, and protection from pathogenic invaders.As much as half of the fixed carbon supplied by the corals' photosynthetic symbionts is incorporated into expelled mucus.It is therefore reasonable to expect that coral bleaching (disruption of the coral-algal symbiosis) would affect mucus production.Since coral mucus serves as an important nutrient source for the entire reef community, this could have substantial ecosystem-wide consequences.In this study, we examined the effects of heat stress-induced coral bleaching on the composition and antibacterial properties of coral mucus.In a controlled laboratory thermal challenge, stressed corals produced mucus with higher protein (β = 2.1, p < 0.001) and lipid content (β = 15.7,p = 0.02) and increased antibacterial activity (likelihood ratio = 100, p < 0.001) relative to clonal controls.These results are likely explained by the expelled symbionts in the mucus of bleached individuals.Our study suggests that coral bleaching could immediately impact the nutrient flux in the coral reef ecosystem via its effect on coral mucus.",False,OPEN_ACCESS_LANDING_PAGE,Citation chaining | OpenAlex,OA_CHAIN_G1_FORWARD_CITATION | OA_CHAIN_G2_FORWARD_CITATION | OA_MECH_FEEDING_MUCUS_CORAL_01,MECH_FEEDING_MUCUS_CORAL | MECH_FEEDING_MUCUS_CORAL | MECH_FEEDING_PUMPING_SPONGE | RESP_THRESHOLD_RECOVERY | SED_DEPOSITION | SED_DREDGING | SED_DRILLING | SED_SUSPENDED,MECH_FEEDING_MUCUS_CORAL,CITATION_CHAINING,ORGANISM_AND_STRESSOR,TITLE_ABSTRACT,UNCERTAIN,,,Covidence calibration plus reviewer adjudication,,True,Jake,2026-08-17,Covidence MAYBE mapped to UNCERTAIN.
CAL-0241,DEVELOPMENT,CWC-A79399CCFFB7,The Oban Pennatulida 1,J. Thomas Cunningham,1883,Nature,article,10.1038/029046a0,https://doi.org/10.1038/029046a0,en,,False,OPEN_ACCESS_PDF,OpenAlex | Semantic Scholar,OA_SED_DREDGING_01 | SS_SED_DREDGING_01,SED_DREDGING,SED_DREDGING,MULTI_SCHOLARLY,NEITHER_SIGNAL,TITLE_ONLY,EXCLUDE,,,Covidence calibration plus reviewer adjudication,,,Jake,2026-08-17,Covidence NO mapped to EXCLUDE.
CAL-0242,DEVELOPMENT,CWC-353B70CBF46D,Regional-Global Change Linkages: Southern Africa,Peter Tyson | Eric Odada | Roland Schulze | Coleen Vogel,2002,,book-chapter,10.1007/978-3-642-56228-0_2,https://doi.org/10.1007/978-3-642-56228-0_2,en,,False,NOT_IDENTIFIED,Citation chaining,OA_CHAIN_G1_FORWARD_CITATION,SED_DEPOSITION,SED_DEPOSITION,CITATION_CHAINING,NEITHER_SIGNAL,TITLE_ONLY,EXCLUDE,,,Covidence calibration plus reviewer adjudication,,,Jake,2026-08-17,Covidence NO mapped to EXCLUDE.
CAL-0243,DEVELOPMENT,CWC-2B5110CD6CD1,"Effects of dissolved nickel and nickel-contaminated suspended sediment on the scleractinian coral, Acropora muricata - R Discovery",,,,journal_or_publisher_page,,https://discovery.researcher.life/article/effects-of-dissolved-nickel-and-nickel-contaminated-suspended-sediment-on-the-scleractinian-coral-acropora-muricata/b8e77108efe03450b3cf5974e6dc051c,English,"Title: Effects of dissolved nickel and nickel-contaminated suspended sediment on the scleractinian coral, Acropora muricata - R Discovery * Effects of dissolved nickel and nickel-contaminated suspended sediment on the scleractinian coral, Acropora muricata. # Effects of dissolved nickel and nickel-contaminated suspended sediment on the scleractinian coral, Acropora muricata. Significant bleaching and accumulation of nickel in coral tissue was observed only after exposure to high dissolved nickel concentrations and nickel-spiked suspended sediment. This study demonstrates that bioavailability o",False,LIKELY_FULL_DOCUMENT_URL,Grey literature,GL_BROAD_MECH_FEEDING_MUCUS_CORAL_01 | GL_BROAD_MECH_FEEDING_MUCUS_CORAL_02,MECH_FEEDING_MUCUS_CORAL,MECH_FEEDING_MUCUS_CORAL,GREY_LITERATURE,ORGANISM_AND_STRESSOR,TITLE_ABSTRACT,TRANSFERABLE_MECHANISM,,,Covidence calibration plus reviewer adjudication,,,Jake,2026-08-17,
CAL-0244,DEVELOPMENT,CWC-93F5A7308952,Global Warming and Climate Change,Jagriti Ramanathan,2025,,book-chapter,10.1007/978-3-031-80029-0_6,https://doi.org/10.1007/978-3-031-80029-0_6,en,,False,NOT_IDENTIFIED,Citation chaining,OA_CHAIN_G2_FORWARD_CITATION,MECH_FEEDING_MUCUS_CORAL | MECH_FEEDING_PUMPING_SPONGE | RESP_THRESHOLD_RECOVERY | SED_DEPOSITION | SED_SUSPENDED,MECH_FEEDING_PUMPING_SPONGE,CITATION_CHAINING,NEITHER_SIGNAL,TITLE_ONLY,EXCLUDE,,,Covidence calibration plus reviewer adjudication,,,Jake,2026-08-17,Covidence NO mapped to EXCLUDE.
CAL-0245,DEVELOPMENT,CWC-0B8AE32408A2,"Iron Age Burials from Mill Hill, Deal. Edited by Keith Parfitt. 285mm. Pp. 215, 72 figs, 22 pls. London: British Museum Press, 1995. ISBN 0-7141-2304-8. £65.00.",T. Champion,1997,The Antiquaries Journal,Review,10.1017/s0003581500075375,https://www.semanticscholar.org/paper/1bba22edc0f9a1d4d5cd1e3b172ec535900704f3,,,False,NOT_IDENTIFIED,Semantic Scholar,SS_SED_DEPOSITION_01,SED_DEPOSITION,SED_DEPOSITION,SEMANTIC_SCHOLAR,NEITHER_SIGNAL,TITLE_ONLY,EXCLUDE,,,Covidence calibration plus reviewer adjudication,,,Jake,2026-08-17,Covidence NO mapped to EXCLUDE.
CAL-0246,VALIDATION,CWC-CCCE2DB8CE9F,[PDF] Environmental Impacts to marine species and habitats of dredging ...,,2004,OSPAR Commission,government_report,,https://www.ospar.org/documents?v=6987,English,"Need for additional OSPAR measures to control the effects of dredging activities on species and habitats 10 Appendix 1: Bibliography of literature available on dredging and disposal techniques with a special view on their environmental impacts 11 OSPAR Commission, 2004: Environmental Impacts to marine species and habitats of dredging for navigational purposes ________________________________________________________________________________________________ 4 Executive Summary Annex V to the OSPAR Convention requires that Contracting Parties take measures to protect the maritime area against the",False,LIKELY_FULL_DOCUMENT_URL,Grey literature,GL_OSPAR_SED_DREDGING_01,SED_DREDGING,SED_DREDGING,GREY_LITERATURE,NEITHER_SIGNAL,TITLE_ABSTRACT,EXCLUDE,,,Covidence calibration plus reviewer adjudication,,,Jake,2026-08-17,Covidence NO mapped to EXCLUDE.
CAL-0247,DEVELOPMENT,CWC-72F31EF52385,Marine demosponge responses to a changing ocean; effects of sedimentation and temperature increases on Tethya burtoni metabolism,Fenna Linde Beets,2017,Research Commons (University of Waikato),dissertation,,https://hdl.handle.net/10289/11535,en,"As atmospheric CO₂ levels currently increase at an unprecedented rate, the effects of climate change are increasingly recognized as a significant threat. Changes to climate are predicted to influence natural systems, including increased storm events, that for an erosion prone country like New Zealand means exacerbated sedimentation in coastal habitats. Additionally, climate change is increasing sea surface temperatures globally and will continue to do so in coming decades. More studies investigating the effects of climate related pressures on marine sponge physiology are needed. These unique invertebrates are a diverse, ubiquitous and functionally important group. Studies examining climate change effects on sponges tend to investigate tropical species and in this regard, limited work has been done in New Zealand. This research investigates how the pressures of increasing sea surface temperature and sedimentation affects the metabolism of the temperate demosponge, Tethya burtoni. Aquaria based experiments were conducted while ancillary in situ data investigated current day temperature and sedimentation in various T. burtoni habitats. Experiments addressed the immediate respiration r",True,OPEN_ACCESS_LANDING_PAGE,OpenAlex,OA_MECH_FEEDING_PUMPING_SPONGE_01 | OA_RESP_THRESHOLD_RECOVERY_01 | OA_SED_DEPOSITION_01,MECH_FEEDING_PUMPING_SPONGE | RESP_THRESHOLD_RECOVERY | SED_DEPOSITION,MECH_FEEDING_PUMPING_SPONGE,OPENALEX,ORGANISM_AND_STRESSOR,TITLE_ABSTRACT,UNCERTAIN,,,Covidence calibration plus reviewer adjudication,,True,Jake,2026-08-17,Covidence MAYBE mapped to UNCERTAIN.
CAL-0248,DEVELOPMENT,CWC-9A7261E76016,Subject Index,,2008,Oryx,paratext,10.1017/s0030605308423153,https://doi.org/10.1017/s0030605308423153,en,"Abies guatemalensis (Christmas tree), conservation through utilization 206-213 Acinonyx jubatus (cheetah), farmer support for conservation 430-436 addax, reintroduction to Sahara 319 Africa diclofenac 7 ecological footprint 474-475 great apes protection 7 red swamp crayfish spread 164 submarine cable system 8 agarwood, non-timber forest products commercialization and ecological impact in Laos 214-221 Alaska, gas and oil exploration 167, 321 albatross long-line fishing in New Zealand 324 short-toed 321 Albatross Task Force 316 algae, smothering corals in Gulf of Mannar 475 algal blooms, decline in cod stocks 473 Amazon access controls 323 Brazilian environment minister resignation 323 deforestation rate 169 forest certification 229-239 river corridor width 323 Sustainable Amazon Plan 478 uncontacted tribe photographed 478 amphibians conservation initiatives 328 roadside mortality 322 Antarctica invasive species 170 Lake Vostock drilling delayed 474 Antilope cervicapra (Indian blackbuck), recovery from brink of extinction 487 apes population of rarest 481-482 protection in African countries 7 statutory rights granted in Spain 473 transect surveys to detect impact of Ebola virus 367-3",True,OPEN_ACCESS_LANDING_PAGE,OpenAlex,OA_RESP_THRESHOLD_RECOVERY_01 | OA_SED_DEPOSITION_01,RESP_THRESHOLD_RECOVERY | SED_DEPOSITION,RESP_THRESHOLD_RECOVERY,OPENALEX,ORGANISM_ONLY,TITLE_ABSTRACT,EXCLUDE,,,Covidence calibration plus reviewer adjudication,,,Jake,2026-08-17,Covidence NO mapped to EXCLUDE.
CAL-0249,DEVELOPMENT,CWC-1D73AEDE0A85,МИНЕРАЛЬНЫЕ ОТЛОЖЕНИЯ И ПОДЗЕМНЫЕ ВОДЫ ПЕЩЕР ХРЕБТА СУРХАНТАУ (УЗБЕКИСТАН),Е. П. Базарова; Ольга Ивановна Кадебская; Е.А. Цурихин; А М Кононов,2025,География и природные ресурсы,JournalArticle,10.15372/gipr20250318,https://www.semanticscholar.org/paper/11c30036cae7847493a64a515e77584fe079e8c4,,"Впервые изучены морфология, химический и изотопный состав минеральных отложений трех пещер в высокогорном районе хр. Сурхантау, расположенного на юго-востоке Узбекистана. Хребет является частью юго-западных отрогов Гиссарского хребта, входящего в Гиссаро-Алайскую горную систему Южного Тянь-Шаня. В рассматриваемых пещерах выявлены четыре типа минеральных отложений, из которых наиболее значимыми являются водно-хемогенные образования. Данные отложения, в морфологическом отношении представленные агрегатами гравитационных, субаквальных, кораллит-кристалликтитовых кор, пещерной пудрой и волокнистыми образованиями, сложены преимущественно кальцитом с включениями фторапатита, барита, магнетита, гетита, рутила, плагиоклаза, эпидота и кварца. Отложения из привходовой части пещеры имени Вишневского отличаются ростом d13С при практически одинаковых значениях d18О, что указывает на отрицательные температуры. Приведены данные о составе подземных вод, описаны условия их формирования при спелеолитогенезе на основе гидрогеохимических и изотопных исследований. Изотопный состав карстовых вод говорит о преобладании зимнего снегового питания. Крупные кальцитовые агрегаты и мощный слой рыхлых отложений ",True,NOT_IDENTIFIED,Semantic Scholar,SS_MECH_FEEDING_MUCUS_CORAL_01,MECH_FEEDING_MUCUS_CORAL,MECH_FEEDING_MUCUS_CORAL,SEMANTIC_SCHOLAR,NEITHER_SIGNAL,TITLE_ABSTRACT,EXCLUDE,,,Covidence calibration plus reviewer adjudication,,,Jake,2026-08-17,Covidence NO mapped to EXCLUDE.
CAL-0250,VALIDATION,CWC-A2FE46EBF4FA,Is sediment delivery a fallacy?,Anthony J. Parsons | John Wainwright | Richard E. Brazier | D. Mark Powell,2006,Earth Surface Processes and Landforms,article,10.1002/esp.1395,https://doi.org/10.1002/esp.1395,en,,False,NOT_IDENTIFIED,Citation chaining,OA_CHAIN_G1_BACKWARD_REFERENCE,RESP_THRESHOLD_RECOVERY | SED_DEPOSITION | SED_DREDGING,SED_DREDGING,CITATION_CHAINING,STRESSOR_ONLY,TITLE_ONLY,EXCLUDE,,,Covidence calibration plus reviewer adjudication,,,Jake,2026-08-17,Covidence NO mapped to EXCLUDE.
CAL-0251,DEVELOPMENT,CWC-E18066655735,Coastal and Estuarine Fine Sediment Processes,,2000,Proceedings in marine science,book,10.1016/s1568-2692(00)x8074-6,https://doi.org/10.1016/s1568-2692(00)x8074-6,en,,False,NOT_IDENTIFIED,Citation chaining,OA_CHAIN_G1_BACKWARD_REFERENCE,RESP_THRESHOLD_RECOVERY | SED_DREDGING | SED_SUSPENDED,SED_DREDGING,CITATION_CHAINING,STRESSOR_ONLY,TITLE_ONLY,EXCLUDE,,,Covidence calibration plus reviewer adjudication,,,Jake,2026-08-17,Covidence NO mapped to EXCLUDE.
CAL-0252,DEVELOPMENT,CWC-5062BA6ACE69,"THE RELATIONSHIP BETWEEN TOTAL SUSPENDED SOLID (TSS) AND CORAL REEF GROWTH (CASE STUDY OF DERAWAN ISLAND, DELTA BERAU WATERS)",Ety Parwati | Mahdi Kartasasmita | Kadarwan Soewardi | Tridoyo Kusumastanto | I Wayan Nurjaya,2014,International Journal of Remote Sensing and Earth Sciences (IJReSES),article,10.30536/j.ijreses.2013.v10.a1849,https://doi.org/10.30536/j.ijreses.2013.v10.a1849,en,"Total suspended solid (TSS) is one of the water quality parameters and limiting factor affecting coral reef growth. In this study, we used the algorithm of TSS= 3.3238*e(34.099* Green band) (where green band is reflectance band 2) to extract TSS from Landsat satellite data. The algorithm was validated with field data. Water column correction method developed by Lyzenga was used to map coral reef. The result showed that the coral reef area in Berau waters decreased significantly (about 12,805 ha or around 36 % ) from the year of 1979 to 2002. The most coral reef reduced area was detected around Derawan Island (about 5,685 ha). Further, some areas changed into sand dune. TSS concentration around Delta Berau and Derawan Island increased aproximately twice from 15- 35 mg/l in 1979 to 20-65 mg/l in 2002. The increase of TSS concentration was followed by the decrease of coral reef area.",False,OPEN_ACCESS_PDF,Citation chaining | OpenAlex | Semantic Scholar,OA_CHAIN_G1_BACKWARD_REFERENCE | OA_SED_SUSPENDED_01 | SS_SED_SUSPENDED_01,SED_SUSPENDED,SED_SUSPENDED,CITATION_CHAINING,ORGANISM_ONLY,TITLE_ABSTRACT,EXCLUDE,,,Covidence calibration plus reviewer adjudication,,,Jake,2026-08-17,Covidence NO mapped to EXCLUDE.
CAL-0253,DEVELOPMENT,CWC-8F941B0AA71F,"Impact of clear-cutting and road construction on soil erosion by landslides in the western Cascade Range, Oregon",Frederick J. Swanson | C. T. Dyrness,1975,Geology,article,10.1130/0091-7613(1975)3,https://doi.org/10.1130/0091-7613(1975)3<137:pucdok>2.0.co;2,en,"Research Article| March 01, 1975 Previously undescribed carbonate deposits on Key Largo, Florida Roger J. Bain; Roger J. Bain 1Department of Geology, The University of Akron, Akron, Ohio 44325 Search for other works by this author on: GSW Google Scholar James W. Teeter James W. Teeter 1Department of Geology, The University of Akron, Akron, Ohio 44325 Search for other works by this author on: GSW Google Scholar Author and Article Information Roger J. Bain 1Department of Geology, The University of Akron, Akron, Ohio 44325 James W. Teeter 1Department of Geology, The University of Akron, Akron, Ohio 44325 Publisher: Geological Society of America First Online: 02 Jun 2017 Online ISSN: 1943-2682 Print ISSN: 0091-7613 Geological Society of America Geology (1975) 3 (3): 137–139. https://doi.org/10.1130/0091-7613(1975)3<137:PUCDOK>2.0.CO;2 Article history First Online: 02 Jun 2017 Cite View This Citation Add to Citation Manager Share Icon Share Facebook Twitter LinkedIn MailTo Tools Icon Tools Get Permissions Search Site Citation Roger J. Bain, James W. Teeter; Previously undescribed carbonate deposits on Key Largo, Florida. Geology 1975;; 3 (3): 137–139. doi: https://doi.org/10.1130/0091-7",True,NOT_IDENTIFIED,Citation chaining | OpenAlex | Semantic Scholar,OA_CHAIN_G1_BACKWARD_REFERENCE | OA_SED_DREDGING_01 | SS_SED_DREDGING_01,MECH_FEEDING_MUCUS_CORAL | RESP_THRESHOLD_RECOVERY | SED_DEPOSITION | SED_DREDGING,SED_DEPOSITION,CITATION_CHAINING,ORGANISM_ONLY,TITLE_ABSTRACT,EXCLUDE,,,Covidence calibration plus reviewer adjudication,,,Jake,2026-08-17,Covidence NO mapped to EXCLUDE.
CAL-0254,DEVELOPMENT,CWC-E964DF7195FA,"The coral reef at Dengloujiao, Leizhou Peninsula, northern coast of the South China Sea——its ecology and sustainable development as a resource",Yu Ke,2005,,article,,https://en.cnki.com.cn/Article_en/CJFDTOTAL-STXB200504002.htm,en,"The coral reef at Dengloujiao (20°13′N～20°17′N, 109°54′E～20°58′E), Leizhou Peninsula, northern coast of the South China Sea, is the only developed and well preserved coral fringing reef on mainland China. It is part of the so-called “coral triangle” of the Southeast Asia (Robert et al, 2002, Science), where numerous important coral species are supposed to be found. The reef flat, dominated by Goniopora and Porites corals, is about 10 km long and 500～1000 m wide (2 km maximum width). From sea to land, six ecological zones can be recognized. They are (1) reef-front living coral zone (10～120 m wide) with dominant Acropora corals growing below the low spring tide; (2) outer reef-flat massive Porites zone (100～150 m wide) dominated by large dead Porites corals; (3) within-reef-flat mixed massive coral zone (~200 m wide) consisting of large dead Porites, Pavona and Favia corals; (4) within-reef-flat mixed dead massive-coral /Goniopora zone (0～120 m wide) with smaller massive corals mixed with branchy Goniopora corals; and (5) inner reef-flat Goniopora zone (100～500 m wide) dominated by dead branchy Goniopora corals with a spatial coverage of 95%. Over these zones, total 13 families, 25 g",True,NOT_IDENTIFIED,Citation chaining | OpenAlex | Semantic Scholar,OA_CHAIN_G2_RELATED_WORK | OA_RESP_THRESHOLD_RECOVERY_01 | OA_SED_SUSPENDED_01 | SS_RESP_THRESHOLD_RECOVERY_01 | SS_SED_SUSPENDED_01,MECH_FEEDING_MUCUS_CORAL | MECH_FEEDING_PUMPING_SPONGE | RESP_THRESHOLD_RECOVERY | SED_DEPOSITION | SED_DREDGING | SED_SUSPENDED | RESP_THRESHOLD_RECOVERY | SED_SUSPENDED,MECH_FEEDING_PUMPING_SPONGE,CITATION_CHAINING,ORGANISM_AND_STRESSOR,TITLE_ABSTRACT,EXCLUDE,,,Covidence calibration plus reviewer adjudication,,,Jake,2026-08-17,Covidence NO mapped to EXCLUDE.
CAL-0255,DEVELOPMENT,CWC-45745D284B90,C-NLOPB Releases 2007/08 Annual Report - C-NLOER,,2008,C-NLOER,other,,https://www.cnloer.ca/news/nr20080709eng,English,"#### C-NLOPB Releases 2007/08 Annual Report. The Canada-Newfoundland and Labrador Offshore Petroleum Board (C-NLOPB) released its Annual Report for 2007/08 today, available in both English and French. 2007/08 was an exciting year for the C-NLOPB, as the Board embarked on an era of change and refinement through initiatives aimed at improving regulatory effectiveness and efficiency. The Board has therefore been streamlining and consolidating the number of Authorizations and Approvals issued to oil and gas companies operating in the Newfoundland and Labrador Offshore Area without compromising saf",False,LIKELY_FULL_DOCUMENT_URL,Grey literature,GL_CNLOER_MECH_FEEDING_MUCUS_CORAL_01,MECH_FEEDING_MUCUS_CORAL,MECH_FEEDING_MUCUS_CORAL,GREY_LITERATURE,NEITHER_SIGNAL,TITLE_ABSTRACT,EXCLUDE,,,Covidence calibration plus reviewer adjudication,,,Jake,2026-08-17,Covidence NO mapped to EXCLUDE.
CAL-0256,DEVELOPMENT,CWC-BEA6991859F6,"Seamounts in the southeastern Pacific Ocean and biodiversity on Juan Fernandez seamounts, Chile",Eleuterio Yáñez | Cláudio Silva | Rodrigo Vega | Fernando Espíndola | Lorena Álvarez | Nelson Silva | Sergio Palma | Sergio Salinas | Eduardo Menschel | Verena Häussermann | Daniela C. Soto | Nadín Ramirez,2009,Latin American Journal of Aquatic Research,article,10.3856/vol37-issue3-fulltex-19,https://doi.org/10.3856/vol37-issue3-fulltex-19,en,"Seamounts are vulnerable marine ecosystems.In Chile, information on these ecosystems is quite scarce; thus, a compilation of information on their geographical distribution and biodiversity is presented herein.A total of 118 seamounts distributed in the Chilean EEZ are identified and characterized.Additionally, an in situ assessment was carried out on the Juan Fernandez seamounts 1 and 2 (JF1 and JF2), which were also oceanographically characterized.Phytoplankton, zooplankton, and marine invertebrate samples were collected and an exploratory fishing survey was executed using different gears.According to the bibliographical review, a total of 82 species have been collected on the JF1 and JF2 seamounts, highlighting findings of black coral species caught in lobster traps at the Juan Fernandez Archipelago.Submarine images of the marine substrate at JF1 and JF2 reveal characteristics attributable to the impact of bottom dredges, coinciding with the information obtained from the trawling fleet.The fishing activity was carried out primarily at JF2 (4,667 km of trawling).The monthly fishing effort increased considerably in 2002, 2003, and 2005, reaching values above 500 km of trawling and,",True,OPEN_ACCESS_LANDING_PAGE,OpenAlex,OA_SED_DREDGING_01,SED_DREDGING,SED_DREDGING,OPENALEX,ORGANISM_ONLY,TITLE_ABSTRACT,EXCLUDE,,,Covidence calibration plus reviewer adjudication,,,Jake,2026-08-17,Covidence NO mapped to EXCLUDE.
CAL-0257,DEVELOPMENT,CWC-9F1C6EF2E23A,"Fouling assemblages associated with estuarine artificial reefs in new South Wales, Australia",Rob Mckenzie | Michael Lowry | Heath Folpp | Marcus Gregson,2011,Ocean and Coastal Research,article,10.1590/s1679-87592011000300013,https://doi.org/10.1590/s1679-87592011000300013,en,"Previous studies examining the dynamics of succession on artificial reefs have predominantly focussed on fish communities and largely ignored the role of fouling assemblages in explaining the patterns of community structure associated with artificial reefs. The objective of this study was to record the development of epibiotic assemblages on three ""design specific"" (Reef Ball (R)) estuarine artificial reefs systems located in Lake Macquarie, Botany Bay and St Georges Basin in New South Wales, Australia. Recruitment to the artificial reefs was relatively rapid with the majority of taxa identified over the two-year study period observed within the first year post-deployment. The artificial reefs in Lake Macquarie and St Georges Basin were characterised by low diversity with four and nine taxa recorded respectively in contrast to the sixteen taxa observed on the Botany Bay reefs. Results indicated no significant differences in percentage cover of taxa among reefs in either St Georges Basin or Lake Macquarie. In contrast, comparisons between individual Botany Bay reefs identified significant differences in the percentage cover of species between artificial reefs. Analysis of assemblage",True,OPEN_ACCESS_PDF,Citation chaining | Web of Science,OA_CHAIN_G2_FORWARD_CITATION | WOS_SED_SUSPENDED_01,RESP_THRESHOLD_RECOVERY | SED_DEPOSITION | SED_SUSPENDED | SED_SUSPENDED,RESP_THRESHOLD_RECOVERY,WEB_OF_SCIENCE,STRESSOR_ONLY,TITLE_ABSTRACT,EXCLUDE,,,Covidence calibration plus reviewer adjudication,,,Jake,2026-08-17,Covidence NO mapped to EXCLUDE.
CAL-0258,DEVELOPMENT,CWC-5EB8976B6752,"Microplásticos en Perna perna (Bivalvia: Mytilidae): Evaluación preliminar comparativa de un banco natural y un cultivo suspendido en el Golfo de Cariaco, Venezuela",Dialys Bastardo-Vera | Juan José López-Marcano | Ivis Fermín | Luis Freites | Edgar García,2025,Open MIND,other,10.5281/zenodo.17969843,https://doi.org/10.5281/zenodo.17969843,,"RESUMEN | La presencia creciente de microplásticos en ambientes marinos representa una amenaza para los organismos filtradores, como los bivalvos, los cuales muestran una capacidad limitada para escapar de la exposición a estos agentes, filtrando fácilmente las partículas de polímeros mediante su alimentación. En este estudio, se analizaron 160 mejillones provenientes de un banco natural y de un cultivo suspendido. Se evaluó su condición fisiológica a partir del índice de condición (IC3) y el rendimiento (R). Los microplásticos se separaron en las muestras para inspección visual usando un microscopio estereoscópico, cuantificando su abundancia y caracterizándolos físicamente. Los mejillones de cultivo mostraron mayores masas totales pero menor condición fisiológica (IC3 = 32,1; R = 4,43) en comparación con los organismos de vida libre (IC3 = 43,9; R = 1,24). Se registró una marcada diferencia en la carga de microplásticos: 315 partículas en el sistema de cultivo, en comparación a 12 partículas en el banco natural. En los grupos predominaron las fibras, siendo significativamente más abundantes en los ejemplares de cultivo. Se observó diferencias significativas en los índices fisioló",True,OPEN_ACCESS_LANDING_PAGE,OpenAlex,OA_MECH_FEEDING_MUCUS_CORAL_01,MECH_FEEDING_MUCUS_CORAL,MECH_FEEDING_MUCUS_CORAL,OPENALEX,NEITHER_SIGNAL,TITLE_ABSTRACT,EXCLUDE,,,Covidence calibration plus reviewer adjudication,,,Jake,2026-08-17,Covidence NO mapped to EXCLUDE.
CAL-0259,DEVELOPMENT,CWC-007EE20B4576,Nearshore circulation and sediment transport,Nengjia Wang,1993,ScholarSpace (University of Hawaii at Manoa),dissertation,,http://hdl.handle.net/10125/10006,en,"The project of ""Sand for Hawaiian Beaches"" is briefly described in the introduction. Mathematical models are developed to simulate 3-D coastal current structure and to predict the fate of suspended sediments due to offshore sand dredging and dumping operations, thus providing an effective tool for environmental impact assessments. A 2-DH hydrodynamics model provides necessary input and boundary conditions to the 3-D flow model. The effects of waves are incorporated in these models through the wave radiation stresses and thus the models possess the capability of predicting the wave induced longshore and rip currents. A wave transformation model is applied to calculate the radiation stresses and the energy dissipation due to wave breaking and bottom friction. Wind effects are also included through the 2-DH model. The 3-D flow model gives the current field for the 3-D suspended sediment transport model, which deals with fine sand transport due to dredging and dumping operations. The sediment transport model predicts the suspended sediment concentrations and the accumulation of sand on the bottom. The finite volume method as described by Patankar is employed for the 2-D water circulati",True,OPEN_ACCESS_LANDING_PAGE,OpenAlex,OA_SED_DREDGING_01 | OA_SED_SUSPENDED_01,SED_DREDGING | SED_SUSPENDED,SED_DREDGING,OPENALEX,ORGANISM_AND_STRESSOR,TITLE_ABSTRACT,EXCLUDE,,,Covidence calibration plus reviewer adjudication,,,Jake,2026-08-17,Covidence NO mapped to EXCLUDE.
CAL-0260,VALIDATION,CWC-7E09A5DADFA0,Variation in benthic communities of eastern Caribbean coral reefs in relation to surface sediment composition,Chantale Bégin | Jessica Wurzbacher | Isabelle M. Côté,2012,Marine Biology,article,10.1007/s00227-012-2092-5,https://doi.org/10.1007/s00227-012-2092-5,en,,False,NOT_IDENTIFIED,Citation chaining,OA_CHAIN_G1_BACKWARD_REFERENCE | OA_CHAIN_G1_FORWARD_CITATION | OA_CHAIN_G2_BACKWARD_REFERENCE | OA_CHAIN_G2_FORWARD_CITATION,MECH_FEEDING_MUCUS_CORAL | MECH_FEEDING_PUMPING_SPONGE | RESP_THRESHOLD_RECOVERY | SED_DEPOSITION | SED_DREDGING | SED_DRILLING | SED_SUSPENDED | SED_TAILINGS,SED_DRILLING,CITATION_CHAINING,ORGANISM_AND_STRESSOR,TITLE_ONLY,EXCLUDE,,,Covidence calibration plus reviewer adjudication,,,Jake,2026-08-17,Covidence NO mapped to EXCLUDE.
CAL-0261,VALIDATION,CWC-C6313B95199C,The free-living Symbiodinium reservoir and scleractinian coral symbiont acquisition,Matthew R. Nitschke,2015,The University of Queensland,dissertation,10.14264/uql.2015.687,https://doi.org/10.14264/uql.2015.687,en,"The genus Symbiodinium (Dinophyceae, Suessiales), a group of geographically widespread marine dinoflagellates, comprises numerous ecologically and genetically distinct taxa. Symbiodinium spp. establish intracellular symbioses with cnidarians, infecting hosts such as jellyfish, sea anemones, octocorals and reef-building corals. The energetic demands of hosts can be met at varying levels by Symbiodinium through translocation of photosynthetically-fixed carbon, assisting in the formation of coral reefs. The cnidarian-dinoflagellate symbiosis is relatively well studied. In contrast, empirical data for population dynamics, distribution, and physiology of free-living Symbiodinium are limited. Therefore this thesis aims to characterise the dynamics between free-living Symbiodinium cells, hosts, and their habitat. Free-living Symbiodinium cells have been identified in reef sediment, and this study investigated whether adult coral colonies are a significant source of benthic Symbiodinium cells. Acropora millepora colonies were translocated to bare patches of sediment (Heron Reef, Great Barrier Reef, Australia), and the surrounding sediment was sampled for Symbiodinium cells over a period of",True,NOT_IDENTIFIED,Citation chaining | OpenAlex,OA_CHAIN_G2_BACKWARD_REFERENCE | OA_RESP_THRESHOLD_RECOVERY_01 | OA_SED_DEPOSITION_01,MECH_FEEDING_MUCUS_CORAL | SED_SUSPENDED | RESP_THRESHOLD_RECOVERY | SED_DEPOSITION,RESP_THRESHOLD_RECOVERY,CITATION_CHAINING,ORGANISM_AND_STRESSOR,TITLE_ABSTRACT,EXCLUDE,,,Covidence calibration plus reviewer adjudication,,,Jake,2026-08-17,Covidence NO mapped to EXCLUDE.
CAL-0262,DEVELOPMENT,CWC-59F94F0A4E92,"Growth and survival of three hatchery-bred giant clams (Tridacna derasa, T. squmosa, and T. crocea) in an ocean nursery: a pilot of restocking study in China",Jun Li | Zhen Zhao | Shuming Guo | Haitao Ma | Yanpin Qin | Ziniu Yu | Yuehuan Zhang,2024,Research Square,preprint,10.21203/rs.3.rs-4771804/v1,https://doi.org/10.21203/rs.3.rs-4771804/v1,en,,False,OPEN_ACCESS_LANDING_PAGE,OpenAlex,OA_RESP_THRESHOLD_RECOVERY_01 | OA_SED_SUSPENDED_01,RESP_THRESHOLD_RECOVERY | SED_SUSPENDED,RESP_THRESHOLD_RECOVERY,OPENALEX,NEITHER_SIGNAL,TITLE_ONLY,EXCLUDE,,,Covidence calibration plus reviewer adjudication,,,Jake,2026-08-17,Covidence NO mapped to EXCLUDE.
CAL-0263,VALIDATION,CWC-4E056F823C5A,"Biogeographical patterns in the deep ocean: environmental, biological, and historical drivers in the North Atlantic",Berta Ramiro Sánchez,2021,ERA,dissertation,10.7488/era/1420,https://hdl.handle.net/1842/38153,en,"In the last century, our perception of deep{sea environments has changed from being biological deserts to nding thriving and complex habitats teeming with biodiversity. Some deep{sea habitats, such as cold-water coral reefs, coral gardens and sponge grounds, are often inhabited by slow{growth, long{lived, late{maturing species; traits that limit their potential for resilience and recovery from human pressures such as bottom{contact shing, climate change and, potentially in the future, deep{sea mining. These vulnerable species and habitats are recognised as in need of protective management and conservation measures, given their critical role in the functioning and services of the ocean and planet. However, most of the deep seabed lies in areas beyond national jurisdiction, where little is known about species distributions and where governance is limited. To date, biogeographic patterns in the deep{sea have been based on the distribution of model soft{bottom taxa that potentially may show di erent biogeographies to habitat{forming species as a reflection of their unique evolutionary history and environmental adaptations. Thus, an improved understanding of biogeography of complex deep",True,OPEN_ACCESS_LANDING_PAGE,OpenAlex,OA_SED_TAILINGS_01,SED_TAILINGS,SED_TAILINGS,OPENALEX,ORGANISM_ONLY,TITLE_ABSTRACT,EXCLUDE,,,Covidence calibration plus reviewer adjudication,,,Jake,2026-08-17,Covidence NO mapped to EXCLUDE.
CAL-0264,DEVELOPMENT,CWC-3046C47B43DD,Rhodoliths and rhodolith beds,M. Foster; G. A. Filho; N. Kamenos; R. Ríosmena-Rodríguez; D. Steller,2013,,Review,10.5479/si.1943667x.39,https://www.semanticscholar.org/paper/c1a6208267e62afc015fdbe9c6a0a81283997b8d,,"Rhodolith (maerl) beds, communities dominated by free living coralline algae, are a common feature of subtidal environments worldwide. Well preserved as fossils, they have long been recognized as important carbonate producers and paleoenvironmental indicators. Coralline algae produce growth bands with a morphology and chemistry that record environmental variation. Rhodoliths are hard but often fragile, and growth rates are only on the order of mm/yr. The hard, complex structure of living beds provides habitats for numerous associated species not found on otherwise entirely sedimentary bottoms. Beds are degraded locally by dredging and other anthropogenic disturbances, and recovery is slow. They will likely suffer severe impacts worldwide from the increasing acidity of the ocean. Investigations of rhodolith beds with scuba have enabled precise stratified sampling that has shown the importance of individual rhodoliths as hot spots of diversity. Observations, collections, and experiments by divers have revolutionized taxonomic studies by allowing comprehensive, detailed collection and by showing the large effects of the environment on rhodolith morphology. Facilitated by in situ colle",True,OPEN_ACCESS_PDF,Semantic Scholar,SS_SED_DREDGING_01,SED_DREDGING,SED_DREDGING,SEMANTIC_SCHOLAR,NEITHER_SIGNAL,TITLE_ABSTRACT,EXCLUDE,,,Covidence calibration plus reviewer adjudication,,,Jake,2026-08-17,Covidence NO mapped to EXCLUDE.
CAL-0265,DEVELOPMENT,CWC-381499072777,[PDF] Corals and Sponges,,,Fisheries and Oceans Canada,government_report,,https://www.dfo-mpo.gc.ca/pnw-ppe/ffhpp-ppph/doc/nfl-coral-sponge-guidance-directives-coraux-eponges/NL-coral-sponge-guidance-summary-eng.pdf,English,"decision by a proponent, with supporting rationale provided to the C-NLOPB and DFO. Both options will consider: • abundance and spatial distribution of the five functional groups: sea pens, small gorgonians, large gorgonians, black corals, and sponges (see Annex A, Technical document); • vulnerability of functional groups (e.g black corals are rare on continental shelf with a longer life span and rigid fragile skeleton); • overlapping functional groups; and • the footprint of the well and [...] PHASE 2: DURING DRILLING Management of drill cuttings and muds In areas with aggregations of habitat",False,LIKELY_FULL_DOCUMENT_URL,Grey literature,GL_DFO_SED_DRILLING_01,SED_DRILLING,SED_DRILLING,GREY_LITERATURE,ORGANISM_AND_STRESSOR,TITLE_ABSTRACT,UNCERTAIN,,,Covidence calibration plus reviewer adjudication,,True,Jake,2026-08-17,Covidence MAYBE mapped to UNCERTAIN.
CAL-0266,DEVELOPMENT,CWC-005DC25D446F,THE EFFECT OF PALP LOSS ON FEEDING-BEHAVIOR OF 2 SPIONID POLYCHAETES - CHANGES IN EXPOSURE,"LINDSAY, SM | WOODIN, SA",1992,BIOLOGICAL BULLETIN,JOUR,10.2307/1542020,https://doi.org/10.2307/1542020,English,"The effects of sublethal predation on foraging behavior are potentially important. Such predation changes both the condition of the individual and the cost or risk associated with further predation. Tissue loss to predators is a very common phenomenon in marine sedimentary environments; often the tissue lost is the organism's feeding structure. We asked how the loss of feeding structures would affect the foraging behavior of two species of spionid polychaetes, and whether the responses to palp loss are predictable. Rhyncospio glutaeus and Pseudopolydora kempi japonica represent the ends of a spectrum of risk associated with tissue exposure during feeding. In both species, the loss of one or both palps significantly increased the amount of tissue exposed, and the frequency of exposure, but not the duration of each exposure. All changes were consistent with the normal foraging behaviors of these species. Estimates of relative energy gain suggest that these responses may partially mitigate the effect of palp loss, although potentially increasing the risk of predation.",False,NOT_IDENTIFIED,Web of Science,WOS_MECH_FEEDING_MUCUS_CORAL_01,MECH_FEEDING_MUCUS_CORAL,MECH_FEEDING_MUCUS_CORAL,WEB_OF_SCIENCE,NEITHER_SIGNAL,TITLE_ABSTRACT,EXCLUDE,,,Covidence calibration plus reviewer adjudication,,,Jake,2026-08-17,Covidence NO mapped to EXCLUDE.
CAL-0267,DEVELOPMENT,CWC-8E5198AE2FDB,1. Courts and Court Culture in the Proto-urban and Urban Developments among the Pre-Chinggisid Turkic Peoples,Peter B. Golden,2013,,book-chapter,10.1163/9789004257009_003,https://doi.org/10.1163/9789004257009_003,en,,False,NOT_IDENTIFIED,Citation chaining,OA_CHAIN_G1_BACKWARD_REFERENCE,SED_DEPOSITION,SED_DEPOSITION,CITATION_CHAINING,NEITHER_SIGNAL,TITLE_ONLY,EXCLUDE,,,Covidence calibration plus reviewer adjudication,,,Jake,2026-08-17,Covidence NO mapped to EXCLUDE.
CAL-0268,VALIDATION,CWC-03FD3A933C6A,"Effect of sedimentation from coastal mining on coral reefs on the northwestern coast of Phuket Island, Thailand",H. Chansang | Potchana Boonyanate | Mickmin Charuchinda,1981,,article,,https://agris.fao.org/agris-search/search.do?recordID=XB8311014,en,,False,NOT_IDENTIFIED,Citation chaining,OA_CHAIN_G1_BACKWARD_REFERENCE | OA_CHAIN_G2_BACKWARD_REFERENCE,MECH_FEEDING_MUCUS_CORAL | RESP_THRESHOLD_RECOVERY | SED_DEPOSITION | SED_DREDGING | SED_DRILLING | SED_SUSPENDED | SED_TAILINGS,SED_TAILINGS,CITATION_CHAINING,ORGANISM_AND_STRESSOR,TITLE_ONLY,UNCERTAIN,,,Covidence calibration plus reviewer adjudication,,True,Jake,2026-08-17,Covidence MAYBE mapped to UNCERTAIN.
CAL-0269,DEVELOPMENT,CWC-BD52D7281E34,Detection and Quantification of <i>Pfiesteria piscicida</i> by Using the Mitochondrial Cytochrome <i>b</i> Gene,Huan Zhang | Senjie Lin,2002,Applied and Environmental Microbiology,article,10.1128/aem.68.2.989-994.2002,https://doi.org/10.1128/aem.68.2.989-994.2002,en,,False,OPEN_ACCESS_LANDING_PAGE,Citation chaining,OA_CHAIN_G1_BACKWARD_REFERENCE,SED_DEPOSITION,SED_DEPOSITION,CITATION_CHAINING,NEITHER_SIGNAL,TITLE_ONLY,EXCLUDE,,,Covidence calibration plus reviewer adjudication,,,Jake,2026-08-17,Covidence NO mapped to EXCLUDE.
CAL-0270,DEVELOPMENT,CWC-B7EBAFEA09AA,"Reef Community Structure of Darvel Bay (Northeastern Borneo): A Current Assessment of Coral Condition, Diversity and Disease Prevalence",Aiman Azseri | Nur Angelie Agnezara Roger | Zepri Abdul Muhaimin | Mazni Muhammad Addin | Khairul Hisham Hariz | Siti Nur Hazwani Oslan | Khodzori Fikri Akmal,2026,Research Square,preprint,10.21203/rs.3.rs-8696486/v1,https://doi.org/10.21203/rs.3.rs-8696486/v1,,,False,OPEN_ACCESS_LANDING_PAGE,OpenAlex,OA_SED_SUSPENDED_01,SED_SUSPENDED,SED_SUSPENDED,OPENALEX,ORGANISM_ONLY,TITLE_ONLY,EXCLUDE,,,Covidence calibration plus reviewer adjudication,,,Jake,2026-08-17,Covidence NO mapped to EXCLUDE.
CAL-0271,DEVELOPMENT,CWC-A818992764A2,UCI Machine Learning Repository,,,UCI Machine Learning Repository,repository_record,,https://archive.ics.uci.edu/ml/datasets/sponge,English,# Dataset Files | File | Size | --- | | sponge.data | 35.5 KB | | sponge.info | 12.5 KB | | Index | 110 Bytes | Download (7.4 KB) Install the ucimlrepo package ``` pip install ucimlrepo ``` Import the dataset into your code ``` from ucimlrepo import fetch_ucirepo # fetch dataset sponge = fetch_ucirepo(id=97) # data (as pandas dataframes) X = sponge.data.features y = sponge.data.targets # metadata print(sponge.metadata) # variable information print(sponge.variables) ``` [...] Data on sponges; Attributes in spanish # Dataset Characteristics Multivariate # Subject Area Biology # Asso,False,LIKELY_FULL_DOCUMENT_URL,Grey literature,GL_BROAD_MECH_FEEDING_PUMPING_SPONGE_01 | GL_CNLOER_MECH_FEEDING_PUMPING_SPONGE_01 | GL_JNCC_NERC_MECH_FEEDING_PUMPING_SPONGE_01 | GL_MBARI_MECH_FEEDING_PUMPING_SPONGE_01 | GL_NOAA_MECH_FEEDING_PUMPING_SPONGE_01 | GL_NORWAY_MECH_FEEDING_PUMPING_SPONGE_01 | GL_USGS_MECH_FEEDING_PUMPING_SPONGE_01,MECH_FEEDING_PUMPING_SPONGE,MECH_FEEDING_PUMPING_SPONGE,GREY_LITERATURE,ORGANISM_ONLY,TITLE_ABSTRACT,EXCLUDE,,,Covidence calibration plus reviewer adjudication,,,Jake,2026-08-17,Covidence NO mapped to EXCLUDE.
CAL-0272,DEVELOPMENT,CWC-BBEA60072603,[PDF] a comparative study between bottom trawling and dredging - ICES,,2010,ICES,conference_or_proceedings,,https://www.ices.dk/sites/pub/CM%20Doccuments/CM-2010/F/F0310.pdf,English,"Bradshaw C, Næs N (submitted) Towing passive samplers reveals PCDD/F release during benthic trawler-induced sediment re-suspension. Au D., Pollino C., Wu F., Shin P., Lau S. and Tang J. 2004: Chronic effects of suspended solids on gill structure, osmoregulation, growth, and triiodothyronine in juvenile green grouper Epinephelus coioide. Marine Ecology Progress Series 266, 255-264. Bilotta G. and Brazier R. 2008: Understanding the influence of suspended solids on water quality and aquatic biota. [...] a synthesis for environmental impact assessment. Waste Management Branch, Ministry of Environm",False,LIKELY_FULL_DOCUMENT_URL,Grey literature,GL_ICES_SED_SUSPENDED_01,SED_SUSPENDED,SED_SUSPENDED,GREY_LITERATURE,STRESSOR_ONLY,TITLE_ABSTRACT,EXCLUDE,,,Covidence calibration plus reviewer adjudication,,,Jake,2026-08-17,Covidence NO mapped to EXCLUDE.
CAL-0273,VALIDATION,CWC-F3A8A1A59C02,Clarifying water clarity: A call to use metrics best suited to corresponding research and management goals in aquatic ecosystems,J. S. Turner | Kelsey Fall | Carl T. Friedrichs,2022,Limnology and Oceanography Letters,article,10.1002/lol2.10301,https://doi.org/10.1002/lol2.10301,en,"Water clarity is a subjective term and can be measured multiple ways. Different metrics such as light attenuation and Secchi depth vary in effectiveness depending on the research or management application. In this essay, we argue that different questions merit different water clarity metrics. In coastal and inland waters, empirical relationships to estimate light attenuation can yield clarity estimates that either under- or overestimate the underwater light climate for restoration goals, such as potential habitat available for submerged aquatic vegetation. Best practices in reporting water clarity measurements include regionally specific, temporally representative calibrations and communicating the metric that was actually measured. An intentional choice of the water clarity metric best suited to the research or management question yields the most useful results. The term “water clarity” is inherently ambiguous. Water clarity generally refers to the distance that light penetrates through water, as well as the visibility of objects through water. In lakes, rivers, estuaries, coastal zones, and the open ocean, water clarity is an essential measurement for monitoring programs and a wi",True,OPEN_ACCESS_LANDING_PAGE,OpenAlex,OA_SED_DREDGING_01 | OA_SED_SUSPENDED_01,SED_DREDGING | SED_SUSPENDED,SED_SUSPENDED,OPENALEX,STRESSOR_ONLY,TITLE_ABSTRACT,EXCLUDE,,,Covidence calibration plus reviewer adjudication,,,Jake,2026-08-17,Covidence NO mapped to EXCLUDE.
CAL-0274,VALIDATION,CWC-5E2955748B43,Community structure of benthic megafauna on a seamount with cobalt-rich ferromanganese crusts in the northwestern Pacific Ocean,"Shen, CC | Lu, B | Li, ZG | Zhang, RY | Chen, WY | Xu, P | Yao, HQ | Chen, ZH | Pang, J | Wang, CS | Zhang, DS",2021,DEEP-SEA RESEARCH PART I-OCEANOGRAPHIC RESEARCH PAPERS,JOUR,10.1016/j.dsr.2021.103661,https://doi.org/10.1016/j.dsr.2021.103661,English,"Increasing threats to seamount ecosystems potentially from fishing and seabed mining are creating an urgent demand for research on megafauna to inform conservation and management. We surveyed the community structure of benthic megafauna on the Weijia Seamount, which is covered by cobalt-rich ferromanganese crusts, in the northwestern Pacific Ocean. A multidisciplinary dataset was generated from video recordings taken by a human occupied vehicle (HOV) and remotely operated vehicle (ROV) along transects and bathymetry-derived environmental variables. The spatial variation of community structure and its environmental and spatial factors impacting the community were then explored. A total of 2779 individuals of the megabenthos (from depths of 1533-2763 m, covering 24.4 km in distance and with a maximum of 109 individuals per 100 m by linear observation), was counted and classified into 76 morphospecies, which was dominated by crinoids, ophiuroids, hexactinellids and octocorals. Moderately abundant and diverse megafauna, high beta diversity and distinct assemblages were present in the Weijia Seamount, suggesting a highly patchy pattern within a single seamount. Six clusters of megafauna",True,NOT_IDENTIFIED,Web of Science,WOS_SED_TAILINGS_01,SED_TAILINGS,SED_TAILINGS,WEB_OF_SCIENCE,NEITHER_SIGNAL,TITLE_ABSTRACT,EXCLUDE,,,Covidence calibration plus reviewer adjudication,,,Jake,2026-08-17,Covidence NO mapped to EXCLUDE.
CAL-0275,DEVELOPMENT,CWC-49120C2BDD6D,"Carbonate burial regimes, the Meso-Cenozoic climate, and nannoplankton expansion",Tristan Salles; L. Husson; Thran Trung Nguyen; A. Vila‐Concejo; Jonathon Leonard; Ana Paula da Silva; J.M. Webster; F. Giraud,2025,Proceedings of the National Academy of Sciences of the United States of America,JournalArticle,10.1073/pnas.2516468122,https://www.semanticscholar.org/paper/e91e968c30c72fbace64d1a0986e53e2bc7a4960,,"Significance Shallow-water carbonate platforms, home to ecosystems like coral reefs, play a crucial but underappreciated role in modulating Earth’s carbon cycle. By integrating plate tectonic, climate, and ecological models, we reconstruct global patterns of carbonate productivity over the past 265 My. We identify alternating regimes in which carbonate deposition is limited by habitat space or by chemical supply, influencing the timescales over which the carbon cycle responds to perturbations. This neritic-pelagic partitioning modulates carbon cycle buffering and recovery, rather than serving as the primary control of long-term atmospheric CO2, which is ultimately governed by silicate weathering feedback. Our results offer a perspective on the interplay between climate evolution, ocean chemistry, and marine biodiversity through deep time.",False,NOT_IDENTIFIED,Semantic Scholar,SS_RESP_THRESHOLD_RECOVERY_01 | SS_SED_DEPOSITION_01,RESP_THRESHOLD_RECOVERY | SED_DEPOSITION,RESP_THRESHOLD_RECOVERY,SEMANTIC_SCHOLAR,ORGANISM_AND_STRESSOR,TITLE_ABSTRACT,EXCLUDE,,,Covidence calibration plus reviewer adjudication,,,Jake,2026-08-17,Covidence NO mapped to EXCLUDE.
CAL-0276,DEVELOPMENT,CWC-0374D2930160,"Distribution and Abundance of the Sponge Spheciospongia vagabunda (Ridley, 1884) (Phylum: Porifera, Class: Demospongiae) in a Shallow Mauritian Lagoon",Sandeep S. Beepat; C. Appadoo; D. Marie; J. Paula; K. Sivakumar,2014,,,,https://www.semanticscholar.org/paper/6703740e404adcced50f795067c6f1ce2ec2f3c4,,,False,NOT_IDENTIFIED,Semantic Scholar,SS_MECH_FEEDING_PUMPING_SPONGE_01 | SS_SED_SUSPENDED_01,MECH_FEEDING_PUMPING_SPONGE | SED_SUSPENDED,MECH_FEEDING_PUMPING_SPONGE,SEMANTIC_SCHOLAR,ORGANISM_ONLY,TITLE_ONLY,EXCLUDE,,,Covidence calibration plus reviewer adjudication,,,Jake,2026-08-17,Covidence NO mapped to EXCLUDE.
CAL-0277,VALIDATION,CWC-DD545CE1C032,Numerical modelling of released dredged sediment dispersion from Pandop harbour (New Caledonia),Julien Baills; Jérémy Dugor; D. Rihouey,2019,,,,https://www.semanticscholar.org/paper/cd42572efae964d84d32e7951cf532dca633fdeb,,,False,NOT_IDENTIFIED,Semantic Scholar,SS_SED_DREDGING_01 | SS_SED_SUSPENDED_01,SED_DREDGING | SED_SUSPENDED,SED_DREDGING,SEMANTIC_SCHOLAR,STRESSOR_ONLY,TITLE_ONLY,EXCLUDE,,,Covidence calibration plus reviewer adjudication,,,Jake,2026-08-17,Covidence NO mapped to EXCLUDE.
CAL-0278,DEVELOPMENT,CWC-D86A08B16E88,A Multi-Species Investigation of Sponges’ Filtering Activity towards Marine Microalgae,Despoina Varamogianni-Mamatsi | Thekla I. Anastasiou | Emmanouela Vernadou | Nikos Papandroulakis | Nicolas Kalogerakis | Thanos Dailianis | Manolis Mandalakis,2021,Marine Drugs,article,10.3390/md20010024,https://doi.org/10.3390/md20010024,en,"Sponges (Porifera), the oldest extant filter-feeding macroinvertebrates , have recently been viewed as promising candidates for IMTA scenarios [8,9] due to their capability to filter large volumes of water [10,11,12] and retain microorganisms or other particles of various sizes, ranging from 0.1 to 50 μm [13,14,15], with high efficiency (75–99%) [11,14,16,17]. Having developed intricate patterns of symbiotic associations with microbial communities, sponges are among the most diverse and complex [...] ### 3.6. Data Analysis Clearance rate (_c_) is a measure that indirectly quantifies the filte",False,OPEN_ACCESS_PDF,Citation chaining | Grey literature,GL_BROAD_MECH_FEEDING_PUMPING_SPONGE_01 | GL_CNLOER_MECH_FEEDING_PUMPING_SPONGE_01 | GL_DFO_MECH_FEEDING_PUMPING_SPONGE_01 | GL_FAO_MECH_FEEDING_PUMPING_SPONGE_01 | GL_IAAC_MECH_FEEDING_PUMPING_SPONGE_01 | GL_ICES_MECH_FEEDING_PUMPING_SPONGE_01 | GL_JNCC_NERC_MECH_FEEDING_PUMPING_SPONGE_01 | GL_MBARI_MECH_FEEDING_PUMPING_SPONGE_01 | GL_NOAA_MECH_FEEDING_PUMPING_SPONGE_01 | GL_NORWAY_MECH_FEEDING_PUMPING_SPONGE_01 | GL_OFFSHORE_OPERATORS_MECH_FEEDING_PUMPING_SPONGE_01 | GL_OSPAR_MECH_FEEDING_PUMPING_SPONGE_01 | GL_USGS_MECH_FEEDING_PUMPING_SPONGE_01 | OA_CHAIN_G2_BACKWARD_REFERENCE | OA_CHAIN_G2_FORWARD_CITATION,MECH_FEEDING_MUCUS_CORAL | MECH_FEEDING_PUMPING_SPONGE | RESP_THRESHOLD_RECOVERY | SED_DEPOSITION | SED_DREDGING | SED_DRILLING | SED_SUSPENDED | SED_TAILINGS | MECH_FEEDING_PUMPING_SPONGE,RESP_THRESHOLD_RECOVERY,GREY_LITERATURE,ORGANISM_ONLY,TITLE_ABSTRACT,EXCLUDE,,,Covidence calibration plus reviewer adjudication,,,Jake,2026-08-17,Covidence NO mapped to EXCLUDE.
CAL-0279,VALIDATION,CWC-29F7344CF3AE,Beyond taxonomy: A functional approach reveals patterns of reef fish response to wastewater pollution,Ramón Gómez | Sonia Bejarano | Camille Magneville | Marie Fujitani,2025,Marine Pollution Bulletin,article,10.1016/j.marpolbul.2025.118024,https://doi.org/10.1016/j.marpolbul.2025.118024,en,"Coral reefs face severe threats from climate change and local stressors like wastewater pollution, which significantly impact reef ecosystems but remain underexplored. Reef fish are essential for supporting human livelihoods through fisheries and maintaining ecosystem functions such as nutrient cycling and algae control. While most research focuses on wastewater's effects on benthic communities, its impact on reef fish physiology, behavior, and community structure is poorly understood. Few studies apply trait-based approaches to evaluate wastewater's influence on fish's ecological roles. This study systematically reviews 52 papers and conducts a meta-analysis of eight control-impact studies to assess wastewater effects on reef fish taxonomic and functional structure. Taxonomy-based metrics revealed mixed responses, with studies reporting declines, increases, or no changes in abundance, richness, and biomass in polluted sites. Functional analysis provided clearer patterns: polluted sites were dominated by smaller, high-resilience species at mid-trophic levels, while control sites supported larger, low-resilience species at diverse depths and trophic levels. Functional richness was g",True,OPEN_ACCESS_PDF,Citation chaining | OpenAlex | Semantic Scholar | Web of Science,OA_CHAIN_G1_FORWARD_CITATION | OA_CHAIN_G2_FORWARD_CITATION | OA_MECH_FEEDING_MUCUS_CORAL_01 | SS_MECH_FEEDING_MUCUS_CORAL_01 | WOS_MECH_FEEDING_MUCUS_CORAL_01 | WOS_SED_SUSPENDED_01,MECH_FEEDING_MUCUS_CORAL | MECH_FEEDING_MUCUS_CORAL | RESP_THRESHOLD_RECOVERY | SED_DEPOSITION | SED_DREDGING | SED_SUSPENDED | SED_SUSPENDED,SED_DEPOSITION,WEB_OF_SCIENCE,ORGANISM_ONLY,TITLE_ABSTRACT,EXCLUDE,,,Covidence calibration plus reviewer adjudication,,,Jake,2026-08-17,Covidence NO mapped to EXCLUDE.
CAL-0280,VALIDATION,CWC-12EEC59B2A5A,Evaluating the effectiveness of two SeaWiFS algorithms in Case I and Case II waters,Timothy T. Wynne | Richard P. Stumpf | Huong Thi Thanh Nguyen | Michelle C. Tomlinson | S. Varnam | PA Tester | Varis Ransibrahmanakul | Douglas E. Pirhalla,2005,,conference-paper,10.1109/oceans.2005.1639740,https://doi.org/10.1109/oceans.2005.1639740,en,,False,NOT_IDENTIFIED,Citation chaining,OA_CHAIN_G1_RELATED_WORK,SED_SUSPENDED,SED_SUSPENDED,CITATION_CHAINING,NEITHER_SIGNAL,TITLE_ONLY,EXCLUDE,,,Covidence calibration plus reviewer adjudication,,,Jake,2026-08-17,Covidence NO mapped to EXCLUDE.
CAL-0281,DEVELOPMENT,CWC-21FCD8869C82,"Lower Cretaceous corals from the Agrio Formation, Neuquén Basin, west-central Argentina: Family Actinastraeidae",Ricardo M. Garberoglio | Hannes Löser | Darío G. Lazo,2020,Cretaceous Research,article,10.1016/j.cretres.2020.104503,https://doi.org/10.1016/j.cretres.2020.104503,en,"This contribution presents the first results of an ongoing systematic revision of the coral fauna of the Agrio Formation (upper Valanginian-upper Hauterivian) of the Neuquen Basin, west-central Argentina. Actinastraeid corals (superfamily Actinastraeoidea, that corresponds to the former suborder Archeocaeniina) are represented by eight species in three genera, namely Actinastraeopsis (two species), Stelidioseris (five species) and Stephanastrea (one species). Actinastraeopsis and Stelidioseris species records are close to or match with their first occurrences or are new first records. The last record of the genus Stephanastrea is now extended up from the Tithonian to the upper Hauterivian. The studied corals are interpreted as colonies capable of thriving in mixed carbonate-siliciclastic environments and settling on soft substrates and able to resist moderate turbidity, sedimentation, and storm influence. Correlation with other actinastraeid Lower Cretaceous coral faunas shows affinities with those that are also record from mixed carbonate-siliciclastic environments such as the Paris Basin, East Iberia, Bisbee Basin and Texas Platform. (C) 2020 Elsevier Ltd. All rights reserved.",False,OPEN_ACCESS_LANDING_PAGE,Citation chaining | OpenAlex | Web of Science,OA_CHAIN_G1_FORWARD_CITATION | OA_SED_SUSPENDED_01 | WOS_SED_SUSPENDED_01,RESP_THRESHOLD_RECOVERY | SED_SUSPENDED | SED_SUSPENDED,SED_SUSPENDED,WEB_OF_SCIENCE,ORGANISM_AND_STRESSOR,TITLE_ABSTRACT,EXCLUDE,,,Covidence calibration plus reviewer adjudication,,,Jake,2026-08-17,Covidence NO mapped to EXCLUDE.
CAL-0282,DEVELOPMENT,CWC-79F229621F86,Biogeochemical conditions determine virulence of black band disease in corals,Martin S. Glas | Yui Sato | Karin E. Ulstrup | David G. Bourne,2012,The ISME Journal,article,10.1038/ismej.2012.2,https://doi.org/10.1038/ismej.2012.2,en,,False,OPEN_ACCESS_PDF,Citation chaining,OA_CHAIN_G1_FORWARD_CITATION,MECH_FEEDING_MUCUS_CORAL,MECH_FEEDING_MUCUS_CORAL,CITATION_CHAINING,ORGANISM_ONLY,TITLE_ONLY,EXCLUDE,,,Covidence calibration plus reviewer adjudication,,,Jake,2026-08-17,Covidence NO mapped to EXCLUDE.
CAL-0283,VALIDATION,CWC-E30FF32CC22E,Genetic and Morphological Insights Reveal the Hidden and Colorful Diversity in <i>Oscarella</i> Sponges,E. Guiollot | Dorian Guillemain | Emmanuelle Renard | Carole Borchiellini | Quentin Schenkelaars,2024,bioRxiv (Cold Spring Harbor Laboratory),preprint,10.1101/2024.10.26.620226,https://doi.org/10.1101/2024.10.26.620226,en,,False,OPEN_ACCESS_PDF,Citation chaining,OA_CHAIN_G1_FORWARD_CITATION,SED_DREDGING,SED_DREDGING,CITATION_CHAINING,ORGANISM_ONLY,TITLE_ONLY,EXCLUDE,,,Covidence calibration plus reviewer adjudication,,,Jake,2026-08-17,Covidence NO mapped to EXCLUDE.
CAL-0284,DEVELOPMENT,CWC-AE28BD36F7A5,Direct analysis of 210Pb in sediment samples: Self-absorption corrections,N.H. Cutshall | Ingvar L. Larsen | Curtis R. Olsen,1983,Nuclear Instruments and Methods in Physics Research,article,10.1016/0167-5087(83)91273-5,https://doi.org/10.1016/0167-5087(83)91273-5,en,,False,NOT_IDENTIFIED,Citation chaining,OA_CHAIN_G1_BACKWARD_REFERENCE,SED_DEPOSITION | SED_DREDGING | SED_SUSPENDED,SED_SUSPENDED,CITATION_CHAINING,STRESSOR_ONLY,TITLE_ONLY,EXCLUDE,,,Covidence calibration plus reviewer adjudication,,,Jake,2026-08-17,Covidence NO mapped to EXCLUDE.
CAL-0285,DEVELOPMENT,CWC-799560C3692C,"Depositional Facies of Leg 30, Deep Sea Drilling Project Sediment Cores",G. Klein,1975,,,10.2973/dsdp.proc.30.111.1975,https://www.semanticscholar.org/paper/61694271b5265acf959cdac13c5840feb85f21d8,,,False,OPEN_ACCESS_PDF,Semantic Scholar,SS_SED_SUSPENDED_01,SED_SUSPENDED,SED_SUSPENDED,SEMANTIC_SCHOLAR,STRESSOR_ONLY,TITLE_ONLY,EXCLUDE,,,Covidence calibration plus reviewer adjudication,,,Jake,2026-08-17,Covidence NO mapped to EXCLUDE.
CAL-0286,DEVELOPMENT,CWC-98F50217A372,"Polycyclic aromatic hydrocarbons (PAHs) in corals of the South China Sea: Occurrence, distribution, bioaccumulation, and considerable role of coral mucus",Minwei Han | Ruijie Zhang | Kefu Yu | An Li | Yinghui Wang | Xueyong Huang,2019,Journal of Hazardous Materials,article,10.1016/j.jhazmat.2019.121299,https://doi.org/10.1016/j.jhazmat.2019.121299,en,"Coral reefs have suffered degradation from climate change and water quality deterioration. Studies have shown that PAHs are present widely in some coastal seawater and coral tissues. However, no studies have focused on the PAHs in coastal coral mucus and offshore coral tissues. Targeting the South China Sea, this study for the first time investigated the occurrence, tissue-mucus partitioning, and bioaccumulation of PAHs in coastal and offshore corals. The tissue and mucus of the corals were processed separately. The results indicated that the total concentration of 15 of the 16 PAHs that are prioritized by U.S. EPA (excluding naphthalene) (Sigma(15)PAHs) was significantly higher in the coastal tissues (173 +/- 314 ng g(-1)dw) than in the offshore tissues (71 +/- 109 ng g(-1)dw), as well as in coastal seawater (196 +/- 96 ng L-1) than in the offshore water (54 +/- 9 ng L-1).Sigma(15)PAHs is two orders of magnitude higher in the mucus (3200 +/- 6470 ng g(-1)dw) than in the tissues (128 +/- 43 ng g(-1 )dw). By average, 29% of Sigma(15)PAHs were accumulated in the mucus. The results suggest that mucus plays an important role in the bioaccumulation of PAHs by corals from ambient seawate",True,NOT_IDENTIFIED,Citation chaining | Web of Science,OA_CHAIN_G1_BACKWARD_REFERENCE | OA_CHAIN_G1_FORWARD_CITATION | OA_CHAIN_G2_BACKWARD_REFERENCE | OA_CHAIN_G2_FORWARD_CITATION | WOS_MECH_FEEDING_MUCUS_CORAL_01,MECH_FEEDING_MUCUS_CORAL | MECH_FEEDING_MUCUS_CORAL | MECH_FEEDING_PUMPING_SPONGE | RESP_THRESHOLD_RECOVERY | SED_DEPOSITION | SED_DRILLING | SED_SUSPENDED,MECH_FEEDING_PUMPING_SPONGE,WEB_OF_SCIENCE,ORGANISM_ONLY,TITLE_ABSTRACT,EXCLUDE,,,Covidence calibration plus reviewer adjudication,,,Jake,2026-08-17,Covidence NO mapped to EXCLUDE.
CAL-0287,DEVELOPMENT,CWC-E0790FC52B54,"Factors Influencing the Distribution and Characteristics of Surface Sediment in the Bay of Cartagena, Colombia",Juan Camilo Restrepo | Jaime Escobar | Luís Otero | Diana Franco | Jorge O. Pierini | Iván Correa,2016,Journal of Coastal Research,article,10.2112/jcoastres-d-15-00185.1,https://doi.org/10.2112/jcoastres-d-15-00185.1,en,,False,OPEN_ACCESS_PDF,Citation chaining,OA_CHAIN_G1_BACKWARD_REFERENCE,RESP_THRESHOLD_RECOVERY | SED_DEPOSITION | SED_DREDGING | SED_SUSPENDED,SED_DREDGING,CITATION_CHAINING,STRESSOR_ONLY,TITLE_ONLY,EXCLUDE,,,Covidence calibration plus reviewer adjudication,,,Jake,2026-08-17,Covidence NO mapped to EXCLUDE.
CAL-0288,VALIDATION,CWC-D53162D7C916,Unveiling Ophiuroid Diversity Across North Atlantic Habitats: an integrative perspective,Lydia Anastasia Schmidt | Saskia Brix | Sven Rossel | Stefan Förster | Angelina Eichsteller,2024,Research Square,preprint,10.21203/rs.3.rs-4547941/v1,http://dx.doi.org/10.21203/rs.3.rs-4547941/v1,en,,False,OPEN_ACCESS_LANDING_PAGE,OpenAlex,OA_SED_TAILINGS_01,SED_TAILINGS,SED_TAILINGS,OPENALEX,NEITHER_SIGNAL,TITLE_ONLY,EXCLUDE,,,Covidence calibration plus reviewer adjudication,,,Jake,2026-08-17,Covidence NO mapped to EXCLUDE.
CAL-0289,DEVELOPMENT,CWC-505F48E88CFC,"Late Pennsylvanian invertebrate paleontology of Bruton Canyon, northern Sierra Oscura, Socorro County, New Mexico",B. Kues,2009,Geology of the Chupadera Mesa,,10.56577/ffc-60.249,https://www.semanticscholar.org/paper/cb535fb07c0a2f03fd8a421bd4a34548ae317160,,"The excellently exposed Upper Pennsylvanian sequence in Bruton Canyon, first studied by Thompson (1942), consists of several members of the Missourian-Virgilian Atrasado Formation (named as formations by Thompson) and the overlying Bursum Formation (Madera Group). The Burrego, Story, Del Cuerto, and Moya Members of the Atrasado Formation yielded marine invertebrate collections dominated by brachiopods; crinoid fragments, rugose corals, bryozoans, and fusulinids are subsidiary elements of these assemblages, with molluscs being rare. The Burrego assemblage is unusual in its abundance of the large productide Echinaria, generally an uncommon genus in New Mexico Pennsylvanian strata. By far the largest collection (>1400 specimens), from the middle part of the Del Cuerto Member, is dominated by brachiopods (19 species), with solitary rugose corals and crinoid debris next in abundance. This Del Cuerto assemblage is dominated numerically by the brachiopod genera Composita and Enteletes (73% of all brachiopod specimens), with moderate numbers of Phricodothyris and the small productide Hystriculina, but only small numbers of the other brachiopod species. This is the only assemblage known in ",True,NOT_IDENTIFIED,Semantic Scholar,SS_SED_SUSPENDED_01,SED_SUSPENDED,SED_SUSPENDED,SEMANTIC_SCHOLAR,ORGANISM_AND_STRESSOR,TITLE_ABSTRACT,EXCLUDE,,,Covidence calibration plus reviewer adjudication,,,Jake,2026-08-17,Covidence NO mapped to EXCLUDE.
CAL-0290,DEVELOPMENT,CWC-F730FB5EFA15,"Determination of lead, cadmium and other trace metals in annually-banded corals",Glen T. Shen | Edward A. Boyle,1988,Chemical Geology,article,10.1016/0009-2541(88)90005-8,https://doi.org/10.1016/0009-2541(88)90005-8,en,,False,NOT_IDENTIFIED,Citation chaining,OA_CHAIN_G1_BACKWARD_REFERENCE | OA_CHAIN_G2_BACKWARD_REFERENCE,SED_DEPOSITION | SED_DREDGING | SED_DRILLING | SED_SUSPENDED,SED_DRILLING,CITATION_CHAINING,ORGANISM_ONLY,TITLE_ONLY,EXCLUDE,,,Covidence calibration plus reviewer adjudication,,,Jake,2026-08-17,Covidence NO mapped to EXCLUDE.
CAL-0291,DEVELOPMENT,CWC-F40150C37287,Trophic Organization in Gulf Coastal Systems,I. Introduction,2002,,book-chapter,10.1201/9781420040852-8,https://doi.org/10.1201/9781420040852-8,en,"Feeding habits of coastal organisms have been extensively studied in habitats such as mangroves (Odum and Heald, 1972), sea grass beds (Kikuchi, 1974; Stoner, 1976; Brook, 1976, 1977; Livingston, 1982a), coral reefs (Hobson, 1973, 1974, 1975), river-dominated estuaries (Livingston, 1997c), and the open ocean (Ross, 1977, 1978). Shallow, coastal areas are highly productive yet physically unstable (Livingston et al., 1997) with extreme spatial/temporal variability of features such as temperature, land runoff, and associated water quality conditions (e.g., salinity, color, turbidity, light penetration). However, many coastal biological components remain temporally stable from year to year (Livingston and Loucks, 1978, Livingston et al., 1978, 1997; Dugan and Livingston, 1982). Questions remain concerning the temporal stability of coastal food webs.",False,NOT_IDENTIFIED,OpenAlex,OA_MECH_FEEDING_MUCUS_CORAL_01 | OA_SED_SUSPENDED_01,MECH_FEEDING_MUCUS_CORAL | SED_SUSPENDED,MECH_FEEDING_MUCUS_CORAL,OPENALEX,ORGANISM_AND_STRESSOR,TITLE_ABSTRACT,EXCLUDE,,,Covidence calibration plus reviewer adjudication,,,Jake,2026-08-17,Covidence NO mapped to EXCLUDE.
CAL-0292,DEVELOPMENT,CWC-C3A7849F34F6,"Trace Metal Concentrations in Coral Growth Bands as Indicators of Timing and Extent of a Mine Tailings Spill, Marinduque Island, Philippines",Carlos Primo C. David,2001,AGUFM,article,,https://ui.adsabs.harvard.edu/abs/2001AGUFMOS31C0450D/abstract,en,,False,NOT_IDENTIFIED,OpenAlex | Semantic Scholar,OA_SED_TAILINGS_01 | SS_SED_TAILINGS_01,SED_TAILINGS,SED_TAILINGS,MULTI_SCHOLARLY,ORGANISM_AND_STRESSOR,TITLE_ONLY,EXCLUDE,,,Covidence calibration plus reviewer adjudication,,,Jake,2026-08-17,Covidence NO mapped to EXCLUDE.
CAL-0293,DEVELOPMENT,CWC-F84F82F04FBE,Stony Coral Transplantation Associated with Coastal and Marine Construction Activities,Nicole R. Stephens,2007,NSUWorks (Nova Southeastern University),dissertation,,https://nsuworks.nova.edu/occ_stuetd/258,en,"Coral reefs in Broward County are increasingly threatened by coastal and marine construction activities. Infrastructure installation (cables, pipelines, and sewer outfalls), beach renourishment, and dredge and fill operations have both anticipated and inadvertent impacts which may result in reef damage. Mitigation practices consisting of impact avoidance and minimization are necessary to prevent and offset reef damage. Coral transplantation is a commonly utilized impact minimization tool which aims to protect corals threatened by impending construction projects. Coral colonies are removed from their natural habitats and relocated to analogous unthreatened sites prior to construction. This study focuses on coral transplantation that occurred as impact minimization for two recently completed coastal and marine construction projects in Broward County. The first project involved relocation of colonies to natural reef away from potential damage by a natural gas pipeline geotechnical survey. The second project involved relocation of colonies to an artificial reef in relation to a beach renourishment project. Colonies from both projects were monitored and analyzed in regards to survival a",True,NOT_IDENTIFIED,OpenAlex,OA_SED_DREDGING_01,SED_DREDGING,SED_DREDGING,OPENALEX,ORGANISM_ONLY,TITLE_ABSTRACT,EXCLUDE,,,Covidence calibration plus reviewer adjudication,,,Jake,2026-08-17,Covidence NO mapped to EXCLUDE.
CAL-0294,DEVELOPMENT,CWC-572874099877,Nitrogen‐cycling bacteria and archaea in the carbonate sediment of a coral reef,Antje Rusch | Eric Gaidos,2013,Geobiology,article,10.1111/gbi.12048,https://doi.org/10.1111/gbi.12048,en,,False,NOT_IDENTIFIED,Citation chaining,OA_CHAIN_G1_FORWARD_CITATION | OA_CHAIN_G2_FORWARD_CITATION,MECH_FEEDING_MUCUS_CORAL | MECH_FEEDING_PUMPING_SPONGE | RESP_THRESHOLD_RECOVERY | SED_DEPOSITION | SED_DREDGING | SED_SUSPENDED,MECH_FEEDING_PUMPING_SPONGE,CITATION_CHAINING,ORGANISM_AND_STRESSOR,TITLE_ONLY,EXCLUDE,,,Covidence calibration plus reviewer adjudication,,,Jake,2026-08-17,Covidence NO mapped to EXCLUDE.
CAL-0295,VALIDATION,CWC-38D5F22DD4FE,Sediments | AIMS,,,Australian Institute of Marine Science,project_or_program_page,,https://www.aims.gov.au/research-topics/environmental-issues/water-quality/sediments,English,"# Sediments. Queensland’s rivers naturally deliver sand, silt and clay to inshore waters of the Great Barrier Reef. Sand is heavy and generally sinks out of the water column near river mouths, while silt and clay can be transported further out. Heavy rain, usually between October and May, results in increased sediment and nutrients in the rivers. This can make them look muddy, and delivers large amounts of sediment to the reef. AIMS has been monitoring water quality in the Great Barrier for four decades. Since 2005, we have sampled sediment in the reef’s inshore waters through the Great Barrie",False,NOT_IDENTIFIED,Grey literature,GL_AIMS_MECH_FEEDING_PUMPING_SPONGE_01 | GL_AIMS_RESP_THRESHOLD_RECOVERY_01 | GL_AIMS_SED_SUSPENDED_01,MECH_FEEDING_PUMPING_SPONGE | RESP_THRESHOLD_RECOVERY | SED_SUSPENDED,MECH_FEEDING_PUMPING_SPONGE,GREY_LITERATURE,STRESSOR_ONLY,TITLE_ABSTRACT,EXCLUDE,,,Covidence calibration plus reviewer adjudication,,,Jake,2026-08-17,Covidence NO mapped to EXCLUDE.
CAL-0296,DEVELOPMENT,CWC-5521534229C7,"Infestation biology of Phallusia nigra (Tunicata, Phlebobranchia) on hard corals in a subtropical bay",Amir Ghazilou | Emad Koochaknejad | Hamid Ershadifar | H Negarestan | Kamalodin Kor | Gholamrasoul Baskaleh,2019,Marine Ecology Progress Series,article,10.3354/meps13060,https://doi.org/10.3354/meps13060,en,"MEPS Marine Ecology Progress Series Contact the journal Facebook Twitter RSS Mailing List Subscribe to our mailing list via Mailchimp HomeLatest VolumeAbout the JournalEditorsTheme Sections MEPS 626:135-143 (2019) - DOI: https://doi.org/10.3354/meps13060 Infestation biology of Phallusia nigra (Tunicata, Phlebobranchia) on hard corals in a subtropical bay Amir Ghazilou*, Emad Koochaknejad, Hamid Ershadifar, Hossein Negarestan, Kamalodin Kor, Gholamrasoul Baskaleh Iranian National Institute for Oceanography and Atmospheric Science, No. 3, Etemadzadeh St., Fatemi Ave., Tehran 1411813389, Iran *Corresponding author: amir.ghazilou@inio.ac.ir ABSTRACT: Ascidians can settle and grow on corals and have become one of the main threats to hard corals in some areas of world, covering and smothering live coral tissues. We studied the biology of infestation of a solitary tunicate, Phallusia nigra Savigny, 1816, on hard corals in Chabahar Bay, a subtropical bay in the northern Gulf of Oman. Infested corals were bleached and eroded at epibiont attachment surfaces. The magnitude of infestation by the tunicate differed between Pocillopora and Acropora coral colonies, with more tunicates inhabiting P",True,NOT_IDENTIFIED,Citation chaining | OpenAlex | Semantic Scholar | Web of Science,OA_CHAIN_G1_FORWARD_CITATION | OA_SED_DEPOSITION_01 | SS_SED_DEPOSITION_01 | WOS_SED_DEPOSITION_01,MECH_FEEDING_MUCUS_CORAL | RESP_THRESHOLD_RECOVERY | SED_DEPOSITION | SED_DEPOSITION,SED_DEPOSITION,WEB_OF_SCIENCE,ORGANISM_ONLY,TITLE_ABSTRACT,EXCLUDE,,,Covidence calibration plus reviewer adjudication,,,Jake,2026-08-17,Covidence NO mapped to EXCLUDE.
CAL-0297,DEVELOPMENT,CWC-A43919B1F0D5,Return to Night Passenger Transport Operations Report - C-NLOER,,2012,Canada-Newfoundland and Labrador Offshore Petroleum Board,monitoring_report,,https://www.cnloer.ca/news/wn20121009,English,"Title: Return to Night Passenger Transport Operations Report - C-NLOER Offshore Operators have submitted a report to the C-NLOPB on the Return to Night Passenger Transport Operations. C-NLOPB website as well. C-NLOPB will take the necessary time to complete a review of the report. Any reference in the News Release Archive to C-NLOPB e-mail addresses may have changed or been updated. | 2012, Nov 2 | C-NLOPB Releases Results for Call for Bids NL12-01 and Call for Bids NL12-02 |. | 2012, Oct 25 | C-NLOPB Announces Chairman and CEO |. | 2012, Oct 23 | C-NLOPB announces details of the public consul",False,NOT_IDENTIFIED,Grey literature,GL_CNLOER_SED_SUSPENDED_01,SED_SUSPENDED,SED_SUSPENDED,GREY_LITERATURE,NEITHER_SIGNAL,TITLE_ABSTRACT,EXCLUDE,,,Covidence calibration plus reviewer adjudication,,,Jake,2026-08-17,Covidence NO mapped to EXCLUDE.
CAL-0298,VALIDATION,CWC-6212345A4807,"The biotic fossils from the Upper Carboniferous Zhouying Formation in the Xichuan district,southwestern Henan",Pei Zhong-chao,2004,,article,,https://en.cnki.com.cn/Article_en/CJFDTOTAL-TTSD200402009.htm,en,"There occur various biotic fossils in the Upper Carboniferous Zhouying Formation in the Xichuan district,southwestern Henan. They are fusulinids,ammonites,corals,brachiopods,bivalves,gastropods,crinoids,bryozoans,foraminifera and plant remains. The fusulinids appear as the Late Carboniferous standard fossils,while the ammonites,corals,brachiopods,bivalves and gastropods are generally characteristic of the Devonian biotic fossils. The integration of lithology,sequences,ecology and sedimentary environments suggests the Late Carboniferous sedimentary strata of the Zhouying Formation. The Late Carboniferous,Middle and Late Devonian biotic assemblages are the characteristic products in the Xichuan district developed in the barried restricted lag basins. The sea water encroachment and deepening and enrichment of organic matter are favourable for the generation and development of the biotas in the Formation. The marine regressions,salification of sea water and lack of food in the relatively enclosed conditions are responsible for the extinction of the biotas and burial and preservation of their fossils.",False,NOT_IDENTIFIED,OpenAlex | Semantic Scholar,OA_SED_DEPOSITION_01 | SS_SED_DEPOSITION_01,SED_DEPOSITION,SED_DEPOSITION,MULTI_SCHOLARLY,ORGANISM_AND_STRESSOR,TITLE_ABSTRACT,EXCLUDE,,,Covidence calibration plus reviewer adjudication,,,Jake,2026-08-17,Covidence NO mapped to EXCLUDE.
CAL-0299,DEVELOPMENT,CWC-65128252A28B,The zinc isotopic composition of siliceous marine sponges: Investigating nature's sediment traps,Katharine Hendry | Morten B. Andersen,2013,Chemical Geology,article,10.1016/j.chemgeo.2013.06.025,https://doi.org/10.1016/j.chemgeo.2013.06.025,en,,False,OPEN_ACCESS_PDF,Citation chaining,OA_CHAIN_G2_FORWARD_CITATION,MECH_FEEDING_PUMPING_SPONGE | RESP_THRESHOLD_RECOVERY | SED_DREDGING | SED_SUSPENDED | SED_TAILINGS,SED_TAILINGS,CITATION_CHAINING,ORGANISM_AND_STRESSOR,TITLE_ONLY,EXCLUDE,,,Covidence calibration plus reviewer adjudication,,,Jake,2026-08-17,Covidence NO mapped to EXCLUDE.
CAL-0300,DEVELOPMENT,CWC-096C6762409B,Cirrhipathes spiralis var. intermedia van Pesch 1910,Piet Arie Johannes Bakker | Kaveh Samimi‐Namin,2026,Open MIND,article,10.5281/zenodo.20614124,http://treatment.plazi.org/id/74CFCD50ABA859339796F8F4B026287D,,"Cirrhipathes spiralis var. intermedia van Pesch, 1910 Cirripathes spiralis var. intermedia van Pesch, 1910: 31. Cirripathes (Eucirripathes) spiralis var. intermedia van Pesch, 1910 – in van Pesch (1914): 168. Syntypes. Indonesia • colonies (preserved in 70 % ethanol); off West Nusa Tenggara; 8.5000°S, 119.1250°E; depth 73 m; sand with fragments of dead coral; dredge; Siboga Expedition 1899–1900; Sta. 310; 2 Feb 1900; ZMA.COEL.7420. Remarks. This name was introduced as a variety by van Pesch (1910). Under ICZN Article 45.6. 4, such names may be deemed subspecific depending on the author’s intent and context. No change in rank or nomenclatural action is proposed here.",False,OPEN_ACCESS_LANDING_PAGE,OpenAlex,OA_SED_DREDGING_01,SED_DREDGING,SED_DREDGING,OPENALEX,ORGANISM_ONLY,TITLE_ABSTRACT,EXCLUDE,,,Covidence calibration plus reviewer adjudication,,,Jake,2026-08-17,Covidence NO mapped to EXCLUDE.
CAL-0301,DEVELOPMENT,CWC-420194E9153A,"Cobbles colonization pattern from a tsunami-affected coastal area (SW Thailand, Andaman Sea)","Sanfilippo, R | Rosso, A | Basso, D | Violanti, D | Di Geronimo, I | Di Geronimo, R | Benzoni, F | Robba, E",2011,FACIES,JOUR,10.1007/s10347-010-0226-0,https://doi.org/10.1007/s10347-010-0226-0,English,"We studied the sclerobiont community associated with organogenic and lithic cobbles from soft bottoms in the Khao Lak coastal area (Andaman Sea) that was damaged by the 2004 tsunami. The 15 cobbles examined originate from grab and hand sampling carried out in the years 2006 and 2007 in the depth range of 4.6-15.2 m. A rich endo- and epibenthos was identified, mainly consisting of algae, foraminifers, sponges, cnidarians, polychaetes, bryozoans and bivalves. Associations on each examined cobble show similarities in composition and structure being characterized by a few dominant groups. Differences were noted in the degree and pattern of colonization, distinguishing for each cobble an upward and a downward side at the time of sampling. The mean total coverage is 15.09% being higher on the upper sides (17.4%) compared to the lower sides (12.8%). Calcareous algae, bivalves and sponges prevail on upper sides, while bryozoans prevail on lower sides. The sclerobionts distribution allowed to infer the orientation of cobbles on the seafloor during colonization. Major colonization values, exceeding 30% coverage, were observed on organogenic cobbles located in the proximity of reefs or collec",True,NOT_IDENTIFIED,Web of Science,WOS_SED_SUSPENDED_01,SED_SUSPENDED,SED_SUSPENDED,WEB_OF_SCIENCE,ORGANISM_AND_STRESSOR,TITLE_ABSTRACT,EXCLUDE,,,Covidence calibration plus reviewer adjudication,,,Jake,2026-08-17,Covidence NO mapped to EXCLUDE.
CAL-0302,DEVELOPMENT,CWC-5CE676C0712F,Electrically Stimulated Corals in Indonesia Reef Restoration Projects Show Greatly Accelerated Growth Rates,Thomas J. Goreau | Robert Kent Trench,2012,,book-chapter,10.1201/b14314-10,https://doi.org/10.1201/b14314-10,en,Introduction ��������������������������������������������������������������������������������������������������������������������������������������48 Methods �������������������������������������������������������������������������������������������������������������������������������������������48 Study Sites �����������������������������������������������������������������������������������������������������������������������������������48 Barrang Lompo Island ����������������������������������������������������������������������������������������������������������� 49 Samalona Island ��������������������������������������������������������������������������������������������������������������������� 49 Pemuteran Village ������������������������������������������������������������������������������������������������������������������ 49 Gili Trawangan ����������������������������������������������������������������������������������������������������������������������� 49 Materials ������������������������������������������������������������������������������������������������������������������������������������������ 49 Results ���������������������������������������������������,True,NOT_IDENTIFIED,OpenAlex,OA_RESP_THRESHOLD_RECOVERY_01 | OA_SED_SUSPENDED_01,RESP_THRESHOLD_RECOVERY | SED_SUSPENDED,RESP_THRESHOLD_RECOVERY,OPENALEX,ORGANISM_AND_STRESSOR,TITLE_ABSTRACT,EXCLUDE,,,Covidence calibration plus reviewer adjudication,,,Jake,2026-08-17,Covidence NO mapped to EXCLUDE.
CAL-0303,DEVELOPMENT,CWC-E3588A908B2B,Graphical abstracts and highlights,M. Plum,2022,Allergy. European Journal of Allergy and Clinical Immunology,JournalArticle,10.1111/all.15599,https://www.semanticscholar.org/paper/d739e13dd55cc0fa6a37faece68097e6e8c6fd14,,"Graphical abstracts and highlights STRUC TUR AL AND FUNC TIONAL ANALYSES OF ANTIBODIES SPECIFIC FOR MODIFIED CORE NGLYC ANS SUGGEST A ROLE IN TH2 RESPONSES P. 121 Melanie PluM, luna Tjerrild, TiM raiber, Frank banTleon, Sara banTleon, Michaela Miehe, Frederic jabS, henning SeiSMann, chriSTian MöbS, WolFgang PFüTzner, Thilo jakob, gregerS r. anderSen, edzard SPillner • Monoclonal antibody fragments with specificity for CCD structure were generated. • Derived CCDspecific IgE detect CCDcarrying allergens and are capable of mediating effector cell activation and facilitated allergen binding. • A Fab in complex with an epitope surrogate provides direct insights into the binding mode of CCDs. Abbreviations: CCD, crossreactive carbohydrate determinant; Fab, fragment antigen binding; HRP, horseradish peroxidase; MUXF, the Nglycan from bromelain. DIFFERENT A SPEC TS OF SE VERE A STHMA IN RE AL LIFE: ROLE OF S TAPHYLOCOCCUS AUREUS ENTEROTOXINS AND CORREL ATION TO COMORBIDITIES AND DISE A SE SE VERIT Y P. 131 criSTiano caruSo, STeFania colanTuono, gabriele ciaSca, uMberTo baSile, riccardo di SanTo, diego bagnaSco, giovanni PaSSalacqua, Marco caMinaTi, SchiaPPoli Michele, gianenrico Senna, enr",True,OPEN_ACCESS_PDF,Semantic Scholar,SS_SED_SUSPENDED_01,SED_SUSPENDED,SED_SUSPENDED,SEMANTIC_SCHOLAR,ORGANISM_ONLY,TITLE_ABSTRACT,EXCLUDE,,,Covidence calibration plus reviewer adjudication,,,Jake,2026-08-17,Covidence NO mapped to EXCLUDE.
CAL-0304,DEVELOPMENT,CWC-261261632FA8,Mechanics of Fluids,B. S. Massey | John Ward-Smith,1989,,book,10.1007/978-1-4615-7408-8,https://doi.org/10.1007/978-1-4615-7408-8,en,,False,OPEN_ACCESS_LANDING_PAGE,Citation chaining,OA_CHAIN_G2_BACKWARD_REFERENCE,MECH_FEEDING_PUMPING_SPONGE | RESP_THRESHOLD_RECOVERY | SED_DEPOSITION | SED_DREDGING | SED_SUSPENDED,SED_DEPOSITION,CITATION_CHAINING,NEITHER_SIGNAL,TITLE_ONLY,EXCLUDE,,,Covidence calibration plus reviewer adjudication,,,Jake,2026-08-17,Covidence NO mapped to EXCLUDE.
CAL-0305,VALIDATION,CWC-3CCD25EE1BBD,Calls for Proposals | The Environmental Studies Research Fund,,,Environmental Studies Research Fund,other,,https://www.esrfunds.org/calls-proposals,English,"Title: Calls for Proposals | The Environmental Studies Research Fund **Call for Full Project Proposals** – Desktop Study on Drill Cuttings Dispersion Models and Corals and Sponges in the Canada-Newfoundland and Labrador Offshore Area. Cold-water corals and sponges play an important ecological role in deep-sea environments such as those in the Canada-Newfoundland and Labrador (NL) offshore area. As such, before drilling activities can occur in the Canada-NL offshore area, regulatory authorities require that operators assess the presence of coral and sponge communities and estimate the extent of",False,NOT_IDENTIFIED,Grey literature,GL_ESRF_MECH_FEEDING_MUCUS_CORAL_01 | GL_ESRF_MECH_FEEDING_PUMPING_SPONGE_01 | GL_ESRF_RESP_THRESHOLD_RECOVERY_01 | GL_ESRF_SED_DRILLING_01,MECH_FEEDING_MUCUS_CORAL | MECH_FEEDING_PUMPING_SPONGE | RESP_THRESHOLD_RECOVERY | SED_DRILLING,MECH_FEEDING_PUMPING_SPONGE,GREY_LITERATURE,ORGANISM_AND_STRESSOR,TITLE_ABSTRACT,EXCLUDE,,,Covidence calibration plus reviewer adjudication,,,Jake,2026-08-17,Covidence NO mapped to EXCLUDE.
CAL-0306,VALIDATION,CWC-F395C1C6DE5E,"Abstract: Modern Water Chemistry and Benthic Foraminiferal Abundance in Lago Enriquillo, Dominican Republic",David G. Buck,2003,,conference-abstract,,https://archives.datapages.com/data/gcags/data/053/053001/pdfs/0108.pdf,en,"ABSTRACT Lago Enriquillo, Dominican Republic (N 18°30' latitude, W 71°40' longitude), is the largest lake in the Antilles with a surface area of 200 km2 (Fig. 1). The north basin has a maximum depth of 22.5 m and the south basin has a maximum depth of 9.0 m. The lake is part of the Neiba/Cul-de-Sac Valley, which stretches from the Bahia de Neiba in the Dominican Republic to Port-au-Prince, Haiti. During the early to mid-Holocene, a portion of the Neiba Valley, including Lago Enriquillo, was connected with the Caribbean Sea. Marine conditions persisted long enough and maintained adequate circulation for fringing coral reefs to develop. A shift from marine to brackish conditions occurred in the late Holocene and is thought to have occurred when Lago Enriquillo became separated hydrologically from the Caribbean as a result of fluvial damming and possible tectonic uplift (Mann et al., 1984; Taylor et al., 1985). Currently, Lago Enriquillo is 41.5 m below sea level (BSL) and is hypersaline with historic salinities ranging from 50-100 ppt. Salinity in Lago Enriquillo is determined largely by variations in watershed hydrology and the evaporation/precipitation ratio (E/P) in the basin. Rec",True,NOT_IDENTIFIED,OpenAlex,OA_SED_DREDGING_01,SED_DREDGING,SED_DREDGING,OPENALEX,ORGANISM_AND_STRESSOR,TITLE_ABSTRACT,EXCLUDE,,,Covidence calibration plus reviewer adjudication,,,Jake,2026-08-17,Covidence NO mapped to EXCLUDE.
CAL-0307,DEVELOPMENT,CWC-FCA1579E5E0E,"Changes in Epiphytic Bacterial Communities of Intertidal Seaweeds Modulated by Host, Temporality, and Copper Enrichment",Martha Hengst | Santiago Andrade | Bernardo González | Juan A. Correa,2010,Microbial Ecology,article,10.1007/s00248-010-9647-0,https://doi.org/10.1007/s00248-010-9647-0,en,"This study reports on the factors involved in regulating the composition and structure of bacterial communities epiphytic on intertidal macroalgae, exploring their temporal variability and the role of copper pollution. Culture-independent, molecular approaches were chosen for this purpose and three host species were used as models: the ephemeral Ulva spp. (Chlorophyceae) and Scytosiphon lomentaria (Phaeophyceae) and the long-living Lessonia nigrescens (Phaeophyceae). The algae were collected from two coastal areas in Northern Chile, where the main contrast was the concentration of copper in the seawater column resulting from copper-mine waste disposals. We found a clear and strong effect in the structure of the bacterial communities associated with the algal species serving as host. The structure of the bacterial communities also varied through time. The effect of copper on the structure of the epiphytic bacterial communities was significant in Ulva spp., but not on L. nigrescens. The use of 16S rRNA gene library analysis to compare bacterial communities in Ulva revealed that they were composed of five phyla and six classes, with approximately 35 bacterial species, dominated by mem",True,NOT_IDENTIFIED,Citation chaining | Web of Science,OA_CHAIN_G2_FORWARD_CITATION | WOS_SED_TAILINGS_01,MECH_FEEDING_MUCUS_CORAL | MECH_FEEDING_PUMPING_SPONGE | RESP_THRESHOLD_RECOVERY | SED_DEPOSITION | SED_SUSPENDED | SED_TAILINGS,MECH_FEEDING_PUMPING_SPONGE,WEB_OF_SCIENCE,NEITHER_SIGNAL,TITLE_ABSTRACT,EXCLUDE,,,Covidence calibration plus reviewer adjudication,,,Jake,2026-08-17,Covidence NO mapped to EXCLUDE.
CAL-0308,DEVELOPMENT,CWC-8FBC8997DF99,Assessing the Effects of Sediment Discharge on the Cape Tribulation Fringing Coral Reefs,Wendy Craik | Ian Dutton,1987,Coastal Management,article,10.1080/08920758709362029,https://doi.org/10.1080/08920758709362029,en,"In 1984, a new road was constructed through the coastal rainforest north of Cape Tribulation in North Queensland. Strong concerns were expressed at the time about the potential effects of runoff from the road on the adjacent fringing reefs which are among the most extensive of their type in Australian waters. Because these reefs lie within the Cairns Section of the Great Barrier Reef Marine Park there was considerable impetus for the Great Barrier Reef Marine Park Act to be invoked in order to protect the reefs. The Great Barrier Reef Marine Park Authority responded by developing a comprehensive research and monitoring program to determine what effect (if any) runoff from a new unsealed road through the coastal rain forest between Cape Tribulation and Bloomfield in North Queensland, Australia, has had, or is having on the adjacent fringing coral reefs. This paper describes the complex biophysical and management settings in which the program has been introduced, the program objectives and content, and its importance to management of the Great Barrier Reef Marine Park. The approach used and the resultant program are also critically reviewed in terms of their potential application to ",True,NOT_IDENTIFIED,Citation chaining,OA_CHAIN_G1_BACKWARD_REFERENCE | OA_CHAIN_G1_FORWARD_CITATION | OA_CHAIN_G2_BACKWARD_REFERENCE | OA_CHAIN_G2_FORWARD_CITATION | OA_CHAIN_G2_RELATED_WORK,MECH_FEEDING_MUCUS_CORAL | RESP_THRESHOLD_RECOVERY | SED_DEPOSITION | SED_DREDGING | SED_DRILLING | SED_SUSPENDED,SED_DRILLING,CITATION_CHAINING,ORGANISM_AND_STRESSOR,TITLE_ABSTRACT,EXCLUDE,,,Covidence calibration plus reviewer adjudication,,,Jake,2026-08-17,Covidence NO mapped to EXCLUDE.
CAL-0309,VALIDATION,CWC-3679BF4FC42B,Suspension-Feeding Benthic Species’ Physiological and Microbiome Response to Salmon Farming and Associated Environmental Changes,Olivier Laroche | Sonnich Meier | Svein A. Mjøs | Nigel Keeley,2022,Frontiers in Marine Science,article,10.3389/fmars.2022.841806,https://doi.org/10.3389/fmars.2022.841806,en,"Caged salmon farming is increasingly undertaken in water bodies with strong hydrodynamics where hard and mixed substrate habitats are more prevalent. Yet, these structurally complex and heterogeneous habitats support diverse benthic communities including several cnidarians and sponges that remain poorly characterized. This study used a combination of respirometry measurements, gas chromatography and 16S rRNA metabarcoding to define the respiration rate, stable carbon (delta C-13) and nitrogen isotopes (delta N-15), fatty acid (FA) and microbial profiles, and assess the impact of salmon farming on four important epibenthic suspension-feeders along the western Norwegian coast: the sponges Craniella and Weberella, the soft coral Duva florida and the anemone Hormathia digitata. Our results showed striking differences in fatty acid profiles and host microbiome communities in terms of identity, functional capabilities and genetic properties across the suspension-feeders. We found evidence of increased mortality rate in specimens located near fish farm activities and of a species-specific effect on respiration rate, with D. florida showing increased activity under the farm. Effects of fis",True,OPEN_ACCESS_LANDING_PAGE,Citation chaining | Web of Science,OA_CHAIN_G1_FORWARD_CITATION | OA_CHAIN_G2_FORWARD_CITATION | WOS_MECH_FEEDING_MUCUS_CORAL_01,MECH_FEEDING_MUCUS_CORAL | MECH_FEEDING_MUCUS_CORAL | MECH_FEEDING_PUMPING_SPONGE | RESP_THRESHOLD_RECOVERY | SED_DEPOSITION | SED_DREDGING | SED_DRILLING | SED_SUSPENDED | SED_TAILINGS,SED_DEPOSITION,WEB_OF_SCIENCE,ORGANISM_ONLY,TITLE_ABSTRACT,EXCLUDE,,,Covidence calibration plus reviewer adjudication,,,Jake,2026-08-17,Covidence NO mapped to EXCLUDE.
CAL-0310,DEVELOPMENT,CWC-1DF512105A31,"Effects of temperature, nutrients, organic matter and coral mucus on the survival of the coral pathogen, <i>Serratia marcescens</i> PDL100",Erin E. Looney | Kathryn Patterson Sutherland | Erin K. Lipp,2010,Environmental Microbiology,article,10.1111/j.1462-2920.2010.02221.x,https://doi.org/10.1111/j.1462-2920.2010.02221.x,en,"Serratia marcescens is an enteric bacterium that causes white pox disease in elkhorn coral, Acropora palmata; however, it remains unclear if the pathogenic strain has adapted to seawater or if it requires a host or reservoir for survival. To begin to address this fundamental issue, the persistence of strain PDL100 was compared among seawater and coral mucus microcosms. Median survival time across all conditions ranged from a low of 15 h in natural seawater [with a first-order decay constant (k) = -0.173] at 30°C to a maximum of 120 h in glucose-amended A. palmata mucus (k = -0.029) at 30°C. Among seawater and mucus microcosms, median survival time was significantly greater within Siderastrea siderea mucus compared with seawater or mucus of Montastraea faveolata or A. palmata (P < 0.0001). In seawater, the addition of phosphate and especially glucose resulted in significant improvements in survival (P < 0.001), while only the addition of glucose resulted in significant improvement in survival in A. palmata mucus (P < 0.0001). Increasing the temperature of seawater to 35°C resulted in a significantly slower decay than that observed at 30°C (P < 0.0001). The results of this study indi",True,NOT_IDENTIFIED,Citation chaining,OA_CHAIN_G1_FORWARD_CITATION | OA_CHAIN_G2_FORWARD_CITATION | OA_CHAIN_G2_RELATED_WORK,MECH_FEEDING_MUCUS_CORAL | MECH_FEEDING_PUMPING_SPONGE | RESP_THRESHOLD_RECOVERY | SED_DEPOSITION | SED_SUSPENDED,MECH_FEEDING_PUMPING_SPONGE,CITATION_CHAINING,ORGANISM_ONLY,TITLE_ABSTRACT,EXCLUDE,,,Covidence calibration plus reviewer adjudication,,,Jake,2026-08-17,Covidence NO mapped to EXCLUDE.
CAL-0311,DEVELOPMENT,CWC-A3E2075B2199,"Chemical evaluation of sand material sources for beach replenishment along the coast of the Gulf of Aqaba, Red Sea",Mohammed Rasheed | Entisar El-Hihi | Saber Al-Rousan | Ahmad H. Abu-Hilal,2009,Chemistry and Ecology,article,10.1080/02757540903192033,https://doi.org/10.1080/02757540903192033,en,"Four potential borrow sites (sources of sand) for beach nourishment were selected at the Aqaba terraces and dredged offshore sand along the Jordanian coast of the Gulf of Aqaba, and at Al-Humaimah and Wadi Rum sand dunes north and northeast of Aqaba town. An elution test has been performed on the sand materials of these potential borrow sites to determine the levels of dissolved inorganic phosphorus and dissolved inorganic nitrogen that might be leached from the sand particles when they come into contact with seawater, and examine their suitability for beach replenishment works. The levels of total phosphorus, total nitrogen, organic matter and selected heavy metals were also measured in the sand materials after the elution test and compared with their levels in the same samples before elution and with their levels in the natural beach sand of the study area. The results of the tests show that the concentrations of the measured pollutants are low in the sand materials of the borrow sites, and the amounts of these pollutants that may reach the seawater of the Gulf of Aqaba, if quantities as large as 100,000 tons of the sand materials were used in beach nourishment projects, are very",True,NOT_IDENTIFIED,Citation chaining | Web of Science,OA_CHAIN_G1_FORWARD_CITATION | OA_CHAIN_G2_FORWARD_CITATION | WOS_SED_DREDGING_01,MECH_FEEDING_MUCUS_CORAL | RESP_THRESHOLD_RECOVERY | SED_DEPOSITION | SED_SUSPENDED | SED_DREDGING,SED_DEPOSITION,WEB_OF_SCIENCE,NEITHER_SIGNAL,TITLE_ABSTRACT,EXCLUDE,,,Covidence calibration plus reviewer adjudication,,,Jake,2026-08-17,Covidence NO mapped to EXCLUDE.
CAL-0312,DEVELOPMENT,CWC-C4365A4E8045,Environmental Monitoring Of Three Exploratory Oil And Gas Wells Drilled Near The East Flower Garden Bank In The Gulf Of Mexico,David A. Gettleson | Russel E. Putt | Richard M. Hammer | Chae E. Laird,1981,Offshore Technology Conference,conference-paper,10.4043/4061-ms,https://doi.org/10.4043/4061-ms,en,"The results of two marine environmental monitoring programs associated with the drilling of three exploratory wells near the East Flower Garden Bank on the outer continental shelf of the northwest Gulf of Mexico are described. The purpose of the monitoring programs was to define the spatial distribution of the discharged drilling fluids relative to the Bank and assess the apparent health of the predominant reef-building corals of the East Flower Garden Bank before, during, and after the drilling operations. The monitoring programs demonstrated that detectable quantities of the drilling fluids in the surficial sediments were distributed to a distance exceeding 1000 meters from the near-surface discharged well.",False,NOT_IDENTIFIED,OpenAlex | Semantic Scholar,OA_SED_DRILLING_01 | SS_SED_DRILLING_01,SED_DRILLING,SED_DRILLING,MULTI_SCHOLARLY,ORGANISM_ONLY,TITLE_ABSTRACT,UNCERTAIN,,,Covidence calibration plus reviewer adjudication,,True,Jake,2026-08-17,Covidence MAYBE mapped to UNCERTAIN.
CAL-0313,DEVELOPMENT,CWC-B41E9C64CD43,"The Floating Fleet Platform: Crisis Water Architecture, Self-Healing Ceramic Hull, Telescopic Rock-Anchored Towers, Mobile Metropolitan Water Supply, and a Ceramic Coating Family from Ocean Surface to Orbital Re-entry",Ilir Mehmetaj,2026,Zenodo (CERN European Organization for Nuclear Research),preprint,10.5281/zenodo.20088896,https://doi.org/10.5281/zenodo.20088896,,"Abstract HCTGS v20.0 V2 documents the complete floating HCTGS fleet platform architecture — first introduced as Novel Contribution NC-5 in HCTGS v19.0 Sicilia (DOI: 10.5281/zenodo.20055017) — as a standalone, fully specified system for crisis water production, metropolitan water supply, strategic reserve deployment, and green hydrogen generation at sea. The floating platform operates on a 60/40 submersion ratio derived from six decades of semi-submersible offshore drilling platform engineering. The submerged section (60%) houses the Mg combustion chamber (1,500°C, sealed thermally insulated hull compartment), ORC turbine hall, sequential mineral crystallisation chambers (NaCl → KCl → concentrated Br/Li/Sr/B bittern), BMED chemical production modules, and a dedicated hydrogen electrolysis hall producing green H₂ at $0.80–1.20/kg from ORC electricity surplus — the lowest documented cost for any green hydrogen production pathway. The above-water section (40%) carries telescopic towers (carbon-fibre/Al₂O₃ composite, collapsed 20–30m, deployed 60–100m, 50% lighter than steel), sealed Mg fuel storage, mineral storage tanks, and pharmaceutical processing infrastructure. The scaling archit",True,OPEN_ACCESS_LANDING_PAGE,OpenAlex,OA_SED_DRILLING_01,SED_DRILLING,SED_DRILLING,OPENALEX,ORGANISM_ONLY,TITLE_ABSTRACT,EXCLUDE,,,Covidence calibration plus reviewer adjudication,,,Jake,2026-08-17,Covidence NO mapped to EXCLUDE.
CAL-0314,DEVELOPMENT,CWC-80F2522E8BE3,17 July: New study links dredging to diseased corals | AIMS,,,Australian Institute of Marine Science,other,,https://www.aims.gov.au/information-centre/news-and-stories/17-july-new-study-links-dredging-diseased-corals,English,"# 17 July: New study links dredging to diseased corals. In a world-first study published today, researchers say dredging activity near coral reefs can increase the frequency of diseases affecting corals. “At dredging sites, we found more than twice as much coral disease than at our control sites,” says the lead author of the study, Joe Pollock, a PhD candidate from the ARC Centre of Excellence for Coral Reef Studies (Coral CoE) at James Cook University (JCU) and the Australian Institute of Marine Science (AIMS). “And unfortunately, dredging impacts corals on two fronts: increased turbidity mea",False,NOT_IDENTIFIED,Grey literature,GL_AIMS_RESP_THRESHOLD_RECOVERY_01 | GL_AIMS_SED_SUSPENDED_01,RESP_THRESHOLD_RECOVERY | SED_SUSPENDED,SED_SUSPENDED,GREY_LITERATURE,ORGANISM_AND_STRESSOR,TITLE_ABSTRACT,EXCLUDE,,,Covidence calibration plus reviewer adjudication,,,Jake,2026-08-17,
CAL-0315,DEVELOPMENT,CWC-4223F2A77EE9,"Tube-building polychaete worms smother corals in the Solitary Islands Marine Park, northern NSW, Australia",Stephen Smith | Vicki J Harriot,1998,Coral Reefs,article,10.1007/s003380050136,https://doi.org/10.1007/s003380050136,en,,False,NOT_IDENTIFIED,OpenAlex | Semantic Scholar | Web of Science,OA_SED_DEPOSITION_01 | SS_SED_DEPOSITION_01 | WOS_SED_DEPOSITION_01,SED_DEPOSITION,SED_DEPOSITION,WEB_OF_SCIENCE,ORGANISM_AND_STRESSOR,TITLE_ONLY,EXCLUDE,,,Covidence calibration plus reviewer adjudication,,,Jake,2026-08-17,Covidence NO mapped to EXCLUDE.
CAL-0316,DEVELOPMENT,CWC-E4D440C7F9E9,Birthing outside the system: In pursuit of the best and safest,Melanie Jackson | Virginia Schmied | Hannah Dahlen,2013,Women and Birth,article,10.1016/j.wombi.2013.08.271,https://doi.org/10.1016/j.wombi.2013.08.271,en,,False,NOT_IDENTIFIED,OpenAlex,OA_SED_DEPOSITION_01,SED_DEPOSITION,SED_DEPOSITION,OPENALEX,NEITHER_SIGNAL,TITLE_ONLY,EXCLUDE,,,Covidence calibration plus reviewer adjudication,,,Jake,2026-08-17,Covidence NO mapped to EXCLUDE.
CAL-0317,VALIDATION,CWC-944B51BC8E58,East Rockall Bank MPA | Advisor to Government on Nature Conservation | JNCC,,,Joint Nature Conservation Committee,project_or_program_page,,https://hub.jncc.gov.uk/our-work/east-rockall-bank-mpa,English,"Title: East Rockall Bank MPA | Advisor to Government on Nature Conservation | JNCC Specific information on the conservation objectives relating to this site is provided in the **Conservation Advice section**. The full overview of the range of data used to support site identification, along with information on confidence in feature presence and extent, is available in the East Rockall Bank MPA SAC Selection Assessment Document. References for further supporting scientific literature consulted during the identification of this site can be found in the East Rockall Bank MPA SAC Selection Assessme",False,NOT_IDENTIFIED,Grey literature,GL_JNCC_NERC_SED_DEPOSITION_01 | GL_JNCC_NERC_SED_DRILLING_01 | GL_JNCC_NERC_SED_TAILINGS_01,SED_DEPOSITION | SED_DRILLING | SED_TAILINGS,SED_DEPOSITION,GREY_LITERATURE,NEITHER_SIGNAL,TITLE_ABSTRACT,EXCLUDE,,,Covidence calibration plus reviewer adjudication,,,Jake,2026-08-17,Covidence NO mapped to EXCLUDE.
CAL-0318,VALIDATION,CWC-9CAC69570C36,Induction of mixed-function oxygenase system and antioxidant enzymes in the coral Montastraea faveolata on acute exposure to benzo(a)pyrene,Ruth Ramos | Elia García,2006,Comparative Biochemistry and Physiology Part C Toxicology & Pharmacology,article,10.1016/j.cbpc.2006.11.006,https://doi.org/10.1016/j.cbpc.2006.11.006,en,,False,NOT_IDENTIFIED,Citation chaining,OA_CHAIN_G1_BACKWARD_REFERENCE | OA_CHAIN_G1_FORWARD_CITATION,MECH_FEEDING_MUCUS_CORAL | SED_DEPOSITION | SED_SUSPENDED,SED_DEPOSITION,CITATION_CHAINING,ORGANISM_ONLY,TITLE_ONLY,EXCLUDE,,,Covidence calibration plus reviewer adjudication,,,Jake,2026-08-17,Covidence NO mapped to EXCLUDE.
CAL-0319,DEVELOPMENT,CWC-83477AD7B55E,Contrasting long-term trends of near-coast river turbidity across major catchments draining to the Great Barrier Reef Lagoon,Danlu Guo | Peter B. Hairsine,2025,Marine Pollution Bulletin,article,10.1016/j.marpolbul.2025.118329,https://doi.org/10.1016/j.marpolbul.2025.118329,en,,False,OPEN_ACCESS_LANDING_PAGE,Citation chaining,OA_CHAIN_G1_FORWARD_CITATION,SED_DEPOSITION | SED_SUSPENDED,SED_DEPOSITION,CITATION_CHAINING,STRESSOR_ONLY,TITLE_ONLY,EXCLUDE,,,Covidence calibration plus reviewer adjudication,,,Jake,2026-08-17,Covidence NO mapped to EXCLUDE.
CAL-0320,DEVELOPMENT,CWC-E701808C44E7,Algorithms for the computation of fundamental properties of seawater.,N. P. Fofonoff | Robert C. Millard,2021,Open Access Server of the Woods Hole Scientific Community (Woods Hole Scientific Community),report,10.25607/obp-1450,https://hdl.handle.net/1912/2470,en,,False,OPEN_ACCESS_PDF,Citation chaining,OA_CHAIN_G2_BACKWARD_REFERENCE,MECH_FEEDING_MUCUS_CORAL | SED_SUSPENDED,SED_SUSPENDED,CITATION_CHAINING,NEITHER_SIGNAL,TITLE_ONLY,EXCLUDE,,,Covidence calibration plus reviewer adjudication,,,Jake,2026-08-17,Covidence NO mapped to EXCLUDE.
CAL-0321,DEVELOPMENT,CWC-9F875F8D5CD9,"Freshwater Mussel Sensitivity to Polyacrylamide, Sediment, and Turbidity.",Sean B. Buczek,2015,NCSU Libraries Repository (North Carolina State University Libraries),article,,http://www.lib.ncsu.edu/resolver/1840.16/10915,en,,False,OPEN_ACCESS_PDF,Citation chaining,OA_CHAIN_G1_RELATED_WORK,MECH_FEEDING_MUCUS_CORAL | RESP_THRESHOLD_RECOVERY | SED_DEPOSITION | SED_DREDGING | SED_SUSPENDED,MECH_FEEDING_MUCUS_CORAL,CITATION_CHAINING,STRESSOR_ONLY,TITLE_ONLY,EXCLUDE,,,Covidence calibration plus reviewer adjudication,,,Jake,2026-08-17,Covidence NO mapped to EXCLUDE.
CAL-0322,DEVELOPMENT,CWC-716737AC0219,Effects of Dredging on Nitrogen and Phosphorus Storage Pat-Terns and Retention Mechanisms in Column Core Sediments in the Caohai Region of Dianchi Lake,Mingyan Liu | Yan Yang | Zhi Shao | Yaping Liu | Ziqi Wang | Zhengqing Chen | Mingang Chen | Lixin Jiao | Di Song | Jingyu Li | Jing Wang,2024,Preprints.org,preprint,10.20944/preprints202401.0659.v1,https://doi.org/10.20944/preprints202401.0659.v1,en,,False,OPEN_ACCESS_PDF,Citation chaining,OA_CHAIN_G1_FORWARD_CITATION,MECH_FEEDING_MUCUS_CORAL | RESP_THRESHOLD_RECOVERY | SED_DEPOSITION | SED_DREDGING | SED_SUSPENDED,SED_DREDGING,CITATION_CHAINING,NEITHER_SIGNAL,TITLE_ONLY,EXCLUDE,,,Covidence calibration plus reviewer adjudication,,,Jake,2026-08-17,Covidence NO mapped to EXCLUDE.
CAL-0323,DEVELOPMENT,CWC-C60419A3A646,Sediment Can Make Glass Sponge Reefs Cough and Choke | CPAWS-BC,,,CPAWS-BC,other,,https://cpawsbc.org/sediment-can-make-glass-sponge-reefs-cough-and-choke,English,"Title: Sediment Can Make Glass Sponge Reefs Cough and Choke | CPAWS-BC Home » Sediment Can Make Glass Sponge Reefs Cough and Choke. # Sediment Can Make Glass Sponge Reefs Cough and Choke. Graduate student Nathan Grant, sponge expert Dr. Sally Leys, and others from the University of Alberta have conducted the first investigations on how reef-forming glass sponges respond to sediment in natural conditions. Since their discovery in 1987, glass sponge reefs have been thought of as the delicate treasure of BC’s coast. Glass sponge reefs were thought to have gone extinct 40 million years ago, and th",False,LIKELY_FULL_DOCUMENT_URL,Grey literature,GL_BROAD_RESP_THRESHOLD_RECOVERY_01,RESP_THRESHOLD_RECOVERY,RESP_THRESHOLD_RECOVERY,GREY_LITERATURE,ORGANISM_AND_STRESSOR,TITLE_ABSTRACT,EXCLUDE,,,Covidence calibration plus reviewer adjudication,,,Jake,2026-08-17,
CAL-0324,DEVELOPMENT,CWC-96A8F7CF8192,Decadal changes in turbid-water coral communities at Pandora Reef: loss of resilience or too soon to tell?,Terry Done | Emre Turak | Mary Wakeford | Lyndon DeVantier | A.D. McDonald | D. Fisk,2007,Coral Reefs,article,10.1007/s00338-007-0265-3,https://doi.org/10.1007/s00338-007-0265-3,en,,False,NOT_IDENTIFIED,Citation chaining | OpenAlex | Semantic Scholar,OA_CHAIN_G1_BACKWARD_REFERENCE | OA_CHAIN_G1_FORWARD_CITATION | OA_CHAIN_G2_BACKWARD_REFERENCE | OA_CHAIN_G2_FORWARD_CITATION | OA_RESP_THRESHOLD_RECOVERY_01 | OA_SED_SUSPENDED_01 | SS_RESP_THRESHOLD_RECOVERY_01 | SS_SED_SUSPENDED_01,MECH_FEEDING_MUCUS_CORAL | RESP_THRESHOLD_RECOVERY | SED_DEPOSITION | SED_DREDGING | SED_SUSPENDED | SED_TAILINGS | RESP_THRESHOLD_RECOVERY | SED_SUSPENDED,SED_DEPOSITION,CITATION_CHAINING,ORGANISM_AND_STRESSOR,TITLE_ONLY,EXCLUDE,,,Covidence calibration plus reviewer adjudication,,,Jake,2026-08-17,Covidence NO mapped to EXCLUDE.
CAL-0325,DEVELOPMENT,CWC-557A6C99E894,"Carbonate landforms of Rameswaram Island, Tamil Nadu coast, India: a review",Anurupa Paul | Ashis Kumar Paul | Ashis Kumar Paul | Ashis Kumar Paul | Joydeb Sardar,2023,Arabian Journal of Geosciences,article,10.1007/s12517-023-11222-6,https://doi.org/10.1007/s12517-023-11222-6,en,,False,NOT_IDENTIFIED,OpenAlex | Semantic Scholar,OA_SED_DEPOSITION_01 | SS_SED_DEPOSITION_01,SED_DEPOSITION,SED_DEPOSITION,MULTI_SCHOLARLY,NEITHER_SIGNAL,TITLE_ONLY,EXCLUDE,,,Covidence calibration plus reviewer adjudication,,,Jake,2026-08-17,Covidence NO mapped to EXCLUDE.
CAL-0326,DEVELOPMENT,CWC-0F10179A7FA2,CORAL REEFS QUANTITATIVELY ASSESSMENT ALONG THE EGYPTIAN RED SEA COAST,Tarek A. Mohammed,2012,Thalassas An International Journal of Marine Sciences,article,,https://thalassas.webs.uvigo.es/Thalassas%2028(2)/Art.%202%2028(2).pdf,en,,False,NOT_IDENTIFIED,Citation chaining,OA_CHAIN_G1_FORWARD_CITATION,RESP_THRESHOLD_RECOVERY | SED_DEPOSITION | SED_SUSPENDED,SED_DEPOSITION,CITATION_CHAINING,ORGANISM_ONLY,TITLE_ONLY,EXCLUDE,,,Covidence calibration plus reviewer adjudication,,,Jake,2026-08-17,Covidence NO mapped to EXCLUDE.
CAL-0327,DEVELOPMENT,CWC-15C5273015DB,Sponge bioerosion and habitat degradation on Indonesian coral reefs,Joseph Marlow,2017,,dissertation,10.26686/wgtn.17065337,https://doi.org/10.26686/wgtn.17065337,en,"&lt;p&gt;Coral reefs are among the most diverse ecosystems on the planet, yet they are also sensitive to anthropogenic disturbances that can degrade these systems. On many degraded reefs, large increases in bioeroding sponge abundance have occurred. On healthy reefs these sponges contribute to species diversity and habitat complexity, however there is growing concern that their proliferation on degraded reefs could lead to a state of net-erosion. In the Southeast Asian Indo-Pacific, the ecology of bioeroding sponges in relation to coral degradation has been poorly studied compared to other coral reef regions. This thesis aims to increase our understanding of the ecology of these sponges in the Wakatobi region of Indonesia, and their likely trajectory if reefs continue to degrade in the region. My first research chapter aimed to identify the common bioeroding sponge species of the Wakatobi. This was achieved through in-water surveys, and subsequent spicule and phylogenetic analysis. This resulted in the identification of eight commonly occurring Wakatobi bioeroding sponge species, two of which are described for the first time. The assemblage composition was distinctly different from",True,OPEN_ACCESS_PDF,Citation chaining | OpenAlex | Semantic Scholar,OA_CHAIN_G1_FORWARD_CITATION | OA_CHAIN_G2_FORWARD_CITATION | OA_RESP_THRESHOLD_RECOVERY_01 | OA_SED_SUSPENDED_01 | SS_RESP_THRESHOLD_RECOVERY_01 | SS_SED_SUSPENDED_01,MECH_FEEDING_MUCUS_CORAL | MECH_FEEDING_PUMPING_SPONGE | RESP_THRESHOLD_RECOVERY | SED_DEPOSITION | SED_DREDGING | SED_DRILLING | SED_SUSPENDED | SED_TAILINGS | RESP_THRESHOLD_RECOVERY | SED_SUSPENDED,MECH_FEEDING_PUMPING_SPONGE,CITATION_CHAINING,ORGANISM_AND_STRESSOR,TITLE_ABSTRACT,EXCLUDE,,,Covidence calibration plus reviewer adjudication,,,Jake,2026-08-17,Covidence NO mapped to EXCLUDE.
CAL-0328,VALIDATION,CWC-0836C6888D99,"Marine biodiversity at the SEAFDEC/AQD research stations in Iloilo and Guimaras, Philippines",Teodora Bagarinao,2015,SEAFDEC/AQD Repository (Southeast Asian Fisheries Development Center),conference-paper,,http://hdl.handle.net/10862/2782,en,"Species inventories were recently made in and around the research stations of the SEAFDEC Aquaculture Department to facilitate subsequent monitoring. AQD s Tigbauan Main Station (TMS, since 1973) faces the deep open waters of the Panay Gulf and Sulu Sea and is flanked by densely populated fishing villages operating nearshore fish corrals, gillnets, longlines, and beach seines. In 2013 2014, sampling at the sand-gravel intertidal and monitoring of the catch of the various gears showed at least 579 species from 213 families, including 252 species of fishes, 228 mollusks, 48 crustaceans, 12 cnidarians, 9 echinoderms, 16 seaweeds, sea turtles, and sea snakes inhabiting the nearshore areas off TMS. Any adverse effect of the TMS hatcheries and laboratories is difficult to discern on top of the continuous intense fishing and habitat disturbance. AQD s Igang Marine Station (IMS, since 1980) is in a cove under the rocky cliffs of southern Guimaras, behind several islands facing the Panay Gulf and Sulu Sea. IMS includes 40 ha of seagrass beds and sandflats around five rocky islets and two 6 12 m deep basins where broodstock and growout cages are moored. IMS is flanked by many fish corrals op",True,OPEN_ACCESS_LANDING_PAGE,OpenAlex | Semantic Scholar,OA_SED_TAILINGS_01 | SS_SED_TAILINGS_01,SED_TAILINGS,SED_TAILINGS,MULTI_SCHOLARLY,NEITHER_SIGNAL,TITLE_ABSTRACT,EXCLUDE,,,Covidence calibration plus reviewer adjudication,,,Jake,2026-08-17,Covidence NO mapped to EXCLUDE.
CAL-0329,VALIDATION,CWC-971D443BDC0B,Introduction,A. Verhage; L. Bisschop; Wim Hardyns,2012,European Journal of Policing Studies,Review,10.5553/ejps/2034760x2014001004001,https://www.semanticscholar.org/paper/537641cba6dca199596e8375678b0c71d7288e0d,,"The ninth volume of the Annual Review of Marine Science brings its readership outstanding and fascinating reviews from leading experts across the numerous subdisciplines of marine science. In each volume, we strive to have a mix of focused disciplinary reviews together with reviews that analyze broader interdisciplinary topics. We endeavor to introduce each volume with an autobiographical piece that presents a personal perspective from a leader in marine science. This year, physical oceanographer Paola MalanotteRizzoli describes the paths and influences that shaped her career. She highlights how one geographical location, Venice, presented scientific challenges that were an enduring inspiration. The journal continues to be an outlet for reviews on the effects of climate change on ocean processes and ecosystems. This volume includes an article on paleoceanographic evidence linking the Atlantic meridional overturning circulation to abrupt climate change over the last glacial cycle, as well as articles that describe the role of climate variability in anchovy and sardine fisheries and the impacts of stressors on coral reef systems. In ocean physics, this volume presents a comprehensive",True,NOT_IDENTIFIED,Semantic Scholar,SS_MECH_FEEDING_MUCUS_CORAL_01,MECH_FEEDING_MUCUS_CORAL,MECH_FEEDING_MUCUS_CORAL,SEMANTIC_SCHOLAR,ORGANISM_ONLY,TITLE_ABSTRACT,EXCLUDE,,,Covidence calibration plus reviewer adjudication,,,Jake,2026-08-17,Covidence NO mapped to EXCLUDE.
CAL-0330,VALIDATION,CWC-3E5B92AD95AB,"Coral reef development under naturally turbid conditions: fringing reefs near Broad Sound, Australia",Joan A. Kleypas,1996,Coral Reefs,article,10.1007/s003380050037,https://doi.org/10.1007/s003380050037,en,,False,NOT_IDENTIFIED,OpenAlex,OA_SED_DREDGING_01 | OA_SED_SUSPENDED_01,SED_DREDGING | SED_SUSPENDED,SED_SUSPENDED,OPENALEX,ORGANISM_AND_STRESSOR,TITLE_ONLY,EXCLUDE,,,Covidence calibration plus reviewer adjudication,,,Jake,2026-08-17,Covidence NO mapped to EXCLUDE.
CAL-0331,DEVELOPMENT,CWC-86B58B2B87B9,A scientific framework for evaluating coral reef resilience to climate change,Hannah C. Barkley,2016,,book,10.1575/1912/8427,https://doi.org/10.1575/1912/8427,en,,False,OPEN_ACCESS_PDF,Citation chaining,OA_CHAIN_G1_FORWARD_CITATION,SED_SUSPENDED,SED_SUSPENDED,CITATION_CHAINING,ORGANISM_ONLY,TITLE_ONLY,EXCLUDE,,,Covidence calibration plus reviewer adjudication,,,Jake,2026-08-17,Covidence NO mapped to EXCLUDE.
CAL-0332,VALIDATION,CWC-CE543A0FFCC1,Sediment-Related Controls on the Health of the Great Barrier Reef,P. Hairsine,2017,,Review,,https://www.semanticscholar.org/paper/b06d137b9b4e3dc186ff0b99f33881788febe741,,,False,NOT_IDENTIFIED,Semantic Scholar,SS_RESP_THRESHOLD_RECOVERY_01 | SS_SED_DEPOSITION_01,RESP_THRESHOLD_RECOVERY | SED_DEPOSITION,RESP_THRESHOLD_RECOVERY,SEMANTIC_SCHOLAR,STRESSOR_ONLY,TITLE_ONLY,EXCLUDE,,,Covidence calibration plus reviewer adjudication,,,Jake,2026-08-17,Covidence NO mapped to EXCLUDE.
CAL-0333,VALIDATION,CWC-B5AE23CF2FEF,Evaluation of contribution of shellfish culture to ocean carbon cycle in China,LI Hai-ya,2014,Haiyang kexue,article,,https://en.cnki.com.cn/Article_en/CJFDTOTAL-HYKX201405006.htm,en,"The excessive emission of greenhouse gases results in global warming, and CO2 contributes to this process by about 60%. Shellfish culture has effect of carbon deposition which was calculated and evaluated by the 10 year average yield of fishing shellfish and culturing shellfish production from 2001 year to 2010 year based on China Fishery Statistics Yearbook. The unit area carbon deposition capacity of oyster, clam, scallop and mussel was calculated and compared with the carbon deposition capacity of forests and coral reefs. Analysis shows that the total yield of shellfish is stable and more than 110 million tons with an increasing trend and the mariculture shellfish is account for about 87.34%. The total carbon deposition of shellfish aquaculture and capture and the amount of carbon deposition of the mariculture shellfish are approximately 585.7 and 511.5 thousand tons per year, respectively, which are equivalent to about 1222.8 and 1067.8 thousand hectares afforestation for carbon deposition and can reduce the increasing amount of CO2 in the atmosphere by approximately 0.0125 % and 0.0109 % respectively. Carbon deposition rates of oyster, clam, scallop and mussel are 1.573, 0.388",True,NOT_IDENTIFIED,OpenAlex | Semantic Scholar,OA_SED_DEPOSITION_01 | SS_SED_DEPOSITION_01,SED_DEPOSITION,SED_DEPOSITION,MULTI_SCHOLARLY,ORGANISM_ONLY,TITLE_ABSTRACT,EXCLUDE,,,Covidence calibration plus reviewer adjudication,,,Jake,2026-08-17,Covidence NO mapped to EXCLUDE.
CAL-0334,DEVELOPMENT,CWC-1D0AA5A18BFA,[PDF] What are the problems? - The Quality Status Report 2010,,2010,OSPAR Commission,regulator_assessment,,https://qsr2010.ospar.org/media/assessments/p00366_supplements/p00366_suppl_1_dredging_what_are_the_problem.pdf,English,"i.e. of substrate characteristics in the surrounding of the dredging site, resulting in a change of nature and diversity of benthic communities, e.g. decline of individual density, species abundances or biomass; • re-suspension of sediments and increase of turbidity. The potential impacts include spreading of sediments and associated contaminants in the surroundings, remobilisation of contaminants in the water phase enhancing the bioavailability and ecotoxicological risk, release of nutrients [...] of nutrients resulting in increase in eutrophication and direct impact on organisms due to reduc",False,LIKELY_FULL_DOCUMENT_URL,Grey literature,GL_OSPAR_SED_DREDGING_01 | GL_OSPAR_SED_SUSPENDED_01,SED_DREDGING | SED_SUSPENDED,SED_DREDGING,GREY_LITERATURE,STRESSOR_ONLY,TITLE_ABSTRACT,EXCLUDE,,,Covidence calibration plus reviewer adjudication,,,Jake,2026-08-17,Covidence NO mapped to EXCLUDE.
CAL-0335,VALIDATION,CWC-494CE3562BD4,"Sediment dynamics of a sandy contourite: the sedimentary context of the Darwin cold-water coral mounds, Northern Rockall Trough",Veerle A.I. Huvenne | Douglas G. Masson | A. Wheeler,2008,International Journal of Earth Sciences,article,10.1007/s00531-008-0312-5,https://doi.org/10.1007/s00531-008-0312-5,en,,False,NOT_IDENTIFIED,Citation chaining,OA_CHAIN_G1_BACKWARD_REFERENCE | OA_CHAIN_G2_BACKWARD_REFERENCE,MECH_FEEDING_MUCUS_CORAL | RESP_THRESHOLD_RECOVERY | SED_DEPOSITION | SED_DREDGING | SED_SUSPENDED,SED_DREDGING,CITATION_CHAINING,ORGANISM_AND_STRESSOR,TITLE_ONLY,EXCLUDE,,,Covidence calibration plus reviewer adjudication,,,Jake,2026-08-17,Covidence NO mapped to EXCLUDE.
CAL-0336,DEVELOPMENT,CWC-DAC01FFE05EC,Control of seagrass communities and sediment distribution,T. Suchanek,2003,,,,https://www.semanticscholar.org/paper/60b54bfc34ad7cca4e773c4c805f362f03d4b95e,,,False,NOT_IDENTIFIED,Semantic Scholar,SS_MECH_FEEDING_MUCUS_CORAL_01 | SS_SED_DEPOSITION_01,MECH_FEEDING_MUCUS_CORAL | SED_DEPOSITION,SED_DEPOSITION,SEMANTIC_SCHOLAR,STRESSOR_ONLY,TITLE_ONLY,EXCLUDE,,,Covidence calibration plus reviewer adjudication,,,Jake,2026-08-17,Covidence NO mapped to EXCLUDE.
CAL-0337,DEVELOPMENT,CWC-7B3177010C51,"Biological degradation of coral framework in a turbid lagoon environment, Discovery Bay, north Jamaica",Iain Macdonald | Chris T. Perry,2003,Coral Reefs,article,10.1007/s00338-003-0340-3,https://doi.org/10.1007/s00338-003-0340-3,en,"The potentially negative effects of increased sedimentation on corals are well documented, whereas, the impacts upon early diagenetic processes, such as bioerosion, remain poorly understood. This study examined macroboring through image analysis of coral slabs from two high sedimentation and turbid reefs, Columbus Park and Red Buoy, within Discovery Bay, north Jamaica. Infestation of coral framework by macroborers was significant at both Columbus Park and Red Buoy for all depth zones sampled: 0-8 m (6.5 versus 8.3%), 8-16 m (11.4 versus 10.7%), and 16-25 m (6.2 versus 18.5%), with only the deepest zone significantly different (P<0.001). Bioeroding communities exhibit a shift from mainly sponge-dominated (>90%) assemblages in clear-water settings towards a greater relative importance of worms (up to 17.2%) and bivalves (up to 40.5%) with increasing sedimentation. The high infestation levels of the bivalve Lithophaga spp. offset the reduced sponge bioerosion. As a result, macroboring infestation levels are comparable to those reported from adjacent clear-water reef sites. This study indicates that macroboring of coral framework continues under environmental conditions previously infe",True,NOT_IDENTIFIED,Citation chaining | OpenAlex | Semantic Scholar | Web of Science,OA_CHAIN_G1_BACKWARD_REFERENCE | OA_CHAIN_G1_FORWARD_CITATION | OA_CHAIN_G2_BACKWARD_REFERENCE | OA_CHAIN_G2_FORWARD_CITATION | OA_RESP_THRESHOLD_RECOVERY_01 | OA_SED_SUSPENDED_01 | SS_RESP_THRESHOLD_RECOVERY_01 | SS_SED_SUSPENDED_01 | WOS_SED_SUSPENDED_01,MECH_FEEDING_MUCUS_CORAL | MECH_FEEDING_PUMPING_SPONGE | RESP_THRESHOLD_RECOVERY | SED_DEPOSITION | SED_DREDGING | SED_DRILLING | SED_SUSPENDED | RESP_THRESHOLD_RECOVERY | SED_SUSPENDED,SED_SUSPENDED,WEB_OF_SCIENCE,ORGANISM_AND_STRESSOR,TITLE_ABSTRACT,EXCLUDE,,,Covidence calibration plus reviewer adjudication,,,Jake,2026-08-17,Covidence NO mapped to EXCLUDE.
CAL-0338,DEVELOPMENT,CWC-ED2CC35968EF,Rehabilitation Engineering of Singapore Reefs to Cope with Urbanization and Climate Change Impacts,Loke; Ming; Chou,2016,,,10.17265/1934-7359/2016.08.009,https://www.semanticscholar.org/paper/5da572ba8d15602b8f785ea7a24951ee835411d2,,"Over 60% of Singapore’s coral reefs have been lost to decades of coastal urbanization and heavy sedimentation has restricted coral development to the upper 5 m of the reef slope. High species diversity, predictable mass spawning events and vigorous growth of larval recruits indicate that active rehabilitation can help enhance reef resilience to urbanization and climate change impacts. Rehabilitation techniques selected should address high sedimentation, destabilized reef substrate and reef community structure change. Coral species dominance has shifted to favor those more tolerant of reduced light. Initiating rehabilitation with these dominant species can stabilize the reef substrate quickly. Coral nurseries with raised mesh-net platforms prevent sediment smothering and improve survival of coral fragments and juveniles. Juveniles have also naturally recruited and developed on seawalls constructed in non-reef areas. Innovative design and engineering of coastal defenses can facilitate coral growth as sea level rises. Floating reefs and seawalls that incorporate terraced tidal pools can encourage continued growth and development of coral communities. Two approaches considered appropri",True,OPEN_ACCESS_PDF,Semantic Scholar,SS_RESP_THRESHOLD_RECOVERY_01 | SS_SED_DEPOSITION_01,RESP_THRESHOLD_RECOVERY | SED_DEPOSITION,RESP_THRESHOLD_RECOVERY,SEMANTIC_SCHOLAR,ORGANISM_AND_STRESSOR,TITLE_ABSTRACT,EXCLUDE,,,Covidence calibration plus reviewer adjudication,,,Jake,2026-08-17,Covidence NO mapped to EXCLUDE.
CAL-0339,VALIDATION,CWC-674A1037DCD4,Dissimilarity of megabenthic community structure between deep-water seamounts with cobalt-rich crusts: Case study in the northwestern Pacific Ocean,Chengcheng Shen | Runxuan Yan | Bo Lu | Zhenggang Li | Ruiyan Zhang | Dongsheng Zhang | Chunsheng Wang,2024,The Science of The Total Environment,article,10.1016/j.scitotenv.2024.173914,https://doi.org/10.1016/j.scitotenv.2024.173914,en,"As anthropogenic disturbance on deep-sea seamount ecosystems grows, there is an urgent need for a better understanding of the biodiversity and community structure in benthic ecosystems, which can vary at local and regional scales. A survey of the benthic megafauna on two adjacent deep-water seamounts in the northwestern Pacific Ocean was conducted, which are covered by cobalt-rich crusts, to assess the biodiversity patterns and dissimilarity of assemblage composition. Based on a multidisciplinary dataset generated from video recordings, multibeam bathymetry data, and near-bottom currents, environmental and spatial factors impacting the megabenthic communities were explored. Results showed that these two deep-water seamounts were dominated by hexactinellids, crinoids, and octocorals. The seamounts were able to support moderately abundant and diverse megafauna, with a total of 6436 individuals classified into 94 morphospecies. The survey covered a distance of 52.2 km across a depth range of 1421-3335 m, revealing multiple distinct megabenthic assemblages. The megabenthic communities of the two deep-water seamounts, with comparable environmental conditions, exhibited similarities in o",True,NOT_IDENTIFIED,OpenAlex | Semantic Scholar,OA_SED_TAILINGS_01 | SS_SED_TAILINGS_01,SED_TAILINGS,SED_TAILINGS,MULTI_SCHOLARLY,NEITHER_SIGNAL,TITLE_ABSTRACT,EXCLUDE,,,Covidence calibration plus reviewer adjudication,,,Jake,2026-08-17,Covidence NO mapped to EXCLUDE.
CAL-0340,DEVELOPMENT,CWC-57FCE63E1BAB,25 March: Independent report brings together knowledge on dredging and disposal | AIMS,,,Australian Institute of Marine Science,news_article,,https://www.aims.gov.au/information-centre/news-and-stories/25-march-independent-report-brings-together-knowledge-dredging-and-disposal,English,"Title: 25 March: Independent report brings together knowledge on dredging and disposal | AIMS An independent compilation of knowledge about the effects of dredging and sediment disposal on the Great Barrier Reef World Heritage Area has found the impacts will differ, depending on the location, timing, size and type of dredging and disposal activity. The Dredge Synthesis Report was produced by a 19-member panel of experts, brought together through a joint initiative of the Great Barrier Reef Marine Park Authority (GBRMPA) and the Australian Institute of Marine Science (AIMS). The outcome is an o",False,NOT_IDENTIFIED,Grey literature,GL_AIMS_MECH_FEEDING_PUMPING_SPONGE_01 | GL_AIMS_RESP_THRESHOLD_RECOVERY_01 | GL_AIMS_SED_SUSPENDED_01,MECH_FEEDING_PUMPING_SPONGE | RESP_THRESHOLD_RECOVERY | SED_SUSPENDED,RESP_THRESHOLD_RECOVERY,GREY_LITERATURE,STRESSOR_ONLY,TITLE_ABSTRACT,UNCERTAIN,,,Covidence calibration plus reviewer adjudication,,True,Jake,2026-08-17,Covidence MAYBE mapped to UNCERTAIN.
CAL-0341,VALIDATION,CWC-68CB115B4C9E,Full effects of oil rigs on corals are not yet known,J. Murray Roberts,2000,Nature,article,10.1038/35002190,https://doi.org/10.1038/35002190,en,,False,OPEN_ACCESS_LANDING_PAGE,OpenAlex,OA_SED_DRILLING_01,SED_DRILLING,SED_DRILLING,OPENALEX,ORGANISM_ONLY,TITLE_ONLY,EXCLUDE,,,Covidence calibration plus reviewer adjudication,,,Jake,2026-08-17,Covidence NO mapped to EXCLUDE.
CAL-0342,VALIDATION,CWC-2B389D66BE25,Physicochemical water quality in coastal marine ecosystems: spatiotemporal variation between protected and disturbed areas,Isaac Manuel Romero Borja | Rocío García-Urueña | Aliano José Tette Pomárico,2026,PeerJ,article,10.7717/peerj.20855,https://doi.org/10.7717/peerj.20855,en,"The monitoring of the continuous fluctuation of seawater environmental conditions plays a critical role in the management and conservation of marine and coastal ecosystems. Although previous studies in the Santa Marta region (Colombian Caribbean) have examined aspects of seawater quality, the spatiotemporal dynamics of key water quality parameters, impact gradients, and contaminant dispersion remain poorly characterized. This study presents the results of a 14-month monitoring program conducted from 2021 to 2024 at seven sampling stations: four in Santa Marta Bay and three within Tayrona National Natural Park (TNNP). These stations cover areas experiencing varying degrees of anthropogenic impact. The assessment of spatiotemporal dynamics of physicochemical seawater parameters revealed seasonal and anthropogenic influences on water quality. During the rainy periods, increased levels of turbidity, nutrients, pollutants, and oxygen demand were observed, particularly at stations impacted by wastewater discharges. Overall, these parameters exceeded the permissible limit frequency during the rainy periods, where 60% of the samples showed elevated levels of organic load. This revealed an ",True,OPEN_ACCESS_LANDING_PAGE,Citation chaining | Web of Science,OA_CHAIN_G1_FORWARD_CITATION | WOS_SED_SUSPENDED_01,RESP_THRESHOLD_RECOVERY | SED_DEPOSITION | SED_DREDGING | SED_SUSPENDED | SED_SUSPENDED,SED_SUSPENDED,WEB_OF_SCIENCE,STRESSOR_ONLY,TITLE_ABSTRACT,EXCLUDE,,,Covidence calibration plus reviewer adjudication,,,Jake,2026-08-17,Covidence NO mapped to EXCLUDE.
CAL-0343,VALIDATION,CWC-593EA9D7BB18,An Analysis of Threats to Marine Biodiversity and Aquatic Ecosystems,Sidharta Chatterjee,2017,SSRN Electronic Journal,preprint,10.2139/ssrn.2964468,https://doi.org/10.2139/ssrn.2964468,en,,False,OPEN_ACCESS_PDF,OpenAlex | Semantic Scholar,OA_SED_DREDGING_01 | SS_SED_DREDGING_01,SED_DREDGING,SED_DREDGING,MULTI_SCHOLARLY,NEITHER_SIGNAL,TITLE_ONLY,EXCLUDE,,,Covidence calibration plus reviewer adjudication,,,Jake,2026-08-17,Covidence NO mapped to EXCLUDE.
CAL-0344,DEVELOPMENT,CWC-944202E332B2,"A 11 Patent Number : 5 , 763 , 259 45 ) Date of Patent : Jun . 9 , 1998",H. L. Manning,2017,,,,https://www.semanticscholar.org/paper/aad8e5d470be4b22e44b6784e57f1faca916d616,,,False,NOT_IDENTIFIED,Semantic Scholar,SS_SED_TAILINGS_01,SED_TAILINGS,SED_TAILINGS,SEMANTIC_SCHOLAR,NEITHER_SIGNAL,TITLE_ONLY,EXCLUDE,,,Covidence calibration plus reviewer adjudication,,,Jake,2026-08-17,Covidence NO mapped to EXCLUDE.
CAL-0345,DEVELOPMENT,CWC-46F33F689F32,"Geologic resource evaluation of Pu‘ukoholā Heiau National Historic Site, Hawai‘i, part II: Benthic habitat mapping",Susan A. Cochran | Ann E. Gibbs | Joshua B. Logan,2007,Scientific investigations report,report,10.3133/sir20065254,https://doi.org/10.3133/sir20065254,en,,False,OPEN_ACCESS_PDF,Citation chaining,OA_CHAIN_G2_BACKWARD_REFERENCE,MECH_FEEDING_MUCUS_CORAL | MECH_FEEDING_PUMPING_SPONGE | RESP_THRESHOLD_RECOVERY | SED_DEPOSITION | SED_DREDGING | SED_SUSPENDED | SED_TAILINGS,RESP_THRESHOLD_RECOVERY,CITATION_CHAINING,NEITHER_SIGNAL,TITLE_ONLY,EXCLUDE,,,Covidence calibration plus reviewer adjudication,,,Jake,2026-08-17,Covidence NO mapped to EXCLUDE.
CAL-0346,DEVELOPMENT,CWC-6C7C0B6CFB84,PASSIVE ACOUSTICS AS A SENTINEL INDICATOR OF ENVIRONMENTAL CONDITIONS AT A COLD-WATER CORAL REEF,Alexandria C. Rhoads,2021,,dissertation,10.23860/thesis-rhoads-alexandria-2021,https://doi.org/10.23860/thesis-rhoads-alexandria-2021,en,"Sentinel indicators are quantifiable variables that are sensitive to environmental changes and represent a key component or process of the ecosystem being monitored. In this study, we explored whether a sentinel monitoring approach, based on passive acoustic recordings, could shed light on specific environmental and oceanographic conditions within deep-sea habitats. Passive acoustics can capture rich multidimensional information about ecosystems, including local and distant events and natural or anthropogenic activities, using a single instrument. A benthic lander collected data for three months from April 2019 at a cold-water coral reef known as the Richardson Reef Complex (Southeast USA). In addition to several environmental sensors, a hydrophone passively recorded acoustic frequencies between 10 Hz and 64 kHz. The strength of associations between sound level and environmental variables were assessed with general additive models and showed significant relationships between sound levels and horizontal current velocity, vertical current velocity, and turbidity. Changepoint analysis identified significant shifts in environmental and acoustic data that revealed the substantial signat",True,OPEN_ACCESS_LANDING_PAGE,OpenAlex,OA_RESP_THRESHOLD_RECOVERY_01 | OA_SED_SUSPENDED_01,RESP_THRESHOLD_RECOVERY | SED_SUSPENDED,SED_SUSPENDED,OPENALEX,ORGANISM_AND_STRESSOR,TITLE_ABSTRACT,EXCLUDE,,,Covidence calibration plus reviewer adjudication,,,Jake,2026-08-17,Covidence NO mapped to EXCLUDE.
CAL-0347,DEVELOPMENT,CWC-9BDC54613152,"Sources and spatial distribution of heavy metals in scleractinian coral tissues and sediments from the Bocas del Toro Archipelago, Panama",Kathryn Berry | Janina Seemann | Olaf Dellwig | Ulrich Struck | Christian Wild | Reinhold Leinfelder,2013,Environmental Monitoring and Assessment,article,10.1007/s10661-013-3238-8,https://doi.org/10.1007/s10661-013-3238-8,en,"Marine ecosystems worldwide are threatened by aquatic pollution; however, there is a paucity in data from the Caribbean region. As such, five heavy metals (arsenic, cadmium, copper, zinc, mercury) were measured in tissues of the scleractinian corals Porites furcata and Agaricia tenuifolia and in adjacent sediments in the Bocas del Toro Archipelago, Panama. Samples were collected from five reef sites along a gradient of distance from an international shipping port and were analysed using inductively coupled plasma optical emission spectrometry and atomic absorption spectrophotometry for mercury. Copper and zinc were the most abundant metals and ranged from 11 to 63 mg kg(-1) and from 31 to 185 mg kg(-1) in coral tissues, respectively. The highest concentration of each metal was measured in P. furcata tissues, with copper and mercury concentrations significantly higher in P. furcata than in A. tenuifolia at every site. These results suggest that P. furcata has a higher affinity for metal accumulation and storage than A. tenuifolia. With the exception of cadmium, metal concentrations in coral tissues were generally elevated at coral reefs in closer proximity to the port; however, this",True,OPEN_ACCESS_PDF,Citation chaining,OA_CHAIN_G1_BACKWARD_REFERENCE | OA_CHAIN_G1_FORWARD_CITATION | OA_CHAIN_G2_BACKWARD_REFERENCE,MECH_FEEDING_MUCUS_CORAL | RESP_THRESHOLD_RECOVERY | SED_DEPOSITION | SED_DREDGING | SED_DRILLING | SED_SUSPENDED | SED_TAILINGS,SED_TAILINGS,CITATION_CHAINING,ORGANISM_ONLY,TITLE_ABSTRACT,EXCLUDE,,,Covidence calibration plus reviewer adjudication,,,Jake,2026-08-17,Covidence NO mapped to EXCLUDE.
CAL-0348,DEVELOPMENT,CWC-9B56F8B707AE,Hexactinellid - Wikipedia,,,Wikipedia,other,,https://en.wikipedia.org/wiki/Hexactinellida,English,"**Hexactinellid sponges** are sponges with a skeleton made of four- and/or six-pointed siliceous spicules ""Spicule (sponge)""), often referred to as **glass sponges**. Glass sponges are relatively uncommon and are mostly found at depths from 450 to 900 metres (1,480 to 2,950 ft) below sea level. Some species of glass sponges are capable of fusing together to create reefs or bioherms. Another glass sponge species in the same experiment of *R. Bodies of glass sponges are different from those of other sponges in various other ways. The sclerocytes that build spicules have multiple nuclei, and in g",False,LIKELY_FULL_DOCUMENT_URL,Grey literature,GL_BROAD_SED_DEPOSITION_02,SED_DEPOSITION,SED_DEPOSITION,GREY_LITERATURE,ORGANISM_ONLY,TITLE_ABSTRACT,EXCLUDE,,,Covidence calibration plus reviewer adjudication,,,Jake,2026-08-17,Covidence NO mapped to EXCLUDE.
CAL-0349,DEVELOPMENT,CWC-C80606CB7C07,Cu and Zn Concentration Gradients Created by Dilution of pH Neutral Metal-Spiked Marine Sediment: A Comparison of Sediment Geochemistry with Direct Methods of Metal Addition,Colin M. Hutchins | Peter R. Teasdale | Shing Yip Lee | Stuart L. Simpson,2008,Environmental Science & Technology,article,10.1021/es702673w,https://doi.org/10.1021/es702673w,en,,False,NOT_IDENTIFIED,Citation chaining,OA_CHAIN_G1_BACKWARD_REFERENCE,RESP_THRESHOLD_RECOVERY | SED_SUSPENDED,SED_SUSPENDED,CITATION_CHAINING,STRESSOR_ONLY,TITLE_ONLY,EXCLUDE,,,Covidence calibration plus reviewer adjudication,,,Jake,2026-08-17,Covidence NO mapped to EXCLUDE.
CAL-0350,DEVELOPMENT,CWC-58B60675FA30,Chronic Turbidity Differentially Affects Physiological Processes in Two Threatened Stony Coral Species,Lisa A. May | Carl V. Miller | Zachary J. Moffitt | Courtney M. Saldaña | Rachel Prostko | Jocelyn Karazsia | Xaymara M. Serrano | Elizabeth M. McDonald | Janet E. Saunders | Gareth J. Williams | Cheryl M. Woodley,2026,SSRN Electronic Journal,preprint,10.2139/ssrn.6027760,https://doi.org/10.2139/ssrn.6027760,,,False,OPEN_ACCESS_LANDING_PAGE,OpenAlex,OA_SED_DREDGING_01 | OA_SED_SUSPENDED_01,SED_DREDGING | SED_SUSPENDED,SED_DREDGING,OPENALEX,ORGANISM_AND_STRESSOR,TITLE_ONLY,EXCLUDE,,,Covidence calibration plus reviewer adjudication,,,Jake,2026-08-17,Covidence NO mapped to EXCLUDE.
CAL-0351,DEVELOPMENT,CWC-7692D0B3D4C5,High herbivory despite high sediment loads on a fringing coral reef,Albert Pessarrodona | Sterling B. Tebbett | Néstor E. Bosch | David R. Bellwood | Thomas Wernberg,2022,Coral Reefs,article,10.1007/s00338-021-02211-w,https://doi.org/10.1007/s00338-021-02211-w,en,"Algal turfs are expected to increasingly dominate the benthos of coral reefs in the Anthropocene, becoming important sources of reef productivity. The sediments trapped within algal turfs are known to determine turf condition and influence a range of key ecological processes, particularly the feeding behavior of fishes. Yet, our understanding of the interactions between turfs, sediments and fishes is largely derived from offshore reef systems, where turfs typically contain relatively low sediment loads. Here, we expand on this knowledge by characterizing the properties of turfs and their interactions with fishes on a large, mainland fringing reef system, Ningaloo Reef. Algal turfs varied in algal biomass, height and percent of organic content in the sediment between sites, while the total inorganic and organic sediment loads were comparable. Despite being located in an arid climate with low riverine sediment inputs, turfs in Ningaloo contained an average of 3.5 kg m(-2) of inorganic sediment, one of the highest loads reported in the literature. Yet, turf feeding rates by fishes in our study were comparable to locations where inorganic sediment loads are substantially lower. Feeding",True,OPEN_ACCESS_PDF,Citation chaining | OpenAlex | Semantic Scholar | Web of Science,OA_CHAIN_G1_BACKWARD_REFERENCE | OA_CHAIN_G1_FORWARD_CITATION | OA_CHAIN_G2_BACKWARD_REFERENCE | OA_CHAIN_G2_FORWARD_CITATION | OA_MECH_FEEDING_MUCUS_CORAL_01 | OA_SED_DEPOSITION_01 | SS_MECH_FEEDING_MUCUS_CORAL_01 | SS_SED_DEPOSITION_01 | WOS_MECH_FEEDING_MUCUS_CORAL_01 | WOS_SED_DEPOSITION_01,MECH_FEEDING_MUCUS_CORAL | MECH_FEEDING_MUCUS_CORAL | RESP_THRESHOLD_RECOVERY | SED_DEPOSITION | SED_DREDGING | SED_SUSPENDED | SED_TAILINGS | SED_DEPOSITION,SED_TAILINGS,WEB_OF_SCIENCE,ORGANISM_AND_STRESSOR,TITLE_ABSTRACT,EXCLUDE,,,Covidence calibration plus reviewer adjudication,,,Jake,2026-08-17,Covidence NO mapped to EXCLUDE.
CAL-0352,DEVELOPMENT,CWC-27E60CF7E164,Beach erosion in coral reef beaches and its control,Abdul R. Syamsudin,1993,Medical Entomology and Zoology,dissertation,10.11501/3070394,http://ci.nii.ac.jp/naid/500000099391?l=ja,en,,False,NOT_IDENTIFIED,Citation chaining,OA_CHAIN_G1_RELATED_WORK,SED_DEPOSITION,SED_DEPOSITION,CITATION_CHAINING,ORGANISM_ONLY,TITLE_ONLY,EXCLUDE,,,Covidence calibration plus reviewer adjudication,,,Jake,2026-08-17,Covidence NO mapped to EXCLUDE.
CAL-0353,DEVELOPMENT,CWC-AC44B0257796,Christmas tree worms evade smothering by a coral-killing sponge in the Red Sea,Bert W. Hoeksema | Harry A. ten Hove | Michael L. Berumen,2015,Marine Biodiversity,article,10.1007/s12526-015-0339-3,https://doi.org/10.1007/s12526-015-0339-3,en,,False,NOT_IDENTIFIED,OpenAlex | Semantic Scholar | Web of Science,OA_SED_DEPOSITION_01 | SS_MECH_FEEDING_MUCUS_CORAL_01 | SS_SED_DEPOSITION_01 | WOS_SED_DEPOSITION_01,MECH_FEEDING_MUCUS_CORAL | SED_DEPOSITION,MECH_FEEDING_MUCUS_CORAL,WEB_OF_SCIENCE,ORGANISM_ONLY,TITLE_ONLY,EXCLUDE,,,Covidence calibration plus reviewer adjudication,,,Jake,2026-08-17,Covidence NO mapped to EXCLUDE.
CAL-0354,DEVELOPMENT,CWC-78C17E9C4F74,Red Sea Atlas of Coral-Associated Bacteria Highlights Common Microbiome Members and Their Distribution across Environmental Gradients—A Systematic Review,Nathalia Delgadillo‐Ordoñez | Inês Raimundo | Adam R. Barno | Eslam O. Osman | Helena Villela | Morgan F. Bennett-Smith | Christian R. Voolstra | Francesca Benzoni | Raquel S. Peixoto,2022,Microorganisms,review,10.3390/microorganisms10122340,https://doi.org/10.3390/microorganisms10122340,en,,False,OPEN_ACCESS_PDF,Citation chaining,OA_CHAIN_G2_FORWARD_CITATION,MECH_FEEDING_MUCUS_CORAL | RESP_THRESHOLD_RECOVERY | SED_DEPOSITION | SED_DREDGING | SED_SUSPENDED,SED_DEPOSITION,CITATION_CHAINING,ORGANISM_ONLY,TITLE_ONLY,EXCLUDE,,,Covidence calibration plus reviewer adjudication,,,Jake,2026-08-17,Covidence NO mapped to EXCLUDE.
CAL-0355,DEVELOPMENT,CWC-B458AA864157,A probabilistic sensitivity analysis of water-leaving radiance to water constituents in coastal shallow waters,Julio M. Duarte‐Carvajalino | Miguel Vélez-Reyes | Stefano Tarantola | Fernando Gilbes | Roy A. Armstrong,2003,"Proceedings of SPIE, the International Society for Optical Engineering/Proceedings of SPIE",conference-paper,10.1117/12.507808,https://doi.org/10.1117/12.507808,en,"An important step to determine whether certain coastal environment parameters can be estimated from remote sensing measurements is to establish their identifiability from the water leaving remote sensing reflectance. This work addresses the sensitivity analysis of water leaving remote sensing reflectance to water constituents. The model used in the sensitivity analysis is Hydrolight, a radiative transfer code for ocean waters. We use the Morris factor screening method, to determine which parameters have a substantial influence on the remote sensing reflectance. From Morris results, we realize a more precise sensitivity analysis focusing on the most influential parameters, using variance decomposition (Sobol method). As an important example of application, we perform a sensitivity analysis of coral reefs in coastal shallow waters, where the concentrations of Chlorophyll, yellow substance and suspended sediments were limited to a feasible range of variability. The results of the sensitivity analysis lead us to the formulation of band relationships for the estimation of water depth and seabed reflectance in coral reefs.",False,NOT_IDENTIFIED,OpenAlex | Semantic Scholar | Web of Science,OA_RESP_THRESHOLD_RECOVERY_01 | OA_SED_SUSPENDED_01 | SS_RESP_THRESHOLD_RECOVERY_01 | SS_SED_SUSPENDED_01 | WOS_SED_SUSPENDED_01,RESP_THRESHOLD_RECOVERY | SED_SUSPENDED,RESP_THRESHOLD_RECOVERY,WEB_OF_SCIENCE,ORGANISM_ONLY,TITLE_ABSTRACT,EXCLUDE,,,Covidence calibration plus reviewer adjudication,,,Jake,2026-08-17,Covidence NO mapped to EXCLUDE.
CAL-0356,VALIDATION,CWC-E36E10069973,"Drill, Baby, Drill: Sponges Bore Into Shells Twice as Fast in Acidic Seawater",,,Smithsonian Magazine,journal_or_publisher_page,,https://www.smithsonianmag.com/science-nature/drill-baby-drill-sponges-bore-into-shells-twice-as-fast-in-acidic-seawater-796124,English,"Boring sponges aren’t named thus because they’re mundane; rather, they make their homes by boring holes into the calcium carbonate shells and skeletons of animals like scallops, oysters and corals. Using chemicals, they etch into the shell and then mechanically wash away the tiny shell chips, slowly spreading holes within the skeleton or shell and sometimes across its surface. Eventually, these holes and tunnels can kill their host, but the sponge will continue to live there until the entire [...] Though a small and specific example, this study illustrates how a seemingly small change—more aci",False,LIKELY_FULL_DOCUMENT_URL,Grey literature,GL_AIMS_SED_DRILLING_01 | GL_BROAD_SED_DRILLING_01 | GL_MBARI_SED_DRILLING_01 | GL_OSPAR_SED_DRILLING_01,SED_DRILLING,SED_DRILLING,GREY_LITERATURE,ORGANISM_ONLY,TITLE_ABSTRACT,EXCLUDE,,,Covidence calibration plus reviewer adjudication,,,Jake,2026-08-17,Covidence NO mapped to EXCLUDE.
CAL-0357,DEVELOPMENT,CWC-3B2690A76B18,The Gulf: A young sea in decline,Charles Sheppard | Mohsen Al-Husiani | F. Al-Jamali | Faiza Al‐Yamani | Rob Baldwin | James M. Bishop | Francesca Benzoni | Éric Dutrieux | Nicholas K. Dulvy | Subba Rao V. Durvasula | David Jones | Ron Loughland | David Medio | Manickam Nithyanandan | Graham M. Pilling | Igor Polikarpov | Andrew Price | Sam J. Purkis | Bernhard Riegl | Maria Saburova | K. Samimi Namin | Oliver Taylor | Simon Wilson | Khadija Zainal,2009,Marine Pollution Bulletin,article,10.1016/j.marpolbul.2009.10.017,https://doi.org/10.1016/j.marpolbul.2009.10.017,en,"This review examines the substantial changes that have taken place in marine habitats and resources of the Gulf over the past decade. The habitats are especially interesting because of the naturally high levels of temperature and salinity stress they experience, which is important in a changing world climate. However, the extent of all natural habitats is changing and their condition deteriorating because of the rapid development of the region and, in some cases from severe, episodic warming episodes. Major impacts come from numerous industrial, infrastructure-based, and residential and tourism development activities, which together combine, synergistically in some cases, to cause the observed deterioration in most benthic habitats. Substantial sea bottom dredging for material and its deposition in shallow water to extend land or to form a basis for huge developments, directly removes large areas of shallow, productive habitat, though in some cases the most important effect is the accompanying sedimentation or changes to water flows and conditions. The large scale of the activities compared to the relatively shallow and small size of the water body is a particularly important issue",True,NOT_IDENTIFIED,Citation chaining | Web of Science,OA_CHAIN_G1_BACKWARD_REFERENCE | OA_CHAIN_G2_BACKWARD_REFERENCE | WOS_SED_DREDGING_01,MECH_FEEDING_MUCUS_CORAL | RESP_THRESHOLD_RECOVERY | SED_DEPOSITION | SED_DREDGING | SED_SUSPENDED | SED_DREDGING,SED_SUSPENDED,WEB_OF_SCIENCE,STRESSOR_ONLY,TITLE_ABSTRACT,EXCLUDE,,,Covidence calibration plus reviewer adjudication,,,Jake,2026-08-17,Covidence NO mapped to EXCLUDE.
CAL-0358,VALIDATION,CWC-5958CB70E190,"Peer Review #1 of ""Shift of symbiont communities in Acropora tenuis juveniles under heat stress (v0.1)""",,2017,,peer-review,10.7287/peerj.4055v0.1/reviews/1,https://doi.org/10.7287/peerj.4055v0.1/reviews/1,en,,False,OPEN_ACCESS_LANDING_PAGE,Citation chaining,OA_CHAIN_G2_FORWARD_CITATION,RESP_THRESHOLD_RECOVERY | SED_DEPOSITION | SED_DREDGING | SED_SUSPENDED,SED_DEPOSITION,CITATION_CHAINING,NEITHER_SIGNAL,TITLE_ONLY,EXCLUDE,,,Covidence calibration plus reviewer adjudication,,,Jake,2026-08-17,Covidence NO mapped to EXCLUDE.
CAL-0359,DEVELOPMENT,CWC-81B4B153D316,"The Salas y Gómez and Nazca ridges: A review of the importance, opportunities and challenges for protecting a global diversity hotspot on the high seas",Daniel Wagner | Liesbeth van der Meer | Matthias Gorny | Javier Sellanes | Carlos F. Gaymer | Eulogio H. Soto | Erin E. Easton | Alan M. Friedlander | Dhugal J. Lindsay | Tina N. Molodtsova | Ben Boteler | Carole Durussel | Kristina M. Gjerde | Duncan Currie | Matthew Gianni | Cassandra M. Brooks | Marianne J. Shiple | Thorsten Wilhelm | Marco Quesada | Tamara Thomas | Piers K. Dunstan | Nichola Clark | Luis A. Villanueva | Richard L. Pyle | Malcolm R. Clark | Samuel E. Georgian | Lance Morgan,2021,Marine Policy,article,10.1016/j.marpol.2020.104377,https://doi.org/10.1016/j.marpol.2020.104377,en,"Abstract The Salas y Gomez and Nazca ridges are two seamount chains of volcanic origin, which include over 110 seamounts that collectively stretch across over 2,900 km in the southeastern Pacific. Ecosystems in this region are isolated by the Atacama Trench, the Humboldt Current System, and an extreme oxygen minimum zone. This isolation has produced a unique biodiversity that is marked by one of the highest levels of marine endemism on Earth. These areas also provide important habitats and ecological stepping stones for whales, sea turtles, corals, and a multitude of other ecologically important species, including 82 species that are threatened or endangered. Recent explorations in this region have documented one of the deepest light-dependent marine ecosystems on Earth, as well as numerous species that are new to science. Waters surrounding the Salas y Gomez and Nazca ridges are mostly located in areas beyond national jurisdiction (ABNJ), with smaller portions located in the national waters of Chile and Peru. Within this region, Chile has already protected all the ridge features that fall within its jurisdiction, and Peru is evaluating a proposal that would protect the seafloor th",True,OPEN_ACCESS_PDF,OpenAlex | Semantic Scholar,OA_SED_TAILINGS_01 | SS_SED_TAILINGS_01,SED_TAILINGS,SED_TAILINGS,MULTI_SCHOLARLY,ORGANISM_ONLY,TITLE_ABSTRACT,EXCLUDE,,,Covidence calibration plus reviewer adjudication,,,Jake,2026-08-17,Covidence NO mapped to EXCLUDE.
CAL-0360,DEVELOPMENT,CWC-1628E0C93BA7,"The sulfur cycle of a coastal marine sediment (Limfjorden, Denmark)1",Bo Barker Jørgensen,1977,Limnology and Oceanography,article,10.4319/lo.1977.22.5.0814,https://doi.org/10.4319/lo.1977.22.5.0814,en,,False,NOT_IDENTIFIED,Citation chaining,OA_CHAIN_G1_BACKWARD_REFERENCE,MECH_FEEDING_MUCUS_CORAL,MECH_FEEDING_MUCUS_CORAL,CITATION_CHAINING,STRESSOR_ONLY,TITLE_ONLY,EXCLUDE,,,Covidence calibration plus reviewer adjudication,,,Jake,2026-08-17,Covidence NO mapped to EXCLUDE.
CAL-0361,VALIDATION,CWC-75070D52D722,Mesophotic mushroom coral records at Brunei Darussalam support westward extension of the Coral Triangle to the South China Sea waters of Northwest Borneo,David Lane | Bert W. Hoeksema,2016,Data Archiving and Networked Services (DANS),article,10.15468/rfnwtc,https://repository.naturalis.nl/pub/613679,en,,False,OPEN_ACCESS_PDF,Citation chaining,OA_CHAIN_G2_FORWARD_CITATION,RESP_THRESHOLD_RECOVERY | SED_DEPOSITION | SED_SUSPENDED,SED_SUSPENDED,CITATION_CHAINING,ORGANISM_ONLY,TITLE_ONLY,EXCLUDE,,,Covidence calibration plus reviewer adjudication,,,Jake,2026-08-17,Covidence NO mapped to EXCLUDE.
CAL-0362,DEVELOPMENT,CWC-8D572E5E01AF,Predictions of sediment trap biases in turbulent flows: A theoretical analysis based on observations from the literature,Cheryl Ann Butman | William D. Grant | Keith D. Stolzenbach,1986,Journal of Marine Research,article,10.1357/002224086788403024,https://doi.org/10.1357/002224086788403024,en,,False,NOT_IDENTIFIED,Citation chaining,OA_CHAIN_G1_BACKWARD_REFERENCE | OA_CHAIN_G2_BACKWARD_REFERENCE,MECH_FEEDING_MUCUS_CORAL | RESP_THRESHOLD_RECOVERY | SED_DEPOSITION | SED_DREDGING | SED_SUSPENDED,SED_DEPOSITION,CITATION_CHAINING,STRESSOR_ONLY,TITLE_ONLY,EXCLUDE,,,Covidence calibration plus reviewer adjudication,,,Jake,2026-08-17,Covidence NO mapped to EXCLUDE.
CAL-0363,DEVELOPMENT,CWC-95345931C6B8,"Compositional analysis of bacterial communities in seawater, sediment, and sponges in the Misool coral reef system, Indonesia",Daniel F. R. Cleary | Ana R. M. Polónia | Leontine E. Becking | Nicole J. de Voogd | Purwanto Purwanto | Hélder Gomes | Newton C. M. Gomes,2017,Marine Biodiversity,article,10.1007/s12526-017-0697-0,https://doi.org/10.1007/s12526-017-0697-0,en,,False,OPEN_ACCESS_LANDING_PAGE,Citation chaining,OA_CHAIN_G2_BACKWARD_REFERENCE | OA_CHAIN_G2_FORWARD_CITATION,MECH_FEEDING_MUCUS_CORAL | SED_DEPOSITION | SED_DREDGING | SED_SUSPENDED,MECH_FEEDING_MUCUS_CORAL,CITATION_CHAINING,ORGANISM_AND_STRESSOR,TITLE_ONLY,EXCLUDE,,,Covidence calibration plus reviewer adjudication,,,Jake,2026-08-17,Covidence NO mapped to EXCLUDE.
CAL-0364,DEVELOPMENT,CWC-1B179F85A5F8,"Petrography of the Southesk-Cairn Carbonate Complex, Western Alberta, Canada: ABSTRACT",W. S. Mackenzie,1964,,,10.1306/bc743cab-16be-11d7-8645000102c1865d,https://www.semanticscholar.org/paper/b762b65cde6f9477bbce999739024093508bd6a4,,"Regional and petrographic studies suggest that a specialized reef association was responsible for the build-up of the carbonate mass. Although dolomitization has preferentially affected certain formational members, some original textures and rock constituents may be recognized. At the Mount Dalhousie type section, the complex has divided into lower Cairn and overlying Southesk formations. The coarsely crystalline, light gray dolomites of the Peechee member, Southesk formation, were originally medium and coarse calcarenites with some areas of algal-stabilized sediment. The whole is suggestive of a depositional environment with strong currents and local sheltered areas. Where dolomitization is incomplete, there is a preference for replacement of integranular sparry calcite. It is suggested that this is an early diagenetic event that took place prior to complete infilling of porosity by calcite precipitation. The Arcs member, in contrast, consists dominantly of microcrystalline calcite with eyes of clear sparry calcite (dismicrite and birdseye limestone), with sporadically distributed areas of calcarenite and layered algal limestone. Comminuted skeletal remains are abundant, although ",True,OPEN_ACCESS_PDF,Semantic Scholar,SS_SED_SUSPENDED_01,SED_SUSPENDED,SED_SUSPENDED,SEMANTIC_SCHOLAR,ORGANISM_AND_STRESSOR,TITLE_ABSTRACT,EXCLUDE,,,Covidence calibration plus reviewer adjudication,,,Jake,2026-08-17,Covidence NO mapped to EXCLUDE.
CAL-0365,DEVELOPMENT,CWC-D3B886D1742B,Explore the Constituents and Mechanism of Traditional Chinese Medicine Preparation Zhachong Shisan Pills Based on HPLC-QTOF-MS and Network Pharmacology,Yueqiang Xin; Yuli Sang; YanJun Hao; Jing Lu; Xiang Ji; M. Tang; Lijiang Chen,2023,Current Pharmaceutical Analysis,JournalArticle,10.2174/0115734129259758230924070432,https://www.semanticscholar.org/paper/a51d5f977cccb7d969a7c89b3a108d6e982f3516,,"Zhachong shisan pills (ZSP) is a traditional Mongolian medicine, included in the drug standard of the Ministry of the health of the people's Republic of China (Mongolian medicine volume) It is a watered pill preparation composed of 13 material medicas, including Aconiti Kusnezoffii Radix Cocta, Terminalia chebula Retz, Acori Tatarinowii Rhizoma, Aucklandiae Radix, Caryophylli Flos, Glycyrrhizae Radix et Rhizoma, Moschus, Aquilariae Lignum Resinatum, Myristicae Semen, Margarita (made), Magnetitum (calcined), Coral (made) and Red Claystone, which has the functions of dispelling wind and dredging orifices, relaxing muscles and activating blood circulation, calming the nerves. The purpose of this study is to establish Chromatographic fingerprint of Zhachong Shisan pills (ZSP), and to explore its active components and mechanism of analgesic and anti-inflammatory action. First, the Personal Compound Database and Library (PCDL) of ZSP was constructed through literature mining, and then the chemical composition and fingerprint of methanol extractions from 8 batches of ZSP were studied using High-Performance Liquid Chromatography with Quadrupole Time-Of-Flight tandem Mass Spectrometry (HPLC",True,NOT_IDENTIFIED,Semantic Scholar,SS_SED_DREDGING_01,SED_DREDGING,SED_DREDGING,SEMANTIC_SCHOLAR,ORGANISM_ONLY,TITLE_ABSTRACT,EXCLUDE,,,Covidence calibration plus reviewer adjudication,,,Jake,2026-08-17,Covidence NO mapped to EXCLUDE.
CAL-0366,VALIDATION,CWC-60E8AF862C70,Dr Ross Jones | AIMS,,,Australian Institute of Marine Science,other,,https://www.aims.gov.au/node/3513,English,"Title: Dr Ross Jones | AIMS Jones R, Pineda M-C, Luter HM, Fisher R, Francis D, Klonowski W, Slivokoff M (2021) Underwater light characteristics of turbid coral reefs of the inner central Great Barrier Reef. Jones RJ, Giofre N, Luter HM, Neoh TL, Fisher R, Duckworth A (2020) Responses of corals to chronic turbidity. Jones RJ, Fisher R, Bessell-Browne P (2019) Sediment deposition and coral smothering. Jones RJ, Bessell-Browne P, Fisher R, Klonowski W, Slivkoff M (2016) Assessing the impacts of sediments from dredging on corals. Jones RJ, Ricardo G, AP N (2015a) Effects of sediments on the repro",False,NOT_IDENTIFIED,Grey literature,GL_AIMS_RESP_THRESHOLD_RECOVERY_01,RESP_THRESHOLD_RECOVERY,RESP_THRESHOLD_RECOVERY,GREY_LITERATURE,ORGANISM_AND_STRESSOR,TITLE_ABSTRACT,EXCLUDE,,,Covidence calibration plus reviewer adjudication,,,Jake,2026-08-17,Covidence NO mapped to EXCLUDE.
CAL-0367,VALIDATION,CWC-7CE1AAB75724,DOC dynamics in the meso and bathypelagic layers of the Mediterranean Sea,Chiara Santinelli | L. Nannicini | A. Seritti,2010,Deep Sea Research Part II Topical Studies in Oceanography,article,10.1016/j.dsr2.2010.02.014,https://doi.org/10.1016/j.dsr2.2010.02.014,en,,False,NOT_IDENTIFIED,Citation chaining,OA_CHAIN_G2_BACKWARD_REFERENCE,MECH_FEEDING_PUMPING_SPONGE | RESP_THRESHOLD_RECOVERY | SED_DEPOSITION | SED_DREDGING | SED_DRILLING | SED_SUSPENDED | SED_TAILINGS,SED_DRILLING,CITATION_CHAINING,NEITHER_SIGNAL,TITLE_ONLY,EXCLUDE,,,Covidence calibration plus reviewer adjudication,,,Jake,2026-08-17,Covidence NO mapped to EXCLUDE.
CAL-0368,VALIDATION,CWC-7A2AD92B71A8,"Preliminary studies on plankton, primary production and fish in the inner Brunei Bay",O. Lindén; B. Ganning; Lennart Lindestrom,2018,,,10.14203/mri.v28i0.414,https://www.semanticscholar.org/paper/c8bbe88a1760cfeca2946e130d8929fd424dacc0,,"The Brunei Bay is a relatively shallow enclosed water area (Figure 1), approx. 45 x 45 km in size. Depth figures normally range between 30 and 40 meters. The bay is influenced by a number of rivers which discharge into the area, the largest being Padas in the north and Limbang in the south. The annual mean flow of Padas is estimated at 200 m per sec and the maximum over 1550. The rivers contribute with large quantities of sediment into the bay, and this sediment is covering the seabed and cause turbidity of the water. The total amounts of suspended solids brought to Brunei Bay from the river Padas has been measured at 2000—3000 tos per day or about 1 million ton per year. The vegetation in the area north, east and south of Brunei Bay consists'of primary and secondary rain forest, rubber plantations and other crop, and mangrove swamps. In 1982-1983 large areas of tropical forest on Borneo was affected by fire. It has been estimated that, in East Kalimantan only, some 3,5 million hectares of forest were destroyed. The fires also affected close to 1 million hectares of tropical vegetation in western Sabah (MALINGREAU et al 1985) and it seems probable that there have been indirect effe",True,OPEN_ACCESS_PDF,Semantic Scholar,SS_SED_SUSPENDED_01,SED_SUSPENDED,SED_SUSPENDED,SEMANTIC_SCHOLAR,ORGANISM_AND_STRESSOR,TITLE_ABSTRACT,EXCLUDE,,,Covidence calibration plus reviewer adjudication,,,Jake,2026-08-17,Covidence NO mapped to EXCLUDE.
CAL-0369,DEVELOPMENT,CWC-F07E40887861,"Fasies karbonat dan diagenesis di dalam batu kapur Bukit Biwah dan Bukit Taat, Kenyir, Ulu Terengganu",C. Ali; Mohd Shafeea Leman; K. R. Mohamed,2006,,,10.7186/bgsm49200611,https://www.semanticscholar.org/paper/c50c9135d0fd9bce7d70d61e0bd02e0e491f3988,,,False,OPEN_ACCESS_PDF,Semantic Scholar,SS_SED_DEPOSITION_01,SED_DEPOSITION,SED_DEPOSITION,SEMANTIC_SCHOLAR,NEITHER_SIGNAL,TITLE_ONLY,EXCLUDE,,,Covidence calibration plus reviewer adjudication,,,Jake,2026-08-17,Covidence NO mapped to EXCLUDE.
CAL-0370,DEVELOPMENT,CWC-6857A2430CC1,Swell-dominated sediment re-suspension in a silty coastal seabed,Jianwei Niu | Jishang Xu | Guangxue Li | Ping Dong | Jinghao Shi | Lulu Qiao,2020,Estuarine Coastal and Shelf Science,article,10.1016/j.ecss.2020.106845,https://doi.org/10.1016/j.ecss.2020.106845,en,,False,NOT_IDENTIFIED,Citation chaining,OA_CHAIN_G1_RELATED_WORK,SED_DREDGING | SED_SUSPENDED,SED_SUSPENDED,CITATION_CHAINING,STRESSOR_ONLY,TITLE_ONLY,EXCLUDE,,,Covidence calibration plus reviewer adjudication,,,Jake,2026-08-17,Covidence NO mapped to EXCLUDE.
CAL-0371,VALIDATION,CWC-3884E192E4E4,MODELING FLUVIAL SEDIMENT PLUMES: IMPACTS TO CORAL REEFS,Curt D. Storlazzi | L.H. VAN DER HEIJDEN | Olivia M. Cheriton | Robert McCall | Gundula Winter,2023,Coastal Sediments 2023,conference-paper,10.1142/9789811275135_0151,https://doi.org/10.1142/9789811275135_0151,en,,False,NOT_IDENTIFIED,OpenAlex | Semantic Scholar,OA_SED_DREDGING_01 | OA_SED_SUSPENDED_01 | SS_SED_DREDGING_01 | SS_SED_SUSPENDED_01,SED_DREDGING | SED_SUSPENDED,SED_DREDGING,MULTI_SCHOLARLY,ORGANISM_AND_STRESSOR,TITLE_ONLY,EXCLUDE,,,Covidence calibration plus reviewer adjudication,,,Jake,2026-08-17,Covidence NO mapped to EXCLUDE.
CAL-0372,DEVELOPMENT,CWC-B80FE374F9B7,"Climatic and environmental reconstruction based on Holocene coral reefs on the Central Vietnamese coast, western South China Sea",Ai Duc Nguyen,2011,Queensland's institutional digital repository (The University of Queensland),dissertation,,https://openalex.org/W183830321,en,"The climate and the environment of our planet are always changing and our knowledge of these changes is still in progress. More studies of past climate and environment should be implemented, especially at the present time when the Earth enters a substantial change, e.g. in temperature, sea-level and environment. These changes are believed to be accelerated by recent anthropogenic activities. A better understanding of past climate and environment will facilitate our planning for appropriate strategies of mitigation against and adaption to ongoing climate and environmental change. In this study, climate changes in sea-level, sea surface temperature (SST) and salinity (SSS) since the mid-Holocene, and recent environmental change were reconstructed using fossil and modern corals collected from the Central Vietnamese coast, western South China Sea (SCS). Information on sea-level change on the Vietnamese coast since the mid-Holocene is problematic due to a lack of geochronological data. In this study a high-precision thermal ionisation mass spectrometry (TIMS) U-series technique was used to date the emergent coral reefs on the Central Vietnamese coast. Because coral reefs are considered ",True,NOT_IDENTIFIED,OpenAlex | Semantic Scholar,OA_SED_DREDGING_01 | OA_SED_SUSPENDED_01 | SS_SED_DREDGING_01 | SS_SED_SUSPENDED_01,SED_DREDGING | SED_SUSPENDED,SED_SUSPENDED,MULTI_SCHOLARLY,ORGANISM_ONLY,TITLE_ABSTRACT,EXCLUDE,,,Covidence calibration plus reviewer adjudication,,,Jake,2026-08-17,Covidence NO mapped to EXCLUDE.
CAL-0373,DEVELOPMENT,CWC-D1013144B25D,SEDIMENTATION ON LOW ISLES REEF AND ITS RELATION TO CORAL GROWTH,S. M. Marshall | A. P. Orr,1931,Biodiversity Heritage Library (Smithsonian Institution),article,,https://www.biodiversitylibrary.org/part/183501,en,,False,OPEN_ACCESS_PDF,Citation chaining,OA_CHAIN_G1_BACKWARD_REFERENCE | OA_CHAIN_G1_RELATED_WORK | OA_CHAIN_G2_BACKWARD_REFERENCE,MECH_FEEDING_MUCUS_CORAL | RESP_THRESHOLD_RECOVERY | SED_DEPOSITION | SED_DREDGING | SED_DRILLING | SED_SUSPENDED | SED_TAILINGS,SED_DRILLING,CITATION_CHAINING,ORGANISM_AND_STRESSOR,TITLE_ONLY,UNCERTAIN,,,Covidence calibration plus reviewer adjudication,,True,Jake,2026-08-17,Covidence MAYBE mapped to UNCERTAIN.
CAL-0374,DEVELOPMENT,CWC-A58FD5C6404E,"Miocene ice sheet dynamics and sediment deposition in the central Ross Sea, Antarctica - Norwegian Research Information Repository",,,University of Tromsø,thesis_or_dissertation,,https://munin.uit.no/handle/10037/36713,English,"18 Ma and 13 Ma. We identify distinct depositional packages, each of which contains facies successions that are reflective of past baseline shifts in the presence or absence of marine-terminating ice sheets on the outermost Ross Sea continental shelf. The oldest depositional package (>18 Ma) contains massive diamictites stacked through aggradation and deposited in a deep, actively subsiding basin that restricted marine ice sheet expansion on the outer continental shelf. A slowdown in tectonic subsidence after 17.8 Ma led to the deposition of progradational massive diamictites with thin mudston",False,LIKELY_FULL_DOCUMENT_URL,Grey literature,GL_NORWAY_RESP_THRESHOLD_RECOVERY_01,RESP_THRESHOLD_RECOVERY,RESP_THRESHOLD_RECOVERY,GREY_LITERATURE,STRESSOR_ONLY,TITLE_ABSTRACT,EXCLUDE,,,Covidence calibration plus reviewer adjudication,,,Jake,2026-08-17,Covidence NO mapped to EXCLUDE.
CAL-0375,VALIDATION,CWC-2D3505F3EDE1,Sedimentation and composition of wall communities in Alaskan fjords,Diane Carney | John S. Oliver | Cynthia Armstrong,1999,Polar Biology,article,10.1007/s003000050388,https://doi.org/10.1007/s003000050388,en,,False,NOT_IDENTIFIED,Citation chaining,OA_CHAIN_G1_FORWARD_CITATION,RESP_THRESHOLD_RECOVERY | SED_DEPOSITION | SED_SUSPENDED,RESP_THRESHOLD_RECOVERY,CITATION_CHAINING,STRESSOR_ONLY,TITLE_ONLY,EXCLUDE,,,Covidence calibration plus reviewer adjudication,,,Jake,2026-08-17,Covidence NO mapped to EXCLUDE.
CAL-0376,DEVELOPMENT,CWC-BAD6C3CCCB0B,Contributions to Exceptional Fossil Preservation,A.D. Muscente,2016,VTechWorks (Virginia Tech),dissertation,,http://hdl.handle.net/10919/79659,en,"Exceptionally preserved fossils—or fossils preserved with remains of originally non-biomineralized (i.e. soft) tissues—constitute a key resource for investigating the history of the biosphere. In comparison to fossils of biomineralized skeletal elements, which represent the majority of the fossil record but only a fraction of the total diversity that existed in the past, exceptionally preserved fossils are comparatively rare because soft tissues are rapidly destroyed in typical depositional environments. Assemblages of such fossils, nonetheless, have received special attention among scientists in multiple fields of Earth and life sciences because they represent relatively 'complete' windows to past life. Through such windows, researchers are able to reconstruct original biological features (e.g. soft tissue anatomies) of extinct organisms and to describe the structures and compositions of ancient soft-bodied paleocommunities. To accomplish these goals, however, researchers must incorporate background information regarding the pre- and post-burial histories of exceptionally preserved fossils. In this context, my dissertation focuses on the environmental settings, diagenetic conditio",True,NOT_IDENTIFIED,OpenAlex,OA_SED_DEPOSITION_01,SED_DEPOSITION,SED_DEPOSITION,OPENALEX,STRESSOR_ONLY,TITLE_ABSTRACT,EXCLUDE,,,Covidence calibration plus reviewer adjudication,,,Jake,2026-08-17,Covidence NO mapped to EXCLUDE.
CAL-0377,VALIDATION,CWC-FC185763DCA0,Status of Coral Reefs of the World: 2020,,2021,GCRMN,report,10.59387/wotj9184,https://doi.org/10.59387/wotj9184,en,"(Symbiodiniaceae ) living within the tissues of the coral polyp to fuel up to 90% the coral’s energy requirements for growth and reproduction 3. As a consequence, the depths at which corals can survive is constrained by the exponential decrease in irradiance (<1% of surface light at 100 m depth), the change of the spectral composition of light (e.g. dominated by blue), the drop in seawater temperature 4, and low hydrodynamic and nutrient enrichment. In [...] Efforts to support coral monitoring and capacity-building are underway with support from partner organisations such as the UN E",False,OPEN_ACCESS_PDF,Citation chaining | Grey literature,GL_DFO_MECH_FEEDING_MUCUS_CORAL_01 | GL_IAAC_MECH_FEEDING_MUCUS_CORAL_01 | GL_ICES_MECH_FEEDING_MUCUS_CORAL_01 | GL_NOAA_MECH_FEEDING_MUCUS_CORAL_01 | GL_OSPAR_MECH_FEEDING_MUCUS_CORAL_01 | OA_CHAIN_G1_BACKWARD_REFERENCE | OA_CHAIN_G2_BACKWARD_REFERENCE,MECH_FEEDING_MUCUS_CORAL | MECH_FEEDING_MUCUS_CORAL | RESP_THRESHOLD_RECOVERY | SED_DEPOSITION | SED_DREDGING | SED_SUSPENDED,MECH_FEEDING_MUCUS_CORAL,GREY_LITERATURE,ORGANISM_ONLY,TITLE_ABSTRACT,EXCLUDE,,,Covidence calibration plus reviewer adjudication,,,Jake,2026-08-17,Covidence NO mapped to EXCLUDE.
CAL-0378,DEVELOPMENT,CWC-082B04DDA20D,Distribution and population structure of deep‐dwelling red coral in the Northwest Mediterranean,Michela Angiolillo | Andrea Gori | Simonepietro Canese | Marzia Bo | Cristina Priori | Giorgio Bavestrello | Eva Salvati | Fabrizio Erra | Michael Greenacre | Giovanni Santangelo,2015,Marine Ecology,article,10.1111/maec.12274,https://doi.org/10.1111/maec.12274,en,"Abstract Commercially harvested since ancient times, the highly valuable red coral Corallium rubrum (Linnaeus, 1758) is an octocoral endemic to the Mediterranean Sea and adjacent Eastern Atlantic Ocean, where it occurs on rocky bottoms over a wide bathymetric range. Current knowledge is restricted to its shallow populations (15–50 m depth), with comparably little attention given to the deeper populations (50–200 m) that are nowadays the main target of exploitation. In this study, red coral distribution and population structure were assessed in three historically exploited areas (Amalfi, Ischia Island and Elba Island) in the Tyrrhenian Sea (Western Mediterranean Sea) between 50 and 130 m depth by means of ROV during a cruise carried out in the summer of 2010. Red coral populations showed a maximum patch frequency of 0.20 ± 0.04 SD patches·m −1 and a density ranging between 28 and 204 colonies·m −2 , with a fairly continuous bathymetric distribution. The highest red coral densities in the investigated areas were found on cliffs and boulders mainly exposed to the east, at the greatest depth, and characterized by medium percentage sediment cover. The study populations contained a high ",True,NOT_IDENTIFIED,Citation chaining | OpenAlex | Semantic Scholar | Web of Science,OA_CHAIN_G2_FORWARD_CITATION | OA_SED_DEPOSITION_01 | SS_SED_DEPOSITION_01 | WOS_SED_DEPOSITION_01,MECH_FEEDING_MUCUS_CORAL | MECH_FEEDING_PUMPING_SPONGE | RESP_THRESHOLD_RECOVERY | SED_DEPOSITION | SED_DREDGING | SED_DRILLING | SED_SUSPENDED | SED_TAILINGS | SED_DEPOSITION,SED_DEPOSITION,WEB_OF_SCIENCE,ORGANISM_AND_STRESSOR,TITLE_ABSTRACT,EXCLUDE,,,Covidence calibration plus reviewer adjudication,,,Jake,2026-08-17,Covidence NO mapped to EXCLUDE.
CAL-0379,DEVELOPMENT,CWC-9F69BBFC44DB,The Last Great Sponge Reefs,,,,other,,https://www.youtube.com/watch?v=IIXprCX9cLE,English,"corals, which are anthozoan cnidarians that form colonies that mostly rely on a symbiotic relationship with algae to survive. However, scleractinian corals would not appear until millions of years after the end of the Permian, and the late Devonian extinction had reduced the abundance of rugose and tabulate corals that were common in the earlier Paleozoic. So in the 100-million-year time between the mid-Paleozoic coral reefs and the Mesozoic coral reefs, reefs [...] the massive reefs of the middle Permian. But soon a mysterious event would mark the beginning of the end for these ecosystem",False,NOT_IDENTIFIED,Grey literature,GL_ESRF_SED_DREDGING_01 | GL_MBARI_SED_DREDGING_01 | GL_USGS_SED_DREDGING_01,SED_DREDGING,SED_DREDGING,GREY_LITERATURE,ORGANISM_ONLY,TITLE_ABSTRACT,EXCLUDE,,,Covidence calibration plus reviewer adjudication,,,Jake,2026-08-17,Covidence NO mapped to EXCLUDE.
CAL-0380,VALIDATION,CWC-664AB25FF049,Kompossisi komunitas bakteri yang berasosiasi dengan acropora hyacinthus,Trisilia Mulyawati Anggraeni | I Gusti Ngurah Putra Dirgayusa | Widiastuti Widiastuti,2023,Journal of Marine and Aquatic Sciences,article,10.24843/jmas.2022.v08.i01.p17,https://doi.org/10.24843/jmas.2022.v08.i01.p17,id,,False,OPEN_ACCESS_PDF,Citation chaining,OA_CHAIN_G1_FORWARD_CITATION | OA_CHAIN_G2_FORWARD_CITATION,MECH_FEEDING_MUCUS_CORAL | MECH_FEEDING_PUMPING_SPONGE | RESP_THRESHOLD_RECOVERY | SED_DEPOSITION | SED_SUSPENDED,SED_SUSPENDED,CITATION_CHAINING,NEITHER_SIGNAL,TITLE_ONLY,EXCLUDE,,,Covidence calibration plus reviewer adjudication,,,Jake,2026-08-17,Covidence NO mapped to EXCLUDE.
CAL-0381,DEVELOPMENT,CWC-F9EB865BC82E,"Ecologia da herbivoria por peixes-papagaio no Atlântico Oeste: organização social, ontogenia e papel funcional",João Lucas Leão Feitosa,2014,,,,https://www.semanticscholar.org/paper/33ca32cbf79be770203ad9cf6b0ad6fdf0b0d8e6,,,False,NOT_IDENTIFIED,Semantic Scholar,SS_MECH_FEEDING_MUCUS_CORAL_01 | SS_SED_SUSPENDED_01,MECH_FEEDING_MUCUS_CORAL | SED_SUSPENDED,SED_SUSPENDED,SEMANTIC_SCHOLAR,NEITHER_SIGNAL,TITLE_ONLY,EXCLUDE,,,Covidence calibration plus reviewer adjudication,,,Jake,2026-08-17,Covidence NO mapped to EXCLUDE.
CAL-0382,DEVELOPMENT,CWC-139AECF73DC4,Geological History of Plains of Western Canada,John Benwell Webb,1951,AAPG Bulletin,article,10.1306/3d934343-16b1-11d7-8645000102c1865d,https://doi.org/10.1306/3d934343-16b1-11d7-8645000102c1865d,en,"ABSTRACT Beneath the Western Canada plains in general, the stratigraphic record is fairly complete from Cambrian to Tertiary time, but important gaps, representing intervals of widespread uplift and erosion, occur over broad parts of the region. The Cenozoic tectonic features, the Sweetgrass arch and Williston basin, probably had early Paleozoic counterparts in the south. Middle Devonian-Silurian time was marked by development of an extensive evaporite basin on the central and eastern parts of the Alberta shelf, and coral reefs formed in late Middle Devonian on the north and east. The Peace River ridge, a positive element, located in northwestern Alberta, persisted as a lowland until inundated in late Upper Devonian time. Upper Devonian sediments were most widely distributed, with important coral reef development and, in the south, widespread evaporite deposition. Mississippian strata, though once widely distributed, were severely truncated during the long erosion interval which followed post-Paleozoic emergence. Permo-Pennsylvanian, Triassic, and Jurassic beds have restricted distribution on the west and south, much of the shelf region having remained a quiescent lowland during th",True,NOT_IDENTIFIED,OpenAlex | Semantic Scholar,OA_SED_DEPOSITION_01 | SS_SED_DEPOSITION_01,SED_DEPOSITION,SED_DEPOSITION,MULTI_SCHOLARLY,ORGANISM_AND_STRESSOR,TITLE_ABSTRACT,EXCLUDE,,,Covidence calibration plus reviewer adjudication,,,Jake,2026-08-17,Covidence NO mapped to EXCLUDE.
CAL-0383,VALIDATION,CWC-137825F99375,"JAMES FORREST LECTURE, 1963. BORING DEEP INTO THE EARTH.",T. Gaskell | B P,1963,Proceedings of the Institution of Civil Engineers,article,10.1680/iicep.1963.10405,https://doi.org/10.1680/iicep.1963.10405,en,"Keywords BRITISH PETROLEUM, BP BORING, EARTH, DEEP, BOREHOLES, GEOPHYSICS, SAMPLING, CORAL, REEFS, ATOLLS, GEOLOGY, EARTHQUAKES, WAVES, ROCKS, SEABED, SEA FLOOR, MANTLE, DRILLS, PIPES, DRILLING, CUTTING, BITS... Show All",False,NOT_IDENTIFIED,OpenAlex,OA_SED_DRILLING_01,SED_DRILLING,SED_DRILLING,OPENALEX,ORGANISM_ONLY,TITLE_ABSTRACT,EXCLUDE,,,Covidence calibration plus reviewer adjudication,,,Jake,2026-08-17,Covidence NO mapped to EXCLUDE.
CAL-0384,DEVELOPMENT,CWC-7D5C79EA5C29,"KABARA CORAL-REEF COMPLEX (LAU, FIJI) - GEOMORPHOLOGY, BIOLOGY AND SOCIO-ECOLOGY","GALZIN, R | RICARD, M | RICHARD, G | SALVAT, B | TOFFART, JL",1979,ANNALES DE L INSTITUT OCEANOGRAPHIQUE,JOUR,,,French,"Kabara is a raised limestone island covering 31 km2. About 6/7 of the island is surrounded by a barrier reef of 98% dead coral which delimits a shallow lagoon where loose sediments predominate. This lagoon has no algal areas or seagrass fields, but is crossed by 11 transverse lagoon tongues which could be remnants of older coral layers. The remaining 1/7 of the island, on the northwest side, corresponds to a collapsed zone where the ocean hits right against the cliffs fringed by the narrow apron reefs. The coral fauna, dominated by the genus Acropora both inside and outside the barrier zone, at present occupies only a small surface of the whole reef formation. There is a wide specific richness of Mollusks due to the transverse lagoon tongues that break up the monotony of the sandy lagoon; the malacological population densities are low. Fish are not numerous: the Pomacentridae are concentrated close to the lagoon tongues, but the prevalence of sandy bottoms (80% of the substratum) makes the fish fauna, which is mostly composed of Mullidae and Mugilidae, very sparse. The planktonic vegetable biomass was discussed. Apparently, Kabara is presently being, or has been, raised and this ha",True,NOT_IDENTIFIED,Web of Science,WOS_MECH_FEEDING_MUCUS_CORAL_01,MECH_FEEDING_MUCUS_CORAL,MECH_FEEDING_MUCUS_CORAL,WEB_OF_SCIENCE,ORGANISM_ONLY,TITLE_ABSTRACT,EXCLUDE,,,Covidence calibration plus reviewer adjudication,,,Jake,2026-08-17,Covidence NO mapped to EXCLUDE.
CAL-0385,VALIDATION,CWC-9F4EC52D699B,Mixed cold water coral community on Atlantic upper bathyal coarse sediment - JNCC Marine Habitat Classification,,,Joint Nature Conservation Committee,other,,https://mhc.jncc.gov.uk/biotopes/jnccmncr00002299,English,"# Description of biotope or habitat type. To understand more about what this page is describing, see How to use the classification. See also How to cite. ## Mixed cold water coral community on Atlantic upper bathyal coarse sediment. ### Physical habitat description. Download comparative physical and biological data. The comparative tables enable a rapid comparison of the species composition and principal physical characteristics between a given set of biotopes. * Records used to define the biotope (core records). * Other records assigned to this biotope, marked as 'certain'. * Other records as",False,NOT_IDENTIFIED,Grey literature,GL_JNCC_NERC_SED_DEPOSITION_01,SED_DEPOSITION,SED_DEPOSITION,GREY_LITERATURE,ORGANISM_AND_STRESSOR,TITLE_ABSTRACT,EXCLUDE,,,Covidence calibration plus reviewer adjudication,,,Jake,2026-08-17,Covidence NO mapped to EXCLUDE.
CAL-0386,VALIDATION,CWC-EF8BF8C2F762,Determining the causes of atmospheric CO2 changes during the last glacial-interglacial cycle: a model-data study,Cameron O'Neill,2021,ANU Open Research (Australian National University),dissertation,10.25911/467a-gw62,http://hdl.handle.net/1885/229785,en,"The Earth’s surface carbon cycle naturally distributes carbon among its main reservoirs: the ocean, atmosphere, terrestrial biosphere, marine and continental sediments. This natural cycling of carbon regulates atmospheric CO2 on long and short timeframes. Now that the carbon cycle is being perturbed by anthropogenic CO2 emissions, it is important to understand how it works and may change in the future. The CO2 released to the atmosphere via industrial emissions and land clearing is passed into the Earth’s carbon cycle reservoirs on varying timeframes, with positive and negative feedbacks. The recent and distant geological past provide evidence for how the carbon cycle responds to natural environmental fluctuations, and how the carbon cycle may respond in future. The glacial-interglacial (G-IG) cycles of CO2 in particular exhibit multiple changes in the carbon cycle on short and long time scales, and are littered with clues preserved in the geological record. Chief among these changes are ∼80-90 ppm oscillations in atmospheric CO2 concentration during G-IG progressions. The definitive causes of these large changes in atmospheric CO2 concentration have been keenly debated for the las",True,OPEN_ACCESS_LANDING_PAGE,OpenAlex,OA_SED_DEPOSITION_01,SED_DEPOSITION,SED_DEPOSITION,OPENALEX,STRESSOR_ONLY,TITLE_ABSTRACT,EXCLUDE,,,Covidence calibration plus reviewer adjudication,,,Jake,2026-08-17,Covidence NO mapped to EXCLUDE.
CAL-0387,DEVELOPMENT,CWC-897C6C0C4A46,Adsorption of Pb and Cd onto metal oxides and organic material in natural surface coatings as determined by selective extractions: new evidence for the importance of Mn and Fe oxides,Deming Dong | Yarrow M. Nelson | Leonard W. Lion | Michael L. Shuler | William C. Ghiorse,2000,Water Research,article,10.1016/s0043-1354(99)00185-2,https://doi.org/10.1016/s0043-1354(99)00185-2,en,,False,NOT_IDENTIFIED,Citation chaining,OA_CHAIN_G2_BACKWARD_REFERENCE,RESP_THRESHOLD_RECOVERY | SED_DEPOSITION | SED_DREDGING | SED_SUSPENDED,SED_DREDGING,CITATION_CHAINING,NEITHER_SIGNAL,TITLE_ONLY,EXCLUDE,,,Covidence calibration plus reviewer adjudication,,,Jake,2026-08-17,Covidence NO mapped to EXCLUDE.
CAL-0388,DEVELOPMENT,CWC-357FF804EF5E,Life histories and abundance patterns of colonial corals on Jamaican reefs,K. W. Rylaarsdam,1983,Marine Ecology Progress Series,article,10.3354/meps013249,https://doi.org/10.3354/meps013249,en,,False,OPEN_ACCESS_PDF,Citation chaining,OA_CHAIN_G2_BACKWARD_REFERENCE,MECH_FEEDING_MUCUS_CORAL | RESP_THRESHOLD_RECOVERY | SED_DEPOSITION | SED_DREDGING | SED_DRILLING | SED_SUSPENDED | SED_TAILINGS,SED_TAILINGS,CITATION_CHAINING,ORGANISM_ONLY,TITLE_ONLY,EXCLUDE,,,Covidence calibration plus reviewer adjudication,,,Jake,2026-08-17,Covidence NO mapped to EXCLUDE.
CAL-0389,VALIDATION,CWC-473A7C0653F4,Effects of current speed and turbidity on stationary light-trap catches of larval and juvenile fishes,"Lindquist, DC | Shaw, RF",2005,FISHERY BULLETIN,JOUR,,,English,,False,NOT_IDENTIFIED,Web of Science,WOS_SED_SUSPENDED_01,SED_SUSPENDED,SED_SUSPENDED,WEB_OF_SCIENCE,STRESSOR_ONLY,TITLE_ONLY,EXCLUDE,,,Covidence calibration plus reviewer adjudication,,,Jake,2026-08-17,Covidence NO mapped to EXCLUDE.
CAL-0390,DEVELOPMENT,CWC-D67064F2AD01,Practici depoziţionale non-funerare La Tène târziu în sud-vestul României. Descoperirile de la Glogova şi Desa / Non-funerary depositional practices during the Late La Tène in southwestern Romania. The discoveries from Glogova and Desa,Daniel Spânu,2020,,Review,10.3406/mcarh.2020.2126,https://www.semanticscholar.org/paper/e841cd6ff624210f5287ce3acc24bede47abd08b,,"Two recent discoveries offer new insights concerning the diversity of non-funerary practices in southern Romania, in Late La Tene period : the tools deposit from Glogova (Gorj County) and the spearheads deposit from Desa (Dolj County). In the upper part of a hill with steep slopes on the territory of the village of Glogova, two treasure hunters discovered a deposit of iron tools. The inventory consists of a share (Henning type B1), two flesh forks (gr. κρeάγρα) and three sickles (Henning type H6/ Babes type I). These types of tools have been used for a long time, but north of the Lower Danube such items are most commonly found in contexts from the 1st century BC – 1st century AD. The relatively small number of the items is not specific to Roman time sets of tools. Although it cannot be fully confirmed, the synchronization hypothesis between the Glogova deposit and the Padea – Panagjurski Kolonii group should not be lost of sight. The burial place of Glogova items on a steep hill recalls the pre-Roman depositions of tools from mountain contexts (e. g. Cetăţeni, Grădistea de Munte – Strâmbu, Râpa cu Galbeni and others). The question may be asked whether these deposits represented vot",True,OPEN_ACCESS_PDF,Semantic Scholar,SS_SED_DEPOSITION_01,SED_DEPOSITION,SED_DEPOSITION,SEMANTIC_SCHOLAR,STRESSOR_ONLY,TITLE_ABSTRACT,EXCLUDE,,,Covidence calibration plus reviewer adjudication,,,Jake,2026-08-17,Covidence NO mapped to EXCLUDE.
CAL-0391,DEVELOPMENT,CWC-EA8B9BAE4F0B,OCEAN DRILLING PROGRAM LEG 194 SCIENTIFIC PROSPECTUS,Marie-Christine Plateau; A. Isern,2000,,Review,,https://www.semanticscholar.org/paper/5567adda073f07fca25d25229b40c8b904a6dcc9,,,False,NOT_IDENTIFIED,Semantic Scholar,SS_SED_DEPOSITION_01,SED_DEPOSITION,SED_DEPOSITION,SEMANTIC_SCHOLAR,NEITHER_SIGNAL,TITLE_ONLY,EXCLUDE,,,Covidence calibration plus reviewer adjudication,,,Jake,2026-08-17,Covidence NO mapped to EXCLUDE.
CAL-0392,DEVELOPMENT,CWC-F9D2DDBD13BE,Report of the Working Group on Pathology and Diseases of Marine ...,,2004,ICES,monitoring_report,,https://www.ices.dk/sites/pub/CM%20Doccuments/2004/F/WGPDMO04.pdf,English,"program. Ph.D. dissertation. Rutgers University, New Brunswick, NJ. 225 pp. EPA Environmental Monitoring and Assessment Program (EMAP) is a research program to develop the tools necessary to monitor and assess the status and trends of national ecological resources. EMAP’s goal is to develop the scientific understanding for translating environmental monitoring data from multiple spatial and temporal scales into assessments of current ecological condition and forecasts of future risks to our [...] radioactivity) are to be assessed, can be addressed through integrated monitoring. More specificall",False,LIKELY_FULL_DOCUMENT_URL,Grey literature,GL_ICES_SED_DRILLING_01,SED_DRILLING,SED_DRILLING,GREY_LITERATURE,NEITHER_SIGNAL,TITLE_ABSTRACT,EXCLUDE,,,Covidence calibration plus reviewer adjudication,,,Jake,2026-08-17,Covidence NO mapped to EXCLUDE.
CAL-0393,VALIDATION,CWC-7242306AB316,Sediment rejection by recent scleractinian corals: a key to palaeo-environmental reconstruction - ADS,,1972,,journal_or_publisher_page,,http://ui.adsabs.harvard.edu/abs/1972GeoRu..61..598H/abstract,English,"coral was filmed before the sedimentary influx, on impact and during rejection. The skeletons were then extracted and dissected to construct a mechanical model compatible with their behavioural functions. There are four means of sediment rejection: distension by the stomodeal up-take of water, tentacular action, ciliary beat, and mucus entanglement. Differences in sediment rejection are ascribed to two factors (1) variations in the polyps' distensional capacity, and (2) the geometry of the [...] the geometry of the calice. A theoretical model of characteristic scleractinian distribution patter",False,NOT_IDENTIFIED,Grey literature,GL_DFO_MECH_FEEDING_MUCUS_CORAL_01 | GL_IAAC_MECH_FEEDING_MUCUS_CORAL_01 | GL_ICES_MECH_FEEDING_MUCUS_CORAL_01 | GL_NOAA_MECH_FEEDING_MUCUS_CORAL_01 | GL_OSPAR_MECH_FEEDING_MUCUS_CORAL_01,MECH_FEEDING_MUCUS_CORAL,MECH_FEEDING_MUCUS_CORAL,GREY_LITERATURE,ORGANISM_AND_STRESSOR,TITLE_ABSTRACT,UNCERTAIN,,,Covidence calibration plus reviewer adjudication,,True,Jake,2026-08-17,Covidence MAYBE mapped to UNCERTAIN.
CAL-0394,DEVELOPMENT,CWC-8F91FE4706F7,Foldscope Explores... Sea Sponges,,,Foldscope,other,,https://foldscope.com/blogs/blog/foldscope-explores-sea-sponges,English,"Sea sponges are animals that belong to the Phylum Porifera. As the name suggests, sponges are porous creatures that can be found in saltwater and freshwater environments. According to the fossil record, sea sponges have been in existence for approximately 600 million years! The approximately 8,550 species of sponges are differentiated by their skeletons, which can be either mineral or protein based. [...] sea sponge viewed under a Foldscope 2.0 at 50X magnification (left) and 50X magnification plus 5X zoom on phone (right) Figure 2. Picture of sea sponge viewed under a Foldscope 2.0 at 50X ma",False,NOT_IDENTIFIED,Grey literature,GL_BROAD_MECH_FEEDING_PUMPING_SPONGE_01 | GL_BROAD_SED_SUSPENDED_02 | GL_CNLOER_MECH_FEEDING_PUMPING_SPONGE_01 | GL_DFO_SED_SUSPENDED_01 | GL_JNCC_NERC_MECH_FEEDING_PUMPING_SPONGE_01 | GL_MBARI_MECH_FEEDING_PUMPING_SPONGE_01 | GL_NOAA_MECH_FEEDING_PUMPING_SPONGE_01 | GL_NORWAY_MECH_FEEDING_PUMPING_SPONGE_01 | GL_NORWAY_SED_SUSPENDED_01 | GL_USGS_MECH_FEEDING_PUMPING_SPONGE_01 | GL_WOA_SED_SUSPENDED_01,MECH_FEEDING_PUMPING_SPONGE | SED_SUSPENDED,MECH_FEEDING_PUMPING_SPONGE,GREY_LITERATURE,ORGANISM_ONLY,TITLE_ABSTRACT,EXCLUDE,,,Covidence calibration plus reviewer adjudication,,,Jake,2026-08-17,Covidence NO mapped to EXCLUDE.
CAL-0395,VALIDATION,CWC-0DC311392A4A,Role of reef fauna in sediment transport and distribution,H. Edward Clifton,1973,Helgoland Marine Research,article,10.1007/bf01609502,https://doi.org/10.1007/bf01609502,de,,False,OPEN_ACCESS_PDF,OpenAlex | Semantic Scholar,OA_SED_DEPOSITION_01 | SS_SED_DEPOSITION_01,SED_DEPOSITION,SED_DEPOSITION,MULTI_SCHOLARLY,STRESSOR_ONLY,TITLE_ONLY,EXCLUDE,,,Covidence calibration plus reviewer adjudication,,,Jake,2026-08-17,Covidence NO mapped to EXCLUDE.
CAL-0396,DEVELOPMENT,CWC-339FB702D400,An innovative photogrammetric approach for the monitoring of the endangered fan mussel Pinna nobilis: A case study from the Venice Lagoon,Andrea Sabino | A. Bergamasco | Gian Marco Scarpa | Annamaria Volpi Ghirardini | Marco Sigovini,2026,Regional Studies in Marine Science,article,10.1016/j.rsma.2026.105139,https://doi.org/10.1016/j.rsma.2026.105139,en,,False,OPEN_ACCESS_LANDING_PAGE,Citation chaining,OA_CHAIN_G1_FORWARD_CITATION,SED_DEPOSITION,SED_DEPOSITION,CITATION_CHAINING,NEITHER_SIGNAL,TITLE_ONLY,EXCLUDE,,,Covidence calibration plus reviewer adjudication,,,Jake,2026-08-17,Covidence NO mapped to EXCLUDE.
CAL-0397,DEVELOPMENT,CWC-1E907C933D44,Precipitation systems of major sedimentary bodies—collector rocks for oil and gas,S.K. Haldar,2020,Elsevier eBooks,book-chapter,10.1016/b978-0-12-820585-3.00008-9,https://doi.org/10.1016/b978-0-12-820585-3.00008-9,en,,False,NOT_IDENTIFIED,OpenAlex,OA_SED_SUSPENDED_01,SED_SUSPENDED,SED_SUSPENDED,OPENALEX,NEITHER_SIGNAL,TITLE_ONLY,EXCLUDE,,,Covidence calibration plus reviewer adjudication,,,Jake,2026-08-17,Covidence NO mapped to EXCLUDE.
CAL-0398,DEVELOPMENT,CWC-BD984C8FBB2B,Effects of discarded drill muds on microbial populations,Peter F. Sanders | P. J. C. Tibbetts,1987,"Philosophical transactions of the Royal Society of London. Series B, Biological sciences",article,10.1098/rstb.1987.0039,https://doi.org/10.1098/rstb.1987.0039,en,,False,NOT_IDENTIFIED,Citation chaining,OA_CHAIN_G1_RELATED_WORK,MECH_FEEDING_MUCUS_CORAL | RESP_THRESHOLD_RECOVERY | SED_DEPOSITION | SED_DREDGING | SED_DRILLING | SED_SUSPENDED,MECH_FEEDING_MUCUS_CORAL,CITATION_CHAINING,NEITHER_SIGNAL,TITLE_ONLY,EXCLUDE,,,Covidence calibration plus reviewer adjudication,,,Jake,2026-08-17,Covidence NO mapped to EXCLUDE.
CAL-0399,DEVELOPMENT,CWC-580DC8BEBCB6,Bacterias diazotróficas y desnitrificantes asociadas a raíces del mangle negro: caracterización de las comunidades a nivel molecular y su producción de moléculas señal tipo acilo homoserina lactonas,Flores Mireles | Ana Lídia,2005,,article,,http://dspace.cibnor.mx:8080/bitstream/123456789/101/1/flores_a.pdf,es,"Mangrove ecosystems play an important role as refuge, feeding and breeding areas for many organisms and sustain an extensive food weed based on detritus. Additionally, mangroves export nutrients to adjacent marine ecosystems such as sea grass communities and coral reefs. Mangroves of semi-arid areas are generally nitrogen deficient, but nonetheless, highly productive. This apparent paradox can be explained by the high biological nitrogen fixing activity that takes place in sediments, rhizosphere, decomposing leaves, aerial roots and bark, which can contribute from 40-60% of the total nitrogen required by the ecosystem. Denitrification in mangroves is important because it allows mineralization of organic matter under anaerobic or microaerophylic conditions, which prevail in a mangrove ecosystem. However, high denitrification rates could cause a significant loss of nitrogen from the ecosystem. Considering the importance for mangroves of both diazotrophic and denitrifying bacterial communities in regard to the availability of nitrogen, and the lack of information in the literature regarding the composition and diversity of such communities in mangrove ecosystems, we performed an analy",True,NOT_IDENTIFIED,OpenAlex | Semantic Scholar,OA_MECH_FEEDING_MUCUS_CORAL_01 | SS_MECH_FEEDING_MUCUS_CORAL_01,MECH_FEEDING_MUCUS_CORAL,MECH_FEEDING_MUCUS_CORAL,MULTI_SCHOLARLY,ORGANISM_AND_STRESSOR,TITLE_ABSTRACT,EXCLUDE,,,Covidence calibration plus reviewer adjudication,,,Jake,2026-08-17,Covidence NO mapped to EXCLUDE.
CAL-0400,DEVELOPMENT,CWC-9C0249BB9F37,"A systematic revision of the central West Atlantic: Halichondrida (Demospongiae, Porifera). Part III: Description of valid species",Mario Díaz | Shirley A. Pomponi | Rob W. M. van Soest,1993,UvA-DARE (University of Amsterdam),article,,https://handle.uba.uva.nl/personal/pure/en/publications/a-systematic-revision-of-the-central-west-atlantic-halichondrida-demospongiae-porifera-part-iii-description-of-valid-species(c9c9b1c0-4300-4356-bed6-399cf1165701).html,en,,False,OPEN_ACCESS_LANDING_PAGE,Citation chaining,OA_CHAIN_G2_BACKWARD_REFERENCE,MECH_FEEDING_PUMPING_SPONGE | SED_DEPOSITION | SED_DREDGING,MECH_FEEDING_PUMPING_SPONGE,CITATION_CHAINING,ORGANISM_ONLY,TITLE_ONLY,EXCLUDE,,,Covidence calibration plus reviewer adjudication,,,Jake,2026-08-17,Covidence NO mapped to EXCLUDE.
