seed_generation,corpus_id,openalex_id,title,doi,families,discovery_systems,occurrence_count,seed_basis
0,CWC-59CF454EFFD7,W2087656064,Respiratory responses of three Antarctic ascidians and a sea pen to increased sediment concentrations,10.1007/s00300-012-1208-1,MECH_FEEDING_MUCUS_CORAL,OpenAlex | Semantic Scholar | Web of Science,4,title organism+stressor; >=2 systems or >=3 occurrences
0,CWC-C69AD807E3BA,W2160612910,Tolerance to long-term exposure of suspended benthic sediments and drill cuttings in the cold-water coral Lophelia pertusa,10.1016/j.marpolbul.2013.02.033,MECH_FEEDING_MUCUS_CORAL | RESP_THRESHOLD_RECOVERY | SED_DEPOSITION | SED_DREDGING | SED_DRILLING | SED_SUSPENDED,OpenAlex | Semantic Scholar | Web of Science,16,title organism+stressor; >=2 systems or >=3 occurrences
0,CWC-F69FB12668AB,W2265474839,Direct Visualization of Mucus Production by the Cold-Water Coral Lophelia pertusa with Digital Holographic Microscopy,10.1371/journal.pone.0146766,MECH_FEEDING_MUCUS_CORAL | SED_DRILLING | SED_SUSPENDED,OpenAlex | Semantic Scholar | Web of Science,9,title organism+stressor; >=2 systems or >=3 occurrences
0,CWC-7A3BE9870A2A,W1987708571,Sedimentation on the cold-water coral Lophelia pertusa: Cleaning efficiency from natural sediments and drill cuttings,10.1016/j.marpolbul.2011.03.041,MECH_FEEDING_MUCUS_CORAL | RESP_THRESHOLD_RECOVERY | SED_DEPOSITION | SED_DREDGING | SED_DRILLING | SED_SUSPENDED,OpenAlex | Semantic Scholar | Web of Science,14,title organism+stressor; >=2 systems or >=3 occurrences
0,CWC-EDB1480675F9,W3019785981,"Effects and recovery of larvae of the cold-water coral Lophelia pertusa (Desmophyllum pertusum) exposed to suspended bentonite, barite and drill cuttings",10.1016/j.marenvres.2020.104996,MECH_FEEDING_MUCUS_CORAL | RESP_THRESHOLD_RECOVERY | SED_DREDGING | SED_DRILLING | SED_SUSPENDED,OpenAlex | Semantic Scholar | Web of Science,15,title organism+stressor; >=2 systems or >=3 occurrences
0,CWC-65EE21932D87,W1966253810,Coral mucus functions as an energy carrier and particle trap in the reef ecosystem,10.1038/nature02344,MECH_FEEDING_MUCUS_CORAL | SED_SUSPENDED,OpenAlex | Semantic Scholar | Web of Science,6,title organism+stressor; >=2 systems or >=3 occurrences
0,CWC-9DFB6E420F8B,W2016219567,Mucus-net feeding by the vermetid gastropod Dendropoma maxima in coral reefs,10.3354/meps204309,MECH_FEEDING_MUCUS_CORAL | SED_SUSPENDED,Semantic Scholar | Web of Science,4,title organism+stressor; >=2 systems or >=3 occurrences
0,CWC-76082769EE1A,W1992283489,Mucus trap in coral reefs: formation and temporal evolution of particle aggregates caused by coral mucus,10.3354/meps307069,MECH_FEEDING_MUCUS_CORAL | SED_SUSPENDED,OpenAlex | Semantic Scholar | Web of Science,4,title organism+stressor; >=2 systems or >=3 occurrences
0,CWC-3143828C5285,W4304608995,Mechanical and toxicological effects of deep-sea mining sediment plumes on a habitat-forming cold-water octocoral,10.3389/fmars.2022.915650,MECH_FEEDING_MUCUS_CORAL | RESP_THRESHOLD_RECOVERY | SED_DREDGING | SED_DRILLING | SED_SUSPENDED | SED_TAILINGS,OpenAlex | Semantic Scholar | Web of Science,15,title organism+stressor; >=2 systems or >=3 occurrences
0,CWC-FBEF158A306E,W2146710792,Shifting roles of heterotrophy and autotrophy in coral energetics under varying turbidity,10.1016/s0022-0981(00)00237-9,MECH_FEEDING_MUCUS_CORAL | SED_SUSPENDED,OpenAlex | Semantic Scholar | Web of Science,6,title organism+stressor; >=2 systems or >=3 occurrences
0,CWC-65CF36C85E16,W2464142271,Effects of drill cuttings on larvae of the cold-water coral Lophelia pertusa,10.1016/j.dsr2.2016.06.014,MECH_FEEDING_MUCUS_CORAL | RESP_THRESHOLD_RECOVERY | SED_DEPOSITION | SED_DREDGING | SED_DRILLING | SED_SUSPENDED,OpenAlex | Semantic Scholar | Web of Science,14,title organism+stressor; >=2 systems or >=3 occurrences
0,CWC-B27727ED4386,W2790518174,Effects of suspended drill cuttings on the coral <i>Lophelia pertusa</i> using pulsed and continuous exposure scenarios,10.1080/15287394.2018.1444375,MECH_FEEDING_MUCUS_CORAL | RESP_THRESHOLD_RECOVERY | SED_DEPOSITION | SED_DRILLING,OpenAlex | Semantic Scholar | Web of Science,12,title organism+stressor; >=2 systems or >=3 occurrences
0,CWC-F4145597F5EA,W4413452972,"Impacts of barite and bentonite sedimentation on the behaviour, mucus production and cnidocytes of the deep-sea coral Flabellum (Ulocyathus) alabastrum",10.1016/j.dsr2.2025.105536,MECH_FEEDING_MUCUS_CORAL | RESP_THRESHOLD_RECOVERY | SED_DRILLING,Grey literature | OpenAlex | Semantic Scholar | Web of Science,11,title organism+stressor; >=2 systems or >=3 occurrences
0,CWC-06A242DB83C1,W2479857337,An evaluation of coral<i>lophelia pertusa</i>mucus as an analytical matrix for environmental monitoring: A preliminary proteomic study,10.1080/15287394.2016.1210494,MECH_FEEDING_MUCUS_CORAL | SED_DRILLING,OpenAlex | Semantic Scholar | Web of Science,6,title organism+stressor; >=2 systems or >=3 occurrences
0,CWC-E71201EC464A,W2166927678,Perspectives on mucus secretion in reef corals,10.3354/meps296291,MECH_FEEDING_MUCUS_CORAL,OpenAlex | Semantic Scholar | Web of Science,3,title organism+stressor; >=2 systems or >=3 occurrences
0,CWC-6F7B9CC53341,W1531065141,Mucus Production by Corals Exposed during an Extreme Low Tide,,MECH_FEEDING_MUCUS_CORAL,OpenAlex | Semantic Scholar | Web of Science,3,title organism+stressor; >=2 systems or >=3 occurrences
0,CWC-16EACA2BB13E,W2745495934,Adaptive mechanisms and physiological effects of suspended and settled sediment on barrel sponges,10.1016/j.jembe.2017.07.013,MECH_FEEDING_MUCUS_CORAL | MECH_FEEDING_PUMPING_SPONGE | RESP_THRESHOLD_RECOVERY | SED_SUSPENDED,OpenAlex | Semantic Scholar | Web of Science,9,title organism+stressor; >=2 systems or >=3 occurrences
0,CWC-79021F87A4FC,W2957874086,Can Porites spp. corals be used as a bio-indicator for sediment stress on coral reefs?,10.1016/j.ecolind.2019.105538,MECH_FEEDING_MUCUS_CORAL | RESP_THRESHOLD_RECOVERY | SED_DEPOSITION | SED_DREDGING,OpenAlex | Semantic Scholar | Web of Science,11,title organism+stressor; >=2 systems or >=3 occurrences
0,CWC-556342AA9FA2,W2051907680,Environmental impacts of dredging and other sediment disturbances on corals: A review,10.1016/j.marpolbul.2012.05.008,MECH_FEEDING_MUCUS_CORAL | RESP_THRESHOLD_RECOVERY | SED_DEPOSITION | SED_DREDGING | SED_SUSPENDED,OpenAlex | Semantic Scholar | Web of Science,15,title organism+stressor; >=2 systems or >=3 occurrences
0,CWC-26475E0D61EB,W2044633319,"Effects of sedimentation on the gorgonian Subergorgia suberosa (Pallas, 1766)",10.1007/s00227-011-1649-z,MECH_FEEDING_MUCUS_CORAL | SED_DEPOSITION | SED_SUSPENDED,OpenAlex | Semantic Scholar | Web of Science,7,title organism+stressor; >=2 systems or >=3 occurrences
0,CWC-BD64C3058310,W4390603375,Beneficial properties of mucus in coral adaptations and ecological interactions,10.1007/s00227-023-04372-4,MECH_FEEDING_MUCUS_CORAL,OpenAlex | Semantic Scholar | Web of Science,3,title organism+stressor; >=2 systems or >=3 occurrences
0,CWC-84282236C919,W2181931100,"Among-Genotype Variation For Sediment Rejection In The Reef-Building Coral Diploastrea Heliopora (Lamarck, 1816)",10.5281/zenodo.5350227,MECH_FEEDING_MUCUS_CORAL | SED_DREDGING,OpenAlex | Semantic Scholar | Web of Science,5,title organism+stressor; >=2 systems or >=3 occurrences
0,CWC-6349159B1AA6,W2751270816,Coral morphology and sedimentation,10.1016/j.marpolbul.2017.08.036,MECH_FEEDING_MUCUS_CORAL | RESP_THRESHOLD_RECOVERY | SED_DEPOSITION | SED_DREDGING | SED_SUSPENDED,OpenAlex | Semantic Scholar | Web of Science,15,title organism+stressor; >=2 systems or >=3 occurrences
0,CWC-D6AEBFEC04B2,W1968026621,Influence of coral mucus on nutrient fluxes in carbonate sands,10.3354/meps287087,MECH_FEEDING_MUCUS_CORAL,Semantic Scholar | Web of Science,2,title organism+stressor; >=2 systems or >=3 occurrences
0,CWC-A6B60895B3DB,W7168142538,Context-dependent coral physiological responses to heat stress across a natural turbidity gradient,10.1016/j.marenvres.2026.108281,MECH_FEEDING_MUCUS_CORAL | RESP_THRESHOLD_RECOVERY | SED_SUSPENDED,OpenAlex | Semantic Scholar | Web of Science,8,title organism+stressor; >=2 systems or >=3 occurrences
0,CWC-318AD4B1A59D,W1855794263,The effect of seasonal temperature extremes on sediment rejection in three scleractinian coral species,10.1007/s00338-015-1359-y,MECH_FEEDING_MUCUS_CORAL | SED_DREDGING | SED_SUSPENDED,OpenAlex | Semantic Scholar | Web of Science,12,title organism+stressor; >=2 systems or >=3 occurrences
0,CWC-BC55B919B40A,W2171499130,Sediment‐induced turbidity impairs foraging performance and prey choice of planktivorous coral reef fishes,10.1890/12-0704.1,MECH_FEEDING_MUCUS_CORAL | RESP_THRESHOLD_RECOVERY | SED_DEPOSITION | SED_SUSPENDED,OpenAlex | Semantic Scholar | Web of Science,10,title organism+stressor; >=2 systems or >=3 occurrences
0,CWC-90641837875C,W2046201562,Sediment-rejection efficiency of 22 species of Australian scleractinian corals,10.1007/bf00346340,MECH_FEEDING_MUCUS_CORAL,Grey literature | OpenAlex | Semantic Scholar | Web of Science,5,title organism+stressor; >=2 systems or >=3 occurrences
0,CWC-0B7768455DAC,W2802977721,The effects of suspended sediment on coral reef fish assemblages and feeding guilds of north-west Australia,10.1007/s00338-018-1690-1,MECH_FEEDING_MUCUS_CORAL | RESP_THRESHOLD_RECOVERY | SED_DEPOSITION | SED_SUSPENDED,OpenAlex | Semantic Scholar | Web of Science,16,title organism+stressor; >=2 systems or >=3 occurrences
0,CWC-2AFFA256ECC4,W2950150010,"Effects of thermal stress on amount, composition, and antibacterial properties of coral mucus",10.7717/peerj.6849,MECH_FEEDING_MUCUS_CORAL,OpenAlex | Semantic Scholar | Web of Science,3,title organism+stressor; >=2 systems or >=3 occurrences
0,CWC-DF4BD1A36841,W1994108243,Coral mucus as an efficient trap for picoplanktonic cyanobacteria: implications for pelagic–benthic coupling in the reef ecosystem,10.3354/meps08073,MECH_FEEDING_MUCUS_CORAL,Semantic Scholar | Web of Science,2,title organism+stressor; >=2 systems or >=3 occurrences
0,CWC-1232E9ACE3BB,W2619001036,Metabolic responses of a phototrophic sponge to sedimentation supports transitions to sponge-dominated reefs,10.1038/s41598-017-03018-y,MECH_FEEDING_MUCUS_CORAL | MECH_FEEDING_PUMPING_SPONGE,OpenAlex | Semantic Scholar | Web of Science,5,title organism+stressor; >=2 systems or >=3 occurrences
0,CWC-512EB1B4D7E8,W2753867976,Modelling for management: Coral photo-physiology and growth potential under varying turbidity regimes,10.1016/j.ecolmodel.2017.08.018,MECH_FEEDING_MUCUS_CORAL | RESP_THRESHOLD_RECOVERY | SED_DEPOSITION | SED_DREDGING | SED_SUSPENDED,OpenAlex | Semantic Scholar | Web of Science,13,title organism+stressor; >=2 systems or >=3 occurrences
0,CWC-A1CC1F0E1730,W2010291084,Patterns of Oil-Sediment rejection in corals,10.1007/bf00389121,MECH_FEEDING_MUCUS_CORAL,OpenAlex | Semantic Scholar | Web of Science,3,title organism+stressor; >=2 systems or >=3 occurrences
0,CWC-70A7339A26B5,W2024676504,Sediment rejection by reef corals: The roles of behavior and morphology in Montastrea cavernosa (Linnaeus),10.1016/0022-0981(80)90139-2,MECH_FEEDING_MUCUS_CORAL | SED_DEPOSITION,OpenAlex | Semantic Scholar | Web of Science,6,title organism+stressor; >=2 systems or >=3 occurrences
0,CWC-5EFCAF1E0125,W2132130965,Environmental limits to growth: physiological niche boundaries of corals along turbidity–light gradients,10.1007/s00442-004-1647-7,MECH_FEEDING_MUCUS_CORAL | RESP_THRESHOLD_RECOVERY | SED_SUSPENDED,OpenAlex | Semantic Scholar | Web of Science,9,title organism+stressor; >=2 systems or >=3 occurrences
0,CWC-A413CA902805,W4385976804,The comparative effects of chronic microplastic and sediment deposition on the scleractinian coral Merulina ampliata,10.1016/j.marenvres.2023.106135,MECH_FEEDING_MUCUS_CORAL | SED_DEPOSITION | SED_DREDGING | SED_SUSPENDED,Grey literature | OpenAlex | Semantic Scholar | Web of Science,12,title organism+stressor; >=2 systems or >=3 occurrences
0,CWC-2E7899F8542E,W2525255284,Mucous Secretion and Cilia Beating Defend Developing Coral Larvae from Suspended Sediments,10.1371/journal.pone.0162743,MECH_FEEDING_MUCUS_CORAL | SED_DREDGING | SED_SUSPENDED,OpenAlex | Semantic Scholar | Web of Science,9,title organism+stressor; >=2 systems or >=3 occurrences
0,CWC-90C33F877CE5,W2053876996,Sediment-rejection mechanisms of 42 species of Australian scleractinian corals,10.1071/mf9920683,MECH_FEEDING_MUCUS_CORAL | SED_DEPOSITION,OpenAlex | Semantic Scholar | Web of Science,5,title organism+stressor; >=2 systems or >=3 occurrences
0,CWC-67ACFDAD860A,W2008727311,"Effects of turbidity on calcification rate, protein concentration and the free amino acid pool of the coral Acropora cervicornis",10.1007/bf00397003,MECH_FEEDING_MUCUS_CORAL | RESP_THRESHOLD_RECOVERY | SED_SUSPENDED,OpenAlex | Semantic Scholar | Web of Science,9,title organism+stressor; >=2 systems or >=3 occurrences
0,CWC-85C653AA21DB,W2123657965,Coral mucus release and following particle trapping contribute to rapid nutrient recycling in a Northern Red Sea fringing reef,10.1071/mf09250,MECH_FEEDING_MUCUS_CORAL,OpenAlex | Semantic Scholar | Web of Science,3,title organism+stressor; >=2 systems or >=3 occurrences
0,CWC-20B3F92CE246,W2759811397,Additive negative effects of anthropogenic sedimentation and warming on the survival of coral recruits,10.1038/s41598-017-12607-w,MECH_FEEDING_MUCUS_CORAL | RESP_THRESHOLD_RECOVERY | SED_DREDGING | SED_SUSPENDED,OpenAlex | Semantic Scholar | Web of Science,12,title organism+stressor; >=2 systems or >=3 occurrences
0,CWC-BE52410755F7,W2106360792,Composition of mucus released by coral reef coelenterates1,10.4319/lo.1979.24.4.0706,MECH_FEEDING_MUCUS_CORAL,OpenAlex | Semantic Scholar | Web of Science,3,title organism+stressor; >=2 systems or >=3 occurrences
0,CWC-D5A9EA1ABD9E,W4402098421,Coral mucus promotes the carbon metabolic potency of microorganisms in the coral reef ecosystem,10.1002/lno.12673,MECH_FEEDING_MUCUS_CORAL,OpenAlex | Semantic Scholar | Web of Science,3,title organism+stressor; >=2 systems or >=3 occurrences
0,CWC-646B2BAE163A,W2164104449,Degradation and mineralization of coral mucus in reef environments,10.3354/meps267159,MECH_FEEDING_MUCUS_CORAL,OpenAlex | Semantic Scholar | Web of Science,3,title organism+stressor; >=2 systems or >=3 occurrences
0,CWC-600ED6F6AADF,W7123591220,"Coral mucus input promotes sedimentary organic matter degradation: Evidence from a typical coral reef area, northern South China Sea",10.1016/j.envres.2026.123775,MECH_FEEDING_MUCUS_CORAL,OpenAlex | Semantic Scholar | Web of Science,3,title organism+stressor; >=2 systems or >=3 occurrences
0,CWC-5E28A716FFBA,W2092097523,"DMS and DMSP in mucus ropes, coral mucus, surface films and sediment pore waters from coral reefs in the Great Barrier Reef",10.1071/mf04114,MECH_FEEDING_MUCUS_CORAL,OpenAlex | Semantic Scholar | Web of Science,3,title organism+stressor; >=2 systems or >=3 occurrences
0,CWC-2CE5EB8EAB8A,W2058068285,Effects of drilling mud on the reef-building coral Montastrea annularis,10.1007/bf00394622,MECH_FEEDING_MUCUS_CORAL | RESP_THRESHOLD_RECOVERY | SED_DRILLING,OpenAlex | Semantic Scholar | Web of Science,8,title organism+stressor; >=2 systems or >=3 occurrences
0,CWC-C02C582DDBE5,W2168092021,Effects of sediment on the energy budgets of four scleractinian (Bourne 1900) and five alcyonacean (Lamouroux 1816) corals,10.1016/0022-0981(94)00164-9,MECH_FEEDING_MUCUS_CORAL,Grey literature | OpenAlex | Semantic Scholar | Web of Science,5,title organism+stressor; >=2 systems or >=3 occurrences
0,CWC-187332C76D22,W2417065799,Archaeal and Bacterial Communities Associated with the Surface Mucus of Caribbean Corals Differ in Their Degree of Host Specificity and Community Turnover Over Reefs,10.1371/journal.pone.0144702,MECH_FEEDING_MUCUS_CORAL,OpenAlex | Semantic Scholar | Web of Science,3,title organism+stressor; >=2 systems or >=3 occurrences
0,CWC-B5893A87110B,W2153254329,Sediment as a possible source of food for corals,10.1046/j.1461-0248.1999.00097.x,MECH_FEEDING_MUCUS_CORAL | SED_DEPOSITION | SED_SUSPENDED,OpenAlex | Web of Science,5,title organism+stressor; >=2 systems or >=3 occurrences
0,CWC-5FE65A59C78C,W1993433376,"Effects of salinity and sedimentation on the Gorgonian Coral, Leptogorgia virgulata (Lamarck 1815)",10.1016/j.jembe.2011.09.014,MECH_FEEDING_MUCUS_CORAL | SED_DEPOSITION | SED_DREDGING,OpenAlex | Semantic Scholar | Web of Science,7,title organism+stressor; >=2 systems or >=3 occurrences
0,CWC-BA8D1E278063,W1999565816,Bacterial communities and species-specific associations with the mucus of Brazilian coral species,10.1038/srep01624,MECH_FEEDING_MUCUS_CORAL,OpenAlex | Semantic Scholar | Web of Science,3,title organism+stressor; >=2 systems or >=3 occurrences
0,CWC-6496CF07F5D1,W3161194629,"Polycyclic aromatic hydrocarbons (PAHs) in the non-bleached and bleached corals and their ambient environment: The role of suspended particulate matter, mucus, and positive matrix factorization model for identifying contributions to the carcinogenicity of PAH sources",10.1016/j.scitotenv.2021.147688,MECH_FEEDING_MUCUS_CORAL,OpenAlex | Semantic Scholar | Web of Science,3,title organism+stressor; >=2 systems or >=3 occurrences
0,CWC-56F58D15F751,W2125013001,Suspended sediment prolongs larval development in a coral reef fish,10.1242/jeb.094409,MECH_FEEDING_MUCUS_CORAL | RESP_THRESHOLD_RECOVERY | SED_DEPOSITION | SED_SUSPENDED,OpenAlex | Semantic Scholar | Web of Science,10,title organism+stressor; >=2 systems or >=3 occurrences
0,CWC-50EE0C657590,W4413287323,The Dark Side of Mucus: Stress‐Induced Mucus Aggregate (SIMA) on Tubastraea Corals in a Heavily Impacted Bay,10.1111/aec.70107,MECH_FEEDING_MUCUS_CORAL,Semantic Scholar | Web of Science,2,title organism+stressor; >=2 systems or >=3 occurrences
0,CWC-F150A4FE0A53,W2163996015,"Predictions of Turbidity Due to Enhanced Sediment Resuspension Resulting from Sea-Level Rise on a Fringing Coral Reef: Evidence from Molokai, Hawaii",10.2112/jcoastres-d-09-00064.1,MECH_FEEDING_MUCUS_CORAL | SED_DREDGING | SED_SUSPENDED,Grey literature | OpenAlex | Semantic Scholar | Web of Science,10,title organism+stressor; >=2 systems or >=3 occurrences
0,CWC-3613B1A4F250,W2051672915,Mineralization of particulate organic matter derived from coral-reef organisms in reef sediments of the Gulf of Aqaba,10.1080/02757540500456823,MECH_FEEDING_MUCUS_CORAL,OpenAlex | Semantic Scholar | Web of Science,3,title organism+stressor; >=2 systems or >=3 occurrences
0,CWC-44096D6A2C91,W1886228056,Phylogenetic characterization of culturable actinomycetes associated with the mucus of the coral Acropora digitifera from Gulf of Mannar,10.1111/j.1574-6968.2010.02149.x,MECH_FEEDING_MUCUS_CORAL,OpenAlex | Semantic Scholar | Web of Science,3,title organism+stressor; >=2 systems or >=3 occurrences
0,CWC-3C8424A0D932,W4292081178,Sponges sneeze mucus to shed particulate waste from their seawater inlet pores,10.1016/j.cub.2022.07.017,MECH_FEEDING_MUCUS_CORAL | SED_TAILINGS,OpenAlex | Semantic Scholar | Web of Science,4,title organism+stressor; >=2 systems or >=3 occurrences
0,CWC-E98D3B2999B1,W4210594212,No short-term effect of sinking microplastics on heterotrophy or sediment clearing in the tropical coral Stylophora pistillata,10.1038/s41598-022-05420-7,MECH_FEEDING_MUCUS_CORAL | SED_SUSPENDED,OpenAlex | Semantic Scholar | Web of Science,6,title organism+stressor; >=2 systems or >=3 occurrences
0,CWC-5BFDC19E6EF5,W2224977347,Spatial Homogeneity of Bacterial Communities Associated with the Surface Mucus Layer of the Reef-Building Coral Acropora palmata,10.1371/journal.pone.0143790,MECH_FEEDING_MUCUS_CORAL,OpenAlex | Semantic Scholar | Web of Science,3,title organism+stressor; >=2 systems or >=3 occurrences
0,CWC-EF9492C23A9D,W2765676482,Increasing benthic dominance of the phototrophic sponge Lamellodysidea herbacea on a sedimented reef within the Coral Triangle,10.1007/s00227-017-3253-3,MECH_FEEDING_MUCUS_CORAL | SED_SUSPENDED,OpenAlex | Semantic Scholar | Web of Science,7,title organism+stressor; >=2 systems or >=3 occurrences
0,CWC-1F2DE1D5AFFE,W2618770354,Cumulative impacts: thermally bleached corals have reduced capacity to clear deposited sediment,10.1038/s41598-017-02810-0,MECH_FEEDING_MUCUS_CORAL | SED_DEPOSITION | SED_DREDGING,OpenAlex | Semantic Scholar | Web of Science,9,title organism+stressor; >=2 systems or >=3 occurrences
0,CWC-1C68BB5D48A7,W2025587010,Effects of two sediment types on the fluorescence yield of two Hawaiian scleractinian corals,10.1016/j.marenvres.2007.04.001,MECH_FEEDING_MUCUS_CORAL | RESP_THRESHOLD_RECOVERY | SED_DEPOSITION,OpenAlex | Semantic Scholar | Web of Science,9,title organism+stressor; >=2 systems or >=3 occurrences
0,CWC-FDF2AA0851F7,W2044669084,Rapid Smothering of Coral Reef Organisms by Muddy Marine Snow,10.1006/ecss.1999.0538,MECH_FEEDING_MUCUS_CORAL | SED_DEPOSITION | SED_SUSPENDED,OpenAlex | Semantic Scholar | Web of Science,6,title organism+stressor; >=2 systems or >=3 occurrences
0,CWC-BD0480DC4021,W2164939909,"Short-term assessment of the sediment deposition rate and water conditions during a rainy season on La Azufrada coral reef, Gorgona Island, Colombia",10.15517/rbt.v62i0.15981,MECH_FEEDING_MUCUS_CORAL | SED_DEPOSITION | SED_SUSPENDED,OpenAlex | Semantic Scholar | Web of Science,9,title organism+stressor; >=2 systems or >=3 occurrences
0,CWC-FEEFEE9ACBAC,W3124942184,"Chlorinated paraffins (SCCPs and MCCPs) in corals and water-SPM-sediment system in the Persian Gulf, Iran: A potential global threat for coral reefs",10.1016/j.envpol.2021.116531,MECH_FEEDING_MUCUS_CORAL,OpenAlex | Semantic Scholar | Web of Science,3,title organism+stressor; >=2 systems or >=3 occurrences
0,CWC-DEC36A45162C,W2079072861,Mechanisms of damage to corals exposed to sedimentation,10.1073/pnas.1100715109,MECH_FEEDING_MUCUS_CORAL | RESP_THRESHOLD_RECOVERY | SED_DREDGING,OpenAlex | Semantic Scholar | Web of Science,8,title organism+stressor; >=2 systems or >=3 occurrences
0,CWC-12684F69AB2A,W2569481407,The Effects of Algal Turf Sediments and Organic Loads on Feeding by Coral Reef Surgeonfishes,10.1371/journal.pone.0169479,MECH_FEEDING_MUCUS_CORAL | RESP_THRESHOLD_RECOVERY | SED_DEPOSITION,OpenAlex | Semantic Scholar | Web of Science,9,title organism+stressor; >=2 systems or >=3 occurrences
0,CWC-F5FD6B84111D,W4387937295,"Movement dynamics, sediment turnover and sheltering behaviours of the nocturnal coral reef sea cucumber, Stichopus cf. monotuberculatus",10.1007/s00338-023-02433-0,MECH_FEEDING_MUCUS_CORAL,OpenAlex | Semantic Scholar | Web of Science,3,title organism+stressor; >=2 systems or >=3 occurrences
0,CWC-074B411D14C5,W2054632639,"The Dangeard and Explorer canyons, South Western Approaches UK: Geology, sedimentology and newly discovered cold-water coral mini-mounds",10.1016/j.dsr2.2013.08.018,MECH_FEEDING_MUCUS_CORAL | SED_SUSPENDED,OpenAlex | Semantic Scholar | Web of Science,4,title organism+stressor; >=2 systems or >=3 occurrences
0,CWC-2F2E7722E567,W2972371748,Regional coral disease outbreak overwhelms impacts from a local dredge project,10.1007/s10661-019-7767-7,MECH_FEEDING_MUCUS_CORAL | SED_DREDGING,OpenAlex | Semantic Scholar | Web of Science,4,title organism+stressor; >=2 systems or >=3 occurrences
0,CWC-2E7B22F019A7,W2610112398,The short-term combined effects of temperature and organic matter enrichment on permeable coral reef carbonate sediment metabolism and dissolution,10.5194/bg-14-5377-2017,MECH_FEEDING_MUCUS_CORAL,OpenAlex | Semantic Scholar | Web of Science,3,title organism+stressor; >=2 systems or >=3 occurrences
0,CWC-D61AADC05DF6,W2050696313,Fish feeding and dynamics of soft-sediment mollusc populations in a coral reef lagoon,10.3354/meps080175,MECH_FEEDING_MUCUS_CORAL,OpenAlex | Semantic Scholar | Web of Science,3,title organism+stressor; >=2 systems or >=3 occurrences
0,CWC-879CE1A19791,W2553114592,Fine sediments suppress detritivory on coral reefs,10.1016/j.marpolbul.2016.11.016,MECH_FEEDING_MUCUS_CORAL | SED_DREDGING,OpenAlex | Semantic Scholar | Web of Science,6,title organism+stressor; >=2 systems or >=3 occurrences
0,CWC-0407892FF421,W2166830499,Sediment‐mediated suppression of herbivory on coral reefs: Decreasing resilience to rising sea‐levels and climate change?,10.4319/lo.2008.53.6.2695,MECH_FEEDING_MUCUS_CORAL | SED_DEPOSITION,OpenAlex | Semantic Scholar | Web of Science,6,title organism+stressor; >=2 systems or >=3 occurrences
0,CWC-7692D0B3D4C5,W4206662321,High herbivory despite high sediment loads on a fringing coral reef,10.1007/s00338-021-02211-w,MECH_FEEDING_MUCUS_CORAL | SED_DEPOSITION,OpenAlex | Semantic Scholar | Web of Science,6,title organism+stressor; >=2 systems or >=3 occurrences
0,CWC-09ABED414EAD,W2035880133,Effect of the surgeonfish Ctenochaetus striatus (Acanthuridae) on the processes of sediment transport and deposition on a coral reef in the Red Sea,10.1007/s10347-010-0239-8,MECH_FEEDING_MUCUS_CORAL | SED_DREDGING | SED_SUSPENDED,OpenAlex | Semantic Scholar | Web of Science,5,title organism+stressor; >=2 systems or >=3 occurrences
0,CWC-ED60A172A904,W4206934350,Impacts of overfishing and sedimentation on the feeding behavior and ecological function of herbivorous fishes in coral reefs,10.3354/meps13996,MECH_FEEDING_MUCUS_CORAL | RESP_THRESHOLD_RECOVERY | SED_DEPOSITION,OpenAlex | Semantic Scholar | Web of Science,6,title organism+stressor; >=2 systems or >=3 occurrences
0,CWC-57848750F543,W1969529013,A comparative study of the effects of sedimentation on symbiotic and asymbiotic colonies of the coral Astrangiadanae Milne Edwards and Haime 1849,10.1016/0022-0981(85)90096-6,MECH_FEEDING_MUCUS_CORAL | SED_DEPOSITION,OpenAlex | Semantic Scholar | Web of Science,6,title organism+stressor; >=2 systems or >=3 occurrences
0,CWC-4D68FDBA087A,W2043565718,Influence of fish grazing and sedimentation on the early post-settlement survival of the tabular coral Acropora cytherea,10.1007/s00338-013-1059-4,MECH_FEEDING_MUCUS_CORAL | SED_DEPOSITION,OpenAlex | Semantic Scholar | Web of Science,8,title organism+stressor; >=2 systems or >=3 occurrences
0,CWC-6FDEA6718C9D,W1997600689,"Subtropical coral-reef associated sedimentary facies characterized by molluscs (Northern Bay of Safaga, Red Sea, Egypt)",10.1007/bf02537367,MECH_FEEDING_MUCUS_CORAL,OpenAlex | Semantic Scholar | Web of Science,3,title organism+stressor; >=2 systems or >=3 occurrences
0,CWC-C9DF3ABB54E0,W2969313134,"Distribution of sea cucumbers in relation to sediment characteristics in coral reef lagoons and adjacent waters around Ishigaki Island, southern Japan",10.1111/maec.12564,MECH_FEEDING_MUCUS_CORAL | SED_DEPOSITION,OpenAlex | Web of Science,4,title organism+stressor; >=2 systems or >=3 occurrences
0,CWC-1CE945E14F29,W2037496541,Ingestion and assimilation of nitrogen from benthic sediments by three species of coral,10.1007/s00227-004-1398-3,MECH_FEEDING_MUCUS_CORAL | SED_DEPOSITION,OpenAlex | Semantic Scholar | Web of Science,4,title organism+stressor; >=2 systems or >=3 occurrences
0,CWC-6DE9501104AD,W2967753261,Borneo coral reefs subject to high sediment loads show evidence of resilience to various environmental stressors,10.7717/peerj.7382,MECH_FEEDING_MUCUS_CORAL | SED_DEPOSITION | SED_SUSPENDED,OpenAlex | Semantic Scholar | Web of Science,8,title organism+stressor; >=2 systems or >=3 occurrences
0,CWC-95831B443F79,W2137867946,Sediment suppresses herbivory across a coral reef depth gradient,10.1098/rsbl.2012.0770,MECH_FEEDING_MUCUS_CORAL | SED_DEPOSITION,OpenAlex | Semantic Scholar | Web of Science,6,title organism+stressor; >=2 systems or >=3 occurrences
0,CWC-8EC843A4CF43,W1967377719,"The effects of storms, heavy rain, and sedimentation on the shallow coral reefs of St. John, US Virgin Islands",10.1007/s10750-014-1876-7,MECH_FEEDING_MUCUS_CORAL,OpenAlex | Semantic Scholar | Web of Science,4,title organism+stressor; >=2 systems or >=3 occurrences
0,CWC-8ED1D99562D3,W2919121507,Algae sediment dynamics are mediated by herbivorous fishes on a nearshore coral reef,10.1007/s00338-019-01780-1,MECH_FEEDING_MUCUS_CORAL | RESP_THRESHOLD_RECOVERY | SED_DEPOSITION,OpenAlex | Semantic Scholar | Web of Science,11,title organism+stressor; >=2 systems or >=3 occurrences
0,CWC-04E16130CD13,W656717455,Sediment pollution impacts sensory ability and performance of settling coral-reef fish,10.1007/s00442-015-3367-6,MECH_FEEDING_MUCUS_CORAL | SED_SUSPENDED,OpenAlex | Semantic Scholar | Web of Science,4,title organism+stressor; >=2 systems or >=3 occurrences
0,CWC-E091D2D9DEA5,W2793659700,"Occurrence and distribution of Polycyclic aromatic hydrocarbons (PAHs) in seawater, sediments and corals from Hainan Island, China",10.1016/j.ecoenv.2018.01.006,MECH_FEEDING_MUCUS_CORAL | SED_DEPOSITION,OpenAlex | Semantic Scholar | Web of Science,6,title organism+stressor; >=2 systems or >=3 occurrences
0,CWC-62431A6B71A3,W2062835991,"Effects of the gastropod <i>Rhinoclavis aspera</i> (Linnaeus, 1758) on microbial biomass and productivity in coral-reef-flat sediments",10.1071/mf9940569,MECH_FEEDING_MUCUS_CORAL,OpenAlex | Semantic Scholar | Web of Science,3,title organism+stressor; >=2 systems or >=3 occurrences
0,CWC-7A369BE2F9D7,W4396886443,"Taxonomic, phylogenetic, and functional diversity of mollusk death assemblages in coral reef and seagrass sediments from two shallow gulfs in Western Cuban Archipelago",10.1371/journal.pone.0303539,MECH_FEEDING_MUCUS_CORAL,OpenAlex | Semantic Scholar | Web of Science,3,title organism+stressor; >=2 systems or >=3 occurrences
0,CWC-FB803EA9BC1A,W2900804485,"Comparative study of polycyclic aromatic hydrocarbons (PAHs) and heavy metals (HMs) in corals, surrounding sediments and surface water at the Dazhou Island, China",10.1016/j.chemosphere.2018.11.063,MECH_FEEDING_MUCUS_CORAL | SED_DEPOSITION,OpenAlex | Semantic Scholar | Web of Science,6,title organism+stressor; >=2 systems or >=3 occurrences
0,CWC-89E5D6DBB16D,W3028370378,Algal turf sediments limit the spatial extent of function delivery on coral reefs,10.1016/j.scitotenv.2020.139422,MECH_FEEDING_MUCUS_CORAL | RESP_THRESHOLD_RECOVERY | SED_DEPOSITION,OpenAlex | Semantic Scholar | Web of Science,8,title organism+stressor; >=2 systems or >=3 occurrences
0,CWC-91088E1529EB,W2007261552,"Paleoecology and sedimentary environment of the Late Devonian coral biostrome from the Central Devonian Field, Russia",10.1016/j.palaeo.2015.02.021,MECH_FEEDING_MUCUS_CORAL,OpenAlex | Semantic Scholar | Web of Science,3,title organism+stressor; >=2 systems or >=3 occurrences
0,CWC-410C387E3225,W1963680059,Interactions between sediment-feeders and microalgae on coral reefs: grazing losses versus production enhancement,10.3354/meps210125,MECH_FEEDING_MUCUS_CORAL,OpenAlex | Semantic Scholar | Web of Science,3,title organism+stressor; >=2 systems or >=3 occurrences
0,CWC-022CA0961B62,W3205107890,Quantifying production rates and size fractions of parrotfish‐derived sediment: A key functional role on Maldivian coral reefs,10.1002/ece3.8306,MECH_FEEDING_MUCUS_CORAL,OpenAlex | Semantic Scholar | Web of Science,3,title organism+stressor; >=2 systems or >=3 occurrences
0,CWC-B1DE4BEDAD33,W2166136476,Microhabitat type determines the composition of nematode communities associated with sediment-clogged cold-water coral framework in the Porcupine Seabight (NE Atlantic),10.1016/j.dsr.2006.08.012,MECH_FEEDING_MUCUS_CORAL | MECH_FEEDING_PUMPING_SPONGE,OpenAlex | Semantic Scholar | Web of Science,6,title organism+stressor; >=2 systems or >=3 occurrences
0,CWC-3BA5EE36CD77,W2793710040,Suspended sediment causes feeding current arrests in situ in the glass sponge Aphrocallistes vastus,10.1016/j.marenvres.2018.02.020,MECH_FEEDING_PUMPING_SPONGE | SED_DREDGING | SED_SUSPENDED,OpenAlex | Semantic Scholar | Web of Science,7,title organism+stressor; >=2 systems or >=3 occurrences
0,CWC-227A2136AB45,W3137899270,"The Hexactinellid Deep-Water Sponge Vazella pourtalesii (Schmidt, 1870) (Rossellidae) Copes With Temporarily Elevated Concentrations of Suspended Natural Sediment",10.3389/fmars.2021.611539,MECH_FEEDING_PUMPING_SPONGE | SED_DEPOSITION | SED_SUSPENDED,OpenAlex | Semantic Scholar | Web of Science,9,title organism+stressor; >=2 systems or >=3 occurrences
0,CWC-D47B9A6D53DA,W2020839766,Glass sponges arrest pumping in response to sediment: implications for the physiology of the hexactinellid conduction system,10.1007/s00227-008-0987-y,MECH_FEEDING_PUMPING_SPONGE | RESP_THRESHOLD_RECOVERY,Grey literature | OpenAlex | Semantic Scholar | Web of Science,4,title organism+stressor; >=2 systems or >=3 occurrences
0,CWC-A892DB47932A,W2930445635,Effect of suspended sediments on the pumping rates of three species of glass sponge in situ,10.3354/meps12939,MECH_FEEDING_PUMPING_SPONGE | RESP_THRESHOLD_RECOVERY | SED_DREDGING | SED_SUSPENDED,OpenAlex | Semantic Scholar | Web of Science,9,title organism+stressor; >=2 systems or >=3 occurrences
0,CWC-7ADF72F6B985,W2285511392,Happy relationships between marine sponges and sediments – a review and some observations from Australia,10.1017/s0025315415001411,MECH_FEEDING_PUMPING_SPONGE | SED_DEPOSITION,OpenAlex | Semantic Scholar | Web of Science,6,title organism+stressor; >=2 systems or >=3 occurrences
0,CWC-91E7C7954265,W2770463318,Sediment tolerance mechanisms identified in sponges using advanced imaging techniques,10.7717/peerj.3904,MECH_FEEDING_PUMPING_SPONGE | RESP_THRESHOLD_RECOVERY | SED_DEPOSITION | SED_DREDGING | SED_SUSPENDED,Web of Science,5,title organism+stressor; >=2 systems or >=3 occurrences
0,CWC-4B7D43A0D3BD,W2052664213,"""Keep up or give up"": hurricanes promote coral survival by interrupting burial from sediment accumulation",10.1007/s003380050126,RESP_THRESHOLD_RECOVERY | SED_DEPOSITION,OpenAlex | Semantic Scholar | Web of Science,6,title organism+stressor; >=2 systems or >=3 occurrences
0,CWC-7F20277401DA,W2060681911,Chronic Exposure of Corals to Fine Sediments: Lethal and Sub-Lethal Impacts,10.1371/journal.pone.0037795,RESP_THRESHOLD_RECOVERY | SED_DEPOSITION | SED_DREDGING | SED_SUSPENDED,OpenAlex | Semantic Scholar | Web of Science,12,title organism+stressor; >=2 systems or >=3 occurrences
0,CWC-BE494F14C03B,W4406439208,Effects of suspended sediment and burial on scleractinian corals from west central Florida patch reefs,10.1016/0967-0653(93)94915-l,RESP_THRESHOLD_RECOVERY | SED_DEPOSITION | SED_SUSPENDED,Semantic Scholar | Web of Science,6,title organism+stressor; >=2 systems or >=3 occurrences
0,CWC-88B3A4F1B857,W2015352607,"Turbidity regimes over fringing coral reefs near a mining site at Lihir Island, Papua New Guinea",10.1016/s0025-326x(03)00122-x,RESP_THRESHOLD_RECOVERY | SED_DEPOSITION | SED_SUSPENDED,OpenAlex | Semantic Scholar | Web of Science,9,title organism+stressor; >=2 systems or >=3 occurrences
0,CWC-5D3495B13AE8,W2073378748,"Experimental investigation into the effects of suspended sediment on fertilisation, larval survival and settlement in a scleractinian coral",10.1007/s002270050645,RESP_THRESHOLD_RECOVERY | SED_SUSPENDED,OpenAlex | Semantic Scholar | Web of Science,6,title organism+stressor; >=2 systems or >=3 occurrences
0,CWC-6D5F6E5900F6,W4415547775,Turbidity in coral reef habitats during Port of Miami Expansion dredging,10.1007/s10661-025-14590-6,MECH_FEEDING_MUCUS_CORAL | RESP_THRESHOLD_RECOVERY | SED_DEPOSITION | SED_DREDGING | SED_SUSPENDED,Grey literature | OpenAlex | Semantic Scholar | Web of Science,13,title organism+stressor; >=2 systems or >=3 occurrences
0,CWC-1EDA9D88322A,W2161580171,Effects of sediment on the survival of asexually produced sponge recruits,10.1007/s00227-008-0956-5,RESP_THRESHOLD_RECOVERY | SED_DEPOSITION,OpenAlex | Semantic Scholar | Web of Science,6,title organism+stressor; >=2 systems or >=3 occurrences
0,CWC-D4D7C6A55C09,W2113956483,"Response of reef corals on a fringing reef flat to elevated suspended-sediment concentrations: Molokaʻi, Hawaiʻi",10.7717/peerj.699,RESP_THRESHOLD_RECOVERY | SED_SUSPENDED,OpenAlex | Semantic Scholar | Web of Science,6,title organism+stressor; >=2 systems or >=3 occurrences
0,CWC-474C1BC980F2,W2548958007,Low sediment loads affect survival of coral recruits: the first weeks are crucial,10.1007/s00338-016-1513-1,RESP_THRESHOLD_RECOVERY | SED_DEPOSITION | SED_DREDGING | SED_SUSPENDED,OpenAlex | Semantic Scholar | Web of Science,10,title organism+stressor; >=2 systems or >=3 occurrences
0,CWC-E202FF6B6A6F,W1985888163,Recreating pulsed turbidity events to determine coral–sediment thresholds for active management,10.1016/j.jembe.2015.02.010,RESP_THRESHOLD_RECOVERY | SED_DEPOSITION | SED_DREDGING | SED_SUSPENDED,OpenAlex | Semantic Scholar | Web of Science,12,title organism+stressor; >=2 systems or >=3 occurrences
0,CWC-B870046195BE,W2075525081,Survival under chronic stress from sediment load: Spatial patterns of hard coral communities in the southern islands of Singapore,10.1016/j.marpolbul.2006.02.011,RESP_THRESHOLD_RECOVERY | SED_DEPOSITION | SED_SUSPENDED,OpenAlex | Semantic Scholar | Web of Science,9,title organism+stressor; >=2 systems or >=3 occurrences
0,CWC-8A7D3E851AE3,W1996372875,Sediment tolerance of two different morphotypes of the deep-sea coral Lophelia pertusa from the Gulf of Mexico,10.3354/meps08191,RESP_THRESHOLD_RECOVERY | SED_DEPOSITION | SED_SUSPENDED,OpenAlex | Semantic Scholar | Web of Science,9,title organism+stressor; >=2 systems or >=3 occurrences
0,CWC-CA05483BC3E9,W4297834183,Survival under chronic stress from sediment load: Spatial patterns of hard coral communities in the southern islands of Singapore,10.1016/j.marpolbul.2005.07.021,RESP_THRESHOLD_RECOVERY | SED_DEPOSITION | SED_SUSPENDED,OpenAlex | Semantic Scholar | Web of Science,9,title organism+stressor; >=2 systems or >=3 occurrences
0,CWC-121A40800870,W1486291221,The importance of monitoring metabolic recovery in the coral Acropora cervicornis after short-term exposure to drilling muds: Calcification rate and protein concentration,10.1007/bf00263575,RESP_THRESHOLD_RECOVERY | SED_DRILLING,OpenAlex | Semantic Scholar | Web of Science,6,title organism+stressor; >=2 systems or >=3 occurrences
0,CWC-E7183942C0DE,W2087203226,Tetracycline reduces sedimentation damage to corals,10.1007/bf01314355,RESP_THRESHOLD_RECOVERY | SED_DEPOSITION | SED_DREDGING,OpenAlex | Semantic Scholar | Web of Science,9,title organism+stressor; >=2 systems or >=3 occurrences
0,CWC-57E2880D8624,W4385411439,Effects of sediment pulses on the deep‐sea coral <i>Goniocorella dumosa</i>,10.1080/00288330.2023.2230154,RESP_THRESHOLD_RECOVERY | SED_DREDGING | SED_DRILLING | SED_SUSPENDED,OpenAlex | Semantic Scholar | Web of Science,10,title organism+stressor; >=2 systems or >=3 occurrences
0,CWC-216E188AB7C0,W1986196070,Damage and recovery of four Philippine corals from short-term sediment burial,10.3354/meps176011,RESP_THRESHOLD_RECOVERY | SED_DEPOSITION,OpenAlex | Semantic Scholar | Web of Science,8,title organism+stressor; >=2 systems or >=3 occurrences
0,CWC-7A423736E2A1,W2212768240,"Predicting dredging-associated effects to coral reefs in Apra Harbor, Guam – Part 2: Potential coral effects",10.1016/j.jenvman.2015.10.025,RESP_THRESHOLD_RECOVERY | SED_DEPOSITION | SED_DREDGING | SED_SUSPENDED,OpenAlex | Semantic Scholar | Web of Science,12,title organism+stressor; >=2 systems or >=3 occurrences
0,CWC-42EDC2C399B3,W2946099649,Extensive coral mortality and critical habitat loss following dredging and their association with remotely-sensed sediment plumes,10.1016/j.marpolbul.2019.05.027,RESP_THRESHOLD_RECOVERY | SED_DEPOSITION | SED_DREDGING | SED_SUSPENDED,OpenAlex | Semantic Scholar | Web of Science,12,title organism+stressor; >=2 systems or >=3 occurrences
0,CWC-169197C49054,W4210570090,Effects of sediment exposure on corals: a systematic review of experimental studies,10.1186/s13750-022-00256-0,RESP_THRESHOLD_RECOVERY | SED_DREDGING | SED_SUSPENDED,OpenAlex | Semantic Scholar | Web of Science,9,title organism+stressor; >=2 systems or >=3 occurrences
0,CWC-8004866E25E4,W2151402387,Field assessment of innovative sensor for monitoring of sediment accumulation at inshore coral reefs,10.1016/j.marpolbul.2004.10.026,RESP_THRESHOLD_RECOVERY | SED_DEPOSITION | SED_SUSPENDED,OpenAlex | Semantic Scholar | Web of Science,7,title organism+stressor; >=2 systems or >=3 occurrences
0,CWC-EBE366D4E274,W1995019156,Long-term changes in coral communities under stress from sediment,10.1016/j.dsr2.2013.04.019,RESP_THRESHOLD_RECOVERY | SED_DEPOSITION,OpenAlex | Semantic Scholar | Web of Science,6,title organism+stressor; >=2 systems or >=3 occurrences
0,CWC-95AB51414372,W2903175290,Enhanced fast-start performance and anti-predator behaviour in a coral reef fish in response to suspended sediment exposure,10.1007/s00338-018-01757-6,RESP_THRESHOLD_RECOVERY | SED_SUSPENDED,OpenAlex | Semantic Scholar | Web of Science,8,title organism+stressor; >=2 systems or >=3 occurrences
0,CWC-8DFD13C1A94A,W2060801011,Coral mortality and interaction with algae in relation to sedimentation,10.1007/s00338-003-0338-x,RESP_THRESHOLD_RECOVERY | SED_DEPOSITION,OpenAlex | Semantic Scholar | Web of Science,6,title organism+stressor; >=2 systems or >=3 occurrences
0,CWC-0B1EC47D6224,W2947127100,Synergistic and antagonistic impacts of suspended sediments and thermal stress on corals,10.1038/s41467-019-10288-9,RESP_THRESHOLD_RECOVERY | SED_DEPOSITION | SED_DREDGING | SED_SUSPENDED,OpenAlex | Semantic Scholar | Web of Science,12,title organism+stressor; >=2 systems or >=3 occurrences
0,CWC-76D1F696686D,W3163950287,Short-term physiological responses of the New Zealand deep-sea sponge Ecionemia novaezealandiae to elevated concentrations of suspended sediments,10.1016/j.jembe.2021.151579,RESP_THRESHOLD_RECOVERY | SED_DREDGING | SED_SUSPENDED | SED_TAILINGS,Grey literature | OpenAlex | Semantic Scholar | Web of Science,32,title organism+stressor; >=2 systems or >=3 occurrences
0,CWC-EB7D0B49B8B7,W2055817536,Suspended sediment alters predator–prey interactions between two coral reef fishes,10.1007/s00338-012-0991-z,RESP_THRESHOLD_RECOVERY | SED_SUSPENDED,OpenAlex | Semantic Scholar | Web of Science,8,title organism+stressor; >=2 systems or >=3 occurrences
0,CWC-0BC08F7A8711,W3112727125,Climate change doubles sedimentation-induced coral recruit mortality,10.1016/j.scitotenv.2020.143897,RESP_THRESHOLD_RECOVERY | SED_DEPOSITION | SED_DREDGING,OpenAlex | Semantic Scholar | Web of Science,9,title organism+stressor; >=2 systems or >=3 occurrences
0,CWC-C4351B44D937,W2594352119,"Cumulative effects of suspended sediments, organic nutrients and temperature stress on early life history stages of the coral Acropora tenuis",10.1038/srep44101,RESP_THRESHOLD_RECOVERY | SED_SUSPENDED,OpenAlex | Semantic Scholar | Web of Science,6,title organism+stressor; >=2 systems or >=3 occurrences
0,CWC-95A94A84DAAF,W3093527903,Coral recovery after a burial event: insights on coral resilience in a marginal reef,10.1007/s12526-020-01121-4,RESP_THRESHOLD_RECOVERY | SED_DEPOSITION,OpenAlex | Semantic Scholar | Web of Science,6,title organism+stressor; >=2 systems or >=3 occurrences
0,CWC-C6A1AF033639,W3001739328,Responses of a common New Zealand coastal sponge to elevated suspended sediments: Indications of resilience,10.1016/j.marenvres.2020.104886,RESP_THRESHOLD_RECOVERY | SED_DEPOSITION | SED_DREDGING | SED_SUSPENDED,Web of Science,4,title organism+stressor; >=2 systems or >=3 occurrences
0,CWC-01AC06FE96E2,W4412632506,Impacts of sedimentation on coral health and reef ecosystems: A comprehensive review,10.1016/j.marpolbul.2025.118480,RESP_THRESHOLD_RECOVERY | SED_DEPOSITION | SED_DREDGING,OpenAlex | Semantic Scholar | Web of Science,9,title organism+stressor; >=2 systems or >=3 occurrences
0,CWC-F1437BA4B7AC,W2153363379,Patterns of resistance and resilience of the stress-tolerant coral Siderastrea radians (Pallas) to sub-optimal salinity and sediment burial,10.1016/j.jembe.2008.10.024,RESP_THRESHOLD_RECOVERY | SED_DEPOSITION | SED_SUSPENDED,OpenAlex | Semantic Scholar | Web of Science,7,title organism+stressor; >=2 systems or >=3 occurrences
0,CWC-35E273A27B29,W7161563268,Contrasting coral growth and heat stress responses across a natural turbidity gradient,10.1007/s00338-026-02890-3,RESP_THRESHOLD_RECOVERY | SED_SUSPENDED,OpenAlex | Semantic Scholar | Web of Science,6,title organism+stressor; >=2 systems or >=3 occurrences
0,CWC-15C892A93086,W2168155885,Effects of transparent exopolymer particles and muddy terrigenous sediments on the survival of hard coral recruits,10.1016/s0272-7714(02)00400-6,RESP_THRESHOLD_RECOVERY | SED_DEPOSITION | SED_SUSPENDED,OpenAlex | Semantic Scholar | Web of Science,9,title organism+stressor; >=2 systems or >=3 occurrences
0,CWC-6AAF8AAA3D1A,W2952943818,Sediment deposition and coral smothering,10.1371/journal.pone.0216248,RESP_THRESHOLD_RECOVERY | SED_DEPOSITION | SED_DREDGING | SED_SUSPENDED,OpenAlex | Semantic Scholar | Web of Science,12,title organism+stressor; >=2 systems or >=3 occurrences
0,CWC-8BCF0EC3CF08,W4400060760,Sediment source and dose influence the larval performance of the threatened coral Orbicella faveolata,10.1371/journal.pone.0292474,RESP_THRESHOLD_RECOVERY | SED_DREDGING | SED_SUSPENDED,OpenAlex | Semantic Scholar | Web of Science,9,title organism+stressor; >=2 systems or >=3 occurrences
0,CWC-277C82109A94,W2887371540,Sediment characteristics influence the fertilisation success of the corals Acropora tenuis and Acropora millepora,10.1016/j.marpolbul.2018.08.001,RESP_THRESHOLD_RECOVERY | SED_DREDGING | SED_SUSPENDED,OpenAlex | Semantic Scholar | Web of Science,9,title organism+stressor; >=2 systems or >=3 occurrences
0,CWC-A284E00B5B7B,W4378087055,Long-term spatial variations in turbidity and temperature provide new insights into coral-algal states on extreme/marginal reefs,10.1007/s00338-023-02393-5,RESP_THRESHOLD_RECOVERY | SED_DREDGING | SED_SUSPENDED,OpenAlex | Semantic Scholar | Web of Science,7,title organism+stressor; >=2 systems or >=3 occurrences
0,CWC-CDECDDF08885,W2010221707,"Sedimentation in mangroves and coral reefs in a wet tropical island, Pohnpei, Micronesia",10.1016/j.ecss.2005.07.025,RESP_THRESHOLD_RECOVERY | SED_DEPOSITION | SED_SUSPENDED,OpenAlex | Semantic Scholar | Web of Science,9,title organism+stressor; >=2 systems or >=3 occurrences
0,CWC-A266490A469B,W4414204846,Partial attenuation of coral bleaching by turbidity along the Brazilian coast,10.1007/s00338-025-02745-3,RESP_THRESHOLD_RECOVERY | SED_SUSPENDED,OpenAlex | Semantic Scholar | Web of Science,6,title organism+stressor; >=2 systems or >=3 occurrences
0,CWC-5B37CB5D6689,W3005437018,"Effects of dissolved nickel and nickel-contaminated suspended sediment on the scleractinian coral, Acropora muricata",10.1016/j.marpolbul.2020.110886,RESP_THRESHOLD_RECOVERY | SED_SUSPENDED,OpenAlex | Semantic Scholar | Web of Science,6,title organism+stressor; >=2 systems or >=3 occurrences
0,CWC-11C8578A23E4,W2081350784,Sediment and Turbidity Associated with Offshore Dredging Increase Coral Disease Prevalence on Nearby Reefs,10.1371/journal.pone.0102498,RESP_THRESHOLD_RECOVERY | SED_DREDGING | SED_SUSPENDED,OpenAlex | Semantic Scholar | Web of Science,9,title organism+stressor; >=2 systems or >=3 occurrences
0,CWC-F1BEFF859381,W3111686528,Sedimentation and overfishing drive changes in early succession and coral recruitment,10.1098/rspb.2020.2575,RESP_THRESHOLD_RECOVERY | SED_DEPOSITION | SED_SUSPENDED,OpenAlex | Semantic Scholar | Web of Science,9,title organism+stressor; >=2 systems or >=3 occurrences
0,CWC-F2C6CF7745F1,W2008246096,The role of terrestrial sediment on turbidity near Singapore's coral reefs,10.1016/j.csr.2013.12.001,RESP_THRESHOLD_RECOVERY | SED_DEPOSITION | SED_SUSPENDED,OpenAlex | Semantic Scholar | Web of Science,9,title organism+stressor; >=2 systems or >=3 occurrences
0,CWC-211947C27593,W2287970697,"Coral reefs chronically exposed to river sediment plumes in the southwestern Caribbean: Rosario Islands, Colombia",10.1016/j.scitotenv.2016.02.140,RESP_THRESHOLD_RECOVERY | SED_DEPOSITION | SED_DREDGING | SED_SUSPENDED,OpenAlex | Semantic Scholar | Web of Science,12,title organism+stressor; >=2 systems or >=3 occurrences
0,CWC-9D88361B731D,W1251344245,"Metabolic responses of the deep-water sponge Geodia barretti to suspended bottom sediment, simulated mine tailings and drill cuttings",10.1016/j.jembe.2015.07.017,RESP_THRESHOLD_RECOVERY | SED_DEPOSITION | SED_DREDGING | SED_DRILLING | SED_SUSPENDED | SED_TAILINGS,OpenAlex | Semantic Scholar | Web of Science,16,title organism+stressor; >=2 systems or >=3 occurrences
0,CWC-074169C1EB2C,W2156231198,Suspended sediment impairs habitat choice and chemosensory discrimination in two coral reef fishes,10.1007/s00338-011-0773-z,RESP_THRESHOLD_RECOVERY | SED_SUSPENDED,OpenAlex | Semantic Scholar | Web of Science,6,title organism+stressor; >=2 systems or >=3 occurrences
0,CWC-46C0E98BA4FE,W2044451562,The 2.6 Ma depositional sequence from the Challenger cold-water coral carbonate mound (IODP Exp. 307): Sediment contributors and hydrodynamic palaeo-environments,10.1016/j.margeo.2010.02.021,RESP_THRESHOLD_RECOVERY | SED_DEPOSITION,OpenAlex | Semantic Scholar | Web of Science,6,title organism+stressor; >=2 systems or >=3 occurrences
0,CWC-30BB9035A86A,W2089349213,Nutrient Enrichment Coupled with Sedimentation Favors Sea Anemones over Corals,10.1371/journal.pone.0125175,RESP_THRESHOLD_RECOVERY | SED_DEPOSITION,OpenAlex | Semantic Scholar | Web of Science,6,title organism+stressor; >=2 systems or >=3 occurrences
0,CWC-968D7E96BA0A,W3047825282,How does sediment exposure affect corals? A systematic review protocol,10.1186/s13750-020-00200-0,RESP_THRESHOLD_RECOVERY | SED_DREDGING | SED_SUSPENDED,OpenAlex | Semantic Scholar | Web of Science,7,title organism+stressor; >=2 systems or >=3 occurrences
0,CWC-5EAA4AB370C7,W3168657893,Complex interactions with nutrients and sediment alter the effects of predation on a reef‐building coral,10.1111/maec.12670,RESP_THRESHOLD_RECOVERY | SED_DEPOSITION,OpenAlex | Web of Science,4,title organism+stressor; >=2 systems or >=3 occurrences
0,CWC-B899A4CA05F3,W4385968756,"Adaptation of a risk-based framework for evaluating indirect effects of dredging on sensitive habitats near federal navigation channels: An application of the framework to coral reefs at Honolulu Harbor, Hawai'i",10.1002/ieam.4830,RESP_THRESHOLD_RECOVERY | SED_DREDGING | SED_SUSPENDED,OpenAlex | Semantic Scholar | Web of Science,9,title organism+stressor; >=2 systems or >=3 occurrences
0,CWC-070B8D5FDB53,W3173429711,"Land-based sediment sources and transport to southwest Puerto Rico coral reefs after Hurricane Maria, May 2017 to June 2018",10.1016/j.ecss.2021.107476,RESP_THRESHOLD_RECOVERY | SED_DEPOSITION | SED_SUSPENDED,OpenAlex | Semantic Scholar | Web of Science,9,title organism+stressor; >=2 systems or >=3 occurrences
0,CWC-3F97D19665E2,W7167045873,The Influences of Sediment Load on the Biodiversity of Algal Turfs in Coral Reef Ecosystems through Environmental DNA Analysis,10.1021/acs.est.6c04506,SED_DEPOSITION,OpenAlex | Semantic Scholar | Web of Science,3,title organism+stressor; >=2 systems or >=3 occurrences
0,CWC-18944FFDFC6F,W2000833839,High-sediment tolerance in the reef coral Turbinaria mesenterina from the inner Great Barrier Reef lagoon (Australia),10.1016/j.ecss.2008.02.025,RESP_THRESHOLD_RECOVERY | SED_DEPOSITION | SED_DREDGING | SED_SUSPENDED,OpenAlex | Semantic Scholar | Web of Science,11,title organism+stressor; >=2 systems or >=3 occurrences
0,CWC-7A4CEFAB011A,W2487962945,Composition and temporal stability of turf sediments on inner-shelf coral reefs,10.1016/j.marpolbul.2016.07.013,RESP_THRESHOLD_RECOVERY | SED_DEPOSITION | SED_SUSPENDED,OpenAlex | Semantic Scholar | Web of Science,6,title organism+stressor; >=2 systems or >=3 occurrences
0,CWC-3FCD1E80EBE1,W3015404456,Farming damselfishes shape algal turf sediment dynamics on coral reefs,10.1016/j.marenvres.2020.104988,SED_DEPOSITION,OpenAlex | Semantic Scholar | Web of Science,3,title organism+stressor; >=2 systems or >=3 occurrences
0,CWC-82AE8DDA56CE,W1987619881,Sabaki River sediment load and coral stress: correlation between sediments and condition of the Malindi-Watamu reefs in Kenya (Indian Ocean),10.1007/bf00349780,SED_DEPOSITION,OpenAlex | Semantic Scholar | Web of Science,3,title organism+stressor; >=2 systems or >=3 occurrences
0,CWC-FBA20E0DF297,W2999495899,Sediments ratchet-down coral reef algal turf productivity,10.1016/j.scitotenv.2020.136709,SED_DEPOSITION,OpenAlex | Semantic Scholar | Web of Science,3,title organism+stressor; >=2 systems or >=3 occurrences
0,CWC-72FC59BB0830,W2007616235,Effects of terrigenous sediment on settlement and survival of the reef coral<i>Pocillopora damicornis</i>,10.7717/peerj.387,SED_DEPOSITION | SED_SUSPENDED,OpenAlex | Semantic Scholar | Web of Science,4,title organism+stressor; >=2 systems or >=3 occurrences
0,CWC-D8C92949D93B,W3203775403,"An urban intertidal reef is dominated by fleshy macroalgae, sediment, and bleaching of a resilient coral (Siderastrea stellata)",10.1016/j.marpolbul.2021.112967,SED_DEPOSITION,OpenAlex | Semantic Scholar | Web of Science,3,title organism+stressor; >=2 systems or >=3 occurrences
0,CWC-97AB95DDFDBD,W4389373565,Ecophysiological and behavioural response of juveniles of the Chilean cold-water coral Caryophyllia (Caryophyllia) huinayensis to increasing sediment loads,10.1038/s41598-023-47116-6,MECH_FEEDING_MUCUS_CORAL | RESP_THRESHOLD_RECOVERY | SED_DEPOSITION,Grey literature | OpenAlex | Semantic Scholar | Web of Science,6,title organism+stressor; >=2 systems or >=3 occurrences
0,CWC-741CDCF245E4,W7163546731,Habitat zonation of algal turf sediments and herbivores on two Caribbean coral reefs with comparison to the Great Barrier Reef,10.1007/s00338-026-02901-3,SED_DEPOSITION,OpenAlex | Web of Science,2,title organism+stressor; >=2 systems or >=3 occurrences
0,CWC-9765F6E0F70E,W2014537239,"Evaluation of Mn and Fe in coral skeletons (Porites spp.) as proxies for sediment loading and reconstruction of 50 yrs of land use on Ishigaki Island, Japan",10.1007/s00338-014-1128-3,SED_DEPOSITION,OpenAlex | Semantic Scholar | Web of Science,4,title organism+stressor; >=2 systems or >=3 occurrences
0,CWC-39BA8B481AA4,W1920864439,"Four-year monthly sediment deposition on turbid southwestern Atlantic coral reefs, with a comparison of benthic assemblages",10.1590/s1679-87592012000100006,RESP_THRESHOLD_RECOVERY | SED_DEPOSITION | SED_DREDGING | SED_SUSPENDED,OpenAlex | Semantic Scholar | Web of Science,11,title organism+stressor; >=2 systems or >=3 occurrences
0,CWC-36DEB53A3F68,W2160803962,"Quantity, composition, and source of sediment collected in sediment traps along the fringing coral reef off Molokai, Hawaii",10.1016/j.marpolbul.2006.01.008,SED_DEPOSITION | SED_DREDGING | SED_SUSPENDED,OpenAlex | Semantic Scholar | Web of Science,9,title organism+stressor; >=2 systems or >=3 occurrences
0,CWC-9E8E769BB6C1,W3087032146,Nutrient and sediment loading affect multiple facets of coral functionality in a tropical branching coral,10.1242/jeb.225045,SED_DEPOSITION,OpenAlex | Semantic Scholar | Web of Science,4,title organism+stressor; >=2 systems or >=3 occurrences
0,CWC-08270C5125B7,W2161398559,"Growth and Mortality of Coral Transplants (Pocillopora damicornis) along a Range of Sediment Influence in Maui, Hawai‘i<sup>1</sup>",10.2984/1534-6188(2008)62,RESP_THRESHOLD_RECOVERY | SED_DEPOSITION | SED_SUSPENDED,OpenAlex | Semantic Scholar | Web of Science,8,title organism+stressor; >=2 systems or >=3 occurrences
0,CWC-17DD3B7BCE9D,W3021037599,Control of Deep Currents on Sediment and Cold-Water Coral Distribution on the Northern Manihiki Plateau,10.3389/fmars.2020.00288,SED_DEPOSITION,OpenAlex | Semantic Scholar | Web of Science,3,title organism+stressor; >=2 systems or >=3 occurrences
0,CWC-25F7E9435E3C,W2045036964,Human deforestation outweighs future climate change impacts of sedimentation on coral reefs,10.1038/ncomms2986,SED_DEPOSITION,OpenAlex | Semantic Scholar | Web of Science,3,title organism+stressor; >=2 systems or >=3 occurrences
0,CWC-F2B5EE2358DF,W2933485448,Structure of marginal coral reef assemblages under different turbidity regime,10.1016/j.marenvres.2019.03.013,SED_DEPOSITION | SED_SUSPENDED,OpenAlex | Semantic Scholar | Web of Science,6,title organism+stressor; >=2 systems or >=3 occurrences
0,CWC-9DACDCEF841A,W2885274721,Sediment addition drives declines in algal turf yield to herbivorous coral reef fishes: implications for reefs and reef fisheries,10.1007/s00338-018-1718-6,SED_DEPOSITION,OpenAlex | Semantic Scholar | Web of Science,4,title organism+stressor; >=2 systems or >=3 occurrences
0,CWC-4B1633F9B6E8,W2155464820,Increased sediment loads over coral reefs in Saint Lucia in relation to land use change in contributing watersheds,10.1016/j.ocecoaman.2014.03.018,SED_DEPOSITION,OpenAlex | Semantic Scholar | Web of Science,3,title organism+stressor; >=2 systems or >=3 occurrences
0,CWC-493C29BCAFE7,W2005682886,Photophysiological stress in scleractinian corals in response to short-term sedimentation,10.1016/s0022-0981(02)00495-1,SED_DEPOSITION,OpenAlex | Semantic Scholar | Web of Science,3,title organism+stressor; >=2 systems or >=3 occurrences
0,CWC-0F073D69F18B,W7161032285,"Waves, watersheds, and sediment in a coral reef embayment: Towards parsimonious models of accumulation and composition",10.1016/j.ecss.2026.109952,RESP_THRESHOLD_RECOVERY | SED_DEPOSITION | SED_DREDGING | SED_SUSPENDED,OpenAlex | Web of Science,7,title organism+stressor; >=2 systems or >=3 occurrences
0,CWC-344BD1988807,W2921596352,Quantifying sediment dynamics on an inshore coral reef: Putting algal turfs in perspective,10.1016/j.marpolbul.2019.02.071,SED_DEPOSITION | SED_DREDGING | SED_SUSPENDED,OpenAlex | Semantic Scholar | Web of Science,7,title organism+stressor; >=2 systems or >=3 occurrences
0,CWC-5E9A2D59AA5D,W2273995435,That sinking feeling: Suspended sediments can prevent the ascent of coral egg bundles,10.1038/srep21567,SED_DEPOSITION | SED_DREDGING | SED_SUSPENDED,OpenAlex | Semantic Scholar | Web of Science,9,title organism+stressor; >=2 systems or >=3 occurrences
0,CWC-2A2C0A6C136F,W2021439296,Effects of sediment deposition on the seaweed Sargassum on a fringing coral reef,10.1007/s003380050111,RESP_THRESHOLD_RECOVERY | SED_DEPOSITION,OpenAlex | Semantic Scholar | Web of Science,5,title organism+stressor; >=2 systems or >=3 occurrences
0,CWC-D40C453472DD,W2145087946,"Bleaching, energetics, and coral mortality risk: Effects of temperature, light, and sediment regime",10.4319/lo.2007.52.2.0716,RESP_THRESHOLD_RECOVERY | SED_DEPOSITION | SED_SUSPENDED,OpenAlex | Semantic Scholar | Web of Science,6,title organism+stressor; >=2 systems or >=3 occurrences
0,CWC-2D9A9957DE9F,W2799415725,"An environmental magnetism approach to assess impacts of land-derived sediment disturbances on coral reef ecosystems (Cartagena, Colombia)",10.1016/j.marpolbul.2018.04.030,SED_DEPOSITION | SED_DREDGING | SED_SUSPENDED,OpenAlex | Semantic Scholar | Web of Science,9,title organism+stressor; >=2 systems or >=3 occurrences
0,CWC-16CFA3319093,W2041158885,Ecological Consequences of Sediment on High-Energy Coral Reefs,10.1371/journal.pone.0077737,SED_DEPOSITION,OpenAlex | Semantic Scholar | Web of Science,3,title organism+stressor; >=2 systems or >=3 occurrences
0,CWC-6A83F026EEB4,W2068945133,Suspended sediment grain size and mineralogy across the continental shelf of the Great Barrier Reef: Impacts on the physiology of a coral reef sponge,10.1016/j.csr.2011.10.018,SED_DEPOSITION | SED_SUSPENDED,OpenAlex | Semantic Scholar | Web of Science,6,title organism+stressor; >=2 systems or >=3 occurrences
0,CWC-302A46017AF1,W2943169276,Small river basin and estuarine sediment fluxes: The magnitude necessary for coastal dispersion and siltation effects on a coral reef,10.1016/j.ijsrc.2019.04.002,SED_DEPOSITION | SED_SUSPENDED,OpenAlex | Semantic Scholar | Web of Science,6,title organism+stressor; >=2 systems or >=3 occurrences
0,CWC-11F0E31D1CD9,W2062859841,Coral record of increased sediment flux to the inner Great Barrier Reef since European settlement,10.1038/nature01361,SED_DEPOSITION | SED_SUSPENDED,OpenAlex | Semantic Scholar | Web of Science,6,title organism+stressor; >=2 systems or >=3 occurrences
0,CWC-AE8716A1ECEA,W1999290358,Substantial asexual recruitment of mushroom corals contributes little to population genetics of adults in conditions of chronic sedimentation,10.3354/meps235081,SED_DEPOSITION,OpenAlex | Semantic Scholar | Web of Science,3,title organism+stressor; >=2 systems or >=3 occurrences
0,CWC-AAEC21C6A84C,W1887924395,"Acute sedimentation causes size-specific mortality and asexual budding in the mushroom coral, <i>Fungia fungites</i>",10.1071/mf01219,RESP_THRESHOLD_RECOVERY | SED_DEPOSITION | SED_SUSPENDED,OpenAlex | Semantic Scholar | Web of Science,6,title organism+stressor; >=2 systems or >=3 occurrences
0,CWC-6252E54DDC07,W3157944212,The effect of natural and anthropogenic nutrient and sediment loads on coral oxidative stress on runoff-exposed reefs,10.1016/j.marpolbul.2021.112409,SED_DEPOSITION,OpenAlex | Semantic Scholar | Web of Science,3,title organism+stressor; >=2 systems or >=3 occurrences
0,CWC-4DAF6D1AE4EF,W2984438765,Pulse sediment event does not impact the metabolism of a mixed coral reef community,10.1016/j.ocecoaman.2019.105007,SED_DEPOSITION | SED_SUSPENDED,OpenAlex | Semantic Scholar | Web of Science,4,title organism+stressor; >=2 systems or >=3 occurrences
0,CWC-2D3821AC828B,W1988150825,"The Ba/Ca record of corals from the Southern Gulf of Mexico: Contributions from land-use changes, fluvial discharge and oil-drilling muds",10.1016/j.marpolbul.2010.06.007,SED_DEPOSITION | SED_DRILLING,OpenAlex | Semantic Scholar | Web of Science,6,title organism+stressor; >=2 systems or >=3 occurrences
0,CWC-3513CFD40424,W2405774339,Coral restoration in Singapore’s sediment-challenged sea,10.1016/j.rsma.2016.05.005,RESP_THRESHOLD_RECOVERY | SED_DEPOSITION,OpenAlex | Semantic Scholar | Web of Science,5,title organism+stressor; >=2 systems or >=3 occurrences
0,CWC-82DD87EFCCC4,W4400610594,Long sediment-laden algal turf likely impairs coral recovery on Florida’s coral reefs,10.1007/s00338-024-02532-6,RESP_THRESHOLD_RECOVERY | SED_DEPOSITION,OpenAlex | Semantic Scholar | Web of Science,5,title organism+stressor; >=2 systems or >=3 occurrences
0,CWC-297828A586F1,W2018633689,High-precision TIMS U-series and AMS 14C dating of a coral reef lagoon sediment core from southern South China Sea,10.1016/j.quascirev.2006.01.027,SED_DEPOSITION,OpenAlex | Semantic Scholar | Web of Science,3,title organism+stressor; >=2 systems or >=3 occurrences
0,CWC-E246449A70D5,W2085057879,Symbiotic crabs maintain coral health by clearing sediments,10.1007/s00338-006-0132-7,RESP_THRESHOLD_RECOVERY | SED_DEPOSITION,OpenAlex | Semantic Scholar | Web of Science,5,title organism+stressor; >=2 systems or >=3 occurrences
0,CWC-130B6CF4327A,W1971118443,Effects of suspended sediments on coral growth: Evidence from remote sensing and hydrologic modeling,10.1016/0034-4257(95)00081-b,SED_DEPOSITION | SED_DREDGING | SED_SUSPENDED,OpenAlex | Semantic Scholar | Web of Science,9,title organism+stressor; >=2 systems or >=3 occurrences
0,CWC-3DCB38E82B04,W2071348830,Rearing juvenile ‘corals of opportunity’ in<i>in situ</i>nurseries – A reef rehabilitation approach for sediment-impacted environments,10.1080/17451000.2013.853124,SED_DEPOSITION,OpenAlex | Semantic Scholar | Web of Science,3,title organism+stressor; >=2 systems or >=3 occurrences
0,CWC-FF10DA027731,W1874516583,"Variability of cold‐water coral mounds in a high sediment input and tidal current regime, Straits of Florida",10.1111/j.1365-3091.2011.01306.x,SED_DEPOSITION,OpenAlex | Semantic Scholar | Web of Science,3,title organism+stressor; >=2 systems or >=3 occurrences
0,CWC-7F54988AEFBA,W1993147804,Biologically mediated sediment fluxes on coral reefs: sediment removal and off-reef transportation by the surgeonfish Ctenochaetus striatus,10.3354/meps08761,SED_DEPOSITION,OpenAlex | Semantic Scholar | Web of Science,3,title organism+stressor; >=2 systems or >=3 occurrences
0,CWC-55EDE2FC138D,W2171449799,A Field-Based Technique for Measuring Sediment Flux on Coral Reefs: Application to Turbid Reefs on the Great Barrier Reef,10.2112/jcoastres-d-11-00171.1,SED_DEPOSITION | SED_DREDGING | SED_SUSPENDED,OpenAlex | Semantic Scholar | Web of Science,9,title organism+stressor; >=2 systems or >=3 occurrences
0,CWC-A0240FC38382,W2292268013,Sediments and herbivory as sensitive indicators of coral reef degradation,10.5751/es-08334-210129,RESP_THRESHOLD_RECOVERY | SED_DEPOSITION,Semantic Scholar | Web of Science,3,title organism+stressor; >=2 systems or >=3 occurrences
0,CWC-A380401D7B82,W2190395174,"Predicting dredging-associated effects to coral reefs in Apra Harbor, Guam - Part 1: Sediment exposure modeling",10.1016/j.jenvman.2015.10.027,RESP_THRESHOLD_RECOVERY | SED_DEPOSITION | SED_DREDGING | SED_SUSPENDED,OpenAlex | Semantic Scholar | Web of Science,11,title organism+stressor; >=2 systems or >=3 occurrences
0,CWC-A529FBF10FBD,W2044951618,Impacts of Sediments on Coral Energetics: Partitioning the Effects of Turbidity and Settling Particles,10.1371/journal.pone.0107195,SED_DEPOSITION | SED_SUSPENDED,OpenAlex | Semantic Scholar | Web of Science,6,title organism+stressor; >=2 systems or >=3 occurrences
0,CWC-92509666AFE7,W2153095973,Exposure of inshore corals to suspended sediments due to wave-resuspension and river plumes in the central Great Barrier Reef: A reappraisal,10.1016/j.csr.2012.06.013,SED_DEPOSITION | SED_DREDGING | SED_SUSPENDED,OpenAlex | Semantic Scholar | Web of Science,9,title organism+stressor; >=2 systems or >=3 occurrences
0,CWC-239FEC6076B1,W3107508286,Light Limitation and Depth-Variable Sedimentation Drives Vertical Reef Compression on Turbid Coral Reefs,10.3389/fmars.2020.571256,SED_DEPOSITION | SED_DREDGING | SED_SUSPENDED,OpenAlex | Semantic Scholar | Web of Science,9,title organism+stressor; >=2 systems or >=3 occurrences
0,CWC-6DC7A246611F,W3208251906,"Using NdSr isotopes in suspended sediments in the Abrolhos coral-reef (SW Atlantic, Brazil) to assess potential contamination from the 2015 Fundão dam collapse",10.1016/j.scitotenv.2021.151231,SED_DEPOSITION | SED_SUSPENDED | SED_TAILINGS,OpenAlex | Semantic Scholar | Web of Science,9,title organism+stressor; >=2 systems or >=3 occurrences
0,CWC-BEEEEFF3A865,W4402014388,"What do glass sponges do when no one is looking? Vazella pourtalesii: Responses to sediment deposition, passive locomotion, and contracting behavior",10.1016/j.dsr.2024.104388,SED_DEPOSITION | SED_SUSPENDED,Grey literature | OpenAlex | Semantic Scholar | Web of Science,16,title organism+stressor; >=2 systems or >=3 occurrences
0,CWC-096C07AE156F,W2012637865,Reconstruction of storm/tsunami records over the last 4000 years using transported coral blocks and lagoon sediments in the southern South China Sea,10.1016/j.quaint.2008.05.004,SED_DEPOSITION,OpenAlex | Semantic Scholar | Web of Science,3,title organism+stressor; >=2 systems or >=3 occurrences
0,CWC-1600720DC60E,W4382181006,Bio-physical determinants of sediment accumulation on an offshore coral reef: A snapshot study,10.1016/j.scitotenv.2023.165188,SED_DEPOSITION | SED_SUSPENDED,OpenAlex | Semantic Scholar | Web of Science,6,title organism+stressor; >=2 systems or >=3 occurrences
0,CWC-F1D635612B55,W4413814643,A rapid method to assess sediment deposition and stress on coral reef benthic taxa resulting from dredging and other sediment disturbances,10.1016/j.marpolbul.2025.118629,SED_DEPOSITION | SED_DREDGING,OpenAlex | Semantic Scholar | Web of Science,6,title organism+stressor; >=2 systems or >=3 occurrences
0,CWC-F3D2CD4F290C,W1969730198,"Spatial and temporal variations in sediment accumulation and their impacts on coral communities in the Sanya Coral Reef Reserve, Hainan, China",10.1016/j.dsr2.2013.04.015,SED_DEPOSITION | SED_DREDGING,OpenAlex | Semantic Scholar | Web of Science,6,title organism+stressor; >=2 systems or >=3 occurrences
0,CWC-EE6B5D1C2A02,W2992647052,Macroalgal community response to herbivores and sediment deposition: an indicator of coral reef degradation,10.1007/s10811-019-01991-7,SED_DEPOSITION,OpenAlex | Semantic Scholar | Web of Science,4,title organism+stressor; >=2 systems or >=3 occurrences
0,CWC-E772BCAFB379,W2012805975,Coral community changes in response to a high sedimentation event: A case study in southern Hainan Island,10.1007/s11434-012-5601-5,RESP_THRESHOLD_RECOVERY | SED_DEPOSITION | SED_DREDGING,OpenAlex | Semantic Scholar | Web of Science,8,title organism+stressor; >=2 systems or >=3 occurrences
0,CWC-1F2B8C57051C,W1990602418,"Heat flow and sediment thickness in the Queensland Trough, western Coral Sea",10.1029/jb095ib13p21399,SED_DEPOSITION,OpenAlex | Semantic Scholar | Web of Science,3,title organism+stressor; >=2 systems or >=3 occurrences
0,CWC-7AEF3E422C13,W2049159850,"Fine sediment budget on an inner-shelf coral-fringed island, Great Barrier Reef of Australia",10.1016/j.ecss.2005.06.003,SED_DEPOSITION | SED_DREDGING | SED_SUSPENDED,OpenAlex | Semantic Scholar | Web of Science,9,title organism+stressor; >=2 systems or >=3 occurrences
0,CWC-13E9D969E7A5,W3134038506,"A first glimpse on the taphonomy and sedimentary environment of the Eocene siliceous sponges from Chiampo, Lessini Mts, NE Italy",10.4435/bspi.2020.25,SED_DEPOSITION,OpenAlex | Web of Science,2,title organism+stressor; >=2 systems or >=3 occurrences
0,CWC-7DAA261F53A2,W2069736154,Increased sediment supply to the Great Barrier Reef will not increase sediment accumulation at most coral reefs,10.1007/s003380050174,SED_DEPOSITION | SED_SUSPENDED,OpenAlex | Semantic Scholar | Web of Science,6,title organism+stressor; >=2 systems or >=3 occurrences
0,CWC-3B62C250BF40,W2054879332,Terrigenous sedimentation and coral reef growth: a conceptual framework,10.1016/s0025-3227(98)00131-5,SED_DEPOSITION | SED_SUSPENDED,OpenAlex | Semantic Scholar | Web of Science,6,title organism+stressor; >=2 systems or >=3 occurrences
0,CWC-B3F6C5E1974C,W2954271930,A 3D perspective on sediment accumulation in algal turfs: Implications of coral reef flattening,10.1111/1365-2745.13235,SED_DEPOSITION,OpenAlex | Semantic Scholar | Web of Science,3,title organism+stressor; >=2 systems or >=3 occurrences
0,CWC-5FA08B578C9A,W2036478698,SedPods: a low-cost coral proxy for measuring net sedimentation,10.1007/s00338-012-0953-5,SED_DEPOSITION,OpenAlex | Semantic Scholar | Web of Science,4,title organism+stressor; >=2 systems or >=3 occurrences
0,CWC-6098F4271A67,W2090017422,Mushroom corals overcome live burial through pulsed inflation,10.1007/s00338-011-0862-z,MECH_FEEDING_MUCUS_CORAL | SED_DEPOSITION,Grey literature | OpenAlex | Semantic Scholar | Web of Science,6,title organism+stressor; >=2 systems or >=3 occurrences
0,CWC-543E1FDEF0FC,W4410940034,Unravelling the enigma of discontinuous sedimentary deposits in cold-water coral mounds in the Atlantic Ocean,10.3389/fmars.2025.1611432,SED_DEPOSITION,OpenAlex | Semantic Scholar | Web of Science,3,title organism+stressor; >=2 systems or >=3 occurrences
0,CWC-89FEE09C466E,W4410500797,The grazing impact of megaherbivores on sediment accumulation and stabilization functions of seagrass meadows in a subtropical coral reef lagoon,10.1002/lno.70088,RESP_THRESHOLD_RECOVERY | SED_DEPOSITION | SED_DREDGING | SED_SUSPENDED,OpenAlex | Semantic Scholar | Web of Science,11,title organism+stressor; >=2 systems or >=3 occurrences
0,CWC-6C50824E36BF,W2969321537,Caribbean Near-Shore Coral Reef Benthic Community Response to Changes on Sedimentation Dynamics and Environmental Conditions,10.3389/fmars.2019.00551,RESP_THRESHOLD_RECOVERY | SED_DEPOSITION | SED_DREDGING | SED_SUSPENDED,OpenAlex | Semantic Scholar | Web of Science,11,title organism+stressor; >=2 systems or >=3 occurrences
0,CWC-EB4B261A6CD8,W2279646129,"Sedimentary Development of Coral Bay, St. John, USVI: A Shift From Natural to Anthropogenic Influences",10.18475/cjos.v43i2.a8,SED_DEPOSITION,OpenAlex | Semantic Scholar | Web of Science,3,title organism+stressor; >=2 systems or >=3 occurrences
0,CWC-7697436265D4,W2749167724,Effects of suspended sediments and nutrient enrichment on juvenile corals,10.1016/j.marpolbul.2017.08.003,SED_DEPOSITION | SED_SUSPENDED,OpenAlex | Semantic Scholar | Web of Science,6,title organism+stressor; >=2 systems or >=3 occurrences
0,CWC-F6E3C7FE7955,W1680083527,Effects of sediments on the reproductive cycle of corals,10.1016/j.marpolbul.2015.08.021,SED_DEPOSITION | SED_DREDGING | SED_SUSPENDED,OpenAlex | Semantic Scholar | Web of Science,9,title organism+stressor; >=2 systems or >=3 occurrences
0,CWC-A381487B5052,W3156297404,Coral Jewellery and Decoration Elements Among Items of Jewellery and Toreutics from the Burials of Nomads of Asian Sarmatia in the Context of Trade in Exotic Materials in Europe,10.31857/s032103910010682-3,SED_DEPOSITION,OpenAlex | Semantic Scholar | Web of Science,3,title organism+stressor; >=2 systems or >=3 occurrences
0,CWC-6BB97AA83CE9,W3129123257,"Canopy effects of octocoral communities on sedimentation: modern baffles on the shallow-water reefs of St. John, USVI",10.1007/s00338-021-02053-6,SED_DEPOSITION | SED_DREDGING | SED_SUSPENDED,OpenAlex | Semantic Scholar | Web of Science,9,title organism+stressor; >=2 systems or >=3 occurrences
0,CWC-CDAE314F9066,W2186210693,"Modern Sedimentation in a Mixed Siliciclastic-Carbonate Coral Reel Environment, La Parguera, Puerto Rico",10.18475/cjos.v45i2.a4,SED_DEPOSITION,OpenAlex | Semantic Scholar | Web of Science,3,title organism+stressor; >=2 systems or >=3 occurrences
0,CWC-8769A550B07D,W4402945885,"Assessment of heavy metal contamination and trophic status of coral reef sediments of the Lakshadweep Archipelago, Arabian Sea",10.1016/j.rsma.2024.103848,SED_DEPOSITION,OpenAlex | Web of Science,2,title organism+stressor; >=2 systems or >=3 occurrences
0,CWC-9BFC1A5F2801,W4297984751,A snapshot of sediment dynamics on an inshore coral reef,10.1016/j.marenvres.2022.105763,SED_DEPOSITION | SED_DREDGING | SED_SUSPENDED,OpenAlex | Semantic Scholar | Web of Science,9,title organism+stressor; >=2 systems or >=3 occurrences
0,CWC-94FFE2023AA2,W2162307239,"Shallowing-upwards sedimentation in a coral reef lagoon, Great Barrier Reef of Australia",10.1306/212f90e8-2b24-11d7-8648000102c1865d,SED_DEPOSITION,OpenAlex | Semantic Scholar | Web of Science,3,title organism+stressor; >=2 systems or >=3 occurrences
0,CWC-DA1185CE3511,W4403086979,Inshore coral reef sediment and turf dynamics unaffected by canopy-forming macroalgae,10.1016/j.marpolbul.2024.117037,RESP_THRESHOLD_RECOVERY | SED_DEPOSITION | SED_SUSPENDED,OpenAlex | Semantic Scholar | Web of Science,6,title organism+stressor; >=2 systems or >=3 occurrences
0,CWC-29D40CF5F7F6,W2584453888,Impacts of turbidity on corals: The relative importance of light limitation and suspended sediments,10.1016/j.marpolbul.2017.01.050,RESP_THRESHOLD_RECOVERY | SED_DEPOSITION | SED_DREDGING | SED_SUSPENDED,OpenAlex | Semantic Scholar | Web of Science,11,title organism+stressor; >=2 systems or >=3 occurrences
0,CWC-B3B22BEE6D9D,W4416425245,Sediment flux and stony coral health in the nearshore US Virgin Islands,10.1016/j.marenvres.2025.107732,RESP_THRESHOLD_RECOVERY | SED_DEPOSITION,OpenAlex | Semantic Scholar | Web of Science,5,title organism+stressor; >=2 systems or >=3 occurrences
0,CWC-309A2393A9D6,W4414971255,Hydro- and sediment dynamics in a cold-water coral reef: insights from a 3D numerical model,10.3389/fmars.2025.1654625,SED_DEPOSITION | SED_DREDGING | SED_SUSPENDED,OpenAlex | Semantic Scholar | Web of Science,8,title organism+stressor; >=2 systems or >=3 occurrences
0,CWC-440D388570C4,W2026318140,"A record of recent change in terrestrial sedimentation in a coral-reef environment, La Parguera, Puerto Rico: A response to coastal development?",10.1016/j.marpolbul.2008.02.017,SED_DEPOSITION | SED_SUSPENDED,OpenAlex | Semantic Scholar | Web of Science,6,title organism+stressor; >=2 systems or >=3 occurrences
0,CWC-6E333B2028B7,W2085669825,"Storm‐dominated sedimentation in a protected basin fringed by coral reefs, Nara Inlet, Whitsunday Islands, Great Barrier Reef, Australia",10.1046/j.1440-0952.1999.00716.x,RESP_THRESHOLD_RECOVERY | SED_DEPOSITION,OpenAlex | Semantic Scholar | Web of Science,5,title organism+stressor; >=2 systems or >=3 occurrences
0,CWC-91A2CADBB6A3,W2038191050,Palau’s taro fields and mangroves protect the coral reefs by trapping eroded fine sediment,10.1007/s11273-013-9288-4,SED_DEPOSITION,OpenAlex | Semantic Scholar | Web of Science,4,title organism+stressor; >=2 systems or >=3 occurrences
0,CWC-D111BF427FA0,W4406713464,Biomonitoring potential of trace metal accumulation and bioavailability in coral skeletons and reef sediments of Persian Gulf: A comparative study,10.1016/j.ecoenv.2025.117786,SED_DEPOSITION,OpenAlex | Semantic Scholar | Web of Science,3,title organism+stressor; >=2 systems or >=3 occurrences
0,CWC-F5F800A6E93B,W3023980708,Damselfishes alleviate the impacts of sediments on host corals,10.1098/rsos.192074,RESP_THRESHOLD_RECOVERY | SED_DEPOSITION | SED_SUSPENDED,OpenAlex | Semantic Scholar | Web of Science,6,title organism+stressor; >=2 systems or >=3 occurrences
0,CWC-F3D595955757,W4403397468,Variation of micro-morphological features and possible adaptation strategies of platy-laminar corals Echinopora lamellosa and E. pacificus to turbidity stress in changing climate,10.1007/s00338-024-02579-5,SED_DEPOSITION | SED_SUSPENDED,OpenAlex | Semantic Scholar | Web of Science,6,title organism+stressor; >=2 systems or >=3 occurrences
0,CWC-F0C8756B86B8,W2523796421,Sediment dynamics and their potential influence on insular-slope mesophotic coral ecosystems,10.1016/j.csr.2016.09.012,SED_DEPOSITION | SED_SUSPENDED,OpenAlex | Semantic Scholar | Web of Science,6,title organism+stressor; >=2 systems or >=3 occurrences
0,CWC-5A06A3A51CB3,W2883771360,The influence of different deep-sea coral habitats on sediment macrofaunal community structure and function,10.7717/peerj.5276,SED_DEPOSITION,OpenAlex | Semantic Scholar | Web of Science,3,title organism+stressor; >=2 systems or >=3 occurrences
0,CWC-E68FDE82882F,W4366001210,First in-situ monitoring of sponge response and recovery to an industrial sedimentation event,10.1016/j.marpolbul.2023.114870,RESP_THRESHOLD_RECOVERY | SED_DEPOSITION | SED_DREDGING | SED_DRILLING | SED_SUSPENDED | SED_TAILINGS,OpenAlex | Semantic Scholar | Web of Science,11,title organism+stressor; >=2 systems or >=3 occurrences
0,CWC-AFE1F7684F72,W4414300771,Exploring the suitability of corals of opportunity for direct transplantation onto Mauritian sediment-impacted reefs,10.1016/j.nbsj.2025.100273,RESP_THRESHOLD_RECOVERY | SED_DEPOSITION,OpenAlex | Web of Science,3,title organism+stressor; >=2 systems or >=3 occurrences
0,CWC-595FD97CE2F4,W1969210884,Reduced Diversity and High Sponge Abundance on a Sedimented Indo-Pacific Reef System: Implications for Future Changes in Environmental Quality,10.1371/journal.pone.0085253,SED_DEPOSITION,Grey literature | OpenAlex | Semantic Scholar | Web of Science,14,title organism+stressor; >=2 systems or >=3 occurrences
0,CWC-DA6AD1D3BA0C,W2064520628,"Coral record of harbour dredging: Townsville, Australia",10.1016/j.jmarsys.2004.01.005,SED_DEPOSITION | SED_DREDGING | SED_SUSPENDED,OpenAlex | Semantic Scholar | Web of Science,9,title organism+stressor; >=2 systems or >=3 occurrences
0,CWC-E253BB7711A3,W2147886026,"Fossil analogues of present-day Cladocora caespitosa coral banks: Sedimentary setting, dwelling community, and taphonomy (Late Pliocene, W Mediterranean)",10.1007/s003380050119,SED_DEPOSITION,OpenAlex | Semantic Scholar | Web of Science,3,title organism+stressor; >=2 systems or >=3 occurrences
0,CWC-B064099FC0C7,W2001039396,Terrigenous sediment impact on coral recruitment and growth affects the use of coral habitat by recruit parrotfishes (F. Scaridae),10.1007/s11852-013-0247-2,SED_DEPOSITION,OpenAlex | Semantic Scholar | Web of Science,3,title organism+stressor; >=2 systems or >=3 occurrences
0,CWC-709FCFDDBB93,W3016154246,Speciation and risk assessment of selected trace metals in bottom sediment of coral reef ecosystems of the Persian Gulf,10.1007/s11356-020-08632-4,SED_DEPOSITION,OpenAlex | Semantic Scholar | Web of Science,3,title organism+stressor; >=2 systems or >=3 occurrences
0,CWC-451853148515,W2346895093,"Carbonate sedimentary characteristics of the beach rocks around Qilian Islets and Cays, Xisha Islands: Implication for coral reef development and decline",10.1016/j.palaeo.2016.05.005,SED_DEPOSITION,OpenAlex | Semantic Scholar | Web of Science,3,title organism+stressor; >=2 systems or >=3 occurrences
0,CWC-9C1FA371D177,W1965337737,Cyclone and bioturbation effects on sediments from coral reef lagoons,10.1016/0272-7714(88)90075-3,SED_DEPOSITION,OpenAlex | Semantic Scholar | Web of Science,3,title organism+stressor; >=2 systems or >=3 occurrences
0,CWC-4F93A737FBA5,W1985928054,Environmental Effects of the Cruise Tourism Boom: Sediment Resuspension from Cruise Ships and the Possible Effects of Increased Turbidity and Sediment Deposition on Corals (Bermuda),10.5343/bms.2011.1007,RESP_THRESHOLD_RECOVERY | SED_DEPOSITION | SED_DREDGING | SED_SUSPENDED,OpenAlex | Semantic Scholar | Web of Science,11,title organism+stressor; >=2 systems or >=3 occurrences
0,CWC-86E5E6C44C18,W2600453206,Ocean Acidification Changes Abiotic Processes but Not Biotic Processes in Coral Reef Sediments,10.3389/fmars.2017.00073,SED_DEPOSITION,OpenAlex | Semantic Scholar | Web of Science,3,title organism+stressor; >=2 systems or >=3 occurrences
0,CWC-D0DB0DCA6CA8,W2488736184,"Detecting sedimentation impacts to coral reefs resulting from dredging the Port of Miami, Florida USA",10.7717/peerj.2711,RESP_THRESHOLD_RECOVERY | SED_DEPOSITION | SED_DREDGING,OpenAlex | Semantic Scholar | Web of Science,8,title organism+stressor; >=2 systems or >=3 occurrences
0,CWC-4FA30D292001,W4200308225,"The Importance of Ecological Accommodation Space and Sediment Supply for Cold-Water Coral Mound Formation, a Case Study From the Western Mediterranean Sea",10.3389/fmars.2021.760909,SED_DEPOSITION | SED_SUSPENDED,OpenAlex | Semantic Scholar | Web of Science,4,title organism+stressor; >=2 systems or >=3 occurrences
0,CWC-D8D139EB1A91,W2989538474,"Edrioasteroids on corals: Taphonomic feedback and sedimentary processes control the ecology of a Late Ordovician (Katian: Cincinnatian, Richmondian) community in central Kentucky, USA",10.1016/j.palaeo.2019.109447,SED_DEPOSITION,OpenAlex | Semantic Scholar | Web of Science,3,title organism+stressor; >=2 systems or >=3 occurrences
0,CWC-861E0290CCA8,W2790321568,"Sedimentary records of human activity and natural environmental evolution in sensitive ecosystems: A case study of a coral nature reserve in Dongshan Bay and a mangrove forest nature reserve in Zhangjiang River estuary, Southeast China",10.1016/j.orggeochem.2018.02.011,RESP_THRESHOLD_RECOVERY | SED_DEPOSITION,OpenAlex | Semantic Scholar | Web of Science,5,title organism+stressor; >=2 systems or >=3 occurrences
0,CWC-C840F3C1CFAA,W3137596987,"The supratidal deposits and effects of coral dredging on Mud Island, Moreton Bay, southeast Queensland",10.1127/zfg/39/1995/273,SED_DEPOSITION | SED_DREDGING,OpenAlex | Semantic Scholar | Web of Science,4,title organism+stressor; >=2 systems or >=3 occurrences
0,CWC-D4EB560880E5,W4398794392,"Impact of Hurricane Irma on coral reef sediment redistribution at Looe Key Reef, Florida, USA",10.5194/os-20-661-2024,SED_DEPOSITION,OpenAlex | Semantic Scholar | Web of Science,3,title organism+stressor; >=2 systems or >=3 occurrences
0,CWC-8BE9C2FB3ACC,W2072893893,"Freshwater discharge and sediment dispersal — Control on growth, ecological structure and geometry of Late Miocene shallow-water coral ecosystems (early Tortonian, Crete/Greece)",10.1016/j.palaeo.2007.08.001,SED_DEPOSITION | SED_SUSPENDED,OpenAlex | Semantic Scholar | Web of Science,5,title organism+stressor; >=2 systems or >=3 occurrences
0,CWC-4C022C5186C7,W2736961393,Settlement patterns of the coral Acropora millepora on sediment-laden surfaces,10.1016/j.scitotenv.2017.07.153,RESP_THRESHOLD_RECOVERY | SED_DEPOSITION | SED_DREDGING | SED_SUSPENDED,OpenAlex | Semantic Scholar | Web of Science,7,title organism+stressor; >=2 systems or >=3 occurrences
0,CWC-C247936841BD,W1989064801,Tolerance of Brazilian brain coral Mussismilia braziliensis to sediment and organic matter inputs,10.1016/j.marpolbul.2013.10.033,RESP_THRESHOLD_RECOVERY | SED_DEPOSITION | SED_SUSPENDED,OpenAlex | Semantic Scholar | Web of Science,5,title organism+stressor; >=2 systems or >=3 occurrences
0,CWC-56281AA8C5C0,W1494213625,"Coral dominance at the reef–sediment interface in marginal coral communities at Sodwana Bay, South Africa",10.1071/mf02049,RESP_THRESHOLD_RECOVERY | SED_DEPOSITION,OpenAlex | Semantic Scholar | Web of Science,5,title organism+stressor; >=2 systems or >=3 occurrences
0,CWC-8A27FFDE87D6,W3006560285,Effects of eutrophication and sedimentation on juvenile corals,10.1007/bf00349736,RESP_THRESHOLD_RECOVERY | SED_DEPOSITION,OpenAlex | Semantic Scholar | Web of Science,5,title organism+stressor; >=2 systems or >=3 occurrences
0,CWC-A0E8136D6C79,W4220947729,Assessing Effects of Sediment Delivery to Coral Reefs: A Caribbean Watershed Perspective,10.3389/fmars.2021.773968,RESP_THRESHOLD_RECOVERY | SED_DEPOSITION | SED_DREDGING,OpenAlex | Semantic Scholar | Web of Science,8,title organism+stressor; >=2 systems or >=3 occurrences
0,CWC-AC44B0257796,W2004115506,Christmas tree worms evade smothering by a coral-killing sponge in the Red Sea,10.1007/s12526-015-0339-3,MECH_FEEDING_MUCUS_CORAL | SED_DEPOSITION,OpenAlex | Semantic Scholar | Web of Science,5,title organism+stressor; >=2 systems or >=3 occurrences
0,CWC-1E8A06594C30,W2100034533,Appearance matters: sedimentation effects on different sponge morphologies,10.1017/s0025315414001787,SED_DEPOSITION | SED_DREDGING | SED_SUSPENDED,Web of Science,3,title organism+stressor; >=2 systems or >=3 occurrences
0,CWC-A7E04D2264A7,W1972159396,"Growth and development of mangrove forests overlying smothered coral reefs, Sulawesi and Sumatra, Indonesia",10.3354/meps07661,SED_DEPOSITION,OpenAlex | Semantic Scholar | Web of Science,3,title organism+stressor; >=2 systems or >=3 occurrences
0,CWC-4223F2A77EE9,W2042501680,"Tube-building polychaete worms smother corals in the Solitary Islands Marine Park, northern NSW, Australia",10.1007/s003380050136,SED_DEPOSITION,OpenAlex | Semantic Scholar | Web of Science,3,title organism+stressor; >=2 systems or >=3 occurrences
0,CWC-A1EB3933D397,W1998071070,"A colonial tunicate smothers corals and coralline algae on the Great Astrolabe Reef, Fiji",10.1007/bf00367232,SED_DEPOSITION,OpenAlex | Semantic Scholar | Web of Science,3,title organism+stressor; >=2 systems or >=3 occurrences
0,CWC-01450056045A,W2084642072,Sublethal and lethal effects of sediments applied to common Caribbean Reef corals in the field,10.1016/0025-326x(83)90602-1,RESP_THRESHOLD_RECOVERY | SED_DEPOSITION | SED_DREDGING,OpenAlex | Semantic Scholar | Web of Science,6,title organism+stressor; >=2 systems or >=3 occurrences
0,CWC-FCEF2BEBFA85,W4387761433,Vulnerability of six cold-water corals to sediment resuspension from bottom trawling fishing,10.1016/j.marpolbul.2023.115423,RESP_THRESHOLD_RECOVERY | SED_DREDGING | SED_DRILLING | SED_SUSPENDED,OpenAlex | Semantic Scholar | Web of Science,9,title organism+stressor; >=2 systems or >=3 occurrences
0,CWC-671ABAFF3C79,W4315853373,Change and stasis of distinct sediment microbiomes across Port Everglades Inlet (PEI) and the adjacent coral reefs,10.7717/peerj.14288,RESP_THRESHOLD_RECOVERY | SED_DREDGING | SED_SUSPENDED,OpenAlex | Semantic Scholar | Web of Science,6,title organism+stressor; >=2 systems or >=3 occurrences
0,CWC-75ED3643AE55,W3193592105,Short-term sediment plume event in the coral reef area of a small island captured by the Planet Dove satellite constellation,10.1080/2150704x.2021.1962574,RESP_THRESHOLD_RECOVERY | SED_DREDGING | SED_SUSPENDED,OpenAlex | Semantic Scholar | Web of Science,8,title organism+stressor; >=2 systems or >=3 occurrences
0,CWC-F2BE080BB9D3,W4402039017,Investigating the link between the Port of Miami dredging and the onset of the stony coral tissue loss disease epidemics,10.1016/j.marpolbul.2024.116886,SED_DREDGING | SED_SUSPENDED,OpenAlex | Semantic Scholar | Web of Science,4,title organism+stressor; >=2 systems or >=3 occurrences
0,CWC-641BB2740730,W2064956406,Potential impacts of polar fronts on sedimentation processes at Abrolhos coral reef (South-West Atlantic Ocean/Brazil),10.1016/j.csr.2007.11.003,SED_DREDGING | SED_SUSPENDED,OpenAlex | Semantic Scholar | Web of Science,6,title organism+stressor; >=2 systems or >=3 occurrences
0,CWC-50358B8FDB63,W4296038735,"Sediment trap height affects mass, particle size, and biogeochemical composition of material collected in an equatorial coral reef",10.1016/j.marpolbul.2022.114086,SED_DREDGING | SED_SUSPENDED,OpenAlex | Semantic Scholar | Web of Science,6,title organism+stressor; >=2 systems or >=3 occurrences
0,CWC-3DFE8D2CA137,W2086010612,Coral Growth Related to Resuspension of Bottom Sediments,10.1038/247574a0,SED_DREDGING | SED_SUSPENDED,OpenAlex | Semantic Scholar | Web of Science,6,title organism+stressor; >=2 systems or >=3 occurrences
0,CWC-775336C20A96,W2024838764,Photo-physiological costs associated with acute sediment stress events in three near-shore turbid water corals,10.3354/meps10714,SED_DREDGING | SED_SUSPENDED,OpenAlex | Semantic Scholar | Web of Science,6,title organism+stressor; >=2 systems or >=3 occurrences
0,CWC-C1A1A4883BB8,W2025977675,Potential for Coral stress due to sediment resuspension and deposition by reef walkers,10.1016/0006-3207(90)90127-b,SED_DREDGING | SED_SUSPENDED,OpenAlex | Semantic Scholar | Web of Science,6,title organism+stressor; >=2 systems or >=3 occurrences
0,CWC-1477EB9EE630,W1976595836,Elevated sedimentation on coral reefs adjacent to a beach nourishment project,10.1016/j.marpolbul.2009.08.032,SED_DREDGING | SED_SUSPENDED,OpenAlex | Semantic Scholar | Web of Science,4,title organism+stressor; >=2 systems or >=3 occurrences
0,CWC-731EB8FC7169,W2075112696,Tidally-induced clouds of suspended sediment connected to shallow-water coral reefs,10.1016/j.margeo.2004.04.021,SED_DREDGING | SED_SUSPENDED,OpenAlex | Semantic Scholar | Web of Science,6,title organism+stressor; >=2 systems or >=3 occurrences
0,CWC-62F2B4258D66,W2078987395,"Sedimentation processes in a coral reef embayment: Hanalei Bay, Kauai",10.1016/j.margeo.2009.05.002,SED_DREDGING | SED_SUSPENDED,OpenAlex | Semantic Scholar | Web of Science,6,title organism+stressor; >=2 systems or >=3 occurrences
0,CWC-4726E874CF03,W2562645580,Effects of light attenuation on the sponge holobiont- implications for dredging management,10.1038/srep39038,RESP_THRESHOLD_RECOVERY | SED_DREDGING | SED_SUSPENDED,Semantic Scholar | Web of Science,5,title organism+stressor; >=2 systems or >=3 occurrences
0,CWC-EAF7BB05B7F6,W2220855803,Suspended sediments limit coral sperm availability,10.1038/srep18084,SED_DREDGING | SED_SUSPENDED,OpenAlex | Semantic Scholar | Web of Science,6,title organism+stressor; >=2 systems or >=3 occurrences
0,CWC-6065F381524E,W2016445221,Assessing the effects of sediments and nutrients on coral reefs,10.1016/j.cosust.2014.01.003,SED_DREDGING | SED_SUSPENDED,OpenAlex | Semantic Scholar | Web of Science,6,title organism+stressor; >=2 systems or >=3 occurrences
0,CWC-D31CA53AE791,W2011493517,"Hydrodynamic control of the supply of reworked terrigenous sediment to coral reefs in the Bay of Banten (NW Java, Indonesia)",10.1016/s0272-7714(03)00181-1,SED_DREDGING | SED_SUSPENDED,OpenAlex | Semantic Scholar | Web of Science,6,title organism+stressor; >=2 systems or >=3 occurrences
0,CWC-5D84BCEF0E45,W4391353912,Characterizing transcriptomic responses to sediment stress across location and morphology in reef-building corals,10.7717/peerj.16654,SED_DREDGING | SED_SUSPENDED,OpenAlex | Semantic Scholar | Web of Science,4,title organism+stressor; >=2 systems or >=3 occurrences
0,CWC-790CDE6E1E4E,W1777077772,"The influence of grain size, grain color, and suspended-sediment concentration on light attenuation: Why fine-grained terrestrial sediment is bad for coral reef ecosystems",10.1007/s00338-015-1268-0,SED_DREDGING | SED_SUSPENDED,OpenAlex | Semantic Scholar | Web of Science,8,title organism+stressor; >=2 systems or >=3 occurrences
0,CWC-36678D23637F,W1802178687,"Chlorophyll a and turbidity patterns over coral reefs systems of La Parguera Natural Reserve, Puerto Rico.",10.15517/rbt.v53i1.26616,SED_DREDGING | SED_SUSPENDED,OpenAlex | Semantic Scholar | Web of Science,6,title organism+stressor; >=2 systems or >=3 occurrences
0,CWC-F00D035DB3A0,W2002603487,Sources of land-derived runoff to a coral reef-fringed embayment identified using geochemical tracers in nearshore sediment traps,10.1016/j.ecss.2009.09.014,SED_DREDGING | SED_SUSPENDED,OpenAlex | Semantic Scholar | Web of Science,6,title organism+stressor; >=2 systems or >=3 occurrences
0,CWC-EDC6E0691F21,W2126827605,"The impacts of scallop dredging on sponge assemblages in the Gulf of Kalloni (Aegean Sea, northeastern Mediterranean)",10.1016/s1054-3139(03)00012-2,SED_DREDGING,OpenAlex | Semantic Scholar | Web of Science,3,title organism+stressor; >=2 systems or >=3 occurrences
0,CWC-81FC558DEAE0,W2938619458,"Coral-based high-resolution rare earth element proxy for terrestrial sediment discharge affecting coastal seawater quality, Great Barrier Reef",10.1016/j.gca.2019.04.004,SED_DREDGING | SED_SUSPENDED,OpenAlex | Semantic Scholar | Web of Science,6,title organism+stressor; >=2 systems or >=3 occurrences
0,CWC-4C41FFBB0314,W2113118605,Numerical modeling of the impact of sea-level rise on fringing coral reef hydrodynamics and sediment transport,10.1007/s00338-011-0723-9,SED_DREDGING | SED_SUSPENDED,OpenAlex | Semantic Scholar | Web of Science,4,title organism+stressor; >=2 systems or >=3 occurrences
0,CWC-9A73F4EE602B,W1999907265,"Terrigenous sediments as influences upon Holocene nearshore coral reefs, central Great Barrier Reef, Australia",10.1046/j.1440-0952.1999.00694.x,RESP_THRESHOLD_RECOVERY | SED_DREDGING | SED_SUSPENDED,OpenAlex | Semantic Scholar | Web of Science,8,title organism+stressor; >=2 systems or >=3 occurrences
0,CWC-AE450FD7C126,W2030008917,Microbiological nitrogen transformation in carbonate sediments of a coral-reef lagoon and associated seagrass beds,10.3354/meps217273,SED_DREDGING | SED_SUSPENDED,OpenAlex | Semantic Scholar | Web of Science,6,title organism+stressor; >=2 systems or >=3 occurrences
0,CWC-587E01389D6D,W2136808741,Circulation and suspended sediment transport in a coral reef lagoon: The south-west lagoon of New Caledonia,10.1016/j.marpolbul.2010.06.023,SED_DREDGING | SED_SUSPENDED,OpenAlex | Semantic Scholar | Web of Science,4,title organism+stressor; >=2 systems or >=3 occurrences
0,CWC-069EAC4E4A5E,W2038293178,"The relative contribution of processes driving variability in flow, shear, and turbidity over a fringing coral reef: West Maui, Hawaii",10.1016/j.ecss.2007.10.012,SED_DREDGING | SED_SUSPENDED,OpenAlex | Semantic Scholar | Web of Science,4,title organism+stressor; >=2 systems or >=3 occurrences
0,CWC-8CA5DB753470,W2013618529,Intra-annual variation in turbidity in response to terrestrial runoff on near-shore coral reefs of the Great Barrier Reef,10.1016/j.ecss.2012.03.010,SED_DREDGING | SED_SUSPENDED,OpenAlex | Semantic Scholar | Web of Science,6,title organism+stressor; >=2 systems or >=3 occurrences
0,CWC-FA6A2B921E3D,W2146929486,"Near-bed particle deposition and resuspension in a cold-water coral mound area at the Southwest Rockall Trough margin, NE Atlantic",10.1016/j.dsr.2009.01.006,SED_DREDGING | SED_SUSPENDED,OpenAlex | Semantic Scholar | Web of Science,6,title organism+stressor; >=2 systems or >=3 occurrences
0,CWC-E253BCE86702,W2742532416,"Effects of Changing Weather, Oceanographic Conditions, and Land Uses on Spatio-Temporal Variation of Sedimentation Dynamics along Near-Shore Coral Reefs",10.3389/fmars.2017.00249,SED_DREDGING | SED_SUSPENDED,OpenAlex | Semantic Scholar | Web of Science,6,title organism+stressor; >=2 systems or >=3 occurrences
0,CWC-5B4499AD4C1C,W2792694074,"Sedimentary processes and cold-water coral mini-mounds at the Ferrol canyon head, NW Iberian margin",10.1016/j.pocean.2018.02.027,SED_DREDGING | SED_SUSPENDED,OpenAlex | Semantic Scholar | Web of Science,6,title organism+stressor; >=2 systems or >=3 occurrences
0,CWC-2609E78B1514,W1988368610,"The hydrodynamic and sedimentary setting of nearshore coral reefs, central Great Barrier Reef shelf, Australia: Paluma Shoals, a case study",10.1046/j.1365-3091.2001.00396.x,SED_DREDGING | SED_SUSPENDED,OpenAlex | Semantic Scholar | Web of Science,6,title organism+stressor; >=2 systems or >=3 occurrences
0,CWC-664EC2708D04,W2071232815,Cellular reactions to sedimentation and temperature stress in the Caribbean coral Montastraea cavernosa,10.1016/j.jip.2007.01.003,SED_DREDGING,OpenAlex | Semantic Scholar | Web of Science,3,title organism+stressor; >=2 systems or >=3 occurrences
0,CWC-E1EA41749A06,W7164513364,Chitosan reduces turbidity without negative effects on scleractinian coral,10.1007/s11852-026-01235-0,RESP_THRESHOLD_RECOVERY | SED_DREDGING | SED_SUSPENDED,OpenAlex | Semantic Scholar | Web of Science,8,title organism+stressor; >=2 systems or >=3 occurrences
0,CWC-BF2ED6D56354,W3011501224,Responses of corals to chronic turbidity,10.1038/s41598-020-61712-w,SED_DREDGING | SED_SUSPENDED,OpenAlex | Semantic Scholar | Web of Science,6,title organism+stressor; >=2 systems or >=3 occurrences
0,CWC-8DA9866ECCD2,W2283116279,Localised and limited impact of a dredging operation on coral cover in the northwestern lagoon of New Caledonia,10.1016/j.marpolbul.2016.02.028,SED_DREDGING,OpenAlex | Semantic Scholar | Web of Science,3,title organism+stressor; >=2 systems or >=3 occurrences
0,CWC-6D286F389E05,W2182917284,Assessing the impacts of sediments from dredging on corals,10.1016/j.marpolbul.2015.10.049,RESP_THRESHOLD_RECOVERY | SED_DREDGING | SED_SUSPENDED,OpenAlex | Semantic Scholar | Web of Science,8,title organism+stressor; >=2 systems or >=3 occurrences
0,CWC-0EBEFB661998,W2317329149,Effect of suspended sediment on fertilization success in the scleractinian coral <i>Pectinia lactuca</i>,10.1017/s0025315411000944,MECH_FEEDING_MUCUS_CORAL | RESP_THRESHOLD_RECOVERY | SED_DREDGING | SED_SUSPENDED,Grey literature | OpenAlex | Semantic Scholar | Web of Science,10,title organism+stressor; >=2 systems or >=3 occurrences
0,CWC-42C24E0CB719,W4402145770,"Model test on dynamic response of coral sand in island dredging airport under wave, tidal and aircraft landing load",10.1080/1064119x.2024.2397379,SED_DREDGING,OpenAlex | Semantic Scholar | Web of Science,3,title organism+stressor; >=2 systems or >=3 occurrences
0,CWC-AA6102CBFDE4,W4306168866,Vibroflotation method to improve silt interlayers of dredged coral sand ground–a case study,10.1007/s10064-022-02975-7,SED_DREDGING,OpenAlex | Semantic Scholar | Web of Science,3,title organism+stressor; >=2 systems or >=3 occurrences
0,CWC-3006582224E0,W3084368835,Synergic effect of global thermal anomalies and local dredging activities on coral reefs of the Maldives,10.1016/j.marpolbul.2020.111585,SED_DREDGING,OpenAlex | Semantic Scholar | Web of Science,3,title organism+stressor; >=2 systems or >=3 occurrences
0,CWC-2EF7952F198B,W3048537616,"Ecosystem service values of sediment generation and entrapment by marginal coral reefs at Sodwana Bay, South Africa",10.2989/1814232x.2020.1771415,SED_DREDGING,OpenAlex | Semantic Scholar | Web of Science,3,title organism+stressor; >=2 systems or >=3 occurrences
0,CWC-F05360C514F7,W2981362439,Sedimentary characteristics of coral mud in the South China Sea during the reclamation process,10.1007/s00367-019-00600-3,SED_DREDGING,Semantic Scholar | Web of Science,2,title organism+stressor; >=2 systems or >=3 occurrences
0,CWC-997776675790,W2914390735,No effect of dredging on the prevalence of coral disease detected during a large dredging program,10.1016/j.marpolbul.2019.01.047,SED_DREDGING,OpenAlex | Semantic Scholar | Web of Science,3,title organism+stressor; >=2 systems or >=3 occurrences
0,CWC-4BE896462019,W2767038349,Species-specific impacts of suspended sediments on gill structure and function in coral reef fishes,10.1098/rspb.2017.1279,RESP_THRESHOLD_RECOVERY | SED_DREDGING | SED_SUSPENDED,OpenAlex | Semantic Scholar | Web of Science,6,title organism+stressor; >=2 systems or >=3 occurrences
0,CWC-8FA34F89E708,W4238709743,Correction: Sediment and Turbidity Associated with Offshore Dredging Increase Coral Disease Prevalence on Nearby Reefs,10.1371/journal.pone.0165541,SED_DREDGING | SED_SUSPENDED,OpenAlex | Semantic Scholar | Web of Science,6,title organism+stressor; >=2 systems or >=3 occurrences
0,CWC-00D54340DAEA,W2073119404,"The sediment composition and predictive mapping of facies on the Propeller Mound—A cold-water coral mound (Porcupine Seabight, NE Atlantic)",10.1016/j.csr.2010.08.007,SED_DREDGING,OpenAlex | Semantic Scholar | Web of Science,3,title organism+stressor; >=2 systems or >=3 occurrences
0,CWC-416C79FCE10C,W1975846129,"Serial patterns of biodiversity change in corals across shallow reef flats in Ko Phuket, Thailand, due to the effects of local (sedimentation) and regional (climatic) perturbations",10.1007/s00227-002-0810-0,SED_DREDGING,OpenAlex | Semantic Scholar | Web of Science,3,title organism+stressor; >=2 systems or >=3 occurrences
0,CWC-264712FD8589,W2160407514,"Heavy metals in seawater, marine sediments and corals from the Townsville section, Great Barrier Reef Marine Park, Queensland",10.1016/s0304-4203(00)00050-5,SED_DREDGING,OpenAlex | Semantic Scholar | Web of Science,3,title organism+stressor; >=2 systems or >=3 occurrences
0,CWC-E52550EA2E0E,W2048791680,"Evaluation of the environmental impact of dredging on intertidal coral reefs at Ko Phuket, Thailand, using ecological and physiological parameters",10.3354/meps065273,SED_DREDGING,OpenAlex | Semantic Scholar | Web of Science,3,title organism+stressor; >=2 systems or >=3 occurrences
0,CWC-6C3789374DDB,W2045118594,"An analysis of problems related to dredging in a coral atoll: Kavaratti, Lakshadweep, Indian Ocean",10.1007/bf02528798,SED_DREDGING,OpenAlex | Semantic Scholar | Web of Science,3,title organism+stressor; >=2 systems or >=3 occurrences
0,CWC-A2AC034C6C34,W2012920587,Lethal and sublethal effects of dredging on reef corals,10.1016/0025-326x(78)90275-8,SED_DREDGING,OpenAlex | Semantic Scholar | Web of Science,3,title organism+stressor; >=2 systems or >=3 occurrences
0,CWC-8C9BBFC05792,W121480852,Coral Populations and Growth Patterns: Responses to Sedimentation and Turbidity Associated with Dredging,,RESP_THRESHOLD_RECOVERY | SED_DREDGING | SED_SUSPENDED,OpenAlex | Semantic Scholar | Web of Science,8,title organism+stressor; >=2 systems or >=3 occurrences
0,CWC-FD8051672296,W3191129308,"Drill cuttings and drilling fluids (muds) transport, fate and effects near a coral reef mesophotic zone",10.1016/j.marpolbul.2021.112717,RESP_THRESHOLD_RECOVERY | SED_DRILLING,OpenAlex | Semantic Scholar | Web of Science,5,title organism+stressor; >=2 systems or >=3 occurrences
0,CWC-908DE8E1A7FD,W2043029013,"Barite and barium in sediments and coral skeletons around the hydrocarbon exploration drilling site in the Træna Deep, Norwegian Sea",10.1007/s00254-007-1145-4,SED_DRILLING,OpenAlex | Semantic Scholar | Web of Science,3,title organism+stressor; >=2 systems or >=3 occurrences
0,CWC-63483B55E28F,W4206812642,The Ba/Ca record of coral from Weizhou Island: Contributions from oil-drilling muds and the winter monsoon,10.1016/j.marpolbul.2021.113317,SED_DRILLING,OpenAlex | Semantic Scholar | Web of Science,3,title organism+stressor; >=2 systems or >=3 occurrences
0,CWC-76DBA2881C9F,W2548814347,Eco-physiological responses of cold-water soft corals to anthropogenic sedimentation and particle shape,10.1016/j.jembe.2018.02.009,SED_DRILLING | SED_TAILINGS,OpenAlex | Semantic Scholar | Web of Science,4,title organism+stressor; >=2 systems or >=3 occurrences
0,CWC-5AB31F103306,W2997494242,"Coastal Sediment Dynamics, Ecology and Detection of Coral Reef Macroalgae from AVIRIS-NG",10.18520/cs/v116/i7/1157-1165,SED_SUSPENDED,OpenAlex | Web of Science,2,title organism+stressor; >=2 systems or >=3 occurrences
0,CWC-698E7ACCA1AF,W4404094022,Turbidity estimation from an acoustic backscatter signal in a tropical coral reef system,10.1016/j.ecss.2024.109018,SED_SUSPENDED,OpenAlex | Semantic Scholar | Web of Science,3,title organism+stressor; >=2 systems or >=3 occurrences
0,CWC-BA9138852A53,W2465500605,Stream turbidity responses to storm events in a pristine rainforest watershed on the Coral Coast of southern Fiji,10.1016/j.ijsrc.2016.07.002,SED_SUSPENDED,OpenAlex | Semantic Scholar | Web of Science,3,title organism+stressor; >=2 systems or >=3 occurrences
0,CWC-781293847F1D,W1998557312,"Gradients in water column nutrients, sediment parameters, irradiance and coral reef development in the Whitsunday Region, central Great Barrier Reef",10.1016/j.ecss.2007.05.020,SED_SUSPENDED,OpenAlex | Semantic Scholar | Web of Science,3,title organism+stressor; >=2 systems or >=3 occurrences
0,CWC-F1DBCDF82745,W4404435183,"Suspended sediment and reduced salinity decrease development success of early stages of Acropora tumida and Platygyra carnosa in a turbid coral habitat, Hong Kong",10.1016/j.marpolbul.2024.117255,RESP_THRESHOLD_RECOVERY | SED_SUSPENDED,OpenAlex | Semantic Scholar | Web of Science,5,title organism+stressor; >=2 systems or >=3 occurrences
0,CWC-DC309D1E8EF2,W2793891645,Spatial Variability of Sediment Transport Processes Over Intratidal and Subtidal Timescales Within a Fringing Coral Reef System,10.1002/2017jf004468,SED_SUSPENDED,OpenAlex | Semantic Scholar | Web of Science,3,title organism+stressor; >=2 systems or >=3 occurrences
0,CWC-ED617FA1D618,W2164854425,"Wave- and tidally-driven flow and sediment flux across a fringing coral reef: Southern Molokai, Hawaii",10.1016/j.csr.2004.02.010,SED_SUSPENDED,OpenAlex | Semantic Scholar | Web of Science,4,title organism+stressor; >=2 systems or >=3 occurrences
0,CWC-FAC3F31C43DC,W2596644882,Filtration treatment of processing kapuas river’s water by coral sands/kaolinite/activated carbon,10.1063/1.4978103,SED_SUSPENDED,OpenAlex | Semantic Scholar | Web of Science,3,title organism+stressor; >=2 systems or >=3 occurrences
0,CWC-7BD7A0608935,W3131261597,"The Contribution of Currents, Sea‐Swell Waves, and Infragravity Waves to Suspended‐Sediment Transport Across a Coral Reef‐Lagoon System",10.1029/2020jc017010,SED_SUSPENDED,OpenAlex | Semantic Scholar | Web of Science,3,title organism+stressor; >=2 systems or >=3 occurrences
0,CWC-753618008C52,W3137279397,High turbidity levels alter coral reef fish movement in a foraging task,10.1038/s41598-021-84814-5,SED_SUSPENDED,OpenAlex | Semantic Scholar | Web of Science,3,title organism+stressor; >=2 systems or >=3 occurrences
0,CWC-0E5B123F4712,W2064089843,"Effects of suspended sediments, dissolved inorganic nutrients and salinity on fertilisation and embryo development in the coral Acropora millepora (Ehrenberg, 1834)",10.1007/s00338-008-0408-1,RESP_THRESHOLD_RECOVERY | SED_SUSPENDED,OpenAlex | Semantic Scholar | Web of Science,5,title organism+stressor; >=2 systems or >=3 occurrences
0,CWC-578FFD6DF69B,W2094710080,Determining trigger values of suspended sediment for behavioral changes in a coral reef fish,10.1016/j.marpolbul.2013.02.014,RESP_THRESHOLD_RECOVERY | SED_SUSPENDED,OpenAlex | Semantic Scholar | Web of Science,5,title organism+stressor; >=2 systems or >=3 occurrences
0,CWC-58C12E77E829,W2612383262,"Dynamics of Suspended Sediments during a Dry Season and Their Consequences on Metal Transportation in a Coral Reef Lagoon Impacted by Mining Activities, New Caledonia",10.3390/w9050338,SED_SUSPENDED,OpenAlex | Semantic Scholar | Web of Science,3,title organism+stressor; >=2 systems or >=3 occurrences
0,CWC-E7E3305E6350,W2131682841,"Potential Effects of Runoff, Fluvial Sediment, and Nutrient Discharges on the Coral Reefs of Puerto Rico",10.2112/07-0920.1,SED_SUSPENDED,OpenAlex | Semantic Scholar | Web of Science,3,title organism+stressor; >=2 systems or >=3 occurrences
0,CWC-1C3FAE25F0D5,W2075685576,"Coral community structure and sedimentation at different distances from the coast of the Abrolhos Bank, Brazil",10.1590/s1679-87592011000200001,SED_SUSPENDED,OpenAlex | Semantic Scholar | Web of Science,3,title organism+stressor; >=2 systems or >=3 occurrences
0,CWC-B01191477AA4,W2082029394,"Factors controlling suspended sediment on inner-shelf coral reefs, Townsville, Australia",10.1007/bf00367235,SED_SUSPENDED,OpenAlex | Semantic Scholar | Web of Science,3,title organism+stressor; >=2 systems or >=3 occurrences
0,CWC-03A1785652F0,W1997001929,Sediment transport and mixing depth on a coral reef sand apron,10.1016/j.geomorph.2013.09.034,SED_SUSPENDED,OpenAlex | Semantic Scholar | Web of Science,3,title organism+stressor; >=2 systems or >=3 occurrences
0,CWC-28BF9E5B1D95,W2183239372,Coral reef sediment dynamics: evidence of sand-apron evolution on a daily and decadal scale,10.2112/si65-103.1,SED_SUSPENDED,OpenAlex | Semantic Scholar | Web of Science,3,title organism+stressor; >=2 systems or >=3 occurrences
0,CWC-4AAA10C6082D,W3208965907,Untangling the molecular basis of coral response to sedimentation,10.1111/mec.16263,SED_SUSPENDED,OpenAlex | Semantic Scholar | Web of Science,3,title organism+stressor; >=2 systems or >=3 occurrences
0,CWC-79FB5D21BE5D,W2119831295,"Relating sediment impacts on coral reefs to watershed sources, processes and management: A review",10.1016/j.scitotenv.2013.09.030,SED_SUSPENDED,OpenAlex | Semantic Scholar | Web of Science,3,title organism+stressor; >=2 systems or >=3 occurrences
0,CWC-FBF5E79F81B7,W2166704048,A tank system for studying benthic aquatic organisms at predictable levels of turbidity and sedimentation: Case study examining coral growth,10.4319/lo.1999.44.6.1415,SED_SUSPENDED,OpenAlex | Semantic Scholar | Web of Science,3,title organism+stressor; >=2 systems or >=3 occurrences
0,CWC-7D0EA8A2E7BD,W4294605737,Large-scale effects of turbidity on coral bleaching in the Hawaiian islands,10.3389/fmars.2022.969472,SED_SUSPENDED,OpenAlex | Semantic Scholar | Web of Science,3,title organism+stressor; >=2 systems or >=3 occurrences
0,CWC-F78E3561703B,W4401617506,Understanding Two Decades of Turbidity Dynamics in a Coral Triangle Hotspot: The Berau Coastal Shelf,10.3390/w16162300,SED_SUSPENDED,OpenAlex | Semantic Scholar | Web of Science,3,title organism+stressor; >=2 systems or >=3 occurrences
0,CWC-4A1968954807,W2081193810,"Diurnal variability in turbidity and coral fluorescence on a fringing reef flat: Southern Molokai, Hawaii",10.1016/j.ecss.2007.08.023,SED_SUSPENDED,OpenAlex | Semantic Scholar | Web of Science,3,title organism+stressor; >=2 systems or >=3 occurrences
0,CWC-E4B8424935AF,W2033894858,"Enhanced energy status of corals on coastal, high-turbidity reefs",10.3354/meps319111,SED_SUSPENDED,OpenAlex | Semantic Scholar | Web of Science,3,title organism+stressor; >=2 systems or >=3 occurrences
0,CWC-04EB0789ECC5,W2321101752,Seawater turbidity and fish communities on coral reefs of Puerto Rico,10.3354/meps10051,SED_SUSPENDED,OpenAlex | Semantic Scholar | Web of Science,3,title organism+stressor; >=2 systems or >=3 occurrences
0,CWC-67E8AB8F9B35,W7134062034,Morphometric patterns and potential plastic responses of the coral Echinopora spp. along turbidity gradients,10.1007/s00227-026-04802-z,SED_SUSPENDED,OpenAlex | Semantic Scholar | Web of Science,3,title organism+stressor; >=2 systems or >=3 occurrences
0,CWC-F2BD5735ECA3,W4387445714,Turbidity buffers coral bleaching under extreme wind and rainfall conditions,10.1016/j.marenvres.2023.106215,SED_SUSPENDED,OpenAlex | Semantic Scholar | Web of Science,3,title organism+stressor; >=2 systems or >=3 occurrences
0,CWC-6D33A02CB531,W4391614157,Applying ensemble climate models to predict the fate of marginal coral reefs already existing at thermal and turbidity limits in arid tropical Australia,10.1002/cli2.66,SED_SUSPENDED,OpenAlex | Semantic Scholar | Web of Science,3,title organism+stressor; >=2 systems or >=3 occurrences
0,CWC-5041F4C8609E,W1992848477,"Effects of the 1997?1998 El Ni�o on the cnidarian community of a high turbidity coral reef system (northern Bahia, Brazil)",10.1007/s00338-003-0343-0,RESP_THRESHOLD_RECOVERY | SED_SUSPENDED,OpenAlex | Semantic Scholar | Web of Science,5,title organism+stressor; >=2 systems or >=3 occurrences
0,CWC-5CEE80723BF1,W2593428565,"Coral assemblages are structured along a turbidity gradient on the Southwestern Gulf of Mexico, Veracruz",10.1016/j.csr.2017.03.002,SED_SUSPENDED,OpenAlex | Semantic Scholar | Web of Science,3,title organism+stressor; >=2 systems or >=3 occurrences
0,CWC-85C0D7D5C6D1,W2232821022,Climate‐change refugia: shading reef corals by turbidity,10.1111/gcb.13166,SED_SUSPENDED,OpenAlex | Semantic Scholar | Web of Science,3,title organism+stressor; >=2 systems or >=3 occurrences
0,CWC-EDD1DC139DFA,W4410456106,Coastal seawater turbidity and thermal stress control growth of reef-building Porites spp. corals in Fiji,10.1038/s41598-025-02283-6,SED_SUSPENDED,OpenAlex | Semantic Scholar | Web of Science,3,title organism+stressor; >=2 systems or >=3 occurrences
0,CWC-2A9BDF378366,W4321459154,Heatwaves and a decrease in turbidity drive coral bleaching in Atlantic marginal equatorial reefs,10.3389/fmars.2023.1061488,RESP_THRESHOLD_RECOVERY | SED_SUSPENDED,OpenAlex | Semantic Scholar | Web of Science,5,title organism+stressor; >=2 systems or >=3 occurrences
0,CWC-5A7246B07488,W2760109666,"Application of the Support Vector Regression Method for Turbidity Assessment with MODIS on a Shallow Coral Reef Lagoon (Voh-Koné-Pouembout, New Caledonia)",10.3390/w9100737,SED_SUSPENDED,OpenAlex | Semantic Scholar | Web of Science,3,title organism+stressor; >=2 systems or >=3 occurrences
0,CWC-7BA0DA1F6197,W7127567089,Tephra-mediated manganese cycling shapes coral responses to coastal sedimentation,10.1038/s41598-026-38388-9,SED_SUSPENDED,OpenAlex | Semantic Scholar | Web of Science,3,title organism+stressor; >=2 systems or >=3 occurrences
0,CWC-04B3CFB894A9,W4415190099,Impact of warming and suspended terrigenous sediment on the Hawaiian reef coral Montipora capitata,10.1007/s00338-025-02752-4,RESP_THRESHOLD_RECOVERY | SED_SUSPENDED,OpenAlex | Semantic Scholar | Web of Science,5,title organism+stressor; >=2 systems or >=3 occurrences
0,CWC-3DB148F869B1,W1994383338,RNA/DNA ratios of scleractinian corals suggest acclimatisation/adaptation in relation to light gradients and turbidity regimes,10.3354/meps227233,SED_SUSPENDED,OpenAlex | Semantic Scholar | Web of Science,3,title organism+stressor; >=2 systems or >=3 occurrences
0,CWC-80A9D55C6707,W1964655004,Cryptic assemblages in coral-rubble interstices along a terrestrial-sediment gradient,10.1007/s00338-008-0382-7,SED_SUSPENDED,OpenAlex | Semantic Scholar | Web of Science,3,title organism+stressor; >=2 systems or >=3 occurrences
0,CWC-467AB0F905CD,W2040325956,Scleractinian assemblages under sediment input: their characteristics and relation to the nutrient input concept,10.1016/j.palaeo.2004.10.008,RESP_THRESHOLD_RECOVERY | SED_SUSPENDED,OpenAlex | Semantic Scholar | Web of Science,5,title organism+stressor; >=2 systems or >=3 occurrences
0,CWC-82F0F1F69F35,W2051764898,"Coral reefs in a high-latitude, siliciclastic barrier island setting: reef framework and sediment production at Inhaca Island, southern Mozambique",10.1007/s00338-003-0339-9,SED_SUSPENDED,OpenAlex | Semantic Scholar | Web of Science,3,title organism+stressor; >=2 systems or >=3 occurrences
0,CWC-6C77DE24BB65,W1974161948,"Holocene coral reef growth and sea level in a macrotidal, high turbidity setting: Cockatoo Island, Kimberley Bioregion, northwest Australia",10.1016/j.margeo.2014.11.011,SED_SUSPENDED,OpenAlex | Semantic Scholar | Web of Science,3,title organism+stressor; >=2 systems or >=3 occurrences
0,CWC-EA8707334138,W1995821316,"Oligocene-Miocene extinction and geographic restriction of Caribbean corals; roles of turbidity, temperature, and nutrients",10.2307/3515129,SED_SUSPENDED,OpenAlex | Semantic Scholar | Web of Science,3,title organism+stressor; >=2 systems or >=3 occurrences
0,CWC-2832DDED6B65,W2966697765,"A new world-class deep-water play-type, deposited by the syndepositional interaction of turbidity flows and bottom currents: The giant Eocene Coral Field in northern Mozambique",10.1016/j.marpetgeo.2019.07.047,SED_SUSPENDED,OpenAlex | Semantic Scholar | Web of Science,3,title organism+stressor; >=2 systems or >=3 occurrences
0,CWC-536CB728C6CC,W4200482731,Kilometre-scale coral carpets on mixed carbonate-siliciclastic platforms; a sedimentological study from the Lower Cretaceous of northwestern Africa,10.1016/j.palaeo.2021.110792,RESP_THRESHOLD_RECOVERY | SED_SUSPENDED,OpenAlex | Web of Science,3,title organism+stressor; >=2 systems or >=3 occurrences
0,CWC-61741C6E87E5,W7167785862,Comparative microbial ecology of seagrass and coral reef sediments in the Lakshadweep archipelago using high-throughput 16S rRNA sequencing,10.1007/s13205-026-04960-3,SED_SUSPENDED,OpenAlex | Semantic Scholar | Web of Science,3,title organism+stressor; >=2 systems or >=3 occurrences
0,CWC-1FE45979EA4F,W4320169616,Three-dimensional modeling of dilute sediment concentration around the synthetic sponge inspired by the tubular sponge mechanism,10.1016/j.oceaneng.2023.113799,SED_SUSPENDED,OpenAlex | Web of Science,2,title organism+stressor; >=2 systems or >=3 occurrences
0,CWC-0346CF77FF17,W2033470528,"Heavy metal concentrations in growth bands of corals: a record of mine tailings input through time (Marinduque Island, Philippines)",10.1016/s0025-326x(02)00315-6,SED_TAILINGS,OpenAlex | Semantic Scholar | Web of Science,3,title organism+stressor; >=2 systems or >=3 occurrences
0,CWC-B43FA855E061,W2042236619,Sediment rejection by recent scleractinian corals: a key to palaeo-environmental reconstruction,10.1007/bf01896337,MECH_FEEDING_MUCUS_CORAL,OpenAlex | Semantic Scholar,2,title organism+stressor; >=2 systems or >=3 occurrences
0,CWC-35B2716445A4,W1978136464,The rate of mucus production by corals and its assimilation by the coral reef copepod Acartia negligens1,10.4319/lo.1975.20.6.0918,MECH_FEEDING_MUCUS_CORAL | SED_DEPOSITION,OpenAlex | Semantic Scholar,4,title organism+stressor; >=2 systems or >=3 occurrences
0,CWC-9004752166F8,W2744277577,Coral reefs in turbid waters: sediment-induced stresses in corals and likely mechanisms of adaptation,,MECH_FEEDING_MUCUS_CORAL | SED_SUSPENDED,OpenAlex | Semantic Scholar,4,title organism+stressor; >=2 systems or >=3 occurrences
0,CWC-D448CB5635D8,W2476006431,Effects of turbidity on the photosynthesis and respiration of two south Florida reef coral species,10.1016/0967-0653(96)80177-3,MECH_FEEDING_MUCUS_CORAL | SED_SUSPENDED,OpenAlex | Semantic Scholar,7,title organism+stressor; >=2 systems or >=3 occurrences
0,CWC-D448CB5635D8,W2982386511,Effects of turbidity on the photosynthesis and respiration of two south Florida reef coral species,10.1016/0967-0653(96)80177-3,MECH_FEEDING_MUCUS_CORAL | SED_SUSPENDED,OpenAlex | Semantic Scholar,7,title organism+stressor; >=2 systems or >=3 occurrences
0,CWC-5A3C0A9E78DA,W1127275993,"Effects of sedimentation, eutrophication, and chemical pollution on coral reef fishes",10.1017/cbo9781316105412.017,MECH_FEEDING_MUCUS_CORAL,OpenAlex | Semantic Scholar,2,title organism+stressor; >=2 systems or >=3 occurrences
0,CWC-BC126706B47C,W2016638135,Polycyclic Aromatic Hydrocarbon Contents of Coral and Surface Sediments off the South Texas Coast of the Gulf of Mexico,10.5539/ijb.v5n1p1,MECH_FEEDING_MUCUS_CORAL,OpenAlex | Semantic Scholar,2,title organism+stressor; >=2 systems or >=3 occurrences
0,CWC-947BCEE83A37,W2004672721,Importance of Benthic Prey for Fishes in Coral Reef-Associated Sediments,10.1353/psc.2003.0029,MECH_FEEDING_MUCUS_CORAL,OpenAlex | Semantic Scholar,2,title organism+stressor; >=2 systems or >=3 occurrences
0,CWC-A192D119492F,W2159376923,ENV04) Ecology of scleractinian corals in the waters of port dickson and their tolerance to sedimentation,,MECH_FEEDING_MUCUS_CORAL | RESP_THRESHOLD_RECOVERY | SED_DEPOSITION | SED_DREDGING | SED_SUSPENDED,OpenAlex | Semantic Scholar,13,title organism+stressor; >=2 systems or >=3 occurrences
0,CWC-1A86CE6CE1AD,W628446987,An Experimental Histopathological Rating Scale of Sedimentation Stress in the Caribbean Coral Montastraea cavernosa,,MECH_FEEDING_MUCUS_CORAL,OpenAlex | Semantic Scholar,2,title organism+stressor; >=2 systems or >=3 occurrences
0,CWC-73A17447C781,W2462141235,"Biodiversity and spatial distribution of Polychaeta (Annelida) communities in coral-alcal buildup sediment, Bahia, Brazil",10.15517/rbt.v46i5.29371,MECH_FEEDING_MUCUS_CORAL,OpenAlex | Semantic Scholar,2,title organism+stressor; >=2 systems or >=3 occurrences
0,CWC-2F31D0211EA9,W28576073,Sediment: stress factor or food source for reef corals,,MECH_FEEDING_MUCUS_CORAL | RESP_THRESHOLD_RECOVERY | SED_DEPOSITION | SED_SUSPENDED,OpenAlex | Semantic Scholar,8,title organism+stressor; >=2 systems or >=3 occurrences
0,CWC-2CAB666BC3F6,W1420192424,Effects of Dredging-Induced Sedimentation and Turbidity on Two Species of Stony Corals of Southeast Florida,,MECH_FEEDING_MUCUS_CORAL | SED_DREDGING | SED_SUSPENDED,OpenAlex | Semantic Scholar,5,title organism+stressor; >=2 systems or >=3 occurrences
0,CWC-F07EF7DF7207,W1230604026,The Ecological Role of Sediments on Coral Reefs,10.13140/rg.2.1.2083.5441,MECH_FEEDING_MUCUS_CORAL | RESP_THRESHOLD_RECOVERY | SED_DEPOSITION,OpenAlex | Semantic Scholar,6,title organism+stressor; >=2 systems or >=3 occurrences
0,CWC-A20FAA7710EA,W2603674668,When environmental factors become stressors: interactive effects of vermetid gastropods and sedimentation on corals,10.1098/rsbl.2016.0957,MECH_FEEDING_MUCUS_CORAL,OpenAlex | Semantic Scholar,2,title organism+stressor; >=2 systems or >=3 occurrences
0,CWC-11F90E64554C,W805407908,"Real-Time Coral Stress Observations Before, During, and After Beach Nourishment Dredging Offshore SE Florida",,MECH_FEEDING_MUCUS_CORAL | SED_DREDGING,OpenAlex | Semantic Scholar,4,title organism+stressor; >=2 systems or >=3 occurrences
0,CWC-3FE883F1D2AB,W829793237,Sensitivity of Corals to Turbidity and Sedimentation from Dredging: A Review,,MECH_FEEDING_MUCUS_CORAL | RESP_THRESHOLD_RECOVERY | SED_DEPOSITION | SED_DREDGING | SED_SUSPENDED,Grey literature | OpenAlex | Semantic Scholar,10,title organism+stressor; >=2 systems or >=3 occurrences
0,CWC-A1A4D35A92BF,W2290335657,Florida Reef Tract Scleractinian Coral Species-Specific Response to Sedimentation Stress,,MECH_FEEDING_MUCUS_CORAL | RESP_THRESHOLD_RECOVERY | SED_DEPOSITION | SED_DREDGING | SED_SUSPENDED,OpenAlex,5,title organism+stressor; >=2 systems or >=3 occurrences
0,CWC-99E427E2E50E,W646060517,Prokaryotic abundance and community structure in mucus of reef- building corals,10.25365/thesis.28683,MECH_FEEDING_MUCUS_CORAL,OpenAlex | Semantic Scholar,2,title organism+stressor; >=2 systems or >=3 occurrences
0,CWC-B778A2C8D370,W7135455806,Fine-Scale Foraging Behaviour and Energy Expenditure of Nominally Herbivorous Coral Reef Fishes; a Comparative Analysis Across a Turbidity Gradient on a Coral Reef in the Solomon Islands,,MECH_FEEDING_MUCUS_CORAL | RESP_THRESHOLD_RECOVERY | SED_SUSPENDED,OpenAlex,3,title organism+stressor; >=2 systems or >=3 occurrences
0,CWC-33AA2C7FC382,W4396682445,"Metagenomic characterization of archaeal and bacterial communities associated with coral, sediment, and seawater in a coral reef ecosystem of Phu Quoc island, Vietnam.",10.15625/1811-4989/20283,MECH_FEEDING_MUCUS_CORAL,OpenAlex | Semantic Scholar,2,title organism+stressor; >=2 systems or >=3 occurrences
0,CWC-2CDC2BFD8193,W7133438769,Effects of sedimentation on coral immunity,,MECH_FEEDING_MUCUS_CORAL | SED_DEPOSITION | SED_DREDGING | SED_SUSPENDED,OpenAlex,4,title organism+stressor; >=2 systems or >=3 occurrences
0,CWC-1F70859830B5,W4239992415,"Peer Review #2 of ""Borneo coral reefs subject to high sediment loads show evidence of resilience to various environmental stressors (v0.2)""",10.7287/peerj.7382v0.2/reviews/2,MECH_FEEDING_MUCUS_CORAL | SED_DEPOSITION | SED_SUSPENDED,OpenAlex | Semantic Scholar,4,title organism+stressor; >=2 systems or >=3 occurrences
0,CWC-DD70A42FE542,W4249752402,"Peer Review #2 of ""Borneo coral reefs subject to high sediment loads show evidence of resilience to various environmental stressors (v0.1)""",10.7287/peerj.7382v0.1/reviews/2,MECH_FEEDING_MUCUS_CORAL | SED_DEPOSITION | SED_SUSPENDED,OpenAlex | Semantic Scholar,4,title organism+stressor; >=2 systems or >=3 occurrences
0,CWC-57659F97C57F,W2969268337,"Peer Review #1 of ""Borneo coral reefs subject to high sediment loads show evidence of resilience to various environmental stressors (v0.2)""",10.7287/peerj.7382v0.2/reviews/1,MECH_FEEDING_MUCUS_CORAL | SED_DEPOSITION | SED_SUSPENDED,OpenAlex | Semantic Scholar,4,title organism+stressor; >=2 systems or >=3 occurrences
0,CWC-363527F67235,W2969434312,"Peer Review #1 of ""Borneo coral reefs subject to high sediment loads show evidence of resilience to various environmental stressors (v0.1)""",10.7287/peerj.7382v0.1/reviews/1,MECH_FEEDING_MUCUS_CORAL | SED_DEPOSITION | SED_SUSPENDED,OpenAlex | Semantic Scholar,4,title organism+stressor; >=2 systems or >=3 occurrences
0,CWC-DBEA921477E4,W3036661781,Synergistic Effects of Temperature and Sedimentation on Coral Recruits: Does Reducing a Local Stressor Increases Coral Resilience to Global Warming?,,MECH_FEEDING_MUCUS_CORAL | RESP_THRESHOLD_RECOVERY | SED_DREDGING | SED_SUSPENDED,OpenAlex,4,title organism+stressor; >=2 systems or >=3 occurrences
0,CWC-0C6935CD49C0,W751634254,"Sedimentation threats to Red Sea corals : an ecological study of reefs in the Hurghada Region, Egypt",,MECH_FEEDING_MUCUS_CORAL | RESP_THRESHOLD_RECOVERY | SED_SUSPENDED,OpenAlex,3,title organism+stressor; >=2 systems or >=3 occurrences
0,CWC-B2D1E5932175,W4386191527,"Comparative analysis of eukaryotic microbial communities associated with Acropora formosa, sediment, and seawater in a coral reef ecosystem of Whale island, Nha Trang bay, Vietnam",10.15625/1811-4989/18018,MECH_FEEDING_MUCUS_CORAL,OpenAlex | Semantic Scholar,2,title organism+stressor; >=2 systems or >=3 occurrences
0,CWC-14BE521FD97A,W2300330685,Natural vs. Anthropogenic Sedimentation: Does Reducing a Local Stressor Increase Coral Resilience to Climate Change?,,MECH_FEEDING_MUCUS_CORAL | RESP_THRESHOLD_RECOVERY | SED_DREDGING | SED_SUSPENDED,OpenAlex | Semantic Scholar,8,title organism+stressor; >=2 systems or >=3 occurrences
0,CWC-9E593C627937,W2943944052,Responsiveness of Glass Sponges to Suspended Sediments at Canada’s Glass Sponge Reefs,10.7939/r3k64b85v,MECH_FEEDING_PUMPING_SPONGE | RESP_THRESHOLD_RECOVERY | SED_DREDGING | SED_SUSPENDED,OpenAlex | Semantic Scholar,5,title organism+stressor; >=2 systems or >=3 occurrences
0,CWC-5B3ED894DEED,W2898353961,"Data associated with Grant et al (MER) ""Suspended sediment causes feeding current arrests in the glass sponge Aphrocallistes vastus""",10.7939/r3ks6jj80,MECH_FEEDING_PUMPING_SPONGE | SED_SUSPENDED,OpenAlex | Semantic Scholar,4,title organism+stressor; >=2 systems or >=3 occurrences
0,CWC-1CE0B02BE829,W2954589293,"Data associated with Grant et al (MEPS) ""The Effect of Suspended Sediments on the Pumping Rates of Three Species of Glass Sponge In situ """,10.7939/r3-emsf-3685,MECH_FEEDING_PUMPING_SPONGE | SED_SUSPENDED,OpenAlex | Semantic Scholar,4,title organism+stressor; >=2 systems or >=3 occurrences
0,CWC-72F31EF52385,W2772262371,Marine demosponge responses to a changing ocean; effects of sedimentation and temperature increases on Tethya burtoni metabolism,,MECH_FEEDING_PUMPING_SPONGE | RESP_THRESHOLD_RECOVERY | SED_DEPOSITION,OpenAlex,3,title organism+stressor; >=2 systems or >=3 occurrences
0,CWC-7AA6008523AB,W2077170976,Responses of coral reefs and reef organisms to sedimentation,10.3354/meps062185,RESP_THRESHOLD_RECOVERY | SED_DEPOSITION | SED_SUSPENDED,OpenAlex | Semantic Scholar,6,title organism+stressor; >=2 systems or >=3 occurrences
0,CWC-37F88897C373,W2055088330,Will Drill Cuttings and Drill Mud Harm Cold Water Corals?,10.2118/126468-ms,RESP_THRESHOLD_RECOVERY | SED_DRILLING,OpenAlex | Semantic Scholar,3,title organism+stressor; >=2 systems or >=3 occurrences
0,CWC-03718A549D0A,W2184460207,Effects of Suspended Sediment and Burial Upon Survival and Growth of Eastern Gulf of Mexico Corals,,RESP_THRESHOLD_RECOVERY | SED_DEPOSITION | SED_SUSPENDED,OpenAlex | Semantic Scholar,6,title organism+stressor; >=2 systems or >=3 occurrences
0,CWC-3D51A677DF76,W1145816296,Chapter 16 Effects of Drilling Mud on Seven Species of Reef-Building Corals as Measured in the Field and Laboratory,10.1016/s0422-9894(08)71393-x,RESP_THRESHOLD_RECOVERY | SED_DRILLING,OpenAlex | Semantic Scholar,4,title organism+stressor; >=2 systems or >=3 occurrences
0,CWC-18F9F78DCC7C,W2236867492,Responses of Hawaiian Scleractinian Corals to Different Levels of Terrestrial and Carbonate Sediment,,RESP_THRESHOLD_RECOVERY | SED_DEPOSITION | SED_SUSPENDED,OpenAlex,3,title organism+stressor; >=2 systems or >=3 occurrences
0,CWC-2575495CC265,W2061849451,EFFECTS OF DRILL MUD ON SEDIMENT CLEARING RATES OF CERTAIN HERMATYPIC CORALS,10.7901/2169-3358-1977-1-495,RESP_THRESHOLD_RECOVERY | SED_DEPOSITION | SED_DRILLING,OpenAlex | Semantic Scholar,6,title organism+stressor; >=2 systems or >=3 occurrences
0,CWC-7398D80B9FD9,W2235536640,Chapter 18 Drilling Mud Plumes From Offshore Drilling Operations: Implications for Coral Survival,10.1016/s0422-9894(08)71395-3,RESP_THRESHOLD_RECOVERY | SED_DRILLING | SED_SUSPENDED,OpenAlex | Semantic Scholar,6,title organism+stressor; >=2 systems or >=3 occurrences
0,CWC-BEF6ABA59535,W301323102,Sublethal metabolic responses of the hermatypic coral Madracis decactis exposed to drilling mud enriched with ferrochrome lignosulfonate,,RESP_THRESHOLD_RECOVERY | SED_DRILLING,OpenAlex | Semantic Scholar,4,title organism+stressor; >=2 systems or >=3 occurrences
0,CWC-033E27779D29,W2323020104,Effects of water turbidity on the symbiotic zooxanthella of hermatypic corals,10.1360/972011-1184,RESP_THRESHOLD_RECOVERY | SED_SUSPENDED,OpenAlex | Semantic Scholar,7,title organism+stressor; >=2 systems or >=3 occurrences
0,CWC-033E27779D29,W2378389024,Effects of water turbidity on the symbiotic zooxanthella of hermatypic corals,10.1360/972011-1184,RESP_THRESHOLD_RECOVERY | SED_SUSPENDED,OpenAlex | Semantic Scholar,7,title organism+stressor; >=2 systems or >=3 occurrences
0,CWC-29FB893973B3,W2187814240,"Sediment Stress, Water Turbidity, and Sewage Impacts on Threatened Elkhorn Coral (Acropora palmata) Stands at Vega Baja, Puerto Rico",,RESP_THRESHOLD_RECOVERY | SED_SUSPENDED,OpenAlex | Semantic Scholar,4,title organism+stressor; >=2 systems or >=3 occurrences
0,CWC-789F37BA22AF,W4391631005,"Sediment plume simulation from bottom-trawled fishery and deposition effects on rhodoliths and deep-water corals from Campos basin, Brazil",10.5894/rgci-n501,RESP_THRESHOLD_RECOVERY | SED_DEPOSITION | SED_DREDGING | SED_SUSPENDED,OpenAlex | Semantic Scholar,8,title organism+stressor; >=2 systems or >=3 occurrences
0,CWC-06AEED52BDE6,W2991543921,The effects of suspended sediments on the physiology and performance of coral reef fishes,10.25903/5dc0ccadccd14,RESP_THRESHOLD_RECOVERY | SED_DREDGING | SED_SUSPENDED,OpenAlex | Semantic Scholar,4,title organism+stressor; >=2 systems or >=3 occurrences
0,CWC-78ED16AEBD73,W4410186659,"Effects of Dredging Induced Resuspension of Fine-Grain Sediment on Two Scleractinian Corals, <i>Montastraea cavernosa</i> and <i>Stephanocoenia intersepta</i>.",10.54615/2231-7805.24.27.650,RESP_THRESHOLD_RECOVERY | SED_DREDGING | SED_SUSPENDED,OpenAlex | Semantic Scholar,9,title organism+stressor; >=2 systems or >=3 occurrences
0,CWC-78ED16AEBD73,W7172232847,"Effects of Dredging Induced Resuspension of Fine-Grain Sediment on Two Scleractinian Corals, <i>Montastraea cavernosa</i> and <i>Stephanocoenia intersepta</i>.",10.54615/2231-7805.24.27.650,RESP_THRESHOLD_RECOVERY | SED_DREDGING | SED_SUSPENDED,OpenAlex | Semantic Scholar,9,title organism+stressor; >=2 systems or >=3 occurrences
0,CWC-8327E6A168D0,W2528721299,Effects of Sedimentation on the Physiology and Oxidative Stress of Two Common Scleractinian Corals,,RESP_THRESHOLD_RECOVERY | SED_DEPOSITION | SED_SUSPENDED,OpenAlex,3,title organism+stressor; >=2 systems or >=3 occurrences
0,CWC-9605970AD899,W2410990070,"Tissue thickness as a tool to monitor the stress response of massive Porites corals to turbidity impact on Lihir Island, Papua New Guinea",,RESP_THRESHOLD_RECOVERY | SED_SUSPENDED,OpenAlex | Semantic Scholar,4,title organism+stressor; >=2 systems or >=3 occurrences
0,CWC-1145B425A8DC,W59977891,Effects of marine snow and muddy terrigenous sediments on the survival of hard coral recruits,,RESP_THRESHOLD_RECOVERY | SED_DEPOSITION,OpenAlex | Semantic Scholar,4,title organism+stressor; >=2 systems or >=3 occurrences
0,CWC-9E67EE979CC6,W4399572433,Transcriptomic signatures across a critical sedimentation threshold in a major reef-building coral,10.3389/fphys.2024.1303681,RESP_THRESHOLD_RECOVERY | SED_SUSPENDED,OpenAlex | Semantic Scholar,4,title organism+stressor; >=2 systems or >=3 occurrences
0,CWC-7757DCCA112E,W4306753794,"Scleractinian recruits on natural and artificial substrates in temporary sediment-challenged coastal water of Bangkalan, Madura Island, Indonesia",10.1088/1755-1315/1095/1/012023,RESP_THRESHOLD_RECOVERY | SED_SUSPENDED,OpenAlex | Semantic Scholar,4,title organism+stressor; >=2 systems or >=3 occurrences
0,CWC-D11BE19BEDF9,W4414578820,Sediment fluxes on turbid coral reefs are modulated by monsoon variability in equatorial Southeast Asia,10.1016/j.scitotenv.2025.180563,RESP_THRESHOLD_RECOVERY | SED_DEPOSITION | SED_SUSPENDED,OpenAlex | Semantic Scholar,5,title organism+stressor; >=2 systems or >=3 occurrences
0,CWC-69D30E0747D3,W42885716,"Sediment responses of corals from inshore reefs, Great Barrier Reef, Australia",10.25903/43cw-g658,RESP_THRESHOLD_RECOVERY | SED_DEPOSITION | SED_SUSPENDED,OpenAlex,3,title organism+stressor; >=2 systems or >=3 occurrences
0,CWC-E577CB90525D,W41205652,"Long-Term Ecological Impacts of Dredging on Coral Reefs in Kaneohe Bay, Oahu",,RESP_THRESHOLD_RECOVERY | SED_DREDGING | SED_SUSPENDED,OpenAlex | Semantic Scholar,6,title organism+stressor; >=2 systems or >=3 occurrences
0,CWC-6DA5B5F6FBD0,W2793615618,Sediment Transport Rate and its Impact on Coral Reef Health – Palk Bay and Gulf of Mannar,10.22214/ijraset.2018.1285,RESP_THRESHOLD_RECOVERY | SED_SUSPENDED,OpenAlex | Semantic Scholar,4,title organism+stressor; >=2 systems or >=3 occurrences
0,CWC-7969A1F14093,W4240753838,"Detecting sedimentation impacts to coral reefs resulting from dredging the Port of Miami, Florida USA",10.7287/peerj.preprints.2146,RESP_THRESHOLD_RECOVERY | SED_DEPOSITION | SED_DREDGING,OpenAlex,3,title organism+stressor; >=2 systems or >=3 occurrences
0,CWC-21CCE06496F0,W2197726617,Suspended sediment and its effects on the behavior and physiology of coral reef fishes,10.25903/9aby-1c36,RESP_THRESHOLD_RECOVERY | SED_DEPOSITION | SED_SUSPENDED,OpenAlex,3,title organism+stressor; >=2 systems or >=3 occurrences
0,CWC-2714FFC0450C,W7165052020,"Sediment burial reduces coral larval settlement, recruit survivorship, and inhibits the recovery of coral populations",10.1038/s42003-026-10370-1,RESP_THRESHOLD_RECOVERY | SED_DEPOSITION,OpenAlex | Semantic Scholar,4,title organism+stressor; >=2 systems or >=3 occurrences
0,CWC-B87B9CE9C170,W4393909410,Data for: Extensive coral mortality and critical habitat loss following dredging and their association with remotely-sensed sediment plumes,10.5281/zenodo.3065487,RESP_THRESHOLD_RECOVERY | SED_DREDGING | SED_SUSPENDED,OpenAlex,3,title organism+stressor; >=2 systems or >=3 occurrences
0,CWC-8CACA7879BFE,W4393774687,Data for: Extensive coral mortality and critical habitat loss following dredging and their association with remotely-sensed sediment plumes,10.5281/zenodo.3065488,RESP_THRESHOLD_RECOVERY | SED_DREDGING | SED_SUSPENDED,OpenAlex,3,title organism+stressor; >=2 systems or >=3 occurrences
0,CWC-3CCA55D30A9F,W3026256041,"The high turbidity reduced mortality of coral bleaching in Kabira Bay, Ishigaki Island",,RESP_THRESHOLD_RECOVERY | SED_SUSPENDED,OpenAlex | Semantic Scholar,4,title organism+stressor; >=2 systems or >=3 occurrences
0,CWC-09DFE927ED71,W2766891937,"Supplementary material from ""Species-specific impacts of suspended sediments on gill structure and function in coral reef fishes""",10.6084/m9.figshare.c.3906094.v2,RESP_THRESHOLD_RECOVERY | SED_SUSPENDED,OpenAlex | Semantic Scholar,3,title organism+stressor; >=2 systems or >=3 occurrences
0,CWC-742B2178A624,W4388492444,Transcriptomic signatures across a critical sedimentation threshold in a major reef-building coral,10.1101/2023.11.06.565897,RESP_THRESHOLD_RECOVERY | SED_SUSPENDED,OpenAlex | Semantic Scholar,4,title organism+stressor; >=2 systems or >=3 occurrences
0,CWC-ABF05C16EC10,W4415455988,Impacts of Sedimentation on Coral Communities,10.1007/978-981-95-0903-4_3,RESP_THRESHOLD_RECOVERY | SED_DEPOSITION | SED_SUSPENDED,OpenAlex,3,title organism+stressor; >=2 systems or >=3 occurrences
0,CWC-13648FBD6EE8,W4393630615,Vulnerability of six cold-water corals to sediment resuspension from bottom trawling fishing - DATASET,10.5281/zenodo.7581045,RESP_THRESHOLD_RECOVERY | SED_DREDGING | SED_SUSPENDED,OpenAlex,3,title organism+stressor; >=2 systems or >=3 occurrences
0,CWC-968AB822F681,W4393430330,Vulnerability of six cold-water corals to sediment resuspension from bottom trawling fishing - DATASET,10.5281/zenodo.7581044,RESP_THRESHOLD_RECOVERY | SED_DREDGING | SED_SUSPENDED,OpenAlex,3,title organism+stressor; >=2 systems or >=3 occurrences
0,CWC-82D314684D06,W7134834399,"The effects of sedimentation on the fungiid coral, Fungia scutaria",10.60950/bgtl.1993.11.sandstedt.je,RESP_THRESHOLD_RECOVERY | SED_DEPOSITION | SED_SUSPENDED,OpenAlex,3,title organism+stressor; >=2 systems or >=3 occurrences
0,CWC-5DF68B4FE27C,W7161899993,Quantifying Coastal Reclamation Impacts on Coral Reefs through Hydrodynamic-Sediment Modelling,10.2139/ssrn.6805282,RESP_THRESHOLD_RECOVERY | SED_DEPOSITION | SED_SUSPENDED,OpenAlex,3,title organism+stressor; >=2 systems or >=3 occurrences
0,CWC-01E9A147C36C,W4387043937,Sediment source and dose influence the larval performance of the threatened coral <i>Orbicella faveolata</i>,10.1101/2023.09.22.559035,RESP_THRESHOLD_RECOVERY | SED_DREDGING | SED_SUSPENDED,OpenAlex | Semantic Scholar,6,title organism+stressor; >=2 systems or >=3 occurrences
0,CWC-51EBDDFB56EB,W4251310020,"Detecting sedimentation impacts to coral reefs resulting from dredging the Port of Miami, Florida USA",10.7287/peerj.preprints.2146v1,RESP_THRESHOLD_RECOVERY | SED_DEPOSITION | SED_DREDGING,OpenAlex,3,title organism+stressor; >=2 systems or >=3 occurrences
0,CWC-94FD61CE9A48,W164779269,Sedimentation and coral reef development in turbid water; fanning lagoon,,SED_DEPOSITION | SED_SUSPENDED,OpenAlex | Semantic Scholar,3,title organism+stressor; >=2 systems or >=3 occurrences
0,CWC-360E3851074D,W2236647689,Nearshore Current Fields around Coral Islands: Control on Sediment Accumulation and Reef Growth.,,SED_DEPOSITION,OpenAlex | Semantic Scholar,2,title organism+stressor; >=2 systems or >=3 occurrences
0,CWC-5FB22A04C72E,W2154799651,Production of carbonate sediments by selected large benthic foraminifera on two Pacific coral reefs,10.1306/212f7cb1-2b24-11d7-8648000102c1865d,SED_DEPOSITION,OpenAlex | Semantic Scholar,2,title organism+stressor; >=2 systems or >=3 occurrences
0,CWC-12430731FD97,W3002751703,Some geochemical aspects of life and burial environments of late Jurassic scleractinian corals from northern Poland,10.1127/njgpm/1990/1990/673,SED_DEPOSITION,OpenAlex | Semantic Scholar,2,title organism+stressor; >=2 systems or >=3 occurrences
0,CWC-C7499F42E35B,W2059610788,Sedimentary Facies and Depositional Rates of Submarine Cave Sediment in a Coral Reef of Okinawa,10.4116/jaqua.42.99,SED_DEPOSITION,OpenAlex | Semantic Scholar,2,title organism+stressor; >=2 systems or >=3 occurrences
0,CWC-CEE7ED291276,W2005066029,Algal bloom is smothering florida coral,10.1002/scin.5591572407,SED_DEPOSITION,OpenAlex | Semantic Scholar,2,title organism+stressor; >=2 systems or >=3 occurrences
0,CWC-CF2F0AAE15F9,W2075126440,"Coral reefs in a clastic sedimentary environment: Fossil (Miocene, S.W. Turkey) and modern (Recent, Red Sea) analogues",10.1007/bf00301692,SED_DEPOSITION,OpenAlex | Semantic Scholar,2,title organism+stressor; >=2 systems or >=3 occurrences
0,CWC-C45FD44CFC3C,W2048425103,Response to Increased Sediment Load by Three Coral Species from the Gulf of Suez (Red Sea),10.3923/jfas.2009.238.245,SED_DEPOSITION,OpenAlex | Semantic Scholar,2,title organism+stressor; >=2 systems or >=3 occurrences
0,CWC-5A4D828A531B,W2103826868,Terrigenous sedimentation in a shallow water coral reef environment,10.1306/74d71811-2b21-11d7-8648000102c1865d,SED_DEPOSITION,OpenAlex | Semantic Scholar,2,title organism+stressor; >=2 systems or >=3 occurrences
0,CWC-0BA24DB60A8F,W241631071,Dredging and Shipping Impacts on Southeast Florida Coral Reefs,,SED_DEPOSITION | SED_DREDGING,OpenAlex | Semantic Scholar,4,title organism+stressor; >=2 systems or >=3 occurrences
0,CWC-5CAFAB1C82AB,W2148169470,210 Pb and 14 C as indicators of callianassid bioturbation in coral reef sediment,10.1306/d4268310-2b26-11d7-8648000102c1865d,SED_DEPOSITION,OpenAlex | Semantic Scholar,2,title organism+stressor; >=2 systems or >=3 occurrences
0,CWC-D70048F2BA01,W2795150835,"Sediment accumulation and composition on coral reefs in Faga'alu Bay, American Samoa : final report",,SED_DEPOSITION,OpenAlex | Semantic Scholar,2,title organism+stressor; >=2 systems or >=3 occurrences
0,CWC-CE2F4D55EB3F,W1996232817,"Sedimentary Tectonics in Southwest Pacific Marginal Basins Based on Leg 30 Deep Sea Drilling Project Cores from the South Fiji, Hebrides, and Coral Sea Basins",10.1130/0016-7606(1975)86,SED_DEPOSITION | SED_SUSPENDED,OpenAlex | Semantic Scholar,4,title organism+stressor; >=2 systems or >=3 occurrences
0,CWC-71CBB2B2457F,W2086732649,Authigenic weddellite in sediments from the Coral Sea Basin,10.1111/j.1365-3091.1979.tb00940.x,SED_DEPOSITION,OpenAlex | Semantic Scholar,2,title organism+stressor; >=2 systems or >=3 occurrences
0,CWC-9B58A88C94BE,W112346059,Land use and sedimentation impacts on coral reefs in the Eastern Caribbean,,SED_DEPOSITION,OpenAlex | Semantic Scholar,2,title organism+stressor; >=2 systems or >=3 occurrences
0,CWC-55DA779F8EB0,W2091075132,Provenance and accumulation rates of Pliocene and Quaternary sediments from the western Coral Sea,10.1007/bf01829332,SED_DEPOSITION,OpenAlex | Semantic Scholar,2,title organism+stressor; >=2 systems or >=3 occurrences
0,CWC-4ECB135AF747,W2368293803,Effects of sedimentation on coral reefs and reef organisms,,SED_DEPOSITION | SED_DREDGING,OpenAlex | Semantic Scholar,4,title organism+stressor; >=2 systems or >=3 occurrences
0,CWC-45A5F56962AC,W2055011229,"TRANSPORT OF RESUSPENDED DREDGED SEDIMENT NEAR CORAL REEFS AT APRA HARBOR, GUAM",10.9753/icce.v33.sediment.99,SED_DEPOSITION | SED_DREDGING | SED_SUSPENDED,OpenAlex | Semantic Scholar,6,title organism+stressor; >=2 systems or >=3 occurrences
0,CWC-C6694DBCD56F,W2132258020,The role of sediments in epilithic algal communities on coral reefs,,SED_DEPOSITION,OpenAlex | Semantic Scholar,2,title organism+stressor; >=2 systems or >=3 occurrences
0,CWC-FC81844E31E8,W4386316352,Effects of sedimentation on three Hawaiian coral species under laboratory conditions,10.21079/11681/47541,SED_DEPOSITION | SED_DREDGING,OpenAlex | Semantic Scholar,4,title organism+stressor; >=2 systems or >=3 occurrences
0,CWC-BC29316D8B9C,W1996153645,Solitary Coral Growth Forms and Distribution Patterns as Index of Sediment-Accumulation Rates: ABSTRACT,10.1306/5d25cacf-16c1-11d7-8645000102c1865d,SED_DEPOSITION,OpenAlex | Semantic Scholar,2,title organism+stressor; >=2 systems or >=3 occurrences
0,CWC-E8150C7F1A3E,W2741247600,"Coral barium/calcium record of sediment load in Sumiyo Bay, Amami Oshima",,SED_DEPOSITION | SED_DREDGING | SED_SUSPENDED,OpenAlex | Semantic Scholar,4,title organism+stressor; >=2 systems or >=3 occurrences
0,CWC-5FCCCF83B656,W4312949849,FEMALE GRAVE WITH CORAL EARRINGS FROM XIONGNU BURIAL GROUND ALA-TEI 1 IN TUVA,10.52782/kril.2022.1.33.003,SED_DEPOSITION,OpenAlex | Semantic Scholar,2,title organism+stressor; >=2 systems or >=3 occurrences
0,CWC-560159006A72,W4239555768,"Peer Review #3 of ""Borneo coral reefs subject to high sediment loads show evidence of resilience to various environmental stressors (v0.1)""",10.7287/peerj.7382v0.1/reviews/3,SED_DEPOSITION | SED_SUSPENDED,OpenAlex | Semantic Scholar,3,title organism+stressor; >=2 systems or >=3 occurrences
0,CWC-64198219C77B,W2792097192,"Implementation of an erosion control program to reduce sediment loading rates from land-based sources to the coral reefs of Culebra, Puerto Rico",,SED_DEPOSITION,OpenAlex | Semantic Scholar,2,title organism+stressor; >=2 systems or >=3 occurrences
0,CWC-2C4CE97001E8,W2472303814,"Ashes to Ashes Or Ashes to Coral?: Alternatives to Traditional Burial Rituals and Their Implications For Consumption, Ritual Transformation, and Sustainability",,SED_DEPOSITION,OpenAlex | Semantic Scholar,2,title organism+stressor; >=2 systems or >=3 occurrences
0,CWC-17680CE0FD78,W2750082915,"The Effect of Watershed Runoff and Sediment Resuspension on Turbidity and Sediment Deposition in St. John, US Virgin Islands: Implications for Watershed and Marine Development and Restoration in Bays with Coral Reefs",10.22371/02.2017.027,SED_DEPOSITION | SED_DREDGING | SED_SUSPENDED,OpenAlex | Semantic Scholar,6,title organism+stressor; >=2 systems or >=3 occurrences
0,CWC-EA47B6C7B54D,W4415144097,Coral patch reefs mediate a halo of sediment characteristics,10.1007/s00338-025-02760-4,SED_DEPOSITION,OpenAlex | Semantic Scholar,2,title organism+stressor; >=2 systems or >=3 occurrences
0,CWC-1EB4832EF122,W2186892375,"Fate of Suspended Dredge Material at Apra Harbor, Guam: Particle Tracking Around Coral Reefs",,SED_DEPOSITION | SED_DREDGING | SED_SUSPENDED,OpenAlex | Semantic Scholar,6,title organism+stressor; >=2 systems or >=3 occurrences
0,CWC-FCCADD3F19BE,W189642925,High-precision TIMS U-series and AMS 14C dating of a coral reef lagoon sediment core from southern South China Sea and its environmental significance,,SED_DEPOSITION,OpenAlex | Semantic Scholar,2,title organism+stressor; >=2 systems or >=3 occurrences
0,CWC-9B2225B36107,W2320887034,"XXXVII.—<i>Descriptions and figures of deep-sea sponges and their spicules, from the Atlantic Ocean, dredged up on board H.M.S. ‘Porcupine,’ chiefly in</i> 1869 <i>(concluded)</i>",10.1080/00222937608682063,SED_DREDGING,OpenAlex | Semantic Scholar,2,title organism+stressor; >=2 systems or >=3 occurrences
0,CWC-6F5AF8F821E8,W2059103495,"XXIX.—<i>Descriptions and figures of deep-sea sponges and their spicules from the Atlantic Ocean, dredged up on board H.M.S. ‘Porcupine,’ chiefly in</i> 1869; <i>with figures and descriptions of some remarkable spicules from the Agulhas Shoal and Colon, Panama</i>",10.1080/00222937408680956,SED_DREDGING,OpenAlex | Semantic Scholar,2,title organism+stressor; >=2 systems or >=3 occurrences
0,CWC-07EFC7410761,W2330228297,Development of Guidelines for Dredged Material Disposal Based on Abiotic Determinants of Coral Reef Community Structure,10.1061/40680(2003)115,SED_DREDGING | SED_SUSPENDED,OpenAlex | Semantic Scholar,4,title organism+stressor; >=2 systems or >=3 occurrences
0,CWC-D8956F00701B,W841729327,"The history of dredging in Cleveland Bay, Queensland and its effect on sediment movement and on the growth of mangroves, corals and seagrass",,SED_DREDGING,OpenAlex | Semantic Scholar,2,title organism+stressor; >=2 systems or >=3 occurrences
0,CWC-84E078E25CAF,W1548663864,Characteristics of coral and coral dredging,,SED_DREDGING,OpenAlex | Semantic Scholar,2,title organism+stressor; >=2 systems or >=3 occurrences
0,CWC-6CFEF08A88A6,W2894527022,"The environmental consequences and management of coral sand dredging in the Suva Region, Fiji.",,SED_DREDGING,OpenAlex | Semantic Scholar,2,title organism+stressor; >=2 systems or >=3 occurrences
0,CWC-077D485ABA6A,W2257760170,Overview of PIANC Report 108 - dredging and port construction around coral reefs,,SED_DREDGING,OpenAlex | Semantic Scholar,2,title organism+stressor; >=2 systems or >=3 occurrences
0,CWC-203538BDCFB3,W3009749353,Upper Triassic spongiomorph and coral association dredged off the northwestern Australian shelf,,SED_DREDGING,OpenAlex | Semantic Scholar,2,title organism+stressor; >=2 systems or >=3 occurrences
0,CWC-3884E192E4E4,W4360868483,MODELING FLUVIAL SEDIMENT PLUMES: IMPACTS TO CORAL REEFS,10.1142/9789811275135_0151,SED_DREDGING | SED_SUSPENDED,OpenAlex | Semantic Scholar,4,title organism+stressor; >=2 systems or >=3 occurrences
0,CWC-CE39881E5B30,W2000151984,"III. Preliminary report to Professor Wyville Thomson, F. R. S., Director of the Civilian Scientific Staff, on the true corals dredged by H. M. S. ‘Challenger’ in deep water between the dates Dec. 30th, 1870, and August 31st, 1875",10.1098/rspl.1875.0068,SED_DREDGING,OpenAlex | Semantic Scholar,2,title organism+stressor; >=2 systems or >=3 occurrences
0,CWC-EF33DAE43EB3,W1451868648,LIDAR-Derived Benthic Habitat Maps Enable the Quantification of Potential Dredging Impacts to Coral Reef Ecosystems,,SED_DREDGING,OpenAlex | Semantic Scholar,2,title organism+stressor; >=2 systems or >=3 occurrences
0,CWC-DEC392B7FB20,W2075618181,"Sedimentation of terrigenous red soils in coastal area adjacent to an estuary and coral reefs, the Okkubi River estuary, Okinawa Island, Japan",10.1007/bf02234965,SED_DREDGING | SED_SUSPENDED,OpenAlex | Semantic Scholar,4,title organism+stressor; >=2 systems or >=3 occurrences
0,CWC-6EF5FADA4B4F,W2328015880,"Relationship between sediments and water turbidity in coral reefs around Ishigaki Island, the Ryukyus",10.3755/jcrs.2004.1,SED_DREDGING | SED_SUSPENDED,OpenAlex | Semantic Scholar,4,title organism+stressor; >=2 systems or >=3 occurrences
0,CWC-A35D7C01EAC8,W2982672436,"Impacts of sedimentation on coral reefs in Inner Ambon Bay, Indonesia",10.1088/1755-1315/339/1/012035,SED_DREDGING | SED_SUSPENDED,OpenAlex | Semantic Scholar,4,title organism+stressor; >=2 systems or >=3 occurrences
0,CWC-164896B230FA,W2405180433,"Brown, BE. 1990. Evaluation of Environmental Impact of Dredging on Intertidal Coral Reefs at Kho Phuket, Tahiland. Using Ecological and Physiological Parameters. Marine Ecology: Progress Series, Vol. 65: 345-359.",,SED_DREDGING,OpenAlex | Semantic Scholar,2,title organism+stressor; >=2 systems or >=3 occurrences
0,CWC-93F714D85FA5,W92056135,Fine sediment transport near coral reefs islands in the Singapore Strait,,SED_DREDGING | SED_SUSPENDED,OpenAlex | Semantic Scholar,4,title organism+stressor; >=2 systems or >=3 occurrences
0,CWC-162D8A09C794,W2418627093,A Review of Sedimentation and the Effect of Dredging on Scleractinian Corals,,SED_DREDGING | SED_SUSPENDED,OpenAlex | Semantic Scholar,3,title organism+stressor; >=2 systems or >=3 occurrences
0,CWC-F7A81C9D6F69,W4407445300,The Ship’s Propeller Rotation Threshold for Coral Reef Ecosystems Based on Sediment Rate Indicators: Literature Review with Bibliometric Analysis and Experiments,10.17509/ijost.v9i2.67894,SED_DREDGING | SED_SUSPENDED,OpenAlex | Semantic Scholar,4,title organism+stressor; >=2 systems or >=3 occurrences
0,CWC-B88C8BC37ACE,W2625976677,The effects of dredging on South Florida coral reefs,,SED_DREDGING,OpenAlex | Semantic Scholar,2,title organism+stressor; >=2 systems or >=3 occurrences
0,CWC-7D8C6A8D35C6,W2765665015,The impacts of dredging on the early life history stages of coral,,SED_DREDGING | SED_SUSPENDED,OpenAlex | Semantic Scholar,3,title organism+stressor; >=2 systems or >=3 occurrences
0,CWC-EE8560819563,W2511732580,Stress gene expression patterns in hematypic corals exposed to dredged ...,,SED_DREDGING,OpenAlex | Semantic Scholar,2,title organism+stressor; >=2 systems or >=3 occurrences
0,CWC-384205246AA5,W2740634852,Dredge-Fill in the Coral Reef Tract of the Northern Florida Keys,,SED_DREDGING,OpenAlex | Semantic Scholar,2,title organism+stressor; >=2 systems or >=3 occurrences
0,CWC-185F56454FD0,W2986348286,WAMSI Dredging Science Node Theme 4. Synthesis report: Defining thresholds and indicators of coral response to dredging-related pressures,,SED_DREDGING,OpenAlex | Semantic Scholar,2,title organism+stressor; >=2 systems or >=3 occurrences
0,CWC-A9B61984E48A,W2915359935,Coral Monitoring Post-Dredging Report − Ichthys Nearshore Environmental Monitoring Program,,SED_DREDGING,OpenAlex | Semantic Scholar,2,title organism+stressor; >=2 systems or >=3 occurrences
0,CWC-48C4FEC81DCE,W3139373306,"SHEAR MECHANICAL PROPERTIES OF DREDGED CORAL SANDS FROM SOUTH CHINA SEA, CHINA",10.13544/j.cnki.jeg.2019-243,SED_DREDGING,OpenAlex | Semantic Scholar,2,title organism+stressor; >=2 systems or >=3 occurrences
0,CWC-495D35563AEC,W799076583,Coral relocation : a mitigation tool for dredging and relamation works at the cruise ship terminal in Jamacia,,SED_DREDGING,OpenAlex | Semantic Scholar,2,title organism+stressor; >=2 systems or >=3 occurrences
0,CWC-9215DB998065,W2916287753,Bimonthly Coral Monitoring Report: Dredging Baseline Report − Ichthys Nearshore Environmental Monitoring Program,,SED_DREDGING,OpenAlex | Semantic Scholar,2,title organism+stressor; >=2 systems or >=3 occurrences
0,CWC-4668AC06909A,W1481931625,"ISLA ARENA, A HEALTHY CORAL FORMATION IN THE AREA INFLUENCED BY THE SEDIMENT PLUME OF THE MAGDALENA RIVER, COLOMBIAN CARIBBEAN CONTINENTAL SHELF",,SED_DREDGING | SED_SUSPENDED,OpenAlex | Semantic Scholar,4,title organism+stressor; >=2 systems or >=3 occurrences
0,CWC-E8F7B431FCE9,W2737655487,"Dredging Land Reclamation Causing Mucus Development in Massive Spherical Corals in the Spratly Islands, South China Sea: The Effects on China’s Fishing Industry",,SED_DREDGING,OpenAlex | Semantic Scholar,3,title organism+stressor; >=2 systems or >=3 occurrences
0,CWC-012A353EA28C,W4200201932,Sediment impacts on sponges and a deep-sea coral in New Zealand,10.26686/wgtn.17096843,SED_DREDGING | SED_SUSPENDED | SED_TAILINGS,OpenAlex | Semantic Scholar,6,title organism+stressor; >=2 systems or >=3 occurrences
0,CWC-733F952F3ED6,W4200517127,Sediment impacts on sponges and a deep-sea coral in New Zealand,10.26686/wgtn.17096843.v1,SED_DREDGING | SED_SUSPENDED | SED_TAILINGS,OpenAlex,3,title organism+stressor; >=2 systems or >=3 occurrences
0,CWC-C24812D8ABB7,W2596394187,"Watershed-Marine Linkages: Monitoring how Terrigenous Runoff and Wave-Induced Resuspension Affect Marine Sediment Dynamics in Bays with Coral Reefs, St. John, USVI",,SED_DREDGING | SED_SUSPENDED,OpenAlex | Semantic Scholar,4,title organism+stressor; >=2 systems or >=3 occurrences
0,CWC-13EBCECFCF30,W2319919426,"Three-Dimensional Velocity Structure and Suspended Sediments at Coral Reefs in Teluk Banten, Indonesia",10.1061/40549(276)260,SED_DREDGING | SED_SUSPENDED,OpenAlex | Semantic Scholar,4,title organism+stressor; >=2 systems or >=3 occurrences
0,CWC-7F23CBF3A217,W4402115825,"Analysis of the Rate and Nutrient Content of Sediment in The Coral Transplantation Installation Vertical Method on Samalona Island, Makassar City",10.46252/jsai-fpik-unipa.2024.vol.8.no.1.382,SED_DREDGING | SED_SUSPENDED,OpenAlex | Semantic Scholar,4,title organism+stressor; >=2 systems or >=3 occurrences
0,CWC-D5AB17C1B864,W1876071915,"The sedimentary, hydrodynamic and turbidity regimes at inner shelf coral reefs, Halifax Bay, Central Great Barrier Reef, Australia",,SED_DREDGING | SED_SUSPENDED,OpenAlex | Semantic Scholar,4,title organism+stressor; >=2 systems or >=3 occurrences
0,CWC-AB699166A218,W1139636816,"Chapter 17 Effects of Drilling Mud on the Growth Rate of the Reef-Building Coral, Montastrea Annularis",10.1016/s0422-9894(08)71394-1,SED_DRILLING,OpenAlex | Semantic Scholar,2,title organism+stressor; >=2 systems or >=3 occurrences
0,CWC-9434EFF6C889,W2058954038,Effects of an Offshore Drilling Mud on Selected Corals: ABSTRACT,10.1306/2f918068-16ce-11d7-8645000102c1865d,SED_DRILLING,OpenAlex | Semantic Scholar,2,title organism+stressor; >=2 systems or >=3 occurrences
0,CWC-438CD528F6D7,W2463979236,"Modeling Drill Cuttings Sedimentation on Corals for Exploration Wells Z-1 and B-1, Offshore Sabah",10.18178/ijesd.2016.7.12.904,SED_DRILLING,OpenAlex | Semantic Scholar,2,title organism+stressor; >=2 systems or >=3 occurrences
0,CWC-EF0CBC2EDD39,W2996619537,Add-on studies to the current NFR Project “Impact of water- based drilling mud: a study using the epibenthic coral species Lophelia pertusa,,SED_DRILLING,OpenAlex | Semantic Scholar,2,title organism+stressor; >=2 systems or >=3 occurrences
0,CWC-7E8D803EEE2C,W2947080974,Platy coral assemblages: 200 million years of functional stability in response to the limiting effects of light and turbidity.,,SED_SUSPENDED,OpenAlex | Semantic Scholar,3,title organism+stressor; >=2 systems or >=3 occurrences
0,CWC-7E8D803EEE2C,W7134688999,Platy coral assemblages: 200 million years of functional stability in response to the limiting effects of light and turbidity.,,SED_SUSPENDED,OpenAlex | Semantic Scholar,3,title organism+stressor; >=2 systems or >=3 occurrences
0,CWC-F7E1CE93149E,W2485849196,Biodiversity on the Great Barrier Reef: Large-Scale Patterns and Turbidity-Related Local Loss of Soft Coral Taxa,10.1201/9781420041675-14,SED_SUSPENDED,OpenAlex | Semantic Scholar,2,title organism+stressor; >=2 systems or >=3 occurrences
0,CWC-F377D1FD8E5D,W2322039606,"Coral Tissue Thickness as a Bio-Indicator of Mine-Related Turbidity Stress on Coral Reefs at Lihir Island, Papua New Guinea",10.5670/oceanog.2012.67,SED_SUSPENDED,OpenAlex | Semantic Scholar,2,title organism+stressor; >=2 systems or >=3 occurrences
0,CWC-C36AF63F7F9C,W2119302573,"Industrial sedimentation lowers coral growth rates in a turbid lagoon environment, Discovery Bay, Jamaica",,SED_SUSPENDED,OpenAlex | Semantic Scholar,2,title organism+stressor; >=2 systems or >=3 occurrences
0,CWC-086958B91AF1,W1958662718,"Geomorphic patterns, internal architecture and reef growth in a macrotidal, high-turbidity setting of coral reefs from the Kimberley bioregion",10.1080/18366503.2015.1021411,SED_SUSPENDED,OpenAlex | Semantic Scholar,2,title organism+stressor; >=2 systems or >=3 occurrences
0,CWC-A263BA251967,W2159472606,"An inventory of coral reefs in Langkawi Archipelago, Malaysia - Assessment and impact study of sedimentation",,SED_SUSPENDED,OpenAlex | Semantic Scholar,2,title organism+stressor; >=2 systems or >=3 occurrences
0,CWC-4BEB3ACFFD9F,W1715816825,"Reef corals in a high sedimentation environment on the ‘Mainland’ coast of Brunei, Northwest Borneo",10.3755/galaxea.15.166,SED_SUSPENDED,OpenAlex | Semantic Scholar,2,title organism+stressor; >=2 systems or >=3 occurrences
0,CWC-0144153324BE,W2564217671,"In-situ measurements of solar exposure distribution on a coral reef: Preliminary findings relating to reef aspect, water turbidity and dosimeter design",10.13140/rg.2.1.2919.7207,SED_SUSPENDED,OpenAlex | Semantic Scholar,2,title organism+stressor; >=2 systems or >=3 occurrences
0,CWC-6E530BC89628,W2119677463,"Seasonal Changes of Sedimentation Rates and Sediment Characteristics Status in the Gulf of Mannar Coral Island, India",10.18052/www.scipress.com/ilns.6.8,SED_SUSPENDED,OpenAlex | Semantic Scholar,2,title organism+stressor; >=2 systems or >=3 occurrences
0,CWC-48C6AD13D954,W4328097953,Oceanographic conditions and sedimentation in the Kawal river Bintan Island and impact on the prevalence of coral disease,10.1088/1755-1315/1148/1/012028,SED_SUSPENDED,OpenAlex | Semantic Scholar,2,title organism+stressor; >=2 systems or >=3 occurrences
0,CWC-935687892E63,W2920839995,"Impact of sedimentation to sponge on coral reef ecosystems in Hoga and Sampela Island, Wakatobi Archipelago",10.35911/torani.v2i1.5854,SED_SUSPENDED,OpenAlex | Semantic Scholar,2,title organism+stressor; >=2 systems or >=3 occurrences
0,CWC-E923FE61E045,W4205427933,Effect of suspended sediment on the nutritional mode of scleractinian corals and their adaptability: state of knowledge and research,10.5846/stxb201908071663,SED_SUSPENDED,OpenAlex | Semantic Scholar,2,title organism+stressor; >=2 systems or >=3 occurrences
0,CWC-E1DEE6AFC263,W2210605384,Suspended sediment in coral reef area,,SED_SUSPENDED,OpenAlex | Semantic Scholar,2,title organism+stressor; >=2 systems or >=3 occurrences
0,CWC-63BD82DA76DF,W2186950653,A REVIEW: IMPACT OF SUSPENDED SOLIDS ON CORALS AND TREATMENT TECHNOLOGIES,,SED_SUSPENDED,OpenAlex | Semantic Scholar,2,title organism+stressor; >=2 systems or >=3 occurrences
0,CWC-4401626F8378,W2964134006,The Ability of biofilter sponge demospongiae class with various forms of growth towards the turbidity and total suspended solid,10.35911/torani.v2i2.7058,SED_SUSPENDED,OpenAlex | Semantic Scholar,2,title organism+stressor; >=2 systems or >=3 occurrences
0,CWC-01F8EEDD0AB5,W2254922697,"Physiological responses of coral-boring bivalves to changes in suspended sediment, salinity and copper concentration",,SED_SUSPENDED,OpenAlex | Semantic Scholar,2,title organism+stressor; >=2 systems or >=3 occurrences
0,CWC-6FEFC18C67ED,W644873458,"Sedimentation of Suspended Sediment in Water Column of the Ocean near Coral Reefs,the Okinawa Island,Japan:Analysis of Several Mooring Results",,SED_SUSPENDED,OpenAlex | Semantic Scholar,2,title organism+stressor; >=2 systems or >=3 occurrences
0,CWC-E2F1740656C9,W7165664683,ReefHealthNet: Turbidity-Aware CNN–ViT Fusion for Coral Health Grading,10.1109/icirca69024.2026.11570434,SED_SUSPENDED,OpenAlex | Semantic Scholar,2,title organism+stressor; >=2 systems or >=3 occurrences
0,CWC-C446CEEF0433,W2156742864,"Influence of turbidity regime on larval settlement patterns of stony coral Pocillopora damicornis in Polhena reef, Sri Lanka",10.4038/sljas.v15i0.5484,SED_SUSPENDED,OpenAlex | Semantic Scholar,2,title organism+stressor; >=2 systems or >=3 occurrences
0,CWC-EB4C5A9AEE4C,W2900378478,"THE MAINTENANCE MECHANISM OF REGULAR HIGHER TURBIDITY CONTRIBUTE TO SURVIVE FROM CORAL BLEACHING IN THE INNER PART OF KABIRA BAY, ISHIGAKI ISLAND",10.2208/kaigan.74.i_1201,SED_SUSPENDED,OpenAlex | Semantic Scholar,2,title organism+stressor; >=2 systems or >=3 occurrences
0,CWC-623D24B2C390,W4297906891,"The Effectiveness of Using Coral Stone and Shell Powder as Natural Coagulants in Reducing Mn, Fe and Turbidity Levels in Water Using the Backwash Method",10.36349/easjmb.2022.v05i09.002,SED_SUSPENDED,OpenAlex | Semantic Scholar,2,title organism+stressor; >=2 systems or >=3 occurrences
0,CWC-C439E7BB8DC4,W3204777575,"Shallow-water Sponges from a High-sedimentation Estuarine Bay (Brunei, Northwest Borneo, Southeast Asia)",10.22146/jtbb.66435,SED_SUSPENDED,OpenAlex | Semantic Scholar,2,title organism+stressor; >=2 systems or >=3 occurrences
0,CWC-A3494373F3B6,W9030647,"The status of coral reefs and rate of sedimentation at Pulau Sepanggar and Batu Point, Pulau Gaya, Kota Kinabalu",,SED_SUSPENDED,OpenAlex | Semantic Scholar,2,title organism+stressor; >=2 systems or >=3 occurrences
0,CWC-5F8C763A2740,W7117566876,"Assessment of the impact of sediment dispersion on coral reef ecosystems caused by submarine cable installation in the Con Dao Archipelago, Vietnam",10.15625/1859-3097/23078,SED_SUSPENDED,OpenAlex | Semantic Scholar,2,title organism+stressor; >=2 systems or >=3 occurrences
0,CWC-E5D914886B93,W2183289174,Using coral-based records to assess the effects of terrestrially-derived sediments on reef development at the community and skeletal microarchitectural level,,SED_SUSPENDED,OpenAlex | Semantic Scholar,2,title organism+stressor; >=2 systems or >=3 occurrences
0,CWC-C3A7849F34F6,W2998613052,"Trace Metal Concentrations in Coral Growth Bands as Indicators of Timing and Extent of a Mine Tailings Spill, Marinduque Island, Philippines",,SED_TAILINGS,OpenAlex | Semantic Scholar,2,title organism+stressor; >=2 systems or >=3 occurrences
0,CWC-7426BA24511D,W2128453449,Modification of Coral Reef Zonation by Terrigenous Sediment Stress,10.2307/3514736,SED_DEPOSITION | SED_DREDGING | SED_SUSPENDED,Semantic Scholar,3,title organism+stressor; >=2 systems or >=3 occurrences
0,CWC-795F0D1A5264,W4401001147,Fine‐grained sediment production by endolithic sponges on ...,10.1002/lno.12640,SED_DEPOSITION,Grey literature,6,title organism+stressor; >=2 systems or >=3 occurrences
