evidence_tier,corpus_id,title,authors,year,source_title_or_issuer,document_type,doi,url,screening_text,access,access_type,access_url,document_verification_status,tier_b_reason_code,model_confidence,organism_evidence,stressor_evidence,response_or_assessment_evidence,tier_b_basis,model_rationale,selection_basis,source_record_id
B,GLV4-E5198CAEE75A,1 Environmental Monitoring Report Morvin 2009-2010,,2009,hi.no,monitoring_report,,https://www.hi.no/resources/publikasjoner/rapport-fra-havforskningen/andre_rapporter/morvin_environmental_monitoring_report_2_.pdf,"behavioural changes of corals being exposed to this plume. Further, samples of cold-water corals were collected to investigate differences in feeding behaviour in corals that had been exposed to drill cuttings and corals that had not. Together with more traditional monitoring as sediment push core and trap samples this would give a good overview of the environmental impact of the release of drill cuttings. Unfortunately, the outcome of the study was reduced due to a series of technical problems. The acoustic lander monitoring had to be abandoned due to the early loss of the communication buoy.",YES,PUBLIC_FULL_DOCUMENT_LOCATION,https://www.hi.no/resources/publikasjoner/rapport-fra-havforskningen/andre_rapporter/morvin_environmental_monitoring_report_2_.pdf,VERIFIED_DIRECT_DOCUMENT_URL,B01_DEEP_COLD_SEDIMENT_EVIDENCE,HIGH,Cold-water corals (specific species not stated).,"Drill cuttings, plume, sediment exposure, sediment push core and trap samples.",Behavioural changes of corals exposed to the plume; feeding behaviour differences between exposed and unexposed corals; environmental impact monitoring.,"This is a deep-sea/cold-water monitoring report explicitly investigating drill-cuttings impacts on cold-water corals, with direct biological response evidence (behavioural and feeding changes) and supplementary sediment monitoring.","The record is a substantive monitoring report from the Norwegian Institute of Marine Research (hi.no) on the Morvin field. It directly addresses cold-water coral exposure to a drill-cuttings plume, including behavioural changes and feeding behaviour comparisons, plus traditional sediment monitoring. This meets Tier B criterion B01 for deep/cold coral sediment evidence. The closest alternative would be B02 (review/assessment) or CHAIN_ONLY, but the report contains direct organism-level response data, so B01 is more specific. Technical problems reduced the study outcome but do not negate the evidence. Access is public, but eligibility is unaffected.",ALL_VERIFIED_NON_TROPICAL_TIER_B_INCLUSIONS,TBV1-0425
B,GLV4-2BD81E337C82,2. Our coasts and estuaries are affected by a changing ocean | Ministry for the Environment,,2025,environment.govt.nz,report,,https://environment.govt.nz/publications/our-marine-environment-2025/our-coasts-and-estuaries-are-affected-by-a-changing-ocean,"Cyclone Gabrielle in 2023 highlighted the impacts that severe weather events can have on the marine environment. Excess sediment and resuspension of settled sediment during the event damaged seafloor habitats and ecosystems (Leduc et al, 2024). For example, pre- and post-cyclone imagery data show that populations of kelp, other macroalgae (seaweed) and sponges in the Wairoa Hard seabed area of Hawke’s Bay were almost completely lost following Cyclone Gabrielle. It is highly likely that the loss was due to sediment impacts from the cyclone. Seafloor animals in Hawke’s Bay and Gisborne also show",NO,NOT_CONFIRMED,,VERIFIED_BIBLIOGRAPHIC_DOCUMENT,B05_BROAD_SYNTHESIS_WITH_TARGET_EVIDENCE,HIGH,Sponges (New Zealand coastal temperate); also kelp and macroalgae.,Excess sediment and resuspension of settled sediment caused by Cyclone Gabrielle (2023) in Hawke's Bay.,"Pre- and post-cyclone imagery showed sponge populations almost completely lost, attributed to sediment impacts.",Broad government assessment (Ministry for the Environment) covering sediment effects on marine ecosystems; separately reports loss of sponge populations due to sediment.,"This is a New Zealand government assessment of marine environment impact from a changing ocean. The supplied text explicitly describes excess sediment and resuspension during Cyclone Gabrielle causing near-total loss of sponges in Wairoa Hard seabed area, with strong attribution to sediment. This provides monitoring/assessment evidence for non-tropical sponge sediment effects. It is a broad synthesis rather than a dedicated deep/cold study, so B05 is the best fit; it does not meet B01 because the environment is coastal temperate rather than deep-sea/cold-water, and it is not a direct experimental mechanism study (B03). The record is substantive and should be included.",ALL_VERIFIED_NON_TROPICAL_TIER_B_INCLUSIONS,TBV1-0986
B,GLV4-90C6A04C4289,2nd Offshore Carbon Dioxide Storage Licensing Round,,,assets.publishing.service.gov.uk,report,,https://assets.publishing.service.gov.uk/media/6a5e30c130f5842e1f5a5e90/2nd_CS_Round_HRA_AA_Draft.pdf,"areas with sensitive benthic fauna, for example corals and sponges. Laboratory experiments by Allers et al. (2013) indicated that cold water coral (Lophelia pertusa = Desmophyllum pertusum) fragments were resilient to sedimentation-induced oxygen stress, but if coverage by sediment was complete and lasted long enough, the coral could not recover and died. Such effects can be mitigated in areas of sensitive species presence through site specific controls on whether, and where, drilling discharges are made. Järnegren et al. (2017) noted that natural high turbidity events lasting hours or days ca",YES,PUBLIC_FULL_DOCUMENT_LOCATION,https://assets.publishing.service.gov.uk/media/6a5e30c130f5842e1f5a5e90/2nd_CS_Round_HRA_AA_Draft.pdf,VERIFIED_DIRECT_DOCUMENT_URL,B02_DEEP_COLD_REVIEW_ASSESSMENT,HIGH,Cold-water coral Lophelia pertusa (Desmophyllum pertusum) and sensitive benthic fauna including corals and sponges.,"Sedimentation, complete sediment coverage, drilling discharges, and natural high turbidity events.",Reports coral resilience to sedimentation-induced oxygen stress but mortality from complete and prolonged sediment coverage; includes mitigation through site-specific controls on drilling discharges.,"A government regulatory assessment (HRA/AA draft) for an offshore CO2 storage licensing round that directly evaluates sediment impacts on deep/cold-water corals and sponges, including biological responses and mitigation measures. This is a substantive assessment document with a clear sediment-impact focus, meeting B02.","This record is a regulatory assessment (HRA/AA draft) from a government source, explicitly discussing sediment-related effects on cold-water corals and sponges. The abstract snippet cites laboratory evidence on Lophelia pertusa responses to sedimentation and oxygen stress, mortality from complete sediment coverage, and mitigation via drilling discharge controls. This is a direct sediment-impact assessment for deep/cold corals and sponges, fitting B02_DEEP_COLD_REVIEW_ASSESSMENT. It is preferable to B01 because it is a review/assessment rather than primary experimental evidence, and preferable to CHAIN_ONLY because it contains substantive directly relevant content rather than only references. Exclude is inappropriate because the sediment pathway and biological/assessment value are explicit. Confidence is high based on the provided abstract.",ALL_VERIFIED_NON_TROPICAL_TIER_B_INCLUSIONS,TBV1-0524
B,CWC-78BCE67F0BDF,Accelerated growth of the scleractinian coral Orbicella faveolata under turbid and polluted water conditions,Luis Lizcano-Sandoval | Ángela M. Marulanda-Gómez | Mateo López‐Victoria | Alberto Rodriguez‐Ramirez,2024,bioRxiv (Cold Spring Harbor Laboratory),preprint,10.1101/2024.11.20.624512,https://doi.org/10.1101/2024.11.20.624512,"Abstract Cartagena Bay, Colombia, experienced historical changes in water quality, mainly due to dredging and channelization of the Canal del Dique, which connects the bay with the Magdalena River. In 1981 the largest dredging events occurred in the Canal del Dique, which negatively affected the water quality in the bay. In this bay, the coral reef of Varadero depicts high coral diversity and large coral colonies, showing apparent signs of a healthy ecosystem, under highly turbid and polluted waters. Here, we evaluated the potential effects of historical water quality changes and environmental variables on the coral skeletal growth of Orbicella faveolata . We obtained coral growth information from 65 years in the period 1951–2015. Coral skeletal density was 0.73 g cm -3 , linear extension 1.02 cm yr -1 , and calcification 0.74 g cm -2 yr -1 . After 1981, significant changes in coral growth and luminescence were found: skeletal density decreased (9.9%), linear extension increased (6.6%), and skeletal luminescence was less intense (1.6%). In overall, Atlantic Multidecadal Oscillation (AMO) data explained changes in skeletal density (8–10%) and linear extension (7–19%). Air temperature explained changes in skeletal luminescence (22–45%). Water flow of the Canal del Dique did not contribute significantly to any coral growth and luminescence variables. The growth of O. faveolata in Varadero Reef was characterized by low density skeletons and an accelerated linear extension, apparently influenced by the dredging events of 1981. Further research is required to understand coral growth responses and resilience to the conditions of high turbidity, pollution, and low light in Cartagena Bay.",YES,FROZEN_PUBLIC_FULL_TEXT_LOCATION,https://www.biorxiv.org/content/biorxiv/early/2024/11/21/2024.11.20.624512.full.pdf,VERIFIED_DOI_DOCUMENT,B04_TROPICAL_PHYSICAL_SEDIMENT_ANALOGUE,HIGH,"Tropical scleractinian coral Orbicella faveolata from Varadero Reef, Cartagena Bay, Colombia.","Historical water quality changes due to dredging and channelization of Canal del Dique, causing high turbidity and polluted waters; study evaluates effects of these conditions on coral growth.","Coral skeletal growth metrics: skeletal density (decreased 9.9%), linear extension (increased 6.6%), calcification, and luminescence; significant changes after 1981 dredging events.","Tropical coral study directly measuring biological response (growth metrics) to physical sediment-related exposure (turbidity/dredging), meeting B04 broader physical sediment analogue criteria.","The record is a substantive preprint on a tropical coral (O. faveolata) from a reef under turbid and polluted conditions linked to dredging. It directly measures skeletal growth responses (density and extension) after major dredging events, providing clear sediment-pathway biological response evidence. This qualifies under B04 as a tropical physical sediment analogue, broader than Tier A. Not B01 because the coral is tropical, not deep/cold. Not B03 because it is tropical. Not B05 because it is not a broad synthesis. The abstract provides sufficient evidence for inclusion.",SPARING_TOP_25_TROPICAL_DIRECT_PHYSICAL_ANALOGUES,TBV1-1017
B,CWC-D655E9142F8E,Achieving adequate protection for Howe Sound's glass sponge reefs and gardens,Camille Mohn,2017,cIRcle (University of British Columbia),report,10.14288/1.0305012,https://doi.org/10.14288/1.0305012,"What needs to be done in order to adequately protect Howe Sound’s glass sponge reefs? Monitoring of fishing closures in Howe Sound is currently insufficient to properly enforce fishing closures. Thus, increased funding will be required to properly monitor current and future glass sponge reef fishing closures. Further, the mining company Burnco is proposing a mine at McNab creek, on the west shore of Howe Sound. Since glass sponges are extremely sensitive to sedimentation and sedimentation from the mine is inevitable, the amount of sediment that could reach the nearest class sponges and the sediment tolerance of these sponges must be determined. Dr. Leys, from the University of Alberta, is currently researching sediment tolerance of glass sponge reefs to help answer these questions. Burnco’s project should be put on hold until further results are found. I also recommend that boat rental companies be held liable when anchors from their boats damage glass sponge reefs, that a smartphone app be created to help recreational boaters keep their anchors out of glass sponge reefs and that further efforts to educate the public on glass sponge reefs be made. This study was suggested by community partners from Ken Melamed from the Green Party of Canada and Ruth Simons from the Future of Howe Sound Society. A literature review and interviews with experts were conducted in order to answer this question and provide recommendations for future policymaking. Glass sponge reefs are a Jurassic formation believed extinct until the 1980s when they were discovered off the coast of British Columbia. Since then, smaller glass sponge reefs and gardens continue to be discovered. Glass sponge reefs provide valuable ecosystems services such as water filtration and purification and endangered rockfish habitat. They may also sequester carbon. Glass sponge gardens host even greater biodiversity than glass sponge reefs and serve as nurseries for endangered rockfish. As research on glass sponges has progressed, new formations have been discovered, damage to reefs has been observed and industrial projects have been proposed near reef locations. Ensuring protection of these formations has become pressing. In Howe Sound there are two glass sponge reefs currently protected through fishing closures assigned by Canada’s Department of Fisheries and Oceans (DFO). One other reef in Howe Sound will soon gain protection since the province of British Columbia will increase the size of Halkett Bay Marine Provincial Park. Yet many other glass sponge reefs and gardens in Howe Sound still lack protection. Some glass sponge reefs are indirectly protected because they happen to be located in Rockfish Conservations Areas. The Canadian Parks and Wilderness Society (CPAWS) would like to establish Marine Protected Areas (MPAs) for glass sponge reefs in Howe Sound; however neither of these options will protect glass sponges from all types of fishing gear. DFO fishing closures will be required to achieve this.",NO,NOT_CONFIRMED,,VERIFIED_DOI_DOCUMENT,B02_DEEP_COLD_REVIEW_ASSESSMENT,HIGH,"Glass sponge reefs and gardens (Hexactinellida) in Howe Sound, British Columbia.",Sedimentation from proposed Burnco mine at McNab Creek; sediment potentially reaching nearby glass sponges; need to determine sediment tolerance.,Assessment of protection adequacy for glass sponge reefs; notes insufficient monitoring of fishing closures; recommends determining sediment tolerance and pausing mining until results are available; also discusses anchor damage and public education.,"B02_DEEP_COLD_REVIEW_ASSESSMENT: Substantive report with direct sediment-impact focus on cold-water glass sponges, providing management recommendations and highlighting research needs on sediment tolerance.","This is a substantive report on protecting cold-water glass sponge reefs in Howe Sound. It explicitly identifies sedimentation from a proposed mine as a key threat, notes that glass sponges are extremely sensitive to sedimentation, and calls for determining sediment tolerance. This qualifies under B02 as a review/assessment with direct sediment-impact focus and clear potential to inform effects, exposure, thresholds, and mitigation. It is not primary experimental evidence, so B01 is less appropriate, but the report synthesizes current knowledge and provides policy-relevant recommendations. The organism (glass sponges) and sediment pathway are explicit, and the response/assessment value is clear.",ALL_VERIFIED_NON_TROPICAL_TIER_B_INCLUSIONS,TBV1-0031
B,CWC-EF0CBC2EDD39,Add-on studies to the current NFR Project “Impact of water- based drilling mud: a study using the epibenthic coral species Lophelia pertusa,"Thierry Baussant | Fiona Provan | Maria Sydnes | Fiona M. Lyng | Eivind Larssen | Bjørkblom, C. | Krista M. Kaster | Boccadoro, Cathrine | Nævdal, A. | A. Eide",2010,Duo Research Archive (University of Oslo),report,,http://hdl.handle.net/11250/2632304,"This study was made in the frame of an ongoing NFR project aiming at assessing the impact of drilling mud (DM) discharges from offshore O&G operations on the coldwater coral species Lophelia pertusa. Here, we have initiated developments and use of methodologies that could have a potential for application, at a later stage of their optimization, in field monitoring of coral health and hence for documenting the effects of drilling mud discharges",NO,NOT_CONFIRMED,,VERIFIED_BIBLIOGRAPHIC_DOCUMENT,B01_DEEP_COLD_SEDIMENT_EVIDENCE,HIGH,Cold-water coral Lophelia pertusa,Water-based drilling mud discharges from offshore oil and gas operations,Development of methodologies for field monitoring of coral health and documenting effects of drilling mud discharges,Explicit deep/cold coral with a direct sediment-related pathway (drilling mud) and biological/ecological impact evidence (monitoring methodologies and effect documentation).,"This report is substantively focused on the cold-water coral Lophelia pertusa and the impact of water-based drilling mud, a sediment-related stressor. The abstract describes developing and using methodologies to assess coral health and document the effects of drilling mud discharges, which constitutes biological/ecological impact evidence. This matches B01 (deep/cold sediment evidence) rather than B02 because it is a research report conducting or developing direct evidence, not a pure review or assessment. The explicit organism, stressor, and response are all present, so exclusion or uncertainty is not warranted.",ALL_VERIFIED_NON_TROPICAL_TIER_B_INCLUSIONS,TBV1-0011
B,CWC-20B3F92CE246,Additive negative effects of anthropogenic sedimentation and warming on the survival of coral recruits,Francesca Fourney | Joana Figueiredo,2017,Scientific Reports,article,10.1038/s41598-017-12607-w,https://doi.org/10.1038/s41598-017-12607-w,"Abstract Corals worldwide are facing population declines due to global climate change and local anthropogenic impacts. Global climate change effects are hard to tackle but recent studies show that some coral species can better handle climate change stress when provided with additional energy resources. The local stressor that most undermines energy acquisition is sedimentation because it impedes coral heterotrophic feeding and their ability to photosynthesize. To investigate if reducing local sedimentation will enable corals to better endure ocean warming, we quantitatively assessed the combined effects of increased temperature and sedimentation (concentration and turbidity) on the survival of coral recruits of the species, Porites astreoides . We used sediment from a reef and a boat basin to mimic natural sediment (coarse) and anthropogenic (fine) sediment (common in dredging), respectively. Natural sediment did not negatively impact coral survival, but anthropogenic sediment did. We found that the capacity of coral recruits to survive under warmer temperatures is less compromised when anthropogenic sedimentation is maintained at the lowest level (30 mg.cm −2 ). Our study suggests that a reduction of US-EPA allowable turbidity from 29 Nephelometric Turbidity Units (NTU) above background to less than 7 NTU near coral reefs would facilitate coral recruit survival under current and higher temperatures.",YES,FROZEN_PUBLIC_FULL_TEXT_LOCATION,https://www.nature.com/articles/s41598-017-12607-w.pdf,VERIFIED_DOI_DOCUMENT,B04_TROPICAL_PHYSICAL_SEDIMENT_ANALOGUE,HIGH,Coral recruits of the species Porites astreoides (tropical scleractinian coral),"Anthropogenic sedimentation (fine sediment from boat basin) and turbidity, combined with increased temperature; natural sediment compared",Quantitative assessment of recruit survival under sediment concentration and turbidity; survival was reduced by anthropogenic sediment and additive with warming; suggests turbidity threshold reduction from 29 NTU to <7 NTU to facilitate survival,"Tropical coral study directly experimentally testing physical sediment exposure (sedimentation and turbidity) and reporting a biological response (survival) with exposure thresholds, thus qualifying under the wider Tier B pathway for tropical physical sediment analogues.","The study directly examines the effect of sediment exposure (anthropogenic fine sediment and turbidity) and warming on survival of Porites astreoides recruits. This is a tropical coral species and the response is clearly biological and relevant: recruit survival is reduced with additive negative effects. The abstract provides explicit quantitative data and a threshold recommendation, so the evidence is sufficient without full text. This is not a deep/cold study (B01/B02), nor a non-tropical mechanism (B03), but fits the B04 tropical physical sediment analogue category. The document is a substantive article, not webpage or search result, so exclusion is not appropriate. Therefore TIER_B_INCLUDE with B04 rationale is appropriate.",SPARING_TOP_25_TROPICAL_DIRECT_PHYSICAL_ANALOGUES,TBV1-1018
B,CWC-1B95A1213301,Advances in Integrated Environmental Monitoring,Harald Wesenberg | Vidar Hepsø | Anders Hermansen,2014,,conference-paper,10.2118/167860-ms,https://doi.org/10.2118/167860-ms,"Abstract The term Integrated Environmental Monitoring (IEM) refers to the tight coupling of sensor based real-time environmental monitoring with day-to-day operations. In that perspective IEM extends the traditional meaning of the term environmental monitoring by including discharge control, leak detection and remote sensing. Using offshore operations as an example, environmental monitoring has often been perceived to mean off-line sampling of seabed sediments and the water column during annual and triennial campaigns by ship. Whereas such monitoring has its place in a total monitoring programme, advances in technology and methodology open up for more flexible and real-time sensor based monitoring which can be tied closely to daily operations in the oil and gas industry. Statoil has been working for the past few years to develop an integrated approach to environmental monitoring (IEM). Now, the first version of the software, developed together with partners, is ready for use during drilling operations to monitor dispersion of drill cuttings and resulting risks to cold water corals and other sensitive areas subsea. Both the planning, execution and post-operation phase of environmental assessment related to such operations are covered. In this paper we take a look at the key components of the system (sensors, data integration, models/analytics and presentation) and review the implications for future drilling operations in sensitive areas.",NO,NOT_CONFIRMED,,VERIFIED_DOI_DOCUMENT,B02_DEEP_COLD_REVIEW_ASSESSMENT,HIGH,Cold water corals are explicitly mentioned as a sensitive ecosystem at risk.,Drill cuttings dispersion from offshore drilling operations is the sediment-related stressor.,"The paper describes an integrated environmental monitoring system that assesses risks to cold water corals from drill cuttings, covering planning, execution, and post-operation phases.","This substantive conference paper directly addresses monitoring and assessment of sediment-related impacts (drill cuttings) on cold-water corals, meeting the B02 criterion for a monitoring/assessment document with clear relevance to effects, exposure, and mitigation.","The abstract clearly identifies a deep/cold-water coral target (cold water corals) and a sediment-related pathway (dispersion of drill cuttings). It presents an integrated environmental monitoring system designed to assess risks to these corals, which constitutes monitoring and assessment evidence directly relevant to Tier B. The document is a substantive conference paper, not a discovery webpage. It fits B02 more than B01 because the emphasis is on a monitoring/assessment approach rather than empirical sediment response data. The abstract provides sufficient detail for inclusion; full text is not required for the decision.",ALL_VERIFIED_NON_TROPICAL_TIER_B_INCLUSIONS,TBV1-0132
B,CWC-A0E8136D6C79,Assessing Effects of Sediment Delivery to Coral Reefs: A Caribbean Watershed Perspective,Caroline S. Rogers | Carlos E. Ramos‐Scharrón,2022,Frontiers in Marine Science,article,10.3389/fmars.2021.773968,https://doi.org/10.3389/fmars.2021.773968,"Coral reefs in the western Atlantic and Caribbean are deteriorating primarily from disease outbreaks, increasing seawater temperatures, and stress due to land-based sources of pollutants including sediments associated with land use and dredging. Sediments affect corals in numerous ways including smothering, abrasion, shading, and inhibition of coral recruitment. Sediment delivery resulting in deposition and water quality deterioration can cause degradation at the spatial scale of corals or entire reefs. We still lack rigorous long-term studies of coral cover and community composition before, during and after major sediment stress, and evidence of recovery after watershed management actions. Here we present an overview of the effects of terrestrial sediments on corals and coral reefs, with recent advances in approaches to watershed assessment relevant to the delivery of sediments to these ecosystems. We present case studies of northeastern Caribbean watersheds to illustrate challenges and possible solutions and to draw conclusions about the current state of knowledge of sediment effects on coral reefs. With a better understanding of erosion and the pathways of sediment discharge to nearshore reefs, there is the increased potential for management interventions.",YES,FROZEN_PUBLIC_FULL_TEXT_LOCATION,https://www.frontiersin.org/articles/10.3389/fmars.2021.773968/pdf,VERIFIED_DOI_DOCUMENT,B05_BROAD_SYNTHESIS_WITH_TARGET_EVIDENCE,HIGH,"Tropical Caribbean corals (reef-building corals) are the primary organisms discussed, with focus on coral reefs and coral recruitment.","Terrestrial sediment delivery, including deposition, land use, and dredging; water quality deterioration from sediment; watershed pathways to nearshore reefs.","Smothering, abrasion, shading, inhibition of coral recruitment, and degradation from individual corals to entire reefs; discussion of long-term studies and recovery potential after watershed management.","This is a substantive review and assessment article synthesizing sediment effects on Caribbean coral reefs, providing direct relevance to sediment-impact effects, exposure, vulnerability, and mitigation. It qualifies under B05 as a broad synthesis/assessment with coral-specific evidence.","This record is a review article in Frontiers in Marine Science assessing effects of sediment delivery on Caribbean coral reefs. The organism evidence is tropical reef-building corals; the stressor pathway is terrestrial sediment delivery, deposition, and water quality deterioration; responses include smothering, abrasion, shading, recruitment inhibition, and reef degradation. As a synthesis and assessment focused on coral sediment impacts, it separately reports coral-relevant evidence and directly informs effects, exposure, and management, meeting B05_BROAD_SYNTHESIS_WITH_TARGET_EVIDENCE. It is not B01–B03 because it is not deep/cold water nor a direct experimental/measurement study; it is not B04 because it is a review rather than a direct experimental test. It is substantive, not a navigation page, and provides clear coral-specific sediment evidence, so CHAIN_ONLY or EXCLUDE are inappropriate.",ALL_VERIFIED_NON_TROPICAL_TIER_B_INCLUSIONS,TBV1-1104
B,CWC-06BDF66486D2,Assessing the ecological risk to deep-sea megafaunal assemblages from seafloor massive sulfide mining using a functional traits sensitivity approach,Rachel E. Boschen‐Rose | Malcolm R. Clark | Ashley A. Rowden | Jonathan P. A. Gardner,2021,Ocean & Coastal Management,article,10.1016/j.ocecoaman.2021.105656,https://doi.org/10.1016/j.ocecoaman.2021.105656,"Abstract The deep sea is subject to multiple anthropogenic disturbances, to which may soon be added mining of hydrothermally-formed seafloor massive sulfides (SMS). As a first step towards a full Ecological Risk Assessment (ERA) for SMS mining, ecological sensitivity to mining activities was assessed based on the functional traits of benthic megafaunal taxa. Faunal distribution and abundance data at two different spatial scales (within seamount and within site) were used from two video surveys conducted at un-fished SMS deposit-hosting seamounts on the Kermadec Volcanic Arc, New Zealand. For each of the 157 taxa identified in the seamount and site surveys, sensitivity was scored for six functional traits: adult size, environmental position, living habit, feeding habit, mobility, and structural fragility. Sensitivity (very low, low, intermediate, high, very high) was scored separately for three mining disturbances: passage of mining vehicles along the seafloor, sediment plumes generated by mining activity, and mineral extraction. The effects of different abundance and diversity weightings on the results were explored and transformations chosen based on ecological rationale. Sensitivity to mining impacts was summed within samples and mapped to show the spatial distribution of sensitivity. Samples (assemblages) consisted of 173 individual 200 m transects for seamount survey data and 153 individual 15 m transects for site survey data. For both spatial scales, the sensitivity of taxa and the sensitivity summed within each sample (assemblage) was greatest to mineral extraction, followed by plume impacts, and least sensitive to vehicle impacts. The location of most very highly sensitive assemblages coincided with the occurrence of hydrothermal vent taxa or previously mapped locations for hydrothermally active habitat. Highly sensitive assemblages occurred at hydrothermally inactive sulfide structures, such as chimneys, and other locations where assemblages were dominated by fragile, sessile, suspension-feeding taxa, such as scleractinian branching corals. The approach taken here illustrates spatial patterns in sensitivity within seamounts and sites and provides an important first step towards a more comprehensive ERA. This type of assessment has the potential to inform decisions on spatial management of SMS mining activities, and the suitable placement of area-based management measures, such as protected areas.",YES,FROZEN_PUBLIC_FULL_TEXT_LOCATION,,VERIFIED_DOI_DOCUMENT,B01_DEEP_COLD_SEDIMENT_EVIDENCE,HIGH,"Deep-sea megafaunal assemblages, including scleractinian branching corals and hydrothermal vent taxa, from seamounts on the Kermadec Volcanic Arc.","Sediment plumes generated by seafloor massive sulfide mining activities, as well as mineral extraction and passage of mining vehicles.","Functional traits-based sensitivity scoring (very low to very high) to plume impacts, with highly sensitive assemblages dominated by fragile, sessile, suspension-feeding taxa such as branching corals; spatial mapping of sensitivity to inform ecological risk assessment.",B01: Deep-sea coral-bearing megafauna with an explicit sediment plume pathway and ecological impact assessment.,"The abstract explicitly addresses deep-sea megafaunal assemblages including scleractinian branching corals, evaluates sensitivity to sediment plumes from SMS mining, and provides a spatial sensitivity assessment relevant to ecological impacts. This directly meets B01, as it is a deep-sea coral source with an explicit sediment pathway and ecological assessment. It is not merely a review (B02) but a primary assessment; B04 is not applicable because the study site is deep-sea/temperate, not tropical. Exclusions do not apply because the sediment pathway and coral response are clearly identified.",ALL_VERIFIED_CENTRAL_PEER_REVIEWED,TBV1-0012
B,SUPP-SSV3-005,Assessment of the Effectiveness of Mitigation Measures in Reducing the Potential Impacts of Oil and Gas Exploration and Production on Areas with Defined Benthic Conservation Objectives,Fisheries and Oceans Canada,2019,"Canadian Science Advisory Secretariat, Science Advisory Report 2019/025",science advisory report,,https://www.dfo-mpo.gc.ca/csas-sccs/Publications/SAR-AS/2019/2019_025-eng.html,"National peer-reviewed review of routine oil-and-gas activities and mitigation in benthic conservation areas, many of which protect cold-water corals and sponges. It considers drilling muds and cuttings, planned discharges, potential benthic effects, and mitigation effectiveness.",YES,AUTHORITATIVE_FULL_DOCUMENT,https://www.dfo-mpo.gc.ca/csas-sccs/Publications/SAR-AS/2019/2019_025-eng.html,VERIFIED_BIBLIOGRAPHIC_DOCUMENT,B02_DEEP_COLD_REVIEW_ASSESSMENT,HIGH,Cold-water corals and sponges in benthic conservation areas,"Drilling muds and cuttings, planned discharges from oil and gas exploration and production",Assessment of potential benthic effects from sediment/deposition and effectiveness of mitigation measures,"This is a national peer-reviewed science advisory report evaluating mitigation effectiveness for oil and gas activities in benthic conservation areas, explicitly including cold-water corals and sponges, and directly analysing drilling muds and cuttings impacts and mitigation. This meets B02 as a substantive assessment with direct sediment-impact focus.","The record is a Canadian Science Advisory Report that assesses mitigation measures for oil and gas activities, with a direct focus on benthic conservation areas protecting cold-water corals and sponges. It explicitly considers drilling muds and cuttings and their potential benthic effects, fitting the B02 pathway for a substantive review/assessment. The organism evidence is clear (cold-water corals and sponges), and the sediment pathway is explicit (drilling muds and cuttings). The assessment value is mitigation effectiveness and potential benthic impacts. This is preferable to CHAIN_ONLY because the supplied material contains direct coral/sponge sediment-effects content, and to B01 because this is a review/assessment rather than primary evidence. Confidence is high based on the authoritative report and disclosed abstract.",ALL_VERIFIED_CSAS,TBV1-0409
B,GLV4-B2E8E10713AC,Assessment of the Laurentian Channel Area of Interest,,,waves-vagues.dfo-mpo.gc.ca,report,,https://waves-vagues.dfo-mpo.gc.ca/Library/40619072.pdf,"occurring bottom sediments (Gass 2003). Exposure to disturbances, either physical or chemical, often results in the retraction of coral polyps. If these defense reactions persist for long periods of time because of continued exposure to a pollutant or physical disturbance, they can have various results: decreased nutrient assimilation and production, altered biochemical composition, depressed respiration and nitrogen excretion, partial or complete inhibition of growth and deposition of calcium carbonate skeleton, bacterial infection, and eventually death can result from chronic exposure to a p",YES,PUBLIC_FULL_DOCUMENT_LOCATION,https://waves-vagues.dfo-mpo.gc.ca/Library/40619072.pdf,VERIFIED_DIRECT_DOCUMENT_URL,B02_DEEP_COLD_REVIEW_ASSESSMENT,MEDIUM,Cold-water corals in the Laurentian Channel Area of Interest (Atlantic Canada),"Bottom sediments and physical/chemical disturbances, including potential sediment deposition or smothering","Coral polyp retraction, decreased nutrient assimilation and production, altered biochemical composition, depressed respiration, inhibited growth and calcium carbonate deposition, bacterial infection, and death from chronic exposure","Substantive government assessment report focused on a cold-water coral area, with explicit discussion of sediment-related disturbance effects on corals, suitable for informing effects, exposure, and vulnerability.","The record is a government assessment report of the Laurentian Channel Area of Interest, a cold-water coral region. The abstract explicitly mentions bottom sediments and describes biological responses of coral polyps to physical/chemical disturbances, including reduced growth and death. This meets B02 (deep/cold review/assessment with direct sediment-impact focus) because it is a regulatory/assessment document with clear potential to inform sediment effects on corals. It is preferable to B01 because the record is an assessment rather than a primary evidence source, and to EXCLUDE because the sediment-coral response linkage is apparent in the supplied text.",ALL_VERIFIED_CSAS,TBV1-0485
B,GLV4-2DDE0FE3AC4C,Assessment Report for Ksi Lisims LNG,,,projects.eao.gov.bc.ca,report,,https://projects.eao.gov.bc.ca/api/public/document/68c467629782f400223e1304/download/KL_Assessment_Report.pdf,surveys; ▪ Survey for the presence and absence of sponge reefs and coral gardens; ▪ Implement mitigation measures to avoid impacts to sponge reefs and coral gardens; o Salvage and relocate fish prior to in-water work; o Design all crossings of fish-bearing watercourses in a manner that considers British Columbia’s and Fisheries and Oceans Canada’s Fish-Stream Crossing Guidebook and Fisheries and Ocean Canada’s Code of Practice: Clear span bridges; o Maintain erosion and sedimentation control measures to avoid release of deleterious substances to the receiving environment; o Manage stormwater r,YES,PUBLIC_FULL_DOCUMENT_LOCATION,https://projects.eao.gov.bc.ca/api/public/document/68c467629782f400223e1304/download/KL_Assessment_Report.pdf,VERIFIED_DIRECT_DOCUMENT_URL,B02_DEEP_COLD_REVIEW_ASSESSMENT,HIGH,"The report explicitly mentions surveys for presence/absence of sponge reefs and coral gardens, and identifies them as features to be protected.","The report refers to erosion and sedimentation control measures and management of stormwater, indicating a sediment/particle pathway linked to impacts on sponge reefs and coral gardens.","This is a regulatory assessment report that evaluates potential impacts and proposes mitigation measures to avoid impacts to sponge reefs and coral gardens, providing assessment and monitoring context.",B02: substantive government regulatory assessment report with direct sediment-impact focus and explicit relevance to cold-water coral and sponge reef conservation.,"This record is a formal assessment report from the British Columbia Environmental Assessment Office for the Ksi Lisims LNG project. The abstract/snippet explicitly mentions surveys for sponge reefs and coral gardens, mitigation measures to avoid impacts to these features, and erosion and sedimentation control measures. This constitutes a substantive regulatory assessment document that directly addresses sediment-related impacts on corals and sponges, fitting Tier B category B02 (deep/cold review or assessment). It is not merely a discovery page or news item. The document provides assessment and mitigation information, which qualifies as potential to inform effects, exposure, thresholds, vulnerability, mitigation, or recovery. The closest alternative is B01, but B02 is more appropriate because this is an assessment/report rather than primary evidence. Confidence is high based on the explicit mention of relevant taxa and sediment pathway.",ALL_VERIFIED_NON_TROPICAL_TIER_B_INCLUSIONS,TBV1-0607
B,CWC-92F37BAD328F,Background Document for Coral gardens 2010,,2010,OSPAR Commission,monitoring_report,,https://www.ospar.org/documents?d=7217,"The hard substrate may be constituted of exposed bedrock or gravel/boulder, often from morainic deposition, but also soft sandy/clayey sediments can be used as ...Read more",YES,FROZEN_PUBLIC_FULL_TEXT_LOCATION,https://www.ospar.org/documents?d=7217,VERIFIED_BIBLIOGRAPHIC_DOCUMENT,B02_DEEP_COLD_REVIEW_ASSESSMENT,MEDIUM,"Coral gardens, a cold-water coral habitat type, explicitly mentioned in the title and described as using soft sandy/clayey sediments and hard substrates.","The abstract snippet references sediments (morainic deposition, soft sandy/clayey sediments) as components of the habitat, indicating a direct connection to sediment-related processes and likely pressure assessment.","This is an OSPAR Commission monitoring/assessment report, which typically evaluates the condition, threats, and management of the habitat, providing assessment evidence relevant to sediment impacts.","The record is a substantive government/regulatory assessment document (OSPAR) specifically focused on coral gardens, a cold-water coral habitat, and directly addresses sediment in its habitat description. It fits B02 as a review/assessment with clear potential to inform effects, exposure, thresholds, or recovery.","The document is an OSPAR background report on 'Coral gardens' (cold-water corals) from 2010, categorized as a monitoring_report. Such documents typically synthesize biological, ecological, and threat information for the habitat, including sediment-related pressures like smothering or turbidity. The abstract explicitly mentions sediments as habitat components, aligning with a direct sediment pathway. The decision is TIER_B_INCLUDE under B02 because it is a substantive regulatory review/assessment with a coral focus, not merely a physical study. This is preferable to CHAIN_ONLY because the document itself provides evidence relevant to sediment effects, and to EXCLUDE because corals are in scope and sediment is clearly addressed. Confidence is MEDIUM due to the truncated abstract, but the document type and title are sufficient.",ALL_VERIFIED_NON_TROPICAL_TIER_B_INCLUSIONS,TBV1-0095
B,CWC-420EF6C61FEE,Background Document for Lophelia pertusa reefs 2009,,2009,OSPAR,government_report,,https://www.ospar.org/documents?v=7182,The reef-forming coral Madrepora oculata often occurs amongst L.pertusa reefs which trap sediment and create carbonate-rich deposits to form isolated habitats ...Read more,YES,FROZEN_PUBLIC_FULL_TEXT_LOCATION,https://www.ospar.org/documents?v=7182,VERIFIED_BIBLIOGRAPHIC_DOCUMENT,B02_DEEP_COLD_REVIEW_ASSESSMENT,MEDIUM,Cold-water coral species Lophelia pertusa and Madrepora oculata are the subject of this OSPAR background document.,"The abstract/snippet explicitly mentions sediment trapping and carbonate-rich deposits in the reef framework, and background documents for OSPAR typically assess pressures including sedimentation and turbidity on reef habitats.","The document is a substantive government report/assessment providing background information on Lophelia pertusa reefs, likely covering their ecological status, threats, and management relevant to sediment impacts.","B02_DEEP_COLD_REVIEW_ASSESSMENT: A substantive government report focused on cold-water coral reefs with direct relevance to sediment effects, exposure, and assessment.","This is an OSPAR background document specifically on Lophelia pertusa reefs, a cold-water coral habitat. The title and abstract identify it as a government report/assessment directly addressing the target organism and the reef's relationship with sediment. Although the snippet mentions sediment trapping as a reef-building process, OSPAR background documents typically review the full range of pressures, including sediment-related impacts, on such habitats. Thus it clearly meets B02 as a deep/cold review/assessment with a direct sediment-impact focus. The alternative of CHAIN_ONLY is less appropriate because the document is directly about the target organism and sediment processes, not merely a reference source. EXCLUDE is not justified given the clear relevance and substantive nature of the report.",ALL_VERIFIED_NON_TROPICAL_TIER_B_INCLUSIONS,TBV1-0096
B,CWC-771E0EF4D867,Bathymetrical distribution and size structure of cold-water coral populations in the Cap de Creus and Lacaze-Duthiers canyons (northwestern Mediterranean),Andrea Gori | Covadonga Orejas | Teresa Madurell | Lorenzo Bramanti | Maria João Martins | Elena Quintanilla | Patricia Martí-Puig | Claudio Lo Iacono | Pere Puig | Susana Requena | Michael Greenacre | Josep María Gili,2013,Biogeosciences,article,10.5194/bg-10-2049-2013,https://doi.org/10.5194/bg-10-2049-2013,"Submarine canyons are known as one of the seafloor morphological features where living cold-water coral (CWC) communities develop in the Mediterranean Sea. We investigated the CWC community of the two westernmost submarine canyons of the Gulf of Lions canyon system: the Cap de Creus Canyon (CCC) and Lacaze-Duthiers Canyon (LDC). Coral associations have been studied through video material recorded by means of a manned submersible and a remotely operated vehicle. Video transects have been conducted and analyzed in order to obtain information on (1) coral bathymetric distribution and density patterns, (2) size structure of coral populations, and (3) coral colony position with respect to the substrate. Madrepora oculata was the most abundant CWC in both canyons, while Lophelia pertusa and Dendrophyllia cornigera mostly occurred as isolated colonies or in small patches. An important exception was detected in a vertical cliff in LDC where a large L. pertusa framework was documented. This is the first record of such an extended L. pertusa framework in the Mediterranean Sea. In both canyons coral populations were dominated by medium and large colonies, but the frequent presence of small-sized colonies also indicate active recruitment. The predominant coral orientation (90 degrees and 135 degrees) is probably driven by the current regime as well as by the sediment load transported by the current flows. In general, no clear differences were observed in the abundance and in the size structure of the CWC populations between CCC and LDC, despite large differences in particulate matter between canyons.",YES,FROZEN_PUBLIC_FULL_TEXT_LOCATION,https://bg.copernicus.org/articles/10/2049/2013/bg-10-2049-2013.pdf,VERIFIED_DOI_DOCUMENT,B01_DEEP_COLD_SEDIMENT_EVIDENCE,HIGH,"Cold-water corals (Madrepora oculata, Lophelia pertusa, Dendrophyllia cornigera) in Cap de Creus and Lacaze-Duthiers submarine canyons.",Sediment load transported by current flows; differences in particulate matter between the two canyons.,"Coral colony orientation (90° and 135°) likely driven by sediment load; abundance, density, size structure, and recruitment documented; no clear differences in abundance/size structure between canyons despite particulate matter differences.","Deep cold-water coral study explicitly linking sediment load to coral orientation and comparing coral population characteristics across canyons with differing particulate matter, providing ecological evidence relevant to sediment effects.","This record is a substantive article on cold-water coral populations in Mediterranean submarine canyons. It explicitly invokes sediment load as a driver of coral orientation and contrasts canyons with different particulate matter levels, yielding ecological data (density, size structure, recruitment) potentially relevant to sediment impacts. Although not an experimental sediment-exposure study, it meets B01 as deep/cold coral evidence with an explicit sediment pathway and ecological response. It is preferable to CHAIN_ONLY because sediment is directly discussed as influencing coral biology, not merely a cursory mention. The decision is high confidence based on the abstract, and full-text access is not required to justify inclusion.",ALL_VERIFIED_CENTRAL_PEER_REVIEWED,TBV1-0069
B,CWC-E32F93FB0481,BEHAVIOR OF SEA PANSY RENILLA-KOLLIKERI PFEFFER (COELENTERATA-PENNATULACEA) AND ITS INFLUENCE ON DISTRIBUTION AND BIOLOGICAL INTERACTIONS OF SPECIES,"KASTENDIEK, J",1976,BIOLOGICAL BULLETIN,JOUR,10.2307/1540503,https://doi.org/10.2307/1540503,"Field and laboratory observations and experiments demonstrate that R. kollikeri has both morphological and behavioral adaptations to life in its turbulent subtidal, nearshore, sand-bottom habitat. Morphological adaptations include a horizontally expanded rachis which offers less resistance to water flow while not decreasing the size of its feeding surface, and a greatly expanded (relative to rachis height) peduncle for increased anchoring abilities. Behavioral adaptations include decreasing the curvature of the rachis and increasing peduncle length in response to increased water flow, the ability to dig itself out of deposits of sediment which bury the colony and which are characteristic of its habitat and a specific set of behavior patterns which quickly reestablish the colony on the bottom is it is uprooted from the substrate. Since the anchoring abilities of colonies decreases as the colonies become larger, small colonies inhabit the nearshore limit of the species'' distribution. The sea pansy''s morphology also influences its species-specific escape behavior from the predatory nudibranch, Armina californica. Instead of withdrawing into the substrate upon attack, Renilla positions itself so that it is uprooted from the substrate and tumbled away from the predator by prevailing water currents. The sea pansy defends itself from another predator Astropecten armatus with its expanded autozooids. Renilla appears to be restricted to preying upon immobile detrital or planktonic material. The utilization of unicellular algae is suggested.",NO,NOT_CONFIRMED,,VERIFIED_DOI_DOCUMENT,B03_NON_TROPICAL_DIRECT_MECHANISM,HIGH,"Sea pansy Renilla kollikeri, a pennatulacean octocoral (soft coral). The study concerns its morphological and behavioral adaptations to sandy, sediment-burial-prone nearshore habitat.",Sediment burial; deposits of sediment that bury the colony; also water flow and turbulence in sandy habitat.,Behavioral response: ability to dig itself out of sediment deposits; anchoring adaptations; behavioral responses to water flow and uprooting. This is a biological response to sediment exposure.,"Directly tests sediment burial and the organism's behavioral recovery response in a temperate, non-tropical coral (sea pen). Aligns with B03.","This study details field/laboratory observations of the sea pansy Renilla kollikeri, a pennatulacean octocoral, in its temperate nearshore sandy habitat. It explicitly describes sediment burial as characteristic of the habitat and documents behavioral adaptations to dig out of burial deposits. The response is a direct biological, behavioral response to a sediment pathway. Because the organism is a coral (sea pen) and the system is non-tropical, this qualifies under B03 (non-tropical direct mechanism). It is not simply a distribution or habitat study; it includes experiments on burial and digging. Thus TIER_B_INCLUDE is appropriate rather than CHAIN_ONLY or EXCLUDE.",ALL_VERIFIED_NON_TROPICAL_TIER_B_INCLUSIONS,TBV1-0249
B,CWC-DDDF4EB70D81,"Boundary layer velocity structure in a coldwater coral area of Haddock Channel, southwest Grand Banks.",William A. Fowler,2014,Memorial University Research Repository (Memorial University),dissertation,,https://research.library.mun.ca/8148/1/Fowler_WilliamArthur_masters.pdf,"Gorgonian corals occur extensively at continental slope depths > 200 m off the southwest \nGrand Banks of Newfoundland. Among these corals, Keratoisis grayi forms \ngorgonian coral thickets on cobbles and boulders in otherwise muddy sand habitats. \nThese thickets are believed to form a critical benthic habitat, in particular for juvenile \nfish, and as such are an integral part of the ecosystem. These coral thickets are \nimpacted by bottom trawling activity which therefore could have far reaching consequences \nfor the larger ecosystem. This thesis reports on a study of how the ocean \nbottom boundary layer is affected by the presence of coral thickets. This information \nis important both to establish the characteristics of coral habitat but also to demonstrate \nhow the removal of corals modifies the boundary layer which would in turn \nmodify the benthic environment. \nBottom boundary layer currents in coral habitat in Haddock Channel were characterized \nusing two 2-MHz acoustic Doppler current profilers.The profilers were deployed \non the seafloor at a depth of 700 m, looking upward, for 85 hours, beginning \nJuly 17th, 2007. The effective vertical profiling range was 4 meters, with 1 meter \ndepth resolution, sampling every 2.7 minutes. One instrument was placed in an area \nwhere bamboo corals (Keratoisis grayi ) extend approximately to 1 meter in height \nand occur with a density on the order of 1 colony per square meter (Coral Site). The \nsecond instrument was deployed 100 meters away in an area with visually similar sea floor characteristics, but from which the corals had been removed by a research \nbottom trawl (Mud Site). Mean flow speeds at both the Mud and Coral Site are \non the order of 10 cm s⁻¹, which is consistent with previous current data from the \ngeneral area. Observed currents showed some evidence of tidal forcing but other nonlinear \nprocesses clearly influence the current regime. Speed profiles were fitted to the \nlogarithmic law of the wall to obtain bottom roughness zₒ, and friction velocity u∗ \nestimates. Both the Mud and Coral Site appear to conform to the logarithmic law of \nthe wall for turbulent boundary layers. \nFriction velocity (u∗) estimates at flow speeds less than 5 cm s⁻¹, were consistently \nhigher at the Coral Site, relative to the Mud Site; Mud Site u∗ values were 30% \nto 80% of Coral Site estimates, indicating increased turbulence due to the presence \nof corals. However, friction velocity increased faster with flow speed at the Mud \nSite, suggesting that at higher flow speeds coral induced bottom roughness is less \nimportant to friction velocity. There was significant uncertainty in bed roughness \nestimates, however bed roughness values at the Coral Site (mean zₒ = 0.51 ± 0.28 \ncm), were found to be generally higher at flow speeds below 5 cm s⁻¹, compared to \nthe Mud Site (mean zₒ = 0.27 ± 0.40 cm), again possibly indicating that the coral \nare affecting the hydrodynamic roughness at low speeds. \nBackscatter intensity was also examined as an indication of suspended organic \nmaterial. It was impossible to make relative absolute comparisons between the two \nsites but relative changes in backscatter intensity could be compared. Backscatter \nlevels from both sites increased as flow speeds increased, up to 7 cm s⁻¹. Backscatter \nincreased faster with flow speed at the Mud Site, relative to the Coral Site, for speeds \nbetween 2.5 and 7 cm s⁻¹, which is broadly consistent with the suggestion of greater \nincrease in friction velocity values seen at the Mud Site. \nAbove 7 cm s⁻¹, Coral Site backscatter intensity increased substantially, while the corresponding Mud Site backscatter intensity declined. The reason for this change in \ntrend is unclear, a possible explanation being a transition into a different flow regime \nwhereby increased flow speeds interact favourably with the rough topography created \nby the corals. However, the large uncertainty estimates for backscatter levels at these \nhigher speeds were such that it was very difficult to draw firm conclusions. \nWe conclude that higher u∗ and zₒ estimates at low flow speeds at the Coral Site, \nrelative to the Mud Site, are consistent with the hypothesis that the enhancement of \nturbulence due to the coral behaving as roughness elements is significant only at low \nflow speeds, enabling coral polyps greater opportunities to extract organic material \nfrom the water column due to resuspension of organic material from the sea floor.",NO,NOT_CONFIRMED,,VERIFIED_DIRECT_DOCUMENT_URL,B01_DEEP_COLD_SEDIMENT_EVIDENCE,HIGH,"Cold-water coral Keratoisis grayi (bamboo coral) thickets at Haddock Channel, southwest Grand Banks, at ~700 m depth.","Suspended particulate/organic material, resuspension, and boundary layer hydrodynamics (friction velocity, bed roughness, backscatter) in coral versus trawled mud sites.","Indirect ecological response: corals increase turbulence and resuspension at low flow speeds, enhancing opportunities for polyps to extract organic material; comparison of coral and mud sites reveals altered sedimentary processes.","B01: Deep-sea cold-water coral (Keratoisis grayi) with explicit suspended-particle/resuspension pathway and indirect biological/ecological response, from a substantive dissertation.","The thesis investigates boundary layer dynamics in a cold-water coral habitat, measuring suspended organic matter via backscatter and linking flow-induced resuspension to coral feeding opportunities. This provides indirect ecological evidence of a sediment-related pathway affecting cold-water corals, fitting B01's allowance for indirect responses. The document is a substantive dissertation, not a webpage. It is not merely physical transport because it explicitly interprets effects on coral polyps. The closest alternative would be exclusion for lacking direct organism response, but B01 deliberately broadens beyond organism-level response. Confidence is high because the abstract clearly states the coral species, sediment/suspended-particle pathway, and ecological implication.",ALL_VERIFIED_NON_TROPICAL_TIER_B_INCLUSIONS,TBV1-0115
B,CWC-CF0ECEBB83B5,Burrowing hard corals occurring on the sea floor since 80 million years ago,Asuka Sentoku | Yuki Tokuda | Yoichi Ezaki,2016,Scientific Reports,article,10.1038/srep24355,https://doi.org/10.1038/srep24355,"We describe a previously unknown niche for hard corals in the small, bowl-shaped, solitary scleractinian, Deltocyathoides orientalis (Family Turbinoliidae), on soft-bottom substrates. Observational experiments were used to clarify how the sea floor niche is exploited by turbinoliids. Deltocyathoides orientalis is adapted to an infaunal mode of life and exhibits behaviours associated with automobility that include burrowing into sediments, vertical movement through sediments to escape burial, and recovery of an upright position after being overturned. These behaviours were achieved through repeated expansion and contraction of their peripheral soft tissues, which constitute a unique muscle-membrane system. Histological analysis showed that these muscle arrangements were associated with deeply incised inter-costal spaces characteristic of turbinoliid corals. The oldest known turbinoliid, Bothrophoria ornata, which occurred in the Cretaceous (Campanian), also possessed a small, conical skeleton with highly developed costae. An infaunal mode of life became available to turbinoliids due to the acquisition of automobility through the muscle-membrane system at least 80 million years ago. The newly discovered active burrowing strategies described herein provide new insights into the use of an unattached mode of life by corals inhabiting soft-bottom substrates throughout the Phanerozoic.",YES,FROZEN_PUBLIC_FULL_TEXT_LOCATION,https://www.nature.com/articles/srep24355.pdf,VERIFIED_DOI_DOCUMENT,B03_NON_TROPICAL_DIRECT_MECHANISM,HIGH,"Deltacyathoides orientalis, a solitary scleractinian turbinoliid coral.",Burial and sediment disturbance; burrowing into soft-bottom substrates.,"Infaunal burrowing, vertical movement to escape burial, and recovery of upright position after overturning; adaptive behaviors for soft-bottom substrates.",Direct experimental evidence of sediment-related exposure and behavioral response in a non-tropical coral.,"The study directly observes a coral (Deltacyathoides orientalis) responding to sediment burial through burrowing, escape movements, and upright recovery. The sediment pathway is explicit and the response is behavioral and ecologically relevant. No tropical setting is indicated, so it fits B03 for non-tropical direct mechanism. It is not B01 because deep-sea/cold-water status is not established. It is not B04 because tropical status is not established.",ALL_VERIFIED_NON_TROPICAL_TIER_B_INCLUSIONS,TBV1-0182
B,GLV4-335E4AF21B20,Canadian Impact Assessment Registry Bay du Nord Development Project ENVIRONMENTAL ASSESSMENT REPORT August 2021,,2021,iaac-aeic.gc.ca,report,,https://iaac-aeic.gc.ca/050/documents/p80154/138155E.pdf,"relative to produced discharges (including drill cuttings), sound and light emissions, and presence of infrastructure (including subsea). The drill cuttings discharge modelling indicated that burial of benthic habitat (greater than 1.5 millimetres thickness) would extend up to 200 metres from each template site. Drill cuttings deposition above 1.5 millimetres may drift and settle up to two kilometres from the well site, which the proponent predicted would be patchy and not result in adverse effects on corals, sponges and sea pens. The proponent stated that drill cuttings modelling for recent e",YES,PUBLIC_FULL_DOCUMENT_LOCATION,https://iaac-aeic.gc.ca/050/documents/p80154/138155E.pdf,VERIFIED_DIRECT_DOCUMENT_URL,B02_DEEP_COLD_REVIEW_ASSESSMENT,HIGH,"Corals, sponges, and sea pens in deep/cold-water benthic habitats offshore Newfoundland.","Drill cuttings discharge; modelled burial thickness greater than 1.5 mm extending up to 200 m from each template, with patchy deposition potentially up to 2 km from well sites.","Impact assessment predicting no adverse effects on corals, sponges, and sea pens from drill cuttings deposition; presents a regulatory assessment of sediment-related effects on target taxa.","Substantive government/regulatory environmental assessment report with a direct sediment-impact focus and explicit evaluation of effects on corals, sponges, and sea pens, meeting B02.","This is a substantive environmental assessment report for an offshore oil development. The abstract explicitly discusses drill cuttings discharge modelling, burial thickness thresholds, and predicted effects on corals, sponges, and sea pens. This constitutes a regulatory assessment document with a direct sediment-impact focus, fitting Tier B pathway B02 (deep/cold coral or sponge review, government report, regulatory assessment, monitoring report). It is not merely physical modelling because it links sediment deposition to biological impact predictions for target taxa. It is preferable to B01 because it is an assessment/review document rather than primary evidence, and preferable to CHAIN_ONLY because the supplied content contains clear target-relevant assessment evidence. Exclude is not appropriate. Confidence is high given the explicit statement of sediment pathway and coral/sponge response.",ALL_VERIFIED_NON_TROPICAL_TIER_B_INCLUSIONS,TBV1-0426
B,GLV4-9AF788269796,Canadian Science Advisory Secretariat (CSAS) Proceedings Series 2014/040,,2014,waves-vagues.dfo-mpo.gc.ca,government_report,,https://waves-vagues.dfo-mpo.gc.ca/Library/360169.pdf,"conclusions and advice resulting from this review will be provided in a Science Advisory Report to DFO Ecosystem Management Branch Pacific Region to provide an assessment of the nature and extent of the potential effects of sedimentation on glass sponge reefs and recommend mitigation measures for activities/areas where risks to these communities are identified. The Science Advisory Report and supporting Research Document will be made publicly available on the CSAS Science Advisory Schedule at the Fisheries and Oceans Canada, Canadian Science Advisory Secretariat (CSAS) Website. v Compte rendu",YES,PUBLIC_FULL_DOCUMENT_LOCATION,https://waves-vagues.dfo-mpo.gc.ca/Library/360169.pdf,VERIFIED_DIRECT_DOCUMENT_URL,B02_DEEP_COLD_REVIEW_ASSESSMENT,HIGH,Glass sponge reefs (Hexactinellida),Sedimentation,"Assessment of the nature and extent of potential effects of sedimentation on glass sponge reefs, with recommended mitigation measures","Canadian Science Advisory Secretariat proceedings document specifically addressing sediment-related impacts on cold-water glass sponge reefs and providing management advice, fitting Tier B review/assessment pathway.","This is a government proceedings report from the Canadian Science Advisory Secretariat focused on the effects of sedimentation on glass sponge reefs. It clearly has a direct sediment-impact focus and provides an assessment and mitigation recommendations, meeting B02_DEEP_COLD_REVIEW_ASSESSMENT. The document is substantive and directly relevant; it is not merely a discovery page. Closest alternative would be CHAIN_ONLY, but the supplied snippet explicitly indicates sediment-related assessment content for sponges, so inclusion is warranted.",ALL_VERIFIED_CSAS,TBV1-0486
B,CWC-D178BD4291AA,"Carbonate budget of a cold-water coral carbonate mound: Propeller Mound, Porcupine Seabight",Boris Dorschel | Dierk Hebbeln | Andres Rüggeberg | Christian Dullo,2005,International Journal of Earth Sciences,article,10.1007/s00531-005-0493-0,https://doi.org/10.1007/s00531-005-0493-0,"High resolution studies from the Propeller Mound, a cold-water coral carbonate mound in the NE Atlantic, show that this mound consists of > 50% carbonate justifying the name 'carbonate mound'. Through the last similar to 300,000 years approximately one third of the carbonate has been contributed by cold-water corals, namely Lophelia pertusa and Madrepora oculata. This coral bound contribution to the carbonate budget of Propeller Mound is probably accompanied by an unknown portion of sediments buffered from suspension by the corals. However, extended hiatuses in Propeller Mound sequences only allow the calculation of a net carbonate accumulation. Thus, net carbonate accumulation for the last 175 kyr accounts for only < 0.3 g/cm(2)/ kyr, which is even less than for the off-mound sediments. These data imply that Propeller Mound faces burial by hemipelagic sediments as has happened to numerous buried carbonate mounds found slightly to the north of the investigated area.",NO,NOT_CONFIRMED,,VERIFIED_DOI_DOCUMENT,B01_DEEP_COLD_SEDIMENT_EVIDENCE,HIGH,"Cold-water corals Lophelia pertusa and Madrepora oculata on Propeller Mound, NE Atlantic.","Explicit sediment pathway: suspended sediments buffered from suspension by corals, and burial by hemipelagic sediments.",Quantifies net carbonate accumulation (<0.3 g/cm2/kyr) and concludes the mound faces burial by hemipelagic sediments; addresses implications for mound survival.,"Direct deep/cold coral source with explicit sediment burial/deposition pathway and biological/ecological impact evidence (carbonate budget, burial risk).","This is a deep-sea cold-water coral study explicitly addressing sediment dynamics and burial. It documents that corals contribute to the carbonate mound but that the mound is currently being buried by hemipelagic sediments, which is a direct sediment-impact pathway. The evidence includes net carbonate accumulation rates and inferred burial risk, satisfying B01's requirement for sediment-related impact or condition evidence. It is preferable to CHAIN_ONLY because it includes substantive coral-sediment interaction, not merely references. It is not excluded because the sediment pathway and coral response are clear, despite being more geological than experimental.",ALL_VERIFIED_CENTRAL_PEER_REVIEWED,TBV1-0050
B,GLV4-03C8D5228F36,Cenos EIA Chapter 10 – Benthic Ecology,,,marine.gov.scot,environmental_impact_statement,,https://marine.gov.scot/sites/default/files/cenos_eia_vol.3_-_chapter_10_-_benthic_ecology_redacted.pdf,"that A. digitatum sloughed off settled particles with a large amount of mucous. In terms of smothering A. digitatum has low sensitivity, intermediate intolerance and Cenos EIA Chapter 10 – Benthic Ecology Document Number: A-100907-S01-A-ESIA-011 146 high recoverability (Budd, 2008). Some colonies of A. digitatum can attain a height of up to 20 cm (i.e. a level of sedimentation much higher than the worst-case scenario predicted from the modelling study – see Section 10.6.1.2 and Section 10.5.6.2) so would still be able to expand tentacles and columns of the polyps to filer feed, and materials m",YES,PUBLIC_FULL_DOCUMENT_LOCATION,https://marine.gov.scot/sites/default/files/cenos_eia_vol.3_-_chapter_10_-_benthic_ecology_redacted.pdf,VERIFIED_DIRECT_DOCUMENT_URL,B02_DEEP_COLD_REVIEW_ASSESSMENT,HIGH,"Alcyonium digitatum (dead man's fingers), a cold-water soft coral.","Sedimentation, smothering, and settled particles.","Mucous-mediated particle sloughing, low sensitivity, intermediate intolerance, high recoverability, ability to expand tentacles and filter feed despite sedimentation.","Substantive EIA chapter assessing sediment-related impacts on a cold-water coral, with sensitivity and recoverability data relevant to the review.","The snippet from this EIA chapter directly discusses sedimentation and smothering effects on Alcyonium digitatum, a cold-water soft coral, including mucus production, sensitivity, intolerance, and recoverability. This is a substantive regulatory assessment, fitting B02_DEEP_COLD_REVIEW_ASSESSMENT. It is preferable to B01 because it is an assessment, not a primary evidence study, and preferable to CHAIN_ONLY because it contains direct target evidence.",ALL_VERIFIED_NON_TROPICAL_TIER_B_INCLUSIONS,TBV1-0786
B,CWC-7398D80B9FD9,Chapter 18 Drilling Mud Plumes From Offshore Drilling Operations: Implications for Coral Survival,Eugene A. Shinn | J. Harold Hudson | Daniel M. Robbin | Carol K. Lee,1980,Elsevier oceanography series,book-chapter,10.1016/s0422-9894(08)71395-3,https://doi.org/10.1016/s0422-9894(08)71395-3,,NO,NOT_CONFIRMED,,VERIFIED_DOI_DOCUMENT,B01_DEEP_COLD_SEDIMENT_EVIDENCE,MEDIUM,Corals (unspecified environment),Drilling mud plumes from offshore drilling operations (suspended particles/deposition),Implications for coral survival,"Title explicitly describes drilling mud plumes and their implications for coral survival, meeting the Tier B sediment-impact criteria (drilling-mud pathway and biological response).","Title clearly indicates a study or assessment of drilling mud plumes (a sediment-related pathway) and their implications for coral survival (a biological response). The document is a substantive book chapter. Environmental context (deep/cold vs tropical) is not specified in the title, so the specific Tier B pathway is uncertain; however, the content is clearly within the scope of sediment effects on corals. Prefer include over CHAIN_ONLY because there is direct coral/sediment content. Over EXCLUDE because there is no indication of out-of-scope. Over UNCERTAIN because the title provides sufficient evidence for inclusion, though full text may be needed to refine the pathway code.",ALL_VERIFIED_NON_TROPICAL_TIER_B_INCLUSIONS,TBV1-0164
B,GLV4-D60A097AB693,CO #42 Large gorgonian corals in the PBGB LOMA,,,waves-vagues.dfo-mpo.gc.ca,report,,https://waves-vagues.dfo-mpo.gc.ca/Library/342998rank8.pdf,"or associated pipeline construction, or buried under dredge spoils, drill cuttings or muds will be permanently destroyed.  Associated activities may affect corals over a broader area by increasing sedimentation levels in the water column, as well as potentially toxic drill cuttings and muds (Gass, 2003).  Exposure to disturbances, either physical or chemical, often results in the retraction of coral polyps. If these defense reactions persist for long periods of time because of continued exposure to a pollutant or physical disturbance, they can have various results- decreased nutrient assimil",YES,PUBLIC_FULL_DOCUMENT_LOCATION,https://waves-vagues.dfo-mpo.gc.ca/Library/342998rank8.pdf,VERIFIED_DIRECT_DOCUMENT_URL,B01_DEEP_COLD_SEDIMENT_EVIDENCE,HIGH,"Large gorgonian corals (cold-water corals) in the PBGB LOMA, a deep-sea or cold-water coral context.","Sediment-related stressors including pipeline construction, dredge spoils, drill cuttings, muds, and increased water-column sedimentation.",Permanent destruction if buried; polyp retraction and decreased nutrient assimilation with continued sediment exposure.,Meets B01_DEEP_COLD_SEDIMENT_EVIDENCE: a cold-water coral source with an explicit sediment pathway and biological/impact evidence.,"The report concerns large gorgonian corals in a Canadian offshore area and explicitly links sediment-related stressors (pipeline construction, dredge spoils, drill cuttings, muds, increased sedimentation) to biological impacts, including permanent destruction via burial and polyp retraction leading to decreased nutrient assimilation. This matches B01_DEEP_COLD_SEDIMENT_EVIDENCE because it is a cold-water coral source with an explicit sediment pathway and impact evidence. It could also be considered a B02 assessment report, but B01 is the more direct evidence pathway. Exclusions do not apply because the organism and stressor are clearly coral and sediment. Confidence is HIGH given explicit wording.",ALL_VERIFIED_CSAS,TBV1-0450
B,CWC-D59D421CC301,Cold-water coral ecosystems in Cassidaigne Canyon: An assessment of their environmental living conditions,Marie-Claire Fabri | Annaëlle Bargain | Ivane Pairaud | Laura Pedel | Isabelle Taupier‐Letage,2016,Deep Sea Research Part II Topical Studies in Oceanography,article,10.1016/j.dsr2.2016.06.006,https://doi.org/10.1016/j.dsr2.2016.06.006,"The Cassidaigne canyon is one of the two canyons (together with Lacaze-Duthiers) of the French Mediterranean coast in which cold-water corals have settled and formed large colonies, providing a structural habitat for other species. Nevertheless, the communities settled in the Cassidaigne canyon are physically impacted by discharges of bauxite residues. New information on the distribution of the species Madrepora oculata and the associated species diversity in Cassidaigne canyon was provided by videos and photos acquired in 2013. An area investigated at 515 m depth harbored a high density of small colonies of M. oculata. The water column structure of the area was described by using a CTD transect deployed along the axis of the canyon. High resolution (10 m and 2 m) bathymetric data were collected in the Cassidaigne canyon in 2010 and 2014. Seafloor characteristics were derived from the 10 m resolution bathymetric data. Data on local hydrodynamic conditions in the first 10 m above the seafloor were produced by applying the MARS3D hydrodynamic model in the Cassidaigne canyon at a horizontal resolution of 80 m (CASCANS model configuration). These environmental datasets combined with the geographic coordinates of the known occurrences of dense M. oculata colonies in the canyon allowed establishing a model using the MaxEnt software package to predict the habitat distribution in terms of probability of occurrence. According to the water mass analysis, M. oculata habitats are mainly located in the layer of the Intermediate waters originating from the Eastern Mediterranean Basin. A high concentration of suspended sediment due to the bauxite residues expelled into the canyon was observed in the axis. of the canyon where we measured 1 NTU (2.5 mg/l) at 100 m above the bottom while concentrations were even higher (2 NTU; 5 mg/l) closer to the bottom. The habitat 'suitability model indicates that the living conditions of M. oculata can be found in areas of the Cassidaigne canyon where the substratum shows irregularities, slopes and topographic highs. Concerning environmental variables resulting from the hydrodynamic model, temperature and high current velocities were identified as explanatory factors of the distribution of M. oculata. Suitable areas for M. oculata habitat settlement were mapped at the scale of the canyon. This study gathers multiple disciplines combined to consider a submarine canyon as a global functioning system and is an approach intended to promote the management of sensitive ecosystems in complex topographic features such as canyons. (C) 2016 Elsevier Ltd. All rights reserved.",YES,FROZEN_PUBLIC_FULL_TEXT_LOCATION,https://archimer.ifremer.fr/doc/00343/45373/,VERIFIED_DOI_DOCUMENT,B01_DEEP_COLD_SEDIMENT_EVIDENCE,HIGH,Cold-water coral Madrepora oculata; associated species diversity in Cassidaigne Canyon.,Discharges of bauxite residues; suspended sediment concentrations measured (1-2 NTU; 2.5-5 mg/l) near bottom.,Living conditions/habitat suitability modelled; coral communities physically impacted; high density small colonies at 515 m; habitat distribution influenced by environmental variables.,"Deep-sea/cold-water coral study with explicit sediment pathway (bauxite residue discharges, suspended sediment) and impact/assessment evidence.","The record evaluates cold-water coral ecosystems in Cassidaigne Canyon, specifically Madrepora oculata, under environmental conditions where bauxite residue discharges create elevated suspended sediment concentrations (2.5-5 mg/l). It explicitly states the communities are physically impacted by these discharges and assesses habitat suitability and living conditions via modeling. This provides direct evidence of a sediment pathway and biological/ecological impact or assessment, meeting Tier B inclusion under B01. The closest alternative would be B02 (review/assessment) as it is an assessment-style study, but B01 is more specific because it includes empirical sediment measurement and coral distribution evidence. Excluded alternatives (e.g., organism out of scope, no sediment pathway) do not apply.",ALL_VERIFIED_CENTRAL_PEER_REVIEWED,TBV1-0015
B,CWC-2E7C6BB21300,Cold-Water Coral Mound Archive Provides Unique Insights Into Intermediate Water Mass Dynamics in the Alboran Sea During the Last Deglaciation,Robin Fentimen | Eline Feenstra | Andres Rüggeberg | Torsten Vennemann | Irka Hajdas | Thierry Adatte | David Van Rooij | Anneleen Foubert,2020,Frontiers in Marine Science,article,10.3389/fmars.2020.00354,https://doi.org/10.3389/fmars.2020.00354,"The Alboran Sea is widely recognized to host numerous cold-water coral ecosystems, including the East Melilla Coral Province. Yet, their development through time and response to climatic variability has still to be fully understood. Based on a combined investigation of benthic foraminiferal assemblages, foraminiferal stable isotope compositions, grain size analysis, sediment geochemistry, and macrofaunal quantification, this study identifies key events and processes having governed cold-water coral development at the East Melilla Coral Province between Greenland Stadial 2.1 and the Early Holocene. The transition from Greenland Stadial 2.1 to Greenland Interstadial 1 is associated to a decline of bryozoan communities and their replacement by cold-water corals, together with changes in benthic foraminiferal assemblages and a decrease in the sediment mean grain size. These results suggest that a rapid decrease in bottom currents and the establishment of dysoxic and mesotrophic conditions at the seafloor, possibly associated to enhanced fluvial input, resulted in the decline of bryozoans as the dominant suspension feeding organisms and their replacement by a thriving cold-water coral community. This transition from a bryozoan to a coral dominated environment is concomitant with the beginning of the African Humid Period, confirming that increasing fluvial input could have been a main factor triggering the establishment of cold-water corals in the East Melilla Coral Province during Greenland Interstadial 1. A change in benthic foraminiferal communities and an increase in the sediment mean grain size mark the passage from the Early to Late Greenland Interstadial 1. The current velocity of intermediate water masses is suggested to have increased during the Early to Late Greenland Interstadial 1, whilst simultaneously fluvial input would have reduced. Such changes suggest that the climate became more arid during the second phase of Greenland Interstadial 1.",YES,FROZEN_PUBLIC_FULL_TEXT_LOCATION,https://www.frontiersin.org/articles/10.3389/fmars.2020.00354/pdf,VERIFIED_DOI_DOCUMENT,B01_DEEP_COLD_SEDIMENT_EVIDENCE,HIGH,"Cold-water corals (likely Lophelia pertusa or Madrepora oculata) and associated bryozoan communities in the East Melilla Coral Province, Alboran Sea.","Sediment-related changes: increased fluvial input (sediment delivery), decreased sediment mean grain size, and lower bottom-current velocity, leading to dysoxic and mesotrophic conditions.",Decline of bryozoans and their replacement by a thriving cold-water coral community; coral development through time in response to sedimentation and water-mass changes.,"Deep-sea cold-water coral study that explicitly links sediment supply and grain-size changes to coral community establishment and development, providing ecological evidence for sediment effects on cold-water corals (B01).","This record is a primary research article on cold-water corals in the Alboran Sea. It explicitly evaluates sediment-related processes: changes in fluvial input and sediment grain size are linked to a shift from bryozoan to cold-water coral dominance. The abstract states that 'increasing fluvial input could have been a main factor triggering the establishment of cold-water corals,' directly connecting sediment delivery to a biological response. This meets B01 because it provides deep/cold-water coral evidence with an explicit sediment pathway and ecological impact. The closest alternative would be CHAIN_ONLY, but this is not merely a reference source; it presents substantive sediment-impact evidence for corals. It is not B02 because it is a research article, not a review/assessment. Therefore, TIER_B_INCLUDE is appropriate.",ALL_VERIFIED_CENTRAL_PEER_REVIEWED,TBV1-1372
B,CWC-3B3F2815C05C,"Cold-Water Corals and Anthropogenic Impacts in La Fonera Submarine Canyon Head, Northwestern Mediterranean Sea",Galderic Lastras | Miquel Canals | Enric Ballesteros | Josep María Gili | Anna Sànchez‐Vidal,2016,PLoS ONE,article,10.1371/journal.pone.0155729,https://doi.org/10.1371/journal.pone.0155729,"We assess the occurrence and extent of cold-water coral (CWC) species Madrepora oculata and Dendrophyllia cornigera, as well as gorgonian red coral Corallium rubrum, in La Fonera canyon head (Northwestern Mediterranean Sea), as well as human impacts taking place in their habitats. Occurrence is assessed based on Remotely Operated Vehicle (ROV) video imaging. Terrain classification techniques are applied to high-resolution swath bathymetric data to obtain semi-automatic interpretative maps to identify the relationship between coral distribution patterns and canyon environments. A total of 21 ROV immersions were carried out in different canyon environments at depths ranging between 79 and 401 m. Large, healthy colonies of M. oculata occur on abrupt, protected, often overhanging, rocky sections of the canyon walls, especially in Illa Negra branch. D. cornigera is sparser and evenly distributed at depth, on relatively low sloping areas, in rocky but also partially sedimented areas. C. rubrum is most frequent between 100 and 160 m on highly sloping rocky areas. The probable extent of CWC habitats is quantified by applying a maximum entropy model to predict habitat suitability: 0.36 km(2) yield M. oculata occurrence probabilities over 70%. Similar predictive models have been produced for D. cornigera and C. rubrum. All ROV transects document either the presence of litter on the seafloor or pervasive trawling marks. Nets and longlines are imaged entangled on coral colonies. Coral rubble is observed at the foot of impacted colonies. Some colonies are partially covered by sediment that could be the result of the resuspension generated by bottom trawling on neighbouring fishing grounds, which has been demonstrated to be responsible of daily increases in sediment fluxes within the canyon. The characteristics of the CWC community in La Fonera canyon are indicative that it withstands high environmental stress of both natural and human origin.",YES,FROZEN_PUBLIC_FULL_TEXT_LOCATION,https://journals.plos.org/plosone/article/file?id=10.1371/journal.pone.0155729&type=printable,VERIFIED_DOI_DOCUMENT,B01_DEEP_COLD_SEDIMENT_EVIDENCE,HIGH,"Cold-water corals Madrepora oculata, Dendrophyllia cornigera, and gorgonian Corallium rubrum in La Fonera canyon, NW Mediterranean.",Sediment resuspension from bottom trawling on neighboring fishing grounds; corals partially covered by sediment; litter and fishing gear entangled on colonies.,Coral rubble at foot of impacted colonies; partial sediment cover; inferred stress from increased sediment fluxes; documentation of human impacts in coral habitats.,"Provides direct evidence of sediment-related disturbance (resuspension, partial burial) affecting deep-sea cold-water corals, with impact observations and contextual assessment of anthropogenic stressors.","The study documents cold-water coral occurrence and human impacts, explicitly linking bottom trawling resuspension to increased sediment fluxes and partial sediment coverage of corals. This meets B01 as deep/cold sediment evidence with clear biological/ecological impact evidence (rubble, stress). It is not merely distribution mapping; it assesses impacts. Closest alternative B02 (review/assessment) is less fitting because this is a primary research article. Confidence high because abstract explicitly states sediment cover and resuspension impact.",ALL_VERIFIED_CENTRAL_PEER_REVIEWED,TBV1-0070
B,CWC-57848750F543,A comparative study of the effects of sedimentation on symbiotic and asymbiotic colonies of the coral Astrangiadanae Milne Edwards and Haime 1849,Esther C. Peters | Michael E. Q. Pilson,1985,Journal of Experimental Marine Biology and Ecology,article,10.1016/0022-0981(85)90096-6,https://doi.org/10.1016/0022-0981(85)90096-6,"Abstract The effect of heavy sedimentation on corals was examined in the laboratory using both symbiotic and asymbiotic colonies of Astrangia danae Milne Edwards and Haime. Colonies receiving applications of clean fine sand at a rate of 200mg·cm −2 once per day for 4 wk were not different from controls with respect to symbiotic index, colony weights, growth rates, or net oxygen exchange rates. Slight adverse effects relative to controls were noted after increasing the sand applications to three times per day, which became more evident during a 2-wk period of starvation combined with the sand applications. Starved symbiotic colonies were more susceptible than starved asymbiotic colonies to the sediment loading. After the starvation period, sediment-exposed colonies processed for histopathological examination revealed loss of mucous secretory cells in the epidermis, compared to starved controls, along with an increase in mucoid material accumulations in the gastrodermis and calicoblastic epithelium. These results are consistent with previous field observations that sediment loading is harmful to stony corals. However, damage may be minimal as long as adequate nutrients, from either internal (zooxanthellae) or external (Zooplankton, particulates) sources, are available to the coral animal to meet the additional energy expenditures required to rid themselves of sediment.",YES,FROZEN_PUBLIC_FULL_TEXT_LOCATION,https://digitalcommons.uri.edu/nrs_facpubs/705,VERIFIED_DOI_DOCUMENT,B03_NON_TROPICAL_DIRECT_MECHANISM,HIGH,"Astrangia danae, a temperate stony coral, studied in both symbiotic and asymbiotic colonies.","Laboratory applications of clean fine sand at 200 mg/cm² once/day, increased to three times/day, including combined starvation periods.","Measured symbiont index, colony weight, growth rates, net oxygen exchange, and histopathology; initial loading showed no marked differences, higher loading caused slight adverse effects and starvation increased susceptibility; histology revealed loss of mucous secretory cells and mucoid accumulations.","Direct experimental test of sediment exposure on a non-tropical coral, reporting multiple biological responses relevant to sediment impacts.","This is a clear direct-mechanism study on a temperate coral (Astrangia danae) explicitly testing sedimentation effects. The abstract documents both physiological (growth, oxygen exchange) and histological responses to sediment loading, including interaction with nutritional stress. It qualifies under B03 (non-tropical direct mechanism) because the species is shallow-water temperate, not deep-sea/cold-water (B01) or tropical (B04). The response evidence is substantive, so it is not merely a mention of sediment; it is the core experimental variable. Therefore, TIER_B_INCLUDE is appropriate, with high confidence and no need for full text.",ALL_VERIFIED_NON_TROPICAL_TIER_B_INCLUSIONS,TBV1-0166
B,CWC-1BD650C2C691,"COMPOSITION AND BIOLOGICAL IMPLICATIONS OF A NEPHELOID LAYER OVER THE INNER AGULHAS BANK NEAR MOSSEL BAY, SOUTH AFRICA",P. Zoutendyk | Ian R Duvenage,1989,Transactions of the Royal Society of South Africa,article,10.1080/00359198909520162,https://doi.org/10.1080/00359198909520162,"Water from the nepheoid layer associated with the mud belts on the inner Agulhas Bank near Mossel Bay contained a concentration of 19,0 mg.cntdot.l-1 total suspened particulate matter. Particulate organic matter (POM) formed only 7 per cent of this and was 3-4 times less than that of comparable coastal waters. Particle size distribution was skewed to the lower size range with a peak at 30 .mu.m. With the aid of the Shields curve for incipient motion of fine sediment, grain sizes that would be entrained from the bottom by orbital velocities resulting from waves were calcuated; such grains will be present over the mud belts for most of the year. Considerable differences in community structure between two reef systems at the same depth were recorded and may be attributed to nepheloid water. Where turbidity was high, macrophyte cover amounted to only 0,3 gC.cntdot.m-2 compared with 111 gC.m-2 in the absence of nepheloid water. Nepheloid water also affected filter-feeders; Porifera appeared to benefit from the percentage of POM falling into the correct size range, while other groups, e.g. tunicates appeared to be affected adversely by the high inorganic fraction. Particulate organic carbon (POC) requirements of reef filter feeders of 467 mgC.cntdot.m-2.cntdot.d-1 appear fulfilled by nepheloid POC of 670 mg POC.cntdot.m-3.",NO,NOT_CONFIRMED,,VERIFIED_DOI_DOCUMENT,B03_NON_TROPICAL_DIRECT_MECHANISM,HIGH,Porifera (sponges) and other reef filter feeders such as tunicates on the inner Agulhas Bank reef systems.,"Nepheloid layer water with total suspended particulate matter concentration of 19.0 mg/l, high inorganic fraction, particulate organic matter forming only 7%, and particle size distribution peaking at 30 μm.",Community structure differences between two reef systems attributed to nepheloid water; Porifera appeared to benefit from POM in the correct size range while tunicates were adversely affected by the high inorganic fraction; POC requirements of reef filter feeders were fulfilled by nepheloid POC.,"Direct field study of sediment/turbidity exposure in a temperate (non-tropical) bank system, reporting biological responses for sponges and other filter feeders.","This article directly examines a nepheloid layer over the Agulhas Bank and its biological implications for reef communities, including Porifera and tunicates. The sediment pathway is explicit: suspended particulate matter, turbidity, and POM/inorganic fractions. Responses are community-level and taxa-specific: sponges benefited from POM size range while tunicates were adversely affected by the inorganic fraction. This is a non-tropical sponge study (B03), not merely a mention of turbidity; it measures sediment exposure and biological response. Excluded alternatives: B04 is tropical only, and B01/B02 are deep/cold-water; here it's a temperate shelf bank.",ALL_VERIFIED_NON_TROPICAL_TIER_B_INCLUSIONS,TBV1-0251
B,CWC-17DD3B7BCE9D,Control of Deep Currents on Sediment and Cold-Water Coral Distribution on the Northern Manihiki Plateau,Sara Bashah | Kimberly Galvez | Gregor P. Eberli | Kasey Cantwell,2020,Frontiers in Marine Science,article,10.3389/fmars.2020.00288,https://doi.org/10.3389/fmars.2020.00288,"High-definition video surveys of remotely-operated vehicle (ROV) dives from the NOAA's Mountains in the Deep 2017 expedition (EX1705) along volcanic ridges and seamounts of the Manihiki Plateau coupled with multibeam bathymetry data and water column profiles, reveal no or minimal sediment cover on the basaltic edifice, but variable amounts of cold-water corals on ferromanganese-encrusted basaltic rocks. Coarse sediment, however, accumulates in crevasses and sedimentary ripples testify the existence of currents in the area. Collectively, these observations illustrate the strong influence of deep currents on the surficial geology and cold-water coral distribution at similar to 2,000 m water depths. Dive transects along two basaltic seamounts show stark differences of sedimentary features and cold-water coral distribution. On the ridges of ""Te Kawhiti"" (water depth: 2,089-2,220 m), basaltic slabs, and cold-water corals are far more abundant in comparison to the slope of a mesa in ""Te Tuku"" (water depth: 2,440-2,495 m). The increased abundance on ""Te Kawhiti"" is due to the exposure of ""Te Kawhiti"" to Lower Circumpolar Deep Water that sweeps the summit of the ridges as indicated by frequent ripples observed in between the basaltic rocks. The currents are strong enough to sweep fine-grained sediments away, leaving coarse-grained sediments behind, inducing the formation of ferromanganese crust on the basaltic rocks. Both dive sites are below the high-Mg calcite saturation horizon, and as a result, the cold-water coral community is dominated by Isididae, which can build a high-Mg calcite skeleton in water undersaturated in regards to high-Mg calcite.",YES,FROZEN_PUBLIC_FULL_TEXT_LOCATION,,VERIFIED_DOI_DOCUMENT,B01_DEEP_COLD_SEDIMENT_EVIDENCE,HIGH,"Cold-water corals, specifically Isididae, on basaltic seamounts of the Manihiki Plateau.","Deep currents controlling sediment cover and distribution, sweeping fine sediments away and leaving coarse sediments.",Coral abundance and distribution differ between sites with contrasting sedimentary regimes; increased abundance on Te Kawhiti where currents sweep fine sediment.,Deep-sea cold-water coral study with explicit sediment pathway (current-controlled sediment cover) and ecological evidence of coral distribution. This fits B01.,"This is a deep-sea cold-water coral study that directly links sediment distribution to coral abundance. The abstract clearly describes how deep currents influence sediment cover, leaving coarse sediments in some areas, and associates this with greater coral abundance. This constitutes biological/ecological evidence of a sediment-related effect on cold-water corals. The study is substantive (peer-reviewed article) and qualifies under B01_DEEP_COLD_SEDIMENT_EVIDENCE. It is not merely a geological or distribution study because the coral response is explicitly linked to sedimentary processes. The closest alternative would be exclusion for lacking a direct sediment stressor, but the current-driven sediment regime is an explicit pathway affecting coral habitat. Therefore, inclusion is appropriate.",ALL_VERIFIED_CENTRAL_PEER_REVIEWED,TBV1-0004
B,CWC-FE2F7AECE283,Coral & Sponge Conservation Strategy for Eastern Canada 2015,,2015,Fisheries and Oceans Canada,government_report,,https://www.dfo-mpo.gc.ca/oceans/publications/cs-ce/index-eng.html,"Drilling units, pipelines and production facilities can affect coral and sponge populations. Sediment disturbance can increase turbidity in the water which has a negative impact on both corals and sponges. Physical damage or displacement can occur as a result of anchoring or mooring vessels near the production platform (DFO 2010a). Also, there is the potential for drill cuttings to smother corals and sponges (Roberts et al. 2009; Lumsden et al. 2007) and accidental releases of oil and gas [...] The number of corals identified in eastern Canadian waters is approaching 60 species (V. Wareham Per",YES,FROZEN_PUBLIC_FULL_TEXT_LOCATION,http://www.dfo-mpo.gc.ca/oceans/publications/cs-ce/index-eng.html,VERIFIED_BIBLIOGRAPHIC_DOCUMENT,B02_DEEP_COLD_REVIEW_ASSESSMENT,HIGH,"Corals and sponges in eastern Canadian waters, with nearly 60 coral species.","Sediment disturbance increasing turbidity, drill cuttings smothering, physical displacement from anchoring.","Negative impacts on corals and sponges, smothering potential, conservation strategy context.","Substantive government report focused on coral and sponge conservation with direct sediment-impact content, including turbidity and drill cuttings smothering, qualifying as a review/assessment with potential to inform effects, exposure, thresholds, vulnerability, mitigation, or recovery.","This Fisheries and Oceans Canada conservation strategy specifically addresses corals and sponges in eastern Canada. The abstract explicitly links sediment disturbance to increased turbidity and negative impacts on corals and sponges, and discusses drill cuttings smothering potential. This is a substantive government report with a direct sediment-impact focus, meeting the B02 deep/cold review/assessment criterion. The closest alternative would be B01, which concerns primary evidence; this is a higher-level conservation strategy document, so B02 is more appropriate. The document is clearly within scope as a deep/cold coral and sponge report. Confidence is high because the abstract provides explicit sediment-related impact content.",ALL_VERIFIED_CSAS,TBV1-0073
B,GLV4-71527C456C2D,Coral Conservation Plan - Canada.ca,,,waves-vagues.dfo-mpo.gc.ca,report,,https://waves-vagues.dfo-mpo.gc.ca/library-bibliotheque/322312.pdf,"Offshore Petroleum Board (CNSOPB) regulates petroleum activities in Nova Scotia’s offshore. Environmental assessments are conducted in advance of activities to assess potential impact on ecosystem components within the area of their proposed operations. Ecosystem components include special areas and species. Corals are often assessed as an individual Valued Ecosystem Component (VEC) or as a component of the benthic habitat VEC within environmental assessments of drilling operations. Benthic habitat assessments are either done by sample collection, ROV surveys, or extrapolation of data collecte",YES,PUBLIC_FULL_DOCUMENT_LOCATION,https://waves-vagues.dfo-mpo.gc.ca/library-bibliotheque/322312.pdf,VERIFIED_DIRECT_DOCUMENT_URL,B02_DEEP_COLD_REVIEW_ASSESSMENT,MEDIUM,"Corals, likely deep-sea/cold-water species in Canadian offshore waters, assessed as a Valued Ecosystem Component (VEC).","Drilling operations, which can generate drill cuttings and drilling muds causing sediment disturbance and deposition.",Environmental assessments evaluate potential impacts on corals and benthic habitat; the conservation plan provides a framework for management and mitigation.,"Substantive government report/assessment by DFO with a likely focus on sediment-related impacts from offshore drilling on corals, directly relevant to sediment exposure, effects, and mitigation.","This DFO report is a coral conservation plan for Canadian offshore waters. The abstract explicitly links corals to environmental assessments of drilling operations, which involve sediment disturbance from drill cuttings and muds. The document likely assesses impacts, discusses mitigation, and provides a management context. This qualifies as a substantive government assessment/review with a direct sediment-impact focus, fitting B02. Alternative B01 would require biological/impact evidence, which is not visible in the snippet; CHAIN_ONLY is unnecessary because the record itself has direct coral-sediment relevance.",ALL_VERIFIED_CSAS,TBV1-0542
B,GLV4-7EA12443CBBD,Coral Consultation Framework NOAA Fisheries Southeast,,2022,media.fisheries.noaa.gov,report,,https://media.fisheries.noaa.gov/2022-09/Coral-Species-Framework.pdf,"to prevent sediments from traveling and depositing on the corals Artificial Reef LAA Sedimentation Adult, Juvenile LAA Turbidity All life stages NLAA Direct physical impacts Adult, Juvenile Must follow artificial reef guidelines NLAA Sedimentation Adult, Juvenile Distance from corals, use of turbidity controls to prevent sediments from traveling and depositing on the corals NLAA Turbidity All life stages Distance from corals, use of turbidity controls U.S. Department of Commerce | National Oceanic and Atmospheric Administration | National Marine Fisheries Service 24 Activity Potential Effect D",YES,PUBLIC_FULL_DOCUMENT_LOCATION,https://media.fisheries.noaa.gov/2022-09/Coral-Species-Framework.pdf,VERIFIED_DIRECT_DOCUMENT_URL,B02_DEEP_COLD_REVIEW_ASSESSMENT,MEDIUM,Corals (likely including deep-sea coral species within NOAA Fisheries Southeast region),"Sedimentation, turbidity, sediments traveling and depositing on corals; direct physical impacts from activities such as artificial reefs","Assessment of effects on adults, juveniles, and all life stages; impacts include sedimentation and turbidity with mitigation measures (e.g., distance from corals, turbidity controls)","B02_DEEP_COLD_REVIEW_ASSESSMENT - Substantive government regulatory assessment (NOAA Fisheries consultation framework) with direct sediment-impact focus and clear potential to inform effects, exposure, thresholds, vulnerability, mitigation, or recovery for corals.","The document is a NOAA Fisheries Southeast coral consultation framework, a substantive regulatory assessment. The snippet explicitly addresses sediment pathways: preventing sediments from depositing on corals, sedimentation, turbidity, and direct physical impacts, with effects on adults, juveniles, and all life stages. This meets B02 as a regulatory assessment with direct sediment-impact focus. The closest alternative is B05, but the document is specifically coral-focused rather than a broad across-taxa sediment synthesis. It is included with MEDIUM confidence because the snippet does not explicitly state deep/cold versus tropical, but the Southeast region includes deep-sea corals and the framework's sediment impact information is relevant.",ALL_VERIFIED_NON_TROPICAL_TIER_B_INCLUSIONS,TBV1-0487
B,CWC-2AC814A58B52,"Coral reefs of the turbid inner-shelf of the Great Barrier Reef, Australia: An environmental and geomorphic perspective on their occurrence, composition and growth",Nicola K. Browne | S Smithers | Chris T. Perry,2012,Earth-Science Reviews,article,10.1016/j.earscirev.2012.06.006,https://doi.org/10.1016/j.earscirev.2012.06.006,"Investigations of the geomorphic and sedimentary context in which turbid zone reefs exist, both in the modern and fossil reef record, can inform key ecological debates regarding species tolerances and adaptability to elevated turbidity and sedimentation. Furthermore, these investigations can address critical geological and palaeoecological questions surrounding longer-term coral-sediment interactions and reef growth histories. Here we review current knowledge about turbid zone reefs from the inner-shelf regions of the Great Barrier Reef (GBR) in Australia to consider these issues and to evaluate reef growth in the period prior to and post European settlement. We also consider the future prospects of these reefs under reported changing water quality regimes. Turbid zone reefs on the GBR are relatively well known compared to those in other reef regions. They occur within 20 km of the mainland coast where reef development may be influenced by continual or episodic terrigenous sediment inputs, fluctuating salinities (24-36 ppt), and reduced water quality through increased nutrient and pollutant delivery from urban and agricultural runoff. Individually, and in synergy, these environmental conditions are widely viewed as unfavourable for sustained and vigorous coral reef growth, and thus these reefs are widely perceived as marginal compared to clear water reef systems. However, recent research has revealed that this view is misleading, and that in fact many turbid zone reefs in this region are resilient, exhibit relatively high live coral cover (>30%) and have distinctive community assemblages dominated by fast growing (Acropora, Montipora) and/or sediment tolerant species (Turbinaria, Goniopora, Galaxea, Porites). Palaeoecological reconstructions based on the analysis of reef cores show that community assemblages are relatively stable at millennial timescales, and that many reefs are actively accreting (average 2-7 mm/year) where accommodation space is available, despite recent anthropogenic pressures. These turbid zone reefs challenge traditional views on the environmental conditions required for active reef growth, but given their proximity to land and associated stresses, current knowledge on these less well understood reefs should be synthesised to aid coastal management directives. Terrigenous sediments are a dominant influence on turbid zone reef occurrence, composition and growth, and, therefore, the assessment of their future prospects will require a detailed understanding of the sedimentary regimes under which they occur and of their differential response modes. (C) 2012 Elsevier By. All rights reserved.",NO,NOT_CONFIRMED,,VERIFIED_DOI_DOCUMENT,B05_BROAD_SYNTHESIS_WITH_TARGET_EVIDENCE,HIGH,"Corals in turbid inner-shelf reefs of the Great Barrier Reef, including species such as Acropora, Montipora, Turbinaria, Goniopora, Galaxea, and Porites.","Terrigenous sediment inputs, elevated turbidity, sedimentation, reduced water quality from urban and agricultural runoff.","Review documents coral occurrence, composition, growth, live coral cover (>30%), community assemblages, reef accretion rates (2-7 mm/year), resilience, and palaeoecological stability.","This is a broad synthesis/assessment specifically focused on coral reefs and sediment/turbidity effects, providing separate coral evidence relevant to sediment impacts, including tolerances, community composition, and growth responses.","The article is a substantive review of turbid inner-shelf coral reefs, explicitly addressing sediment and turbidity effects on coral occurrence, composition, and growth. It provides evidence on sediment-tolerant coral species, live cover, and accretion rates, making it directly relevant to Tier B. It is not a direct experimental or measurement study, so B04 does not apply; it fits B05 as a synthesis/assessment with clear coral sediment-impact evidence. The abstract is sufficient to confirm inclusion.",ALL_VERIFIED_NON_TROPICAL_TIER_B_INCLUSIONS,TBV1-1063
B,CWC-EF3F8D07C4C6,"The CORAMM (Coral Risk Assessment, Monitoring and Modelling) Project",Laurenz Thomsen | Raeid M. M. Abed | Elke Allers | Melanie Bergmann | Dirk de Beer | Sarah Johnsen | Frederik De Laender | Ann I. Larsson | Tomas Lundälv | Tim W. Nattkemper | Ingunn Nilssen | Dick van Oevelen | Jörg Ontrup | Autun Purser | I. Rønning | Mathijs G.D. Smit | Vikram Unnithan | Hannes Wagner | Tingting Wang,2008,Helmholtz-Zentrum für Polar-und Meeresforschung (Alfred-Wegener-Institut),conference-paper,,https://epic.awi.de/id/eprint/19506/1/Tho2008e.pdf,"CORAMM aims to improve our knowledge of the impacts of high suspended sediment loads and drill cuttings on cold water coral communities. The project is multidisciplinary in approach, with sedimentologists, biologists, modellers and representatives from StatoilHydro all involved in furthering the current understanding of these ecosystems. CORAMM has 4 workpackages: WP1 concentrates on the development of novel video and image analysis tools to enable a better and faster evaluation of Lophelia pertusa community structure and health status. WP2 assembles and further develops sensor systems for environmental monitoring with special emphasis on particle dynamics. These systems can be used as autonomous stand-alone units or can be linked to the internet. WP3 carries out specific experiments with live coral colonies to elucidate and predict the effect of different particle size and microbial composition. WP4 will build advanced ecosystem models for cold water corals and use a physiologybased approach to predict the effect of different sediment loads on the performance of cold water corals. Here, we present the outcome of the first 18 months of research.",NO,NOT_CONFIRMED,,VERIFIED_DIRECT_DOCUMENT_URL,B02_DEEP_COLD_REVIEW_ASSESSMENT,HIGH,Cold-water coral Lophelia pertusa; community structure and health status are central.,High suspended sediment loads and drill cuttings; particle dynamics; sediment loads of different particle size and microbial composition.,"Monitoring tools (video/image analysis, sensors), experiments with live colonies, and ecosystem modeling to predict effects of sediment loads on coral performance; community health evaluation.","Substantive conference paper/project report focused directly on sediment impacts on cold-water corals, with clear potential to inform effects, exposure, monitoring, and risk assessment.","This is a substantive project paper explicitly addressing impacts of high suspended sediment loads and drill cuttings on cold-water coral communities. It describes workpackages that include monitoring community health, sensor development, experimental exposure of live colonies to particle size/microbial composition, and model-based prediction of sediment load effects. This directly qualifies under B02 as a deep/cold coral assessment/monitoring-focused document with a sediment-impact focus. It is not merely a search page or non-substantive webpage. Preferred over B01 because the abstract reports project outcomes rather than detailed biological response data; it is an assessment/project report. Excluded alternatives: no reason to exclude, and it is not chain-only because it has direct coral-sediment content.",ALL_VERIFIED_NON_TROPICAL_TIER_B_INCLUSIONS,TBV1-0064
B,CWC-E507A2C5CF60,"Cytoskeletal architecture, organelle transport, and impulse conduction in hexactinellid sponge syncytia",Sally P. Leys,1996,Library and Archives Canada (Government of Canada),dissertation,,http://www.collectionscanada.ca/obj/s4/f2/dsk2/tape16/PQDD_0007/NQ32755.pdf,"Hexactinellid sponges differ substantially from other sponges in having syncytial tissues and the ability to propagate signals rapidly, causing the arrest of the feeding current. To confirm existing light and electron microscopic evidence of the syncytial nature of hexactinellid tissue, live tissue models were developed from Rhabdocalyptus dawsoni and Aphrocallistes vastus. A native acellular tissue extract (ATE) was made from the sponges to which dissociated tissue adhered and spread in a species specific fashion. Video microscopy shows that dissociated tissue from R. dawsoni adheres to the ATE and aggregates by fusion of pieces to form a giant, multinucleated syncytium. Fusion, corroborated by dye exchange, is characterized by the bidirectional transport of organelles, including nuclei, and bulk cytoplasm at an average rate of 2.1 um·S⁻¹. Stress fibres line the periphery of adherent preparations, and giant actindense filopodia appear to anchor tissue to the substrate. Bundles of microtubules (MTs) bridge newly fused aggregates while extensive tracts of MT bundles are oriented in all directions in larger aggregates. Aggregates can become several centimetres in diameter and can cover a 5 cm² petri dish within 6-12 hours. Inhibition of organelle motility by colcemid and nocodazole but not by cytochalasin B suggests that transport occurs along MT bundles. A protein immunoreactive with cytoplasmic dynein was identified in whole cell lysate from A. vastus, and it is suspected the same motor protein exists in R. dawsoni and other hexactinellids. No evidence was found for kinesin, although its presence cannot be ruled out. Ultrastructural evidence suggests that a membranous network may be involved in linking bulk cytoplasm to bundles of microtubules in streams, in a manner similar to the mechanism by which bulk cytoplasm is linked to microfilaments in characean algae. Transport of bulk cytoplasm and movement of individual organelles can also be seen in regenerating fragments of the whole sponge suggesting that cytoplasmic streaming may be involved in tissue morphogenesis. The fact that latex beads that are phagocytosed are also transported in streams indicates that hexactinellid sponges employ symplastic nutrient transport, like plants, rather than apoplastic nutrient transport, like animals. Because fusion and cytoplasmic streaming are features of both Rhabdocalyptus and Aphrocallistes, representatives of lysaccine and dictyonal hexactinellids respectively, it is probable that these phenomena are characteristic of the subphylum Symplasma. Propagated arrests of the feeding current were recorded from Rhabdocalyptus in response to an increase in sediment in the sea water. Development of a new preparation in which aggregates are grafted on to parts of the adult body wall that demonstrate normal pumping physiology, allowed recording of action potentials which propagate through the sponge at 0.18 cm·s⁻¹, simultaneously with the arrest of the feeding current. This is the first recording of a propagated electrical event from a sponge. Impulse conduction in these sponges can be explained by the finding that hexactinellid tissues are syncytial. These results strongly suggest that hexactinellid sponges should be distinguished from other sponges at a high taxonomic level, and pose new questions for the evolution of intracellular transport mechanisms and excitability in the metazoa.",NO,NOT_CONFIRMED,,VERIFIED_DIRECT_DOCUMENT_URL,B01_DEEP_COLD_SEDIMENT_EVIDENCE,HIGH,Hexactinellid (deep-sea/cold-water) sponges Rhabdocalyptus dawsoni and Aphrocallistes vastus.,Increase in sediment in the sea water.,Propagated arrests of the feeding current recorded from Rhabdocalyptus in response to sediment increase.,"Direct evidence of a sediment-related physiological response (feeding current arrest) in deep-sea hexactinellid sponges, meeting B01.","The abstract explicitly reports that propagated arrests of the feeding current were recorded from the deep-sea hexactinellid sponge Rhabdocalyptus in response to an increase in sediment in the sea water. This provides direct biological response evidence for a sediment pathway in a cold-water/deep-sea sponge, satisfying B01. The document is a substantive dissertation. It is preferred over CHAIN_ONLY because it contains direct target evidence, not just references. Confidence is high because the abstract is explicit about the sediment trigger and response.",ALL_VERIFIED_NON_TROPICAL_TIER_B_INCLUSIONS,TBV1-0204
B,CWC-216E188AB7C0,Damage and recovery of four Philippine corals from short-term sediment burial,Ineke Wesseling | AJ Uychiaoco | P.M. Aliño | T Aurin | Jan E. Vermaat,1999,Marine Ecology Progress Series,article,10.3354/meps176011,https://doi.org/10.3354/meps176011,"Recovery of corals after full burial with littoral sediment (16 % silt, 46 % fine sand and 38 % coarse sand; 28 % CaCO3) was monitored in 2 field experiments at the reefs off Lucero, Bolinao (Pangasinan, NW Philippines), from April to May 1996. In the first experiment at 2 m depth. Porites was buried for 0, 6, 20 and 68 h; a second experiment was done at 5 m depth and 4 common taxa (Porites, Galaxea, Heliopora and Acropora) were buried for 20 h. At 2 m depth, Porites was not affected by 6 h burial compared to the controls that were not buried. Increasing burial time had increasingly more serious effects. Burial for 20 h resulted in increased discoloration of the coral tissue. After 68 h of burial, up to 90 % of the tissue bleached in the first days. About 50 % of this tissue disappeared subsequently and bare coral skeleton became exposed or were covered with algae. After a few weeks, however, recovery took place: the bare areas were recolonized from surrounding surviving tissue or from highly retracted polyps in the affected area. In the corals that had been buried for 20 h no more significant differences from the controls were observed after 3 wk. For those that were buried for 68 h, this was the case after 4 wk. At 5 m depth, all Acropora died after the 20 h burial treatment, but the other taxa recovered in a comparable way to the Porites in the first experiment at 2 m depth. It is concluded that complete burial will cause considerable whole-colony mortality in at least Acropora, and thus may result in a permanent loss of coral taxa from reefs that are subject to such intense sedimentation events. Less sensitive taxa incur substantial damage but significant recovery was observed after a month.",YES,FROZEN_PUBLIC_FULL_TEXT_LOCATION,https://www.int-res.com/articles/meps/176/m176p011.pdf,VERIFIED_DOI_DOCUMENT,B04_TROPICAL_PHYSICAL_SEDIMENT_ANALOGUE,HIGH,"Four Philippine coral taxa: Porites, Galaxea, Heliopora, Acropora.","Short-term sediment burial with littoral sediment (16% silt, 46% fine sand, 38% coarse sand; 28% CaCO3) for durations up to 68 h.","Tissue discoloration, bleaching, tissue loss, whole-colony mortality for Acropora, recovery via recolonization from surviving tissue or retracted polyps within 3-4 weeks.","Direct experimental test of physical sediment burial on tropical corals, reporting multiple biological responses and recovery, fulfilling B04.","This is a tropical coral study directly testing short-term sediment burial. It reports damage responses (bleaching, tissue loss, mortality) and recovery for Porites, Galaxea, Heliopora, and Acropora. The physical sediment pathway is explicit (burial) and the biological responses are clearly relevant (mortality, tissue loss, recovery). This meets B04_TROPICAL_PHYSICAL_SEDIMENT_ANALOGUE. It is not B01 because the corals are tropical, not deep-sea/cold-water. It is not B03 because the study is tropical, not non-tropical. The abstract provides strong evidence, so confidence is high and full text is not needed for screening.",SPARING_TOP_25_TROPICAL_DIRECT_PHYSICAL_ANALOGUES,TBV1-1022
B,CWC-EF237ECA1903,Deep-sea environment and biodiversity of the West African Equatorial margin,Myriam Sibuet | Annick Vangriesheim,2009,Deep Sea Research Part II Topical Studies in Oceanography,article,10.1016/j.dsr2.2009.04.015,https://doi.org/10.1016/j.dsr2.2009.04.015,"The long-term BIOZAIRE multidisciplinary deep-sea environmental program on the West Equatorial African margin organized in partnership between Ifremer and TOTAL aimed at characterizing the benthic community structure in relation with physical and chemical processes in a region of oil and gas interest. The morphology of the deep Congo submarine channel and the sedimentological structures of the deep-sea fan were established during the geological ZAIANGO project and helped to select study sites ranging from 350 to 4800 m water depth inside or near the channel and away from its influence. Ifremer conducted eight deep-sea cruises on board research vessels between 2000 and 2005. Standardized methods of sampling together with new technologies such as the ROV Victor 6000 and its associated instrumentation were used to investigate this poorly known continental margin. In addition to the study of sedimentary environments more or less influenced by turbidity events, the discovery of one of the largest cold seeps near the Congo channel and deep coral reefs extends our knowledge of the different habitats of this margin. This paper presents the background, objectives and major results of the BIOZAIRE Program. It highlights the work achieved in the 16 papers in this special issue. This synthesis paper describes the knowledge acquired at a regional and local scale of the Equatorial East Atlantic margin, and tackles new interdisciplinary questions to be answered in the various domains of physics, chemistry, taxonomy and ecology to better understand the deep-sea environment in the Gulf of Guinea. (C) 2009 Elsevier Ltd. All rights reserved.",YES,FROZEN_PUBLIC_FULL_TEXT_LOCATION,https://archimer.ifremer.fr/doc/00000/7349/6532.pdf,VERIFIED_DOI_DOCUMENT,B02_DEEP_COLD_REVIEW_ASSESSMENT,MEDIUM,Cold-water corals (deep coral reefs) and associated benthic communities.,Sedimentary environments influenced by turbidity events; sedimentological structures on the deep-sea fan.,Characterization of benthic community structure and biodiversity in relation to physical/chemical processes; discovery and habitat characterization of deep coral reefs.,"A substantive deep-sea synthesis/review from the BIOZAIRE program with a direct focus on sedimentary environments and benthic communities, including deep coral reefs, in an oil and gas region.","This article is a synthesis of the BIOZAIRE deep-sea program on the West Equatorial African margin, an oil/gas interest area. It explicitly describes sedimentary environments influenced by turbidity events and reports on benthic community structure and the discovery of deep coral reefs. As a substantive deep/cold review with a sediment-impact focus, it meets B02 by providing regional assessment context for sediment effects on cold-water corals and benthic communities. The closest alternative is CHAIN_ONLY, but the abstract's direct attention to turbidity-influenced sediments and deep coral habitats provides enough substantive content for inclusion, not merely reference mining. Confidence is MEDIUM because the supplied abstract does not yet specify quantitative coral responses, but the review clearly has the potential to inform sediment impact understanding.",ALL_VERIFIED_CENTRAL_PEER_REVIEWED,TBV1-0136
B,CWC-1FB45616D3F7,Deep-sea sponge grounds,,,,thesis_or_dissertation,,https://pure.uva.nl/ws/files/1302977/93777_Deep_sea_sponge_grounds.pdf,"Drill cuttings: Inert pieces of rock, gravel and sand removed from a well during drilling. Drilling fluid/drilling mud: Fluid pumped down a well bore during drilling; has multiple functions such as to cool and lubricate the drill, inhibit corrosion and remove drill cut -tings from the hole. Ecological engineering: The ability of certain marine organisms such as corals and sponges to form or modify structural habitat. [...] the sediment, some even grow on other sponges: Tetilla leptoderma, for example, can grow on Rossella nuda and Anoxycalyx joubini. Some hexactinellid sponge species are known",YES,FROZEN_PUBLIC_FULL_TEXT_LOCATION,https://pure.uva.nl/ws/files/1302977/93777_Deep_sea_sponge_grounds.pdf,VERIFIED_DIRECT_DOCUMENT_URL,B02_DEEP_COLD_REVIEW_ASSESSMENT,MEDIUM,"Deep-sea sponges (e.g., Tetilla leptoderma, Rossella nuda, Anoxycalyx joubini)","Sediment, drill cuttings, drilling fluid/drilling mud, and associated physical disturbance","Assessment of sediment-related threats to deep-sea sponge grounds, including ecological engineering and habitat modification","Substantive thesis focused on deep-sea sponge grounds, with explicit discussion of drilling mud and drill cuttings as stressors, and clear potential to inform effects, vulnerability, or mitigation for deep-sea sponge communities.","This record is a thesis (dissertation) on deep-sea sponge grounds, which is a substantive document. The abstract/snippet includes definitions of drill cuttings and drilling mud, indicating a direct sediment-related impact focus. It names sponge taxa and discusses ecological engineering, suggesting biological/ecological assessment of sediment effects on cold-water sponges. Therefore it meets Tier B pathway B02 for a thesis with a direct sediment-impact focus. It is preferable to B01 because the snippet points to a review/assessment orientation rather than reporting a specific empirical response, though full text may refine this. It is not EXCLUDE because the sediment pathway and sponge focus are explicit, and it is not CHAIN_ONLY since there is direct relevance to sediment impacts on sponges.",ALL_VERIFIED_NON_TROPICAL_TIER_B_INCLUSIONS,TBV1-0207
B,CWC-6559B5FFFCED,"Deep-water Oculina coral reefs of Florida: biology, impacts, and management",John K. Reed,2002,Hydrobiologia,article,10.1023/a:1016588901551,https://doi.org/10.1023/a:1016588901551,"Deep-water Oculina coral reefs, which are similar in structure and development to deep-water Lophelia reefs, stretch over 167 km (90 nmi) at depths of 70-100 m along the eastern Florida shelf of the United States. These consist of numerous pinnacles and ridges, 3-35 m in height. Coral growth rates average 16.1 mm yr(-1) and biodiversity is very rich. Extensive areas of Oculina rubble may be due to human impacts (e.g. fish trawling and dredging, anchoring, bottom longlines) and natural processes such as bioerosion and episodic die-off. Early in the 1970s, the reefs were teeming with fish. By the early 1990s, both commercial and recreational fisheries, including scallop, shrimp, grouper, snapper and amberjack, had taken a toll on the reefs and especially on populations of grouper and snapper. A 315 km(2) (92 nmi(2)) area was designated the Oculina Habitat of Particular Concern (HAPC) in 1984, prohibiting trawling, dredging, bottom longlines and anchoring, and legislation was enacted in 2000 for expansion of the Oculina HAPC to 1029 km(2) (300 nmi(2)). The United States Coast Guard has been charged with surveillance and enforcement of the ban on bottom fishing and trawling. The primary difficulties in protecting these reefs and other deep-water Marine Protected Areas are their remoteness and time required to engage an enforcement vessel. Education regarding the nature and importance of these rich resources is important for better self regulation and surveillance by the fishing community. Only by bringing deep-water reefs to the public, the fishing community, and enforcement agencies, through video, photos, and education will there be better understanding and acceptance for the need of protection for these unseen resources. This paper reviews the current knowledge on the deep-water Oculina reefs, including the biology, geology, human impacts, and history of conservation and management.",NO,NOT_CONFIRMED,,VERIFIED_DOI_DOCUMENT,B01_DEEP_COLD_SEDIMENT_EVIDENCE,HIGH,Deep-water Oculina coral (Oculina varicosa) forming reefs at 70-100 m on the eastern Florida shelf.,"Explicit human impact pathway: fish trawling and dredging, anchoring, bottom longlines; dredging is a sediment-related activity causing physical disturbance and potential sediment suspension/deposition.","Extensive areas of Oculina rubble, episodic die-off, and degraded fish populations; review of biology, geology, human impacts, and conservation/management, with potential to inform effects and mitigation.","Deep-water coral source with an explicit dredging pathway and impact evidence (rubble, die-off), fitting B01 as a deep/cold sediment-related evidence record.","This is a deep-water Oculina coral reef review that explicitly identifies dredging among human impacts causing coral rubble and die-off. Dredging is a sediment pathway (B01). The record provides impact evidence for a deep/cold coral, and being a review it synthesizes effects relevant to management. It is preferable to B02 because the abstract does not establish a direct sediment-impact focus beyond mentioning dredging as one of several impacts; B01 directly captures the explicit sediment-related pathway. It is not CHAIN_ONLY because the supplied material already contains sufficient coral–sediment impact evidence. Excluded alternatives (e.g., X02) do not apply because dredging is a recognized sediment pathway.",ALL_VERIFIED_CENTRAL_PEER_REVIEWED,TBV1-0051
B,CWC-D0DB0DCA6CA8,"Detecting sedimentation impacts to coral reefs resulting from dredging the Port of Miami, Florida USA",Margaret W. Miller | Jocelyn Karazsia | Carolyn Groves | Sean Griffin | Tom Moore | Pace Wilber | Kurtis Gregg,2016,PeerJ,article,10.7717/peerj.2711,https://doi.org/10.7717/peerj.2711,"The federal channel at Port of Miami, Florida, USA, was dredged between late 2013 and early 2015 to widen and deepen the channel. Due to the limited spatial extent of impact-assessment monitoring associated with the project, the extent of the dredging impacts on surrounding coral reefs has not been well quantified. Previously published remote sensing analyses, as well as agency and anecdotal reports suggest the most severe and largest area of sedimentation occurred on a coral reef feature referred to as the Inner Reef, particularly in the sector north of the channel. A confounding regional warm-water mass bleaching event followed by a coral disease outbreak during this same time frame made the assessment of dredging-related impacts to coral reefs adjacent to the federal channel difficult but still feasible. The current study sought to better understand the sedimentation impacts that occurred in the coral reef environment surrounding Port of Miami, to distinguish those impacts from other regional events or disturbances, and provide supplemental information on impact assessment that will inform discussions on compensatory mitigation requirements. To this end, in-water field assessments conducted after the completion of dredging and a time series analysis of tagged corals photographed pre-, during, and post-dredging, are used to discern dredging-related sedimentation impacts for the Inner Reef north. Results indicate increased sediment accumulation, severe in certain times and places, and an associated biological response (e.g., higher prevalence of partial mortality of corals) extended up to 700 m from the channel, whereas project-associated monitoring was limited to 50 m from the channel. These results can contribute to more realistic prediction of areas of indirect effect from dredging projects needed to accurately evaluate proposed projects and design appropriate compliance monitoring. Dredging projects near valuable and sensitive habitats subject to local and global stressors require monitoring methods capable of discerning non-dredging related impacts and adaptive management to ensure predicted and unpredicted project-related impacts are quantified. Anticipated increasing frequency and intensity of seasonal warming stress also suggests that manageable- but- unavoidable local stressors such as dredging should be partitioned from such seasonal thermal stress events.",YES,FROZEN_PUBLIC_FULL_TEXT_LOCATION,,VERIFIED_DOI_DOCUMENT,B04_TROPICAL_PHYSICAL_SEDIMENT_ANALOGUE,HIGH,"Tropical coral reef corals on the Inner Reef adjacent to Port of Miami; tagged corals monitored pre-, during, and post-dredging.","Sedimentation from dredging the Port of Miami federal channel; increased sediment accumulation measured in water and on corals, with effects up to 700 m from the channel.",Higher prevalence of partial mortality of corals associated with sediment accumulation; study assesses dredging-related sedimentation impacts and distinguishes them from regional bleaching/disease events.,"This is a tropical coral study that directly evaluates physical sediment exposure from dredging and quantifies biological responses, meeting the broader B04 analogue criterion for physical sediment pathways and relevant coral responses.","The record is a substantive peer-reviewed article using in-water assessments and time-series photography of tagged corals to document dredging-related sedimentation and associated partial mortality. It clearly involves tropical corals, a physical sediment pathway (dredging plume and accumulation), and biological/ecological responses (partial mortality, coral condition). This fits B04_TROPICAL_PHYSICAL_SEDIMENT_ANALOGUE, which encompasses tropical studies directly measuring or testing physical sediment exposure and reporting relevant biological responses. It is not B01/B02/B03 because it is neither deep-sea/cold-water nor non-tropical. It is not merely a broad benthic study because coral-specific evidence is central. The abstract provides sufficient detail, so confidence is high and full-text is not required.",FORCED_SEED_B009,TBV1-0001
B,CWC-CBED2EBBD4BB,Discovery of a giant cold-water coral mound province along the northern Argentine margin and its link to the regional Contourite Depositional System and oceanographic setting,Lena Steinmann | Michèle Baqués | Stefan Wenau | Tilmann Schwenk | V. Spieß | Alberto Piola | Graziella Bozzano | Roberto A. Violante | Sabine Kasten,2020,Marine Geology,article,10.1016/j.margeo.2020.106223,https://doi.org/10.1016/j.margeo.2020.106223,"Abstract In the southern oceans, only a few cold-water coral mound sites have so far been reported compared to the extensively surveyed North Atlantic. Here, we document for the first time the widespread occurrence of exposed and buried coral mounds at the northern Argentine margin named Northern Argentine Mound Province (NAMP). The integration of multibeam bathymetry, sediment echosounder, Acoustic Doppler Current Profiler (ADCP), and CTD data allowed the characterisation of its morphosedimentary, stratigraphic, and hydrodynamic setting. The NAMP, covering at least 2000 km2, represents the largest coral mound province in terms of areal extent reported so far and a major site in the southern oceans. The coral mound distribution is directly linked to morphosedimentary features of the regional Contourite Depositional System (CDS) influenced by the Antarctic Intermediate Water (AAIW), the Upper Circumpolar Deep Water (UCDW), and their interface, forming a complex bottom-current-controlled environment here termed Coral-Contourite System. Coral mounds are most abundant in the lower AAIW between 900 and 1050 m, just above the Ewing Terrace Moat, which has been shaped by high-velocity currents associated with the AAIW-UCDW boundary. This clustering appears to be the result of an increased concentration of suspended sediment and food particles, transported along the AAIW-UCDW density gradient and delivered upward by turbulent hydrodynamic processes, which are enhanced by the irregular moat topography. Within the Ewing Terrace Moat, coral mounds are restricted to topographic obstacles, modifying the otherwise highly erosive, destructive hydrodynamic regime and thereby locally creating favourable conditions for coral growth. The low-velocity currents of the UCDW, currently influencing the Ewing Terrace, promote extensive contourite deposition, which has led to a progressive demise and burial of pre-existing mounds. The presence of these buried mounds suggests past mound aggradation 100 to 150 m deeper likely due to a downward shift of the AAIW during glacials as a consequence of sea-level lowering. Overall, the mound formation in the NAMP seems to be mainly controlled by the availability of suspended particles, in combination with a sufficient bottom-current strength, keeping material in suspension while preventing destructive erosion and excessive sedimentation. Our study highlights (1) the importance of high-energy processes at water-mass boundaries for the delivery of sediment and food particles to corals, (2) the role of the AAIW as a crucial water mass for coral mound development, (3) the variability of mounds in response to glacial-interglacial cycles, and (4) the potential of CDSs in general and the Argentine margin in particular as hotspots for coral mounds and, thus, ideal site for future studies.",YES,FROZEN_PUBLIC_FULL_TEXT_LOCATION,http://hdl.handle.net/11336/168888,VERIFIED_DOI_DOCUMENT,B01_DEEP_COLD_SEDIMENT_EVIDENCE,HIGH,Cold-water corals (coral mounds) along the northern Argentine margin; species not specified.,"Suspended sediment and food particles, bottom-current strength, contourite deposition, burial/sedimentation.","Coral mound distribution, clustering, demise and burial due to excessive sedimentation; inferred control by suspended particle availability; past aggradation shifts.","Deep/cold-water coral source with explicit sediment pathway (suspended particles, deposition, burial) and indirect ecological/impact evidence (mound demise, favorable growth conditions).","This record documents a cold-water coral mound province and analyzes its relationship to suspended sediment transport, bottom currents, and contourite deposition. The abstract explicitly links coral mound distribution to suspended particle availability and indicates that excessive sedimentation leads to mound burial and demise, which is an indirect biological/impact response. This qualifies under B01 as deep-cold sediment evidence. Exclusions do not apply because corals are the target, the sediment pathway is explicit, and a response (burial/demise) is reported, albeit geomorphically rather than organism-level. CHAIN_ONLY would be considered if content lacked direct coral-sediment content, but here the link is central. Confidence high.",ALL_VERIFIED_CENTRAL_PEER_REVIEWED,TBV1-0016
B,CWC-899E921C1546,Dispersion of Drilling Discharges : A comparison of two dispersion models and consequences for the risk picture of cold water corals,Josefin Svensson,2013,KTH Publication Database DiVA (KTH Royal Institute of Technology),dissertation,,http://urn.kb.se/resolve?urn=urn:nbn:se:uu:diva-210077,"One of the ocean’s greatest resources is the coral reefs, providing unique habitats for alarge variety of organisms. During drilling operations offshore many activities maypotentially harm these sensitive habitats. Det Norske Veritas (DNV) has developed arisk-based approach for planning of drilling operations called Coral Risk Assessment (CRA) to reduce the risk of negative effects upon cold water corals (Lophelia pertusa) on the Norwegian Continental Shelf (NCS). In order to get a good risk assessment amodelled dispersion plume of the drilling discharges is recommended. This study concerned a drilling case at the Pumbaa field (NOCS 6407/12-2) on the NCS, and used two different dispersion models, the DREAM model and the MUDFATE model in order to investigate how to perform good risk assessments. In the drill planning process a decision to move the discharge location 300 m north-west from the actual drilling location and reducing the amount of drilling discharges, was made inorder to reduce the risk for the coral targets in the area. The CRA analysis indicated that these decisions minimised the risk for the corals, and showed that the environmentalactions in the drill planning processes are necessary in order to reduce the risk for the coral targets and that the analysis method is a preferable tool to use. The amount of discharges, the ocean current data, the discharge location and the condition of the coral targets are the factors having the most important impact on the CRA results. From monitoring analysis from the case of study, it can be seen that a pile builds up around the discharge location. The dispersion models do not seem to take into account this build-up of a pile and thereby overestimate the dispersion of drilling discharges. This observation was done when modelled barite deposit was compared with barium concentrations measured in the sediment after the drilling operation. The overestimationis the case for the DREAM model, but has not been seen in the simulations with the MUDFATE model. Results from the modelling also indicated a higher overestimation for the DREAM model when using a cutting transport system (CTS) to release thedrilling discharges compared to release the discharges without using the CTS.",NO,NOT_CONFIRMED,,VERIFIED_BIBLIOGRAPHIC_DOCUMENT,B02_DEEP_COLD_REVIEW_ASSESSMENT,MEDIUM,"Cold-water corals, specifically Lophelia pertusa, on the Norwegian Continental Shelf.","Drilling discharges, including drill cuttings and drilling muds; dispersion plume modelling; barite deposition and sediment build-up.","Risk assessment (Coral Risk Assessment) for cold-water corals; monitoring analysis of barium concentrations in sediment; evaluation of mitigation measures (moving discharge location, reducing discharge volume) and potential negative effects on corals.","Substantive thesis with direct sediment-impact focus on cold-water corals, evaluating dispersion models and risk assessment for drilling discharges.","This thesis addresses dispersion of drilling discharges and consequences for cold-water corals (Lophelia pertusa) on the Norwegian Continental Shelf. It evaluates the Coral Risk Assessment framework and compares two dispersion models (DREAM and MUDFATE) for a drilling case at Pumbaa field. The sediment pathway is explicit: drilling discharges, barite deposition, and sediment build-up near the discharge location. The document provides risk-assessment and monitoring evidence, including comparison of modelled barite deposition with measured barium concentrations in sediment, and discusses mitigation (moving discharge location, reducing discharge volume). This qualifies as a substantive thesis with direct sediment-impact focus under B02_DEEP_COLD_REVIEW_ASSESSMENT. B01 also applies, but B02 is more precise because the document is a thesis/assessment focused on risk modelling and monitoring rather than a direct organism-response study. The closest alternative would be CHAIN_ONLY, but the abstract clearly contains coral-specific sediment-impact assessment content, so inclusion is justified.",ALL_VERIFIED_NON_TROPICAL_TIER_B_INCLUSIONS,TBV1-0053
B,CWC-6B7F66CC3768,The distribution of deep-sea sponge aggregations (Porifera) in relation to oceanographic processes in the Faroe-Shetland Channel,Joshua J. Davison | Hans van Haren | Phil Hosegood | Nils Piechaud | Kerry L. Howell,2019,Deep Sea Research Part I Oceanographic Research Papers,article,10.1016/j.dsr.2019.03.005,https://doi.org/10.1016/j.dsr.2019.03.005,"Abstract Deep-sea sponge aggregations have been identified as potential Vulnerable Marine Ecosystems under United Nations General Assembly Resolution 61/105. Understanding the distribution of these habitats is critical to future spatial management efforts, and central to this understanding are quantitative data on the environmental drivers of that distribution. Accumulations of large suspension feeders are hypothesised to aggregate in regions of internal wave formation. The causal link is thought to be an increase in the supply of food related to the incidence of internal waves, which results in resuspension of particulate organic matter on which the sponges feed. There is, however, almost no empirical evidence to support this hypothesis for deep-sea sponge aggregations, although there is strong circumstantial evidence. We tested the relationship between sponge density and 1) temperature range (as a measure of internal wave presence in this region), and 2) optical backscatter (a measure of particulate flux) for a known sponge aggregation in the Faroe-Shetland Channel where internal wave interaction with the slope is further well-documented. 25 benthic video transects, ranging from 422 to 979 m water depth were conducted in the study region. 225 images were analysed and all taxa identified to morphotypes and quantified. Temperature and optical backscatter data were drawn from archived CTD data, and data from long term (4 months) and 2 seasonal short term (11 days) mooring deployments from the region. A generalised linear model was used to test the relationship between sponge density and temperature range (ΔT), and sponge density and optical backscatter. The results showed a statistically significant positive relationship between sponge density and temperature range, with the highest sponge densities occurring at depths of greatest temperature range. They showed a statistically significant positive relationship between sponge density and optical backscatter for long term and one short term seasonal deployment (Sep–Oct), but a weak negative relationship for the other short term mooring deployment (April-May). We conclude that sponge aggregations in the Faroe-Shetland Channel are associated with slope regions that are subjected to abrupt and pronounced changes in temperature due to intensified internal wave activity over the slope between depths of 400–600 and that lead to intensified near-bed currents and elevated resuspension of particulate. Our data provide empirical evidence of the relationship between internal wave processes and deep-sea sponge aggregations. These data modify current theory on drivers of deep sea sponge aggregation distribution, suggesting aggregations also occur directly within regions of internal wave breaking, rather than simply proximal to these regions.",YES,FROZEN_PUBLIC_FULL_TEXT_LOCATION,http://hdl.handle.net/10026.1/13461,VERIFIED_DOI_DOCUMENT,B01_DEEP_COLD_SEDIMENT_EVIDENCE,HIGH,"Deep-sea sponge aggregations (Porifera) in the Faroe-Shetland Channel, identified as potential Vulnerable Marine Ecosystems.","Resuspension of particulate organic matter, particulate flux (optical backscatter), internal wave-induced near-bed currents and temperature variability.","Sponge density (abundance) shows statistically significant positive relationships with temperature range and optical backscatter, providing empirical ecological evidence associating sponge aggregations with resuspension processes.","This deep-sea sponge study explicitly evaluates a suspended-particle/resuspension pathway and links it to sponge density, satisfying the B01 criterion for deep/cold sediment evidence with ecological relevance.","The record concerns deep-sea sponges and addresses a suspended-particulate (resuspension) pathway via optical backscatter and internal wave dynamics. It reports a biological response (sponge density) in relation to this pathway, providing ecological evidence of sediment-related effects. This meets B01 (deep-cold sediment evidence). The closest alternative would be excluding it as a distribution-only study, but the direct particulate flux–sponge density relationship makes it eligible for Tier B inclusion.",ALL_VERIFIED_CENTRAL_PEER_REVIEWED,TBV1-0090
B,CWC-72074C6840EA,"Distributions and habitat associations of deep-water corals in Norfolk and Baltimore Canyons, Mid-Atlantic Bight, USA",Sandra Brooke | Martin Watts | Austin Heil | Mike Rhode | Furu Mienis | Gerard Duineveld | Andrew J. Davies | Steve W. Ross,2016,Deep Sea Research Part II Topical Studies in Oceanography,article,10.1016/j.dsr2.2016.05.008,https://doi.org/10.1016/j.dsr2.2016.05.008,"A multi-disciplinary study of two major submarine canyons, Baltimore Canyon and Norfolk Canyon, off the US mid-Atlantic coast focused on the ecology and biology of canyon habitats, particularly those supporting deep-sea corals. Historical data on deep-sea corals from these canyons were sparse with less than 750 records for the mid-Atlantic region, with most being soft sediment species. This study substantially increased the number of deep-sea coral records for the target canyons and the region. Large gorgonians were the dominant structure-forming coral taxa on exposed hard substrates, but several species of scleractinians were also documented, including first observations of Lophelia pertusa in the mid-Atlantic Bight region. Coral distribution varied within and between the two canyons, with greater abundance of the octocoral Paragorgia arborea in Baltimore Canyon, and higher occurrence of stony corals in Norfolk Canyon; these observations reflect the differences in environmental conditions, particularly turbidity, between the canyons. Some species have a wide distribution (e.g., P. arborea,Primnoa resedaeformis, Anthothela grandiflora), while others are limited to certain habitat types and/or depth zones (e.g., Paramuricea placomus, L. pertusa, Solenosmilia variabilis). The distribution of a species is driven by a combination of factors, which include availability of appropriate physical structure and environmental conditions. Although the diversity of the structure-forming corals (gorgoniahs, branching scleractinians and large anemones) was low, many areas of both canyons supported high coral abundance and a diverse coral-associated community. The canyons provide suitable habitat for the development of deep-sea coral communities that is not readily available elsewhere on the sedimented shelf and slope of the Mid Atlantic Bight. (C) 2016 Elsevier Ltd. All rights reserved.",YES,FROZEN_PUBLIC_FULL_TEXT_LOCATION,https://research.bangor.ac.uk/portal/en/researchoutputs/distributions-and-habitat-associations-of-deepwater-corals-in-norfolk-and-baltimore-canyons-midatlantic-bight-usa(5d507b42-3a7d-441f-9753-3b4d5af76f41).html,VERIFIED_DOI_DOCUMENT,B01_DEEP_COLD_SEDIMENT_EVIDENCE,HIGH,"Deep-sea corals including gorgonians, scleractinians (e.g., Lophelia pertusa, Solenosmilia variabilis), and octocorals.",Turbidity differences between canyons; likely suspended sediment and particles.,"Coral distribution, abundance, and habitat associations; differences in environmental conditions affect community composition.",Deep/cold-water coral source with explicit turbidity (sediment) pathway and ecological distribution evidence.,"The study directly examines deep-sea coral distributions in two submarine canyons and explicitly attributes differences in coral abundance and species occurrence to environmental conditions, particularly turbidity. This is a clear sediment-related pathway in a deep-cold-water coral system with ecological response evidence (distribution and abundance). It meets B01 because the response is indirect/synthesized rather than experimental, which is acceptable for Tier B. Alternative B03 is less appropriate because it does not directly test sediment exposure; B02 is not a review/assessment.",ALL_VERIFIED_CENTRAL_PEER_REVIEWED,TBV1-0036
B,CWC-FC23EA9354CF,Disturbance to conserved bacterial communities in the cold-water gorgonian coral Eunicella verrucosa,Emma Ransome | Sonia J. Rowley | Simon Thomas | Karen Tait | Colin B. Munn,2014,FEMS Microbiology Ecology,article,10.1111/1574-6941.12398,https://doi.org/10.1111/1574-6941.12398,"The bacterial communities associated with healthy and diseased colonies of the cold-water gorgonian coral Eunicella verrucosa at three sites off the south-west coast of England were compared using denaturing gradient gel electrophoresis (DGGE) and clone libraries. Significant differences in community structure between healthy and diseased samples were discovered, as were differences in the level of disturbance to these communities at each site; this correlated with depth and sediment load. The majority of cloned sequences from healthy coral tissue affiliated with the Gammaproteobacteria. The stability of the bacterial community and dominance of specific genera found across visibly healthy colonies suggest the presence of a specific microbial community. Affiliations included a high proportion of Endozoicomonas sequences, which were most similar to sequences found in tropical corals. This genus has been found in a number of invertebrates and is suggested to have a role in coral health and in the metabolisation of dimethylsulfoniopropionate (DMSP) produced by zooxanthellae. However, screening of colonies for the presence of zooxanthellae produced a negative result. Diseased colonies showed a decrease in affiliated clones and an increase in clones related to potentially harmful/transient microorganisms but no increase in a particular pathogen. This study demonstrates that a better understanding of these bacterial communities, the factors that affect them and their role in coral health and disease will be of critical importance in predicting future threats to temperate gorgonian communities.",YES,FROZEN_PUBLIC_FULL_TEXT_LOCATION,https://academic.oup.com/femsec/article-pdf/90/2/404/18145636/90-2-404.pdf,VERIFIED_DOI_DOCUMENT,B01_DEEP_COLD_SEDIMENT_EVIDENCE,HIGH,Cold-water gorgonian coral Eunicella verrucosa and its associated bacterial communities,Sediment load (correlated with depth) at three sites off the south-west coast of England,"Disturbance to bacterial community structure; differences between healthy and diseased colonies, with community disturbance correlated to sediment load",Deep/cold-water coral study with explicit sediment load factor and ecological (microbial community) response evidence; meets broader Tier B standard for sediment-related effects on cold-water corals,"This study examines bacterial communities associated with the cold-water gorgonian coral Eunicella verrucosa and reports that disturbance to these communities correlates with sediment load. The organism is a cold-water coral, the stressor is explicitly sediment load, and the response is ecological (microbial community structure), which is relevant to coral health. This fits B01 (deep/cold sediment evidence) because it provides indirect biological evidence of sediment effects on a cold-water coral. Closest alternative would be exclusion for lacking direct coral physiological response, but Tier B explicitly allows indirect responses and broader evidence. The study is substantive and not merely a discovery page, so include.",ALL_VERIFIED_CENTRAL_PEER_REVIEWED,TBV1-1436
B,GLV4-CE38B43B5A2D,Dredging Program for the Cape Lambert Port Upgrade,,2010,epa.wa.gov.au,report,,https://www.epa.wa.gov.au/sites/default/files/Referral_Documentation/A1672_R1254-Environmental%20Referral%20Document%2C%20Rev%2010.pdf,"the autumn in March and April (Stoddart and Gilmour 2005). High levels of suspended solids have been shown to negatively impact on the fertilisation of eggs and larvae survival prior to settlement, while sedimentation may impact on the coral larvae settlement choice, settlement success, bail-out rate, and subsequent survival (Babcock and Smith 2000; Gilmour 1999; Babcock and Mundy 1996; Te 1992). Elevated levels of suspended SINCLAIR KNIGHT MERZ PAGE 5-34 ROBE RIVER IRON ORE Dredging Program for the Cape Lambert Port Upgrade Referral Document solids and sedimentation caused by dredging and spo",YES,PUBLIC_FULL_DOCUMENT_LOCATION,https://www.epa.wa.gov.au/sites/default/files/Referral_Documentation/A1672_R1254-Environmental%20Referral%20Document%2C%20Rev%2010.pdf,VERIFIED_DIRECT_DOCUMENT_URL,B05_BROAD_SYNTHESIS_WITH_TARGET_EVIDENCE,HIGH,"Coral larvae and subsequent survival are explicitly discussed, including fertilisation, settlement choice, settlement success, bail-out rate, and survival.",Elevated suspended solids and sedimentation caused by dredging are the identified stressors.,"The referral document states that high suspended solids negatively impact coral egg fertilisation, larval survival, settlement, and post-settlement survival, citing multiple studies.","This is a substantive government regulatory assessment document for a dredging program that separately reports coral-specific evidence about sediment impacts, even though it covers other environmental effects and taxa.","The record is a formal environmental referral document for a dredging program. The abstract explicitly addresses sediment-related stressors (suspended solids and sedimentation) and coral biological responses, including larval fertilization, survival, settlement choice, and bail-out. This provides a clear coral sediment-effects assessment suitable for Tier B. The closest alternative, B04, is for tropical studies directly testing effects, but this document is a synthesis/assessment rather than an experimental study; hence B05 is the most appropriate category. The document is substantive and not a mere search page, so it is included.",ALL_VERIFIED_NON_TROPICAL_TIER_B_INCLUSIONS,TBV1-0493
B,CWC-93ACCC48BE75,"Dynamic change, recruitment and resilience in reef-forming glass sponges",A Kahn | Laura J. Vehring | Rachel Brown | Sally P. Leys,2015,Journal of the Marine Biological Association of the United Kingdom,article,10.1017/s0025315415000466,https://doi.org/10.1017/s0025315415000466,"Glass sponge reefs on the continental shelf of western Canada and south-east Alaska are considered stable deep-sea habitats that do not change significantly over time. Research cruises using a remotely operated vehicle equipped with accurate GPS positioning have allowed us to observe the same sponges at two reefs in the Strait of Georgia, British Columbia to document recruitment, growth and response to damage over time. Spermatocysts and putative embryos found in winter suggest annual, asynchronous reproduction. Juvenile sponges (2–10 cm in osculum diameter) in densities up to 1 m −2 were more concentrated near live sponges and sponge skeletons than away (Spearman rank correlations, P < 0.0001 for live cover and for skeletons), suggesting that recruitment occurs in particular regions using sponge skeletons as substrate. Most sponges showed no change in shape or size over 2–3 years, but some had died while others showed growth of 1–9 cm year −1 . Deposition rates of reef-cementing sediments were 97 mm year −1 at Galiano Reef and 137 mm year −1 at Fraser Reef, but sediments eroded so that there was no net gain or loss over time. Sponges recovered within 1 year from small-scale damage that mimicked bites by fish or nudibranchs; however sponges did not recover from crushing of a large area (1.5 × 2 m 2 ) even 3 years later. These observations and experiments show that while recruitment and growth of sponge reefs is more dynamic than previously thought, the reefs are not resilient in the face of larger-scale disturbances such as might be inflicted by trawling.",NO,NOT_CONFIRMED,,VERIFIED_DOI_DOCUMENT,B01_DEEP_COLD_SEDIMENT_EVIDENCE,HIGH,"Glass sponges (Hexactinellida) on continental shelf reefs of western Canada (Strait of Georgia, British Columbia).",Sediment deposition rates (97–137 mm/yr) and erosion on sponge reefs; larger-scale disturbances (trawling) mentioned.,"Recruitment, growth rates (1–9 cm/yr), mortality, recovery from small-scale damage and lack of recovery from large-scale crushing; assessment of reef resilience and sediment dynamics.","Deep/cold-water sponge source with explicit sediment deposition pathway and biological/ecological monitoring and impact evidence, meeting B01.","This article examines glass sponge reefs in British Columbia, documenting recruitment, growth, mortality, and recovery after damage. It explicitly measures sediment deposition and erosion rates (97–137 mm/yr) on the reefs, and links these to reef stability and resilience, noting lack of recovery from large-scale disturbance such as trawling. This is deep/cold-water sponge evidence with an explicit sediment deposition pathway and biological/ecological monitoring and impact evidence, meeting B01. It is not B03 because sediment exposure is not directly tested experimentally; not B02 because it is primary research rather than a review/assessment.",ALL_VERIFIED_CENTRAL_PEER_REVIEWED,TBV1-0037
B,GLV4-1F81B531BFB9,Eastern Newfoundland Offshore Exploration Drilling Program,,,iaac-aeic.gc.ca,report,,https://iaac-aeic.gc.ca/050/documents/p80132/121322E.pdf,"events by reducing filter feeding and thus decreasing their intake of sediment particles (Tjensvoll et al. 2013; Kutti et al. 2015). However, introduction of sediment sizes atypical from natural conditions may reduce organism condition (Kutti et al. 2015). Larval sponges are more sensitive to sedimentation, resulting in higher larval mortality and decreased settlement (Maldonado et al. 2008; Bell et al. 2015). Therefore, corals and sponges are often adapted to tolerate short-term exposure to drill cutting sedimentation with potential effects on adults related to chronic exposure or high sedime",YES,PUBLIC_FULL_DOCUMENT_LOCATION,https://iaac-aeic.gc.ca/050/documents/p80132/121322E.pdf,VERIFIED_DIRECT_DOCUMENT_URL,B02_DEEP_COLD_REVIEW_ASSESSMENT,HIGH,Corals and sponges explicitly mentioned; includes larval sponges and adult corals/sponges.,"Drill cutting sedimentation, sediment particles, atypical sediment sizes, chronic exposure to high sedimentation.","Reduced filter feeding, decreased sediment particle intake, reduced organism condition, higher larval mortality, decreased settlement in response to sedimentation.","Government/regulatory assessment report for Eastern Newfoundland offshore drilling with direct sediment-impact focus on cold-water corals and sponges, providing evidence on exposure and biological responses.","The document is a substantive assessment report from a federal environmental assessment process (iaac-aeic.gc.ca) concerning an offshore drilling program in Eastern Newfoundland, a cold-water region. The abstract snippet explicitly discusses sediment effects on corals and sponges: reduced filter feeding, decreased intake of sediment particles, reduced organism condition, and increased larval mortality with decreased settlement. This directly matches B02_DEEP_COLD_REVIEW_ASSESSMENT: a regulatory assessment with a direct sediment-impact focus and clear potential to inform effects and mitigation. The closest alternative would be B01, but B02 is more specific to the document type (assessment report) and its clear regulatory assessment value. No exclusions apply; the stressor is sedimentary/drill cuttings, and organisms are corals and sponges.",ALL_VERIFIED_NON_TROPICAL_TIER_B_INCLUSIONS,TBV1-0428
B,CWC-E923FE61E045,Effect of suspended sediment on the nutritional mode of scleractinian corals and their adaptability: state of knowledge and research,俞晓磊 罗勇,2021,Acta Ecologica Sinica,article,10.5846/stxb201908071663,https://doi.org/10.5846/stxb201908071663,"营养方式是造礁石珊瑚获取能量与营养物质的基础，影响其生长与分布。近年来珊瑚礁区悬浮物含量与组分结构发生显著变化，其对造礁石珊瑚营养方式的诸多影响正成为当前研究热点。研究系统综述了珊瑚礁区悬浮物变化特征、悬浮物对造礁石珊瑚营养方式的影响及其适应性研究现状。发现近年来人类活动加剧与强降雨事件频发是驱动珊瑚礁，尤其是近岸珊瑚礁区悬浮物含量递增、组分改变与变频加剧的主因；悬浮物变化对造礁石珊瑚光合自养与异养营养的影响存在显著的种间差异，这主要与悬浮物消光效应、生物可利用性及造礁石珊瑚种类密切相关。虽然少数种类造礁石珊瑚具光合可塑性或异养可塑性，能在高含量悬浮物存在的弱光环境中较好生长。然而对绝大多数造礁石珊瑚而言，其营养方式适应性较差，无法在悬浮物影响下较好地获取生命活动所需的能量与营养物质，进而难以生存。总体来说，悬浮物被认为是近年来影响造礁石珊瑚生长与分布的重要环境因子之一，而关于造礁石珊瑚营养方式对悬浮物变化的响应及其适应机制，当前研究仍较薄弱，需要进一步加强相关研究。;The nutritional mode is the basis for scleractinian corals to obtain energy and nutrients, which affects their growth and distribution. In recent years, the content and composition of suspended sediment in coral reefs have changed significantly, and many effects on the nutritional mode of scleractinian corals are becoming the focus of current research. This article reviewed the characteristics of the suspended sediment changes in coral reefs, the effects of suspended sediment on the nutritional mode of scleractinian corals and their adaptability. The results show that the intensification of human activities and the frequent occurrence of heavy rainfall events in recent years are the main reasons driving the increase in suspended sediment concentration, composition changes and frequency conversion in coral reefs, especially in fringing reefs. The influences of suspended sediment on autotrophy and heterotrophy of scleractinian corals are significantly different, which are mainly related to the extinction effect and bioavailability of suspended sediment, and the species of scleractinian corals. Although some species of scleractinian corals have photosynthetic plasticity or heterotrophic plasticity, they can grow well in low-light environments where high levels of suspended sediment exist. However, for the majority of scleractinian corals, the adaptability of nutritional mode is poor, so they can't obtain the energy and nutrients needed for living better under the influence of suspended sediment, which makes them difficult to survive. Overall, suspended sediment is considered to be one of the important environmental factors affecting the growth and distribution of scleractinian corals in recent years. However, the present studies on the response and adaptability mechanism of the nutritional mode of scleractinian corals to the change of suspended sediment are still rare, and further research is needed.",YES,FROZEN_PUBLIC_FULL_TEXT_LOCATION,,VERIFIED_DOI_DOCUMENT,B05_BROAD_SYNTHESIS_WITH_TARGET_EVIDENCE,HIGH,Scleractinian corals (reef-building corals) in tropical reef systems; focus on their nutritional mode (autotrophy and heterotrophy).,"Suspended sediment in coral reefs: increased concentrations, changed composition, reduced light (extinction effect), and altered bioavailability due to human activities and heavy rainfall.","Reviews impacts on coral autotrophic and heterotrophic nutrition, growth, distribution, and survival; discusses species-specific photosynthetic/heterotrophic plasticity and adaptation; identifies suspended sediment as a key factor influencing coral health.","A substantive review article that separately synthesizes coral-specific evidence on suspended-sediment effects, meeting the broad-synthesis criterion for sediment effects on corals.","This is a peer-reviewed review on suspended-sediment effects on scleractinian coral nutritional modes, clearly meeting Tier B inclusion. The organism is tropical reef-building corals; the stressor is suspended sediment (explicitly discussed); the response/assessment includes altered nutrition, growth, and survival, with species-specific adaptability. It is not a primary experimental study, so B04 (direct test) is less appropriate; rather, it is a broad synthesis of sediment effects focused on corals, fitting B05. It provides substantive evidence and is a valuable source for understanding exposure–response relationships and adaptive capacity. No exclusion criteria apply: it has coral evidence, a clear sediment pathway, and relevant biological responses. Confidence is HIGH based on a detailed abstract. Full text is not required for screening decisions.",ALL_VERIFIED_NON_TROPICAL_TIER_B_INCLUSIONS,TBV1-1026
B,CWC-5B37CB5D6689,"Effects of dissolved nickel and nickel-contaminated suspended sediment on the scleractinian coral, Acropora muricata",Megan L. Gillmore | Francesca Gissi | Lisa A. Golding | Jennifer L. Stauber | Amanda Reichelt‐Brushett | Andrea Severati | Craig Humphrey | Dianne F. Jolley,2020,Marine Pollution Bulletin,article,10.1016/j.marpolbul.2020.110886,https://doi.org/10.1016/j.marpolbul.2020.110886,"Intensification of lateritic nickel mining in Southeast Asia and Melanesia potentially threatens coastal ecosystems from increased exposure to nickel and suspended sediment. This study investigated the response of Acropora muricata when exposed to either dissolved nickel, clean suspended sediment or nickel-contaminated suspended sediment for 7 days, followed by a 7-d recovery period. Significant bleaching and accumulation of nickel in coral tissue was observed only after exposure to high dissolved nickel concentrations and nickel-spiked suspended sediment. No effect on A. muricata was observed from exposure to a particulate-bound nickel concentration of 60 mg/kg acid-extractable nickel at a suspended sediment concentration of 30 mg/L TSS. This study demonstrates that bioavailability of nickel associated with suspended sediment exposure plays a key role in influencing nickel toxicity to corals. These findings assist in assessments of risk posed by increasing nickel mining activities on tropical marine ecosystems.",YES,FROZEN_PUBLIC_FULL_TEXT_LOCATION,https://figshare.com/articles/journal_contribution/Effects_of_dissolved_nickel_and_nickel-contaminated_suspended_sediment_on_the_scleractinian_coral_Acropora_muricata/27772971/1/files/50541885.pdf,VERIFIED_DOI_DOCUMENT,B04_TROPICAL_PHYSICAL_SEDIMENT_ANALOGUE,HIGH,Tropical scleractinian coral Acropora muricata,"Clean suspended sediment and nickel-contaminated suspended sediment (particulate-bound nickel), with dissolved nickel as co-stressor",Bleaching and tissue nickel accumulation observed at high dissolved Ni and nickel-spiked suspended sediment; no effect at 60 mg/kg acid-extractable Ni at 30 mg/L TSS,"Direct experimental exposure of a tropical coral to suspended sediment with explicit particle/deposition pathway and biological response (bleaching, accumulation), qualifying as B04 physical sediment analogue.","Tropical scleractinian coral Acropora muricata was experimentally exposed to clean and nickel-contaminated suspended sediment for 7 days with recovery. Relevant biological responses included bleaching and tissue nickel accumulation. This directly tests physical sediment exposure (suspended sediment) with a clear particle/deposition pathway, satisfying B04. Preferable to CHAIN_ONLY because the study provides direct response evidence; preferable to exclusion because the sediment pathway is explicit despite nickel as co-stressor.",SPARING_TOP_25_TROPICAL_DIRECT_PHYSICAL_ANALOGUES,TBV1-1136
B,CWC-78ED16AEBD73,"Effects of Dredging Induced Resuspension of Fine-Grain Sediment on Two Scleractinian Corals, Montastraea cavernosa and Stephanocoenia intersepta .","Cheryl Hankins | Keisha D. Bahr | Daphne White | Yung Jones | Adam Glahn | Wade Lehmann | United States Environmental Protection Agency, Region 4, Water Division, Atlanta, USA | Vladimir N. Kosmynin | William S. Fisher",2024,ASEAN Journal of Psychiatry,article,10.54615/2231-7805.24.27.650,https://doi.org/10.54615/2231-7805.24.27.650,"Dredging, the removal of sediments and rocks from an aquatic environment, is necessary to ensure that adequate coastal infrastructure is maintained for maritime shipping. However, the sediment plumes generated by dredging could have adverse impacts on coral reef ecosystems that are already facing numerous local and global stressors. This is especially true in areas where the predominant strata are aragonitic limestone which must be physically broken apart to be extracted, leading to very high concentrations of fine suspended sediment in the water column. To examine the role suspended sediment plays in stress, this study exposed two coral species (Montastraea cavernosa and Stephanocoenia intersepta) to fine-grain sediment ranging from 0 to 511.7 mg L-1 for 30 days. Sediment characteristics were analyzed and water quality parameters were monitored. Growth, mortality and three bleaching indicators were documented after 10 and 30 days. No mortality or tissue loss was observed in either species. No significant differences in growth were observed in the 10-day exposure; however, both species had significant declines in calcification at the 30-day exposure. Bleaching indicators did not appear to be affected by sediment exposure at day 10 or 30. Reduction in photosynthetically active radiation was highly correlated with both turbidity metrics of NTU units and Total Suspended Solids. These data indicate that sediment may minimally impact coral in short-term exposures but can affect growth in longer-term exposures in multi-year dredging projects in sensitive tropical and sub-tropical environments. Keywords Dredging; Turbidity; Coral; Light; Photosynthetically active radiation",YES,FROZEN_PUBLIC_FULL_TEXT_LOCATION,https://www.walshmedicalmedia.com/open-access/effects-of-dredging-induced-resuspension-of-finegrain-sediment-on-two--scleractinian-corals-imontastraea-cavernosai-and-.pdf,VERIFIED_DOI_DOCUMENT,B04_TROPICAL_PHYSICAL_SEDIMENT_ANALOGUE,HIGH,Two scleractinian corals: Montastraea cavernosa and Stephanocoenia intersepta.,Dredging-induced resuspension of fine-grain sediment; suspended sediment concentrations 0 to 511.7 mg/L for 30 days; turbidity (NTU) and total suspended solids.,Growth/calcification significant declines at 30-day exposure; no mortality or tissue loss; bleaching indicators unaffected; PAR reduction correlated with turbidity/TSS.,Direct experimental exposure of tropical corals to suspended sediment from dredging; reports biological responses including growth and calcification; fits B04.,"This is a tropical coral experimental study directly testing suspended sediment exposure and measuring growth, mortality, and bleaching responses. It clearly qualifies under B04 as a physical sediment analogue, reporting calcification declines after 30 days. Not CHAIN_ONLY because direct evidence is present. Not EXCLUDE because relevant sediment-response pathway is explicit.",SPARING_TOP_25_TROPICAL_DIRECT_PHYSICAL_ANALOGUES,TBV1-1137
B,CWC-0FE476536EC6,THE EFFECTS OF DRILLING MUDS ON MARINE INVERTEBRATE LARVAE AND ADULTS,P. Raimondi | Arthur M. Barnett | Paul R. Krause,1997,Environmental Toxicology and Chemistry,article,10.1897/1551-5028(1997)016,https://doi.org/10.1897/1551-5028(1997)016,"A series of laboratory experiments tested the effects of drilling muds from an active platform off southern California on larvae and adults of marine invertebrates. Red abalone (Haliotis rufescens) were used to determine effects of drilling muds on fertilization, early development, survivorship, and settlement, and experiments on adult brown cup corals (Paracyathus stearnsii) tested effects on adult survivorship, viability, and tissue loss. Exposures to drilling muds did not have an effect on abalone fertilization or early development. However, several exposures to drilling muds resulted in weak, but significant, positive effects of drilling muds on settlement of competent larvae. In contrast, settlement of red abalone larvae on natural coralline algal crusts decreased with increasing concentrations of drilling muds. This suggests that drilling muds affect either the abalone's ability to detect natural settlement inducers, or they affect the inducer itself. Exposure of brown cup corals to concentrations of drilling muds adversely impacted their survivorship and viability. These effects were likely caused by increased tissue mortality of the coral polyps.",NO,NOT_CONFIRMED,,VERIFIED_DOI_DOCUMENT,B01_DEEP_COLD_SEDIMENT_EVIDENCE,HIGH,Adult brown cup coral (Paracyathus stearnsii); red abalone larvae also tested but not the primary target.,"Drilling muds from an active platform off southern California, tested at various concentrations in laboratory exposures.","Drilling muds adversely impacted coral survivorship and viability, attributed to increased tissue mortality of coral polyps.","Direct experimental evidence of cold-water coral (Paracyathus stearnsii) exposed to drilling mud (sediment pathway), with measured biological responses (survivorship, viability, tissue loss). Meets B01 as a deep/cold-water coral study with explicit sediment/drill-mud pathway and impact evidence.","The abstract reports laboratory experiments exposing adult brown cup corals (Paracyathus stearnsii) to drilling muds from a southern California platform, showing significant adverse effects on survivorship and viability caused by coral polyp tissue mortality. This directly provides cold-water coral sediment-impact evidence under B01. The drilling mud is a form of sediment/suspended-particle exposure, and the responses are biological and relevant. The abalone data do not affect inclusion. The record is a substantive peer-reviewed article, and the decision is distinct from B03 because B01 specifically covers cold-water corals with drilling-mud pathways. No other exclusion criteria apply.",ALL_VERIFIED_CENTRAL_PEER_REVIEWED,TBV1-0263
B,CWC-169197C49054,Effects of sediment exposure on corals: a systematic review of experimental studies,Lillian J. Tuttle | Megan J. Donahue,2022,Environmental Evidence,review,10.1186/s13750-022-00256-0,https://doi.org/10.1186/s13750-022-00256-0,"Background: Management actions that address local-scale stressors on coral reefs can rapidly improve water quality and reef ecosystem condition. In response to reef managers who need actionable thresholds for coastal runoff and dredging, we conducted a systematic review and meta-analysis of experimental studies that explore the effects of sediment on corals. We identified exposure levels that 'adversely' affect corals while accounting for sediment bearing (deposited vs. suspended), coral life-history stage, and species, thus providing empirically based estimates of stressor thresholds on vulnerable coral reefs. Methods: We searched online databases and grey literature to obtain a list of potential studies, assess their eligibility, and critically appraise them for validity and risk of bias. Data were extracted from eligible studies and grouped by sediment bearing and coral response to identify thresholds in terms of the lowest exposure levels that induced an adverse physiological and/or lethal effect. Meta-regression estimated the dose-response relationship between exposure level and the magnitude of a coral's response, with random-effects structures to estimate the proportion of variance explained by factors such as study and coral species. Review findings: After critical appraisal of over 15,000 records, our systematic review of corals' responses to sediment identified 86 studies to be included in meta-analyses (45 studies for deposited sediment and 42 studies for suspended sediment). The lowest sediment exposure levels that caused adverse effects in corals were well below the levels previously described as 'normal' on reefs: for deposited sediment, adverse effects occurred as low as 1 mg/cm(2)/day for larvae (limited settlement rates) and 4.9 mg/cm(2)/day for adults (tissue mortality); for suspended sediment, adverse effects occurred as low as 10 mg/L for juveniles (reduced growth rates) and 3.2 mg/L for adults (bleaching and tissue mortality). Corals take at least 10 times longer to experience tissue mortality from exposure to suspended sediment than to comparable concentrations of deposited sediment, though physiological changes manifest 10 times faster in response to suspended sediment than to deposited sediment. Threshold estimates derived from continuous response variables (magnitude of adverse effect) largely matched the lowest-observed adverse-effect levels from a summary of studies, or otherwise helped us to identify research gaps that should be addressed to better quantify the dose-response relationship between sediment exposure and coral health. Conclusions: We compiled a global dataset that spans three oceans, over 140 coral species, decades of research, and a range of field- and lab-based approaches. Our review and meta-analysis inform the no-observed and lowest-observed adverse-effect levels (NOAEL, LOAEL) that are used in management consultations by U.S. federal agencies. In the absence of more location- or species-specific data to inform decisions, our results provide the best available information to protect vulnerable reef-building corals from sediment stress. Based on gaps and limitations identified by our review, we make recommendations to improve future studies and recommend future synthesis to disentangle the potentially synergistic effects of multiple coral-reef stressors.",YES,FROZEN_PUBLIC_FULL_TEXT_LOCATION,https://environmentalevidencejournal.biomedcentral.com/counter/pdf/10.1186/s13750-022-00256-0,VERIFIED_DOI_DOCUMENT,B05_BROAD_SYNTHESIS_WITH_TARGET_EVIDENCE,HIGH,"Corals, spanning over 140 species, multiple life-history stages (larvae, juveniles, adults) across three oceans.","Sediment exposure from coastal runoff and dredging, explicitly addressing deposited and suspended sediment with quantitative exposure levels (mg/cm2/day and mg/L).","Synthesized adverse effect thresholds: reduced settlement, growth, bleaching, tissue mortality; NOAEL/LOAEL estimates for management consultations.","A systematic review and meta-analysis specifically focused on sediment effects on corals, providing broad synthesis of exposure-response thresholds and management-relevant assessment evidence.","This is a systematic review and meta-analysis directly addressing sediment exposure effects on corals, with quantitative thresholds for deposited and suspended sediment. It clearly qualifies under B05 as a broad synthesis that separately reports coral sediment-impact evidence. The decision is preferable to CHAIN_ONLY because it contains direct coral sediment-effects content, and to B01/B02 because it is not deep/cold-specific but a global coral reef synthesis. It is more than a primary tropical study (B04) because it synthesizes diverse experimental evidence into management-relevant thresholds. The abstract provides sufficient detail for high-confidence inclusion.",ALL_VERIFIED_NON_TROPICAL_TIER_B_INCLUSIONS,TBV1-1141
B,CWC-F6E3C7FE7955,Effects of sediments on the reproductive cycle of corals,Ross Jones | Gerard F. Ricardo | Andrew P. Negri,2015,Marine Pollution Bulletin,article,10.1016/j.marpolbul.2015.08.021,https://doi.org/10.1016/j.marpolbul.2015.08.021,"Dredging, river plumes and natural resuspension events can release sediments into the water column where they exert a range of effects on underlying communities. In this review we examine possible cause-effect pathways whereby light reduction, elevated suspended sediments and sediment deposition could affect the reproductive cycle and early life histories of corals. The majority of reported or likely effects (30+) were negative, including a suite of previously unrecognized effects on gametes. The length of each phase of the life-cycle was also examined together with analysis of water quality conditions that can occur during a dredging project over equivalent durations, providing a range of environmentally relevant exposure scenarios for future testing. The review emphasizes the need to: (a) accurately quantify exposure conditions, (b) identify the mechanism of any effects in future studies, and (c) recognize the close interlinking of proximate factors which could confound interpretation of studies. (C) 2015 The Authors. Published by Elsevier Ltd.",YES,FROZEN_PUBLIC_FULL_TEXT_LOCATION,https://www.sciencedirect.com/science/article/pii/S0025326X15005251/pdf,VERIFIED_DOI_DOCUMENT,B05_BROAD_SYNTHESIS_WITH_TARGET_EVIDENCE,HIGH,"Corals, including reproductive cycles and early life histories","Sediments from dredging, river plumes, and resuspension; light reduction, elevated suspended sediments, and sediment deposition","Review of 30+ negative effects on reproduction and early life stages, including effects on gametes; environmental exposure scenarios and research needs identified","Substantive peer-reviewed review synthesizing sediment effects on coral reproduction; provides extensive cause-effect pathways and exposure-response information, qualifying as a broad sediment-effects synthesis with directly reported coral evidence","This article is a peer-reviewed review examining cause-effect pathways of sediment exposure (dredging, river plumes, resuspension) on the reproductive cycle and early life histories of corals. It synthesizes over 30 reported or likely negative effects, including previously unrecognized effects on gametes, and provides environmentally relevant exposure scenarios and research recommendations. The review is directly relevant to sediment impacts on corals and is a substantive document with clear coral sediment-effects content. The closest alternative is exclusion as a review without primary data, but Tier B explicitly includes substantive reviews and syntheses that inform effects, exposure, and recovery. B05 is selected because the review is a synthesis of sediment effects on corals; although it focuses on corals rather than other taxa, it qualifies as a broad sediment-effects synthesis with explicitly reported coral evidence.",ALL_VERIFIED_NON_TROPICAL_TIER_B_INCLUSIONS,TBV1-0184
B,CWC-72FC59BB0830,Effects of terrigenous sediment on settlement and survival of the reef coral Pocillopora damicornis,Kaipo Perez | Kuʻulei S. Rodgers | Paul L. Jokiel | Claire Lager | Daniel J. Lager,2014,PeerJ,article,10.7717/peerj.387,https://doi.org/10.7717/peerj.387,"Survival and settlement of Pocillopora damicornis larvae on hard surfaces covered with fine (<63 mu m) terrigenous red clay was measured in laboratory Petri dishes. The dishes were prepared with sediment films of various thicknesses covering the bottoms. Coral larvae were incubated in the dishes for two weeks and the percent that settled on the bottom was determined. There was a statistically significant relationship between the amount of sediment and coral recruitment on the bottom, with no recruitment on surfaces having a sediment cover above 0.9 mg cm(-2). Experimental conditions for the delicate coral larvae were favorable in these experiments. Total survival over the two week settlement tests expressed as the sum of coral recruits and live larvae at the end of the experiment did not show a significant decline, so the major impact of the sediment was on successful settlement rather than on mortality. Larval substrate selection behavior was the primary factor in the observed result.",YES,FROZEN_PUBLIC_FULL_TEXT_LOCATION,https://peerj.com/articles/387.pdf,VERIFIED_DOI_DOCUMENT,B04_TROPICAL_PHYSICAL_SEDIMENT_ANALOGUE,HIGH,Tropical reef coral Pocillopora damicornis larvae,Fine (<63 µm) terrigenous red clay sediment films of varying thickness,"Settlement, recruitment, survival, larval substrate selection; significant reduction in settlement with no recruitment above 0.9 mg cm⁻² sediment","Direct experimental test of physical sediment exposure on a tropical coral, reporting clear biological responses (settlement, survival). Meets B04 broader than Tier A standard.","Tropical coral Pocillopora damicornis larvae were experimentally exposed to fine terrigenous sediment films, directly testing physical sediment exposure and measuring settlement and survival. The study found a significant reduction in settlement and no recruitment above a sediment threshold, while survival was unaffected, reflecting larval substrate selection behavior. This is a clear tropical physical sediment analogue (B04) providing direct exposure-response evidence for sediment effects on corals. It is not merely mentioning sediment; the exposure and biological response are central. It is preferable to B03 because the organism is tropical, not non-tropical, and it satisfies the broader B04 inclusion criteria.",SPARING_TOP_25_TROPICAL_DIRECT_PHYSICAL_ANALOGUES,TBV1-1027
B,CWC-1C68BB5D48A7,Effects of two sediment types on the fluorescence yield of two Hawaiian scleractinian corals,Gregory A. Piniak,2007,Marine Environmental Research,article,10.1016/j.marenvres.2007.04.001,https://doi.org/10.1016/j.marenvres.2007.04.001,"This study used non-invasive pulse-amplitude modulated (PAM) fluorometry to measure the maximum fluorescence yield (F-v/F-m) of two Hawaiian scleractinian coral species exposed to short-term sedimentation stress. Beach sand or harbor mud was applied to coral fragments in a flow-through aquarium system for 0-45 h, and changes in F,,IF,,, were measured as a function of sediment type and length of exposure. Corals were monitored for up to 90 h to document recovery after sediment removal. Sediment deposition significantly decreased F-v/F-m in both species and was a function of sediment type and time. Corals that received sediment for 30 It or more had the greatest reduction in yield and exhibited little recovery over the course of the experiment. Harbor mud caused a greater reduction in Porites lobata yield than beach sand, whereas both sediment types had equally deleterious effects on Montipora capitata. Colony morphology and sediment type were important factors in determining yield reduction-P. lobata minimized damage from coarse sand grains by passive sediment rejection or accumulation in depressions in the skeleton, and fluorescence yield decreased most in corals exposed to sticky harbor mud or in colonies with flattened morphologies. Species-specific differences could not be tested due to differences in colony morphology and surface area. (c) 2007 Published by Elsevier Ltd.",YES,FROZEN_PUBLIC_FULL_TEXT_LOCATION,https://hal.archives-ouvertes.fr/hal-00562977/file/PEER_stage2_10.1016%252Fj.marenvres.2007.04.001.pdf,VERIFIED_DOI_DOCUMENT,B04_TROPICAL_PHYSICAL_SEDIMENT_ANALOGUE,HIGH,Two Hawaiian scleractinian corals: Porites lobata and Montipora capitata.,"Experimental exposure to sediment deposition using beach sand and harbor mud, applied for up to 45 hours in a flow-through system, with monitoring during and after exposure.","Maximum fluorescence yield (Fv/Fm) measured via PAM fluorometry; significant decreases in yield with sediment type and time, limited recovery for longer exposures, and differential effects by species and colony morphology.","Directly tests physical sediment exposure on tropical coral health, meeting B04 as it measures a relevant biological response (physiological condition) to suspended/deposited sediment.","This is a tropical coral experimental study directly examining effects of sediment deposition on coral fluorescence yield, a physiological stress response. The sediment pathway is explicit (beach sand and harbor mud applied to coral fragments), and the response is measured quantitatively with a recovery phase. This clearly qualifies as B04_TROPICAL_PHYSICAL_SEDIMENT_ANALOGUE. The closest alternative would be B01, but B01 is for deep/cold-water corals, whereas this is a tropical Hawaiian study. CHAIN_ONLY is inappropriate because the direct target content is present and substantive.",SPARING_TOP_25_TROPICAL_DIRECT_PHYSICAL_ANALOGUES,TBV1-1145
B,GLV4-C20C12B21614,EL 1167 EL 1167 (Gale N-66) Conditi,,,exploration.exxonmobilcanada.ca,report,,https://exploration.exxonmobilcanada.ca/s/EL-1167-Gale-N-66-Executive-Summary-EN.pdf,"provided monthly e-mail operational updates to fishers and Indigenous groups. Documents, plans, and monitoring reports were posted to the EMCL Exploration website as available including communications plans, wellhead abandonment plan, well control strategies, implementation schedule, and oil response plan. 3 FISH AND FISH HABITAT PROTECTION AND MONITORING To aid the protection of fish and fish habitats in and around the exploration drilling area, EMCL implemented mitigation measures including; • Pre-drilling coral and sponge surveys • Synthetic-based fluid on cuttings • Drill cuttings monitori",YES,PUBLIC_FULL_DOCUMENT_LOCATION,https://exploration.exxonmobilcanada.ca/s/EL-1167-Gale-N-66-Executive-Summary-EN.pdf,VERIFIED_DIRECT_DOCUMENT_URL,B02_DEEP_COLD_REVIEW_ASSESSMENT,MEDIUM,Corals and sponges are explicitly mentioned through pre-drilling coral and sponge surveys.,Drill cuttings and synthetic-based fluid on cuttings are identified as exposure pathways.,"The report describes monitoring of drill cuttings, mitigation measures, and operational updates to protect fish and fish habitat, indicating an assessment/monitoring context.","B02_DEEP_COLD_REVIEW_ASSESSMENT: a substantive monitoring/assessment report with direct sediment-impact focus (drill cuttings) and clear potential to inform effects, exposure, monitoring, or mitigation for cold-water corals and sponges.","This is an operator's executive summary for offshore drilling at EL 1167 (Gale N-66), off Newfoundland. The abstract explicitly mentions pre-drilling coral and sponge surveys and drill cuttings monitoring as mitigation measures, establishing a cold-water coral/sponge context and a sediment (drill cuttings) pathway. The document is a monitoring/assessment report, fitting B02_DEEP_COLD_REVIEW_ASSESSMENT. It is a substantive report, not a discovery webpage. It is preferable over B01 because it is an assessment/monitoring document rather than a primary biological response study. X01 (organism out of scope) and X02 (sediment pathway absent) do not apply because both coral/sponge and sediment pathway are explicit. Confidence is medium due to the brief abstract, but the relevant elements are clearly present.",ALL_VERIFIED_NON_TROPICAL_TIER_B_INCLUSIONS,TBV1-0631
B,CWC-161965306EF0,EL 1169 EXPLORATION DRILLING: PERSEPHONE C-54,,,ExxonMobil Canada,monitoring_report,,https://exploration.exxonmobilcanada.ca/s/Persephone-Follow-up-Monitoring-FFH_v3.pdf,"WSP Page 26 3.4 CORALS AND SPONGES 3.4.1 CORAL FUNCTIONAL GROUPS Four coral functional groups were observed in the post-drilling survey at Persephone: other corals, sea pens, and small and large gorgonians (Figure 3-7). These same groups were recorded during the pre-drilling survey at Persephone. Other corals were all soft corals, likely Heteropolypus sp. (Figure 3-7A). [...] No aggregations of habitat-forming corals or sponges were identified during the survey and no environmentally sensitive habitats were identified. Four coral functional groups were noted: other corals, small and large gorg",YES,FROZEN_PUBLIC_FULL_TEXT_LOCATION,https://exploration.exxonmobilcanada.ca/s/Persephone-Follow-up-Monitoring-FFH_v3.pdf,VERIFIED_DIRECT_DOCUMENT_URL,B01_DEEP_COLD_SEDIMENT_EVIDENCE,HIGH,"Corals (soft corals, likely Heteropolypus sp., sea pens, small and large gorgonians) and sponges are the target organisms; the survey recorded coral functional groups and noted no aggregations of habitat-forming corals or sponges.","Exploration drilling; the post-drilling survey compared with a pre-drilling survey implies exposure to drilling-related sediment and drill cuttings, a listed sediment pathway.",Monitoring of coral and sponge functional groups before and after drilling; absence of sensitive habitats and aggregations provides condition/impact evidence relevant to drilling effects.,"A deep-sea monitoring report explicitly linked to exploration drilling, providing condition/impact evidence for corals and sponges under a sediment-related stressor.","The document is a substantive monitoring report for exploration drilling at a deep-sea site (Persephone C-54). It reports coral functional groups (soft corals, sea pens, gorgonians) and sponges before and after drilling, providing biological condition and monitoring evidence. Drilling is an explicit sediment pathway (drill cuttings/mud), meeting B01 for deep/cold coral/sponge evidence. This is preferable to CHAIN_ONLY because the supplied material directly reports coral/sponge monitoring in the context of drilling. It is also more specific than B02 because it is primary monitoring evidence rather than a review/assessment.",ALL_VERIFIED_NON_TROPICAL_TIER_B_INCLUSIONS,TBV1-0160
B,GLV4-36F2B47A79ED,EL1165A Benthic Habitat Monitoring Report_Draft,,,exploration.exxonmobilcanada.ca,monitoring_report,,https://exploration.exxonmobilcanada.ca/s/EL1165A-Benthic-Habitat-Monitoring-Report.pdf,"sponge surveys to be sensitive benthic habitat, and for any well located within a special area designated as such due to the presence of sensitive coral and sponge species, or a location near a special area where drill cuttings dispersion modelling predicts that drill cuttings deposition may have adverse effects, develop and implement, in consultation with Fisheries and Oceans Canada and the C-NLOPB, follow-up requirements to verify the accuracy of the environmental assessment and effectiveness of mitigation measures as they pertain to the effects of cuttings discharges on benthic habitat. Fol",YES,PUBLIC_FULL_DOCUMENT_LOCATION,https://exploration.exxonmobilcanada.ca/s/EL1165A-Benthic-Habitat-Monitoring-Report.pdf,VERIFIED_DIRECT_DOCUMENT_URL,B02_DEEP_COLD_REVIEW_ASSESSMENT,MEDIUM,"Explicitly references sensitive coral and sponge species as benthic habitat, with sponge surveys noted.",Drill cuttings dispersion modelling and deposition; potential adverse effects from cuttings discharges.,Monitoring report to verify accuracy of environmental assessment and effectiveness of mitigation measures for effects of cuttings on benthic habitat.,"Substantive industry monitoring report with direct sediment-impact focus on cold-water corals and sponges, fitting B02 as a review/assessment/monitoring document.","This is a monitoring report (draft) explicitly about benthic habitat in an offshore exploration area, with focus on sensitive corals and sponges and the effects of drill cuttings deposition. The snippet mentions sponge surveys, coral and sponge species, drill cuttings dispersion modelling, and follow-up monitoring to verify environmental assessment accuracy and mitigation effectiveness. This meets B02 as a substantive assessment/monitoring document with direct sediment-impact relevance to deep/cold-water corals and sponges. It is not merely a discovery webpage or project page; it is a report PDF. Exclusions do not apply because the sediment pathway (drill cuttings) and organism (corals/sponges) are explicit. Compared to B01, this is more of a monitoring/assessment report than primary sediment evidence, but B02 is appropriate. Confidence is MEDIUM due to limited snippet, but the decision is clear.",ALL_VERIFIED_NON_TROPICAL_TIER_B_INCLUSIONS,TBV1-0632
B,GLV4-3096A08D83A3,EL1165B Benthic Habitat Monitoring Report_Draft,,,exploration.exxonmobilcanada.ca,monitoring_report,,https://exploration.exxonmobilcanada.ca/s/EL1165B-Benthic-Habitat-Monitoring-Report.pdf,"and report the results to the Board; 3.12.21, 2 for the first well in each exploration licence, and for any well where drilling is undertaken in an area determined by coral and sponge surveys to be sensitive benthic habitat, and for any well located within a special area designated as such due to the presence of sensitive coral and sponge species, or a location near a special area where drill cuttings dispersion modelling predicts that drill cuttings deposition may have adverse effects, develop and implement, in consultation with Fisheries and Oceans Canada and the Board, follow-up requirement",YES,PUBLIC_FULL_DOCUMENT_LOCATION,https://exploration.exxonmobilcanada.ca/s/EL1165B-Benthic-Habitat-Monitoring-Report.pdf,VERIFIED_DIRECT_DOCUMENT_URL,B02_DEEP_COLD_REVIEW_ASSESSMENT,HIGH,Corals and sponges are explicitly mentioned as targets of sensitive benthic habitat surveys and monitoring.,Drill cuttings dispersion modelling and drill cuttings deposition are identified as potential adverse stressors.,"The report is a benthic habitat monitoring report, including follow-up requirements to assess adverse effects on sensitive coral and sponge habitat.","This is a substantive monitoring report from an offshore exploration context that directly addresses sediment-related impacts (drill cuttings) on corals and sponges, meeting B02 as a review/assessment/monitoring document with a clear sediment-impact focus.","The record is a benthic habitat monitoring report associated with exploration drilling, explicitly referencing coral and sponge surveys, sensitive benthic habitat, and drill cuttings dispersion/deposition effects. This qualifies as a substantive assessment/monitoring document under B02, with clear potential to inform sediment effects, exposure, monitoring, and mitigation for corals and sponges. It is not merely a discovery page or news item. B02 is preferable to B01 because the snippet emphasizes the monitoring/regulatory assessment framework rather than direct biological response data. Confidence is high despite limited abstract because the title, source, and snippet clearly indicate a relevant monitoring report.",ALL_VERIFIED_NON_TROPICAL_TIER_B_INCLUSIONS,TBV1-0738
B,CWC-91929E072301,"Environmental changes and growth history of a cold-water carbonate mound (Propeller Mound, Porcupine Seabight)",Andres Rüggeberg | Christian Dullo | Boris Dorschel | Dierk Hebbeln,2005,International Journal of Earth Sciences,article,10.1007/s00531-005-0504-1,https://doi.org/10.1007/s00531-005-0504-1,"On- and off-mound sediment cores from Propeller Mound ( Hovland Mound province, Porcupine Seabight) were analysed to understand better the evolution of a carbonate mound. The evaluation of benthic foraminiferal assemblages from the off-mound position helps to determine the changes of the environmental controls on Propeller Mound in glacial and interglacial times. Two different assemblages describe the Holocene and Marine Isotope Stage (MIS) 2 and late MIS 3 ( similar to 31 kyr BP). The different assemblages are related to changes in oceanographic conditions, surface productivity and the waxing and waning of the British Irish Ice Sheet (BIIS) during the last glacial stages. The interglacial assemblage is related to a higher supply of organic material and stronger current intensities in water depth of recent coral growth. During the last glaciation the benthic faunas showed high abundances of cassidulinid species, implying cold bottom waters and a reduced availability of organic matter. High sedimentation rates and the domination of Elphidium excavatum point to shelf erosion related to sea-level lowering ( similar to 50 m) and the progradation of the BIIS onto the shelf. A different assemblage described for the on-mound core is dominated by Discanomalina coronata, Gavelinopsis translucens, Planulina ariminensis, Cibicides lobatulus and to a lower degree by Hyrrokkin sarcophaga. These species are only found or show significantly higher relative abundances in on-mound samples and their maximum contribution in the lower part of the record indicates a higher coral growth density on Propeller Mound in an earlier period. They are less abundant during the Holocene, however. This dataset portrays the boundary conditions of the habitable range for the cold-water coral Lophelia pertusa, which dominates the deep-water reefal ecosystem on the upper flanks of Propeller Mound. The growth of this ecosystem occurs during interglacial and interstadial periods, whereas a retreat of corals is documented in the absence of glacial sediments on-mound. Glacial conditions with cold intermediate waters, a weak current regime and high sedimentation rates provide an unfavourable environmental setting for Lophelia corals to grow. A Late Pleistocene decrease is observed in the mound growth for Propeller Mound, which might face its complete burial in the future, as it already happened to the buried mounds of the Magellan Mound province further north.",NO,NOT_CONFIRMED,,VERIFIED_DOI_DOCUMENT,B01_DEEP_COLD_SEDIMENT_EVIDENCE,HIGH,"Cold-water coral Lophelia pertusa; on-mound foraminiferal assemblages (Discanomalina coronata, Gavelinopsis translucens, etc.) indicate coral growth density.",High sedimentation rates during glacial periods; weak current regime; cold intermediate waters; potential sedimentary burial of the mound.,Coral growth occurs during interglacial/interstadial periods; retreat during glacial periods with high sedimentation; documented decrease in mound growth and potential future burial; habitability range of Lophelia pertusa assessed.,"B01_DEEP_COLD_SEDIMENT_EVIDENCE: Deep-sea cold-water coral study with explicit sedimentary process (sedimentation rates, burial) linked to biological/ecological response (coral growth, retreat).","This article directly investigates cold-water coral (Lophelia pertusa) growth history on Propeller Mound and links environmental controls, including sedimentation rates and burial, to coral growth phases. It documents that high sedimentation rates during glacial periods created unfavourable conditions and led to coral retreat, while interglacial periods supported growth. This is explicit sediment-impact evidence for a deep-sea coral, meeting B01. The closest alternative would be B02 if it were a review or assessment, but it is an original research article with direct sediment–coral response evidence. The abstract provides sufficient detail for a high-confidence decision without needing full text.",ALL_VERIFIED_CENTRAL_PEER_REVIEWED,TBV1-0038
B,CWC-13E01BD1A7E6,Environmental Impacts of the Deep-Water Oil and Gas Industry: A Review to Guide Management Strategies,Erik E. Cordes | Daniel O. B. Jones | Thomas A. Schlacher | Diva J. Amon | Ângelo F. Bernardino | Sandra Brooke | Robert S. Carney | Danielle M. DeLeo | Katherine Dunlop | Elva Escobar‐Briones | Andrew R. Gates | Luciana Génio | Judith Gobin | Lea‐Anne Henry | Santiago Herrera | Sarah Hoyt | Mandy Joye | Salit Kark | Nélia C. Mestre | Anna Meta×as | Simone Pfeifer | Kerry Sink | Andrew K. Sweetman | Ursula Witte,2016,Frontiers in Environmental Science,article,10.3389/fenvs.2016.00058,https://doi.org/10.3389/fenvs.2016.00058,"The industrialization of the deep sea is expanding worldwide. Increasing oil and gas exploration activities in the absence of sufficient baseline data in deep-sea ecosystems has made environmental management challenging. Here, we review the types of activities that are associated with global offshore oil and gas development in water depths over 200 m, the typical impacts of these activities, some of the more extreme impacts of accidental oil and gas releases, and the current state of management in the major regions of offshore industrial activity including 18 exclusive economic zones. Direct impacts of infrastructure installation, including sediment resuspension and burial by seafloor anchors and pipelines, are typically restricted to a radius of similar to 100 m on from the installation on the seafloor. Discharges of water-based and low-toxicity oil-based drilling muds and produced water can extend over 2 km, while the ecological impacts at the population and community levels on the seafloor are most commonly on the order of 200-300 m from their source. These impacts may persist in the deep sea for many years and likely longer for its more fragile ecosystems, such as cold-water corals. This synthesis of information provides the basis for a series of recommendations for the management of offshore oil and gas development. An effective management strategy, aimed at minimizing risk of significant environmental harm, will typically encompass regulations of the activity itself (e.g., discharge practices, materials used), combined with spatial (e.g., avoidance rules and marine protected areas), and temporal measures (e.g., restricted activities during peak reproductive periods). Spatial management measures that encompass representatives of all of the regional deep-sea community types is important in this context. Implementation of these management strategies should consider minimum buffer zones to displace industrial activity beyond the range of typical impacts: at least 2 km from any discharge points and surface infrastructure and 200 m from seafloor infrastructure with no expected discharges. Although managing natural resources is, arguably, more challenging in deep-water environments, inclusion of these proven conservation tools contributes to robust environmental management strategies for oil and gas extraction in the deep sea.",YES,FROZEN_PUBLIC_FULL_TEXT_LOCATION,https://www.frontiersin.org/articles/10.3389/fenvs.2016.00058/pdf,VERIFIED_DOI_DOCUMENT,B02_DEEP_COLD_REVIEW_ASSESSMENT,HIGH,"Deep-sea ecosystems, with explicit mention of cold-water corals as fragile ecosystems potentially impacted by oil and gas activities.",Sediment resuspension and burial by seafloor anchors and pipelines; discharges of water-based and low-toxicity oil-based drilling muds; produced water extending over 2 km.,"Population and community-level ecological impacts typically 200-300 m from source, with persistence for many years and longer for cold-water corals; management strategy recommendations.","Substantive review article focused on deep-water oil and gas environmental impacts, directly addressing sediment-related pathways and their effects on deep-sea biota including cold-water corals, with management implications.","This is a peer-reviewed review of environmental impacts from deep-water oil and gas, explicitly covering sediment resuspension, burial, and drilling-mud discharges. It identifies cold-water corals as fragile and discusses ecological impacts and management buffers. This qualifies under B02 because it is a substantive deep/cold review with a direct sediment-impact focus and provides assessment value for sediment-related effects and mitigation. It is preferable to B05 as the sediment-coral focus is clear within the review. Exclusions do not apply because it includes target organisms and stressors.",ALL_VERIFIED_CENTRAL_PEER_REVIEWED,TBV1-0054
B,CWC-A577FACD55AD,Environmental Management and Visual Mapping as Alternative Monitoring in Heterogeneous Areas,Tor Jensen | Laurence Pinturier | Amund Ulfsnes | Ulf Moltu,2010,"Proceedings of SPE International Conference on Health, Safety, and Environment in Oil and Gas Exploration and Production",conference-paper,10.2523/126567-ms,https://doi.org/10.2523/126567-ms,"Environmental Management and Visual Mapping as Alternative Monitoring in Heterogeneous Areas Tor Jensen; Tor Jensen DNV Search for other works by this author on: This Site Google Scholar Laurence Maryvonne Pinturier; Laurence Maryvonne Pinturier TOTAL E&P NORGE AS Search for other works by this author on: This Site Google Scholar Amund Ulfsnes; Amund Ulfsnes DNV Search for other works by this author on: This Site Google Scholar Ulf Einar Moltu Ulf Einar Moltu TOTAL E&P NORGE AS Search for other works by this author on: This Site Google Scholar Paper presented at the SPE International Conference on Health, Safety and Environment in Oil and Gas Exploration and Production, Rio de Janeiro, Brazil, April 2010. Paper Number: SPE-126567-MS https://doi.org/10.2118/126567-MS Published: April 12 2010 Cite View This Citation Add to Citation Manager Share Icon Share Twitter LinkedIn Get Permissions Search Site Citation Jensen, Tor , Pinturier, Laurence Maryvonne, Ulfsnes, Amund , and Ulf Einar Moltu. ""Environmental Management and Visual Mapping as Alternative Monitoring in Heterogeneous Areas."" Paper presented at the SPE International Conference on Health, Safety and Environment in Oil and Gas Exploration and Production, Rio de Janeiro, Brazil, April 2010. doi: https://doi.org/10.2118/126567-MS Download citation file: Ris (Zotero) Reference Manager EasyBib Bookends Mendeley Papers EndNote RefWorks BibTex Search nav search search input Search input auto suggest search filter All ContentAll ProceedingsSociety of Petroleum Engineers (SPE)SPE International Conference and Exhibition on Health, Safety, Environment, and Sustainability Search Advanced Search Abstract Environmental Baseline Study (EBS) in Norway has been carried out as traditional sediment sampling at the planned production site for biological, chemical and physical analysis prior to production drilling according to regulation. The extent of such study should be related to the risk of impact from the planned operations. This baseline can then be used as a reference for future environmental monitoring. Equally important is the contribution to environmental impact assessments defining the measures to eliminate, limit or offsetting the adverse effects that the operation could generate. For the Victoria location, a traditional EBS based on sediment sampling was not considered beneficial due to both anticipated coarse sediment as well as presence of corals at the elevated ridge south west in the area. A comprehensive study including sediment analysis, visual mapping with ROV (Remotely Operated Vehicle), current measurements and interpretation of side scan sonar data and bathymetry data was therefore applied to meet the challenges at Victoria. The video lines covered more than 130 km of sea bed and the interpretation enabled categorisation of the seabed in soft bottom, rocks and reef building corals. Still photos and HD videos of the major corals structures were used to identify the dominant species and assess their health status (dead, poor, live). Results were transferred to a GIS to define the optimal position of anchoring corridors minimising interference with sensitive ecosystems. The combination of the different methods used in the EBS gives a thorough coverage of the area. The amount and quality of data gathered also beyond the location of the appraisal well location, allow a proper assessment of the sensitivity of the area at the field scale. Based on the experiences gained, it is recommended that future monitoring in areas comprising different habitats (soft bottom, rocky habitat etc.) apply different dedicated monitoring methods. For the visual monitoring a recommendation of approaches are: ‒Turbidity and current should be measured before and during drilling to document the dispersion of particles to secure the monitoring strategies.‒Establish photo stations and indicator species to be monitored based on the data from turbidity and current measurements.‒The use of a GIS based map system is highly recommended to handle the amount of data collected in an efficient and presentable way.‒Collected data from future surveys should be implemented in the already existing GIS based map system of the Victoria site to secure an up to date database. Keywords: soft bottom, substrate, upstream oil & gas, crescent, drilling, sediment, lophelia pertusa, corridor, well location, rov Subjects: Environment Copyright 2010, Society of Petroleum Engineers You can access this article if you purchase or spend a download.",NO,NOT_CONFIRMED,,VERIFIED_DOI_DOCUMENT,B01_DEEP_COLD_SEDIMENT_EVIDENCE,HIGH,Lophelia pertusa and reef-building corals in a deep/cold-water setting (Norway). Health status assessed via ROV.,"Sediment analysis, turbidity and current measurements before/during drilling, and particle dispersion documentation.","Coral health status (dead, poor, live), mapping of sensitive habitats, monitoring strategies for drilling impacts.","Provides direct monitoring/assessment evidence of sediment-related impacts on cold-water corals, including turbidity and drilling particle dispersion.","This conference paper describes an environmental baseline study at a Norwegian site where corals (Lophelia pertusa) and drilling are present. It explicitly mentions sediment analysis, visual ROV mapping, coral health assessment, and turbidity/current measurements to document particle dispersion during drilling. This is substantive evidence of sediment/drilling-related monitoring and impact assessment for deep/cold-water corals, fitting B01. It is excluded from CHAIN_ONLY because the coral-sediment linkage is clear, not just a reference source.",ALL_VERIFIED_NON_TROPICAL_TIER_B_INCLUSIONS,TBV1-0118
B,CWC-54A0F8F59E46,Environmental Management and Visual Mapping as Alternative Monitoring in Heterogeneous Areas,Tor Jensen | Laurence Pinturier | Amund Ulfsnes | Ulf Moltu,2010,"SPE International Conference on Health, Safety and Environment in Oil and Gas Exploration and Production",conference-paper,10.2118/126567-ms,https://doi.org/10.2118/126567-ms,"Abstract Environmental Baseline Study (EBS) in Norway has been carried out as traditional sediment sampling at the planned production site for biological, chemical and physical analysis prior to production drilling according to regulation. The extent of such study should be related to the risk of impact from the planned operations. This baseline can then be used as a reference for future environmental monitoring. Equally important is the contribution to environmental impact assessments defining the measures to eliminate, limit or offsetting the adverse effects that the operation could generate. For the Victoria location, a traditional EBS based on sediment sampling was not considered beneficial due to both anticipated coarse sediment as well as presence of corals at the elevated ridge south west in the area. A comprehensive study including sediment analysis, visual mapping with ROV (Remotely Operated Vehicle), current measurements and interpretation of side scan sonar data and bathymetry data was therefore applied to meet the challenges at Victoria. The video lines covered more than 130 km of sea bed and the interpretation enabled categorisation of the seabed in soft bottom, rocks and reef building corals. Still photos and HD videos of the major corals structures were used to identify the dominant species and assess their health status (dead, poor, live). Results were transferred to a GIS to define the optimal position of anchoring corridors minimising interference with sensitive ecosystems. The combination of the different methods used in the EBS gives a thorough coverage of the area. The amount and quality of data gathered also beyond the location of the appraisal well location, allow a proper assessment of the sensitivity of the area at the field scale. Based on the experiences gained, it is recommended that future monitoring in areas comprising different habitats (soft bottom, rocky habitat etc.) apply different dedicated monitoring methods. For the visual monitoring a recommendation of approaches are: ‒Turbidity and current should be measured before and during drilling to document the dispersion of particles to secure the monitoring strategies.‒Establish photo stations and indicator species to be monitored based on the data from turbidity and current measurements.‒The use of a GIS based map system is highly recommended to handle the amount of data collected in an efficient and presentable way.‒Collected data from future surveys should be implemented in the already existing GIS based map system of the Victoria site to secure an up to date database.",NO,NOT_CONFIRMED,,VERIFIED_DOI_DOCUMENT,B02_DEEP_COLD_REVIEW_ASSESSMENT,HIGH,"Reef-building corals (dominant species identified via ROV stills/HD videos) with health status categorized as dead, poor, or live; presence of corals at elevated ridge in Victoria, Norway.","Sediment analysis, turbidity and current measurements before and during drilling to document particle dispersion, anchoring corridors, and potential drilling-related sediment impacts.","Health status assessment of coral structures (dead, poor, live); sensitivity assessment at field scale; monitoring recommendations including turbidity/current monitoring and photo stations for indicator species.","Substantive conference paper describing an environmental baseline/monitoring study for a cold-water coral site in Norway, with explicit sediment and turbidity pathway and direct coral health/condition assessment, informing impact assessment and monitoring.","The record describes an environmental baseline study in a Norwegian area with cold-water corals, using sediment sampling, ROV visual mapping, and health-status classification of corals. It explicitly addresses sediment-related stressors (turbidity and particle dispersion from drilling) and provides monitoring recommendations. This qualifies as B02 (deep/cold review/assessment) because it is a substantive monitoring/assessment document with direct sediment-impact focus and potential to inform effects, exposure, thresholds, vulnerability, mitigation, or recovery. B01 is a closer fit for direct evidence, but B02 more precisely captures the monitoring/assessment character. Excluded because organisms and sediment pathway are clearly present; not CHAIN_ONLY or EXCLUDE.",ALL_VERIFIED_NON_TROPICAL_TIER_B_INCLUSIONS,TBV1-0146
B,CWC-1E5B9E081AE4,Environmental Monitoring and Modeling of Drilling Discharges at a Location with Vulnerable Seabed Fauna: Comparison between Field Measurements and Model Simulations,Tone Karin Frost | Janne L. Myrhaug | May Kristin Ditlevsen | Henrik Rye,2014,,conference-paper,10.2118/168328-ms,https://doi.org/10.2118/168328-ms,"Abstract Offshore drilling activities were carried out by Statoil at the Hyme field, located in the Norwegian Sea, in an area with vulnerable seabed fauna. Cold water corals (Lophelia) were identified in vicinity of the drilling well location. Drilling activities in sensitive areas requires that the operator perform an assessment of potential impact or risk of drilling discharges prior to the drilling operation. The risk assessment is an input to the planning of the drilling operation with regards to minimize negative impacts on corals or other vulnerable fauna present. In addition, environmental monitoring during the drilling operation is undertaken in such areas, to document and, if possible, prevent potential impacts on the seabed fauna. The monitoring program at the Hyme field included measurements of ocean currents, temperature, salinity, turbidity and sedimentation of particles at the drilling location during the drilling operation. After drilling, the environmental risk assessment was updated with actual current data and high resolution discharge data for the whole discharge period. The results from the field measurements were used for validation of model simulations of dispersion and deposition of discharged drilling particles, in order to predict actual exposure and consequently potential effects or risk to the corals. In the present paper a comparison between model simulations and field measurements is presented. The model predicted particle exposure concentrations and burial of corals will be verified against turbidity measurements in the water column and particle sedimentation measurements at different distances from the discharge points. A high level accuracy in the model simulations, as basis for assessment of potential impacts to biota, is of high importance. This enables the operator to evaluate alternatives with regards to drilling discharge solutions (discharge point etc.) with lowest impact on environmental resources at the drilling site prior to drilling. A high level of accuracy is also important in the validation of the simulation.",NO,NOT_CONFIRMED,,VERIFIED_DOI_DOCUMENT,B02_DEEP_COLD_REVIEW_ASSESSMENT,HIGH,Cold water corals (Lophelia) identified in vicinity of the drilling well location in the Norwegian Sea.,"Drilling discharges, including suspended particles, turbidity, sedimentation, and potential burial of corals from drilling activities.","Environmental monitoring during drilling (currents, turbidity, sedimentation) and model simulations to predict exposure, burial, and potential impacts/risk to corals; comparison of field measurements and model predictions.","A substantive conference paper describing an environmental monitoring and risk assessment program for drilling discharges at a site with cold-water corals, directly focused on sediment-impact assessment and potential effects on corals.","This record is an identifiable substantive conference paper on environmental monitoring and modeling of drilling discharges at a location with cold-water corals (Lophelia) in the Norwegian Sea. The abstract explicitly addresses sediment-related pathways (turbidity, particle sedimentation, burial) and their potential impacts on corals, including model simulations to predict exposure and risk. This meets Tier B B02 as a monitoring/assessment document with direct sediment-impact focus. It is not excluded because it contains coral-specific evidence and sediment pathway, not just physical modeling. The closest alternative would be B01, but B02 better captures the monitoring/assessment nature without direct biological response data. Confidence is high based on abstract content.",ALL_VERIFIED_NON_TROPICAL_TIER_B_INCLUSIONS,TBV1-0075
B,CWC-683F99F31B69,Environmental Monitoring Report - Morvin 2009-2010,,,Institute of Marine Research,monitoring_report,,https://www.hi.no/resources/publikasjoner/rapport-fra-havforskningen/andre_rapporter/morvin_environmental_monitoring_report_2_.pdf,"drilling phase. We were then looking for any abnormal changes in behaviour or generation of mucus (slime that the coral produces under stress) on corals exposed to plumes of drill cuttings. Three sets of time series were post processed for more detailed results on behavioural patterns. Two time series were taken from the onboard camera of the ROV and one from the camera satellite, connected with cable to a lander. The ROV time series were used for a general comparison of behavioural patterns [...] may be one factor that could lead to polyp retraction. In such conditions the polyps are not able",YES,FROZEN_PUBLIC_FULL_TEXT_LOCATION,https://www.hi.no/resources/publikasjoner/rapport-fra-havforskningen/andre_rapporter/morvin_environmental_monitoring_report_2_.pdf,VERIFIED_DIRECT_DOCUMENT_URL,B01_DEEP_COLD_SEDIMENT_EVIDENCE,HIGH,"Cold-water corals, likely Lophelia pertusa or similar, exposed to drill cuttings plumes; the report describes coral behaviour under stress, including mucus production and polyp retraction.","Drill cuttings plumes, a sediment/deposition pathway from drilling operations, directly examined in an environmental monitoring context.","Monitoring of coral behavior (mucus production, polyp retraction) and potential abnormal changes as biological impact indicators, with time-series analysis.","This is a deep/cold-water coral monitoring report with explicit sediment-related pathway (drill cuttings) and biological response evidence, fitting B01_DEEP_COLD_SEDIMENT_EVIDENCE.","The document is an environmental monitoring report from the Institute of Marine Research focusing on corals exposed to drill cuttings plumes during drilling. The abstract explicitly mentions looking for abnormal changes in behavior or mucus production in corals, and notes polyp retraction—all direct biological responses to sediment stress. This clearly meets Tier B pathway B01 (deep/cold sediment evidence) as it provides monitoring and impact evidence for cold-water corals under sediment exposure. The alternative B02 would also apply as a monitoring report, but B01 is more specific because it directly documents biological responses. Excluded because the organism (coral) and stressor (drill cuttings) are central, not peripheral.",ALL_VERIFIED_NON_TROPICAL_TIER_B_INCLUSIONS,TBV1-0231
B,CWC-CB8F5A138FD9,ENVIRONMENTAL SEABED SURVEY PROGRAM,,2024,Equinor Canada Ltd.,monitoring_report,,https://cdn.equinor.com/files/h61q9gi9/global/fb47f9e3ee1e178e2dacbb4ef622c886730a0ed2.pdf?equinor-2023-survey-report-final-v5-wapp.pdf=,Equinor 2023 Survey Project No. TE23721001 Equinor Canada Ltd. WSP March 2024 Page 19 Figure 3-3 Largest grain size percent present for the Sitka wellsite area (by section) Equinor 2023 Survey Project No. TE23721001 Equinor Canada Ltd. WSP March 2024 Page 20 Figure 3-4 Sea pen abundance for the Sitka wellsite area (by section) Equinor 2023 Survey Project No. TE23721001 Equinor Canada Ltd. WSP March 2024 Page 21 Figure 3-5 Sea pen density for the Sitka wellsite area (by section) Equinor 2023 Survey Project No. TE23721001 Equinor Canada Ltd. WSP March 2024 Page 22 Figure 3-6 Small gorgonian abun,YES,FROZEN_PUBLIC_FULL_TEXT_LOCATION,https://cdn.equinor.com/files/h61q9gi9/global/fb47f9e3ee1e178e2dacbb4ef622c886730a0ed2.pdf?equinor-2023-survey-report-final-v5-wapp.pdf=,VERIFIED_DIRECT_DOCUMENT_URL,B02_DEEP_COLD_REVIEW_ASSESSMENT,MEDIUM,Sea pens (abundance and density) and small gorgonians (abundance) in the Sitka wellsite area.,"Sediment grain size data (largest grain size percent) at the Sitka wellsite, reflecting seabed sediment characteristics relevant to potential drilling-related disturbance or deposition.","Environmental seabed survey monitoring report providing baseline abundance and density of sea pens and gorgonians alongside sediment physical data, with potential to inform sediment-related effects, exposure, and environmental assessment for cold-water corals.","B02_DEEP_COLD_REVIEW_ASSESSMENT: A substantive industry monitoring report for a cold-water wellsite, directly reporting sediment properties and coral (sea pen, gorgonian) distributions, with clear potential to inform sediment-impact assessments and mitigation.","This document is a 2024 environmental seabed survey monitoring report from Equinor Canada for the Sitka wellsite. The abstract/snippet explicitly mentions sediment grain size data and sea pen and gorgonian abundance and density in the same context, indicating a coupled assessment of physical seabed conditions and sensitive cold-water coral taxa. This fits B02 as a substantive monitoring report with a direct sediment-impact focus and clear potential to inform effects, exposure, or mitigation in a deep/cold-water setting. It is not merely a discovery webpage or a broad benthic study without separate coral/sponge evidence. The choice is TIER_B_INCLUDE rather than CHAIN_ONLY because the content indicates direct sediment and coral evidence, though full-text verification is needed to confirm the strength of the linkage. Confidence is medium given the limited snippet, which is why needs_full_text is true.",ALL_VERIFIED_NON_TROPICAL_TIER_B_INCLUSIONS,TBV1-0324
B,CWC-0B58FB88242C,Ephesus pre-drilling June 2022 Seabed Investigation Report,,2022,RPS,monitoring_report,,https://www.bp.com/content/dam/bp/business-sites/en/global/corporate/pdfs/what-we-do/worldwide/newfoundland-and-labrador/pre-drilling-june-2022-seabed-investigation-report.pdf,"SURVEY REPORT 217649 | Ephesus Pre-Drilling Benthic Fauna (Coral & Sponge) Survey | Final | 23 September 2022 rpsgroup.com Page 12 3.1.5 Corals (Other than Sea Pens) Seven species of cold-water corals, aside from the sea pens were observed. Six under class (Octocorallia: Alcyonacae) were recorded in the survey area namely, Acanella arbuscula, Acanthogorgia armata, Anthomastus, Duva, Gersemia, Radicipes gracilis and one under class (Hexacorallia: Antipatharia), the Stichopathes. The black coral [...] groups according to E. Kenchington et al. 2015. Taxonomic identification was dependant on quali",YES,FROZEN_PUBLIC_FULL_TEXT_LOCATION,https://www.bp.com/content/dam/bp/business-sites/en/global/corporate/pdfs/what-we-do/worldwide/newfoundland-and-labrador/pre-drilling-june-2022-seabed-investigation-report.pdf,VERIFIED_DIRECT_DOCUMENT_URL,B02_DEEP_COLD_REVIEW_ASSESSMENT,MEDIUM,"Cold-water corals (Acanella arbuscula, Acanthogorgia armata, Anthomastus, Duva, Gersemia, Radicipes gracilis, Stichopathes) and presumably sponges surveyed.","Pre-drilling seabed investigation for an offshore drilling project, indicating potential sediment-related disturbance from drilling activities.","Baseline monitoring of coral and sponge presence and distribution, providing ecological data to inform impact assessment for drilling-related sediment disturbance.",B02_DEEP_COLD_REVIEW_ASSESSMENT,"This is a pre-drilling seabed investigation report for the Ephesus project, explicitly documenting cold-water coral and sponge fauna in an area to be drilled. As a monitoring report tied to offshore drilling, it directly informs assessment of potential sediment-related impacts on deep-sea corals and sponges. The title and context establish a clear link to drilling-related sediment disturbance, making it a substantive assessment document eligible under B02. The closest alternative would be CHAIN_ONLY if the sediment focus were unclear, but the pre-drilling context justifies inclusion. Full text is needed to confirm the sediment-impact focus and specific assessment content.",ALL_VERIFIED_NON_TROPICAL_TIER_B_INCLUSIONS,TBV1-0147
B,GLV4-877A276EC7DA,European Lifestyles and Marine Ecosystems - CORDIS,,,cordis.europa.eu,report,,https://cordis.europa.eu/docs/projects/files/505/505576/106255051-6_en.pdf,Lophelia pertusa reef Plankton biomass [Contaminant] seawater Mechanical disturbance severity Mechanical disturbance frequency Mechanical disturbance extent Larval recruitment Sedimentation Water current flow Water temperature Oil & gas extraction Dredging & trawling effort Fig. 20 Conceptual model for Lophelia pertusa biogenic reef habitat with the simulation model embedded within it (colours follow those used in the regional model). [...] P from sediment N fixation Turbidity Recruitment [Contam.] seawater Zoobenthos Zooplankton Macrophytes Filament. algae Cod stocks Sprat stocks Toxins in fi,YES,PUBLIC_FULL_DOCUMENT_LOCATION,https://cordis.europa.eu/docs/projects/files/505/505576/106255051-6_en.pdf,VERIFIED_DIRECT_DOCUMENT_URL,B01_DEEP_COLD_SEDIMENT_EVIDENCE,MEDIUM,Deep-sea cold-water coral Lophelia pertusa (biogenic reef habitat).,"Sedimentation and turbidity explicitly included in a conceptual model, also referencing water flow, mechanical disturbance, oil & gas extraction, and dredging & trawling effort.","Conceptual model linking sediment-related variables to Lophelia pertusa reef condition, including plankton biomass, larval recruitment, and broader ecosystem structure; provides assessment evidence for potential sediment effects.",B01: Deep/cold source (Lophelia pertusa) with explicit sediment/turbidity pathway and biological/ecological evidence via a conceptual model.,"The record is a CORDIS project report that includes a conceptual model for the deep-sea cold-water coral Lophelia pertusa. The snippet explicitly names Sedimentation and Turbidity as stressors, alongside recruitment and plankton biomass as biological/ecological variables. This meets Tier B B01: a deep-sea coral source with an explicit sediment pathway and associated biological/ecological evidence, even though the evidence is presented as a conceptual model rather than direct measurements. The report is likely a substantive document, not a discovery page. Closest alternative would be B02 (review/assessment), but the presence of explicit sediment pathway and ecological response data aligns more directly with B01. Excluded options are not applicable as there is clear coral-sediment content.",ALL_VERIFIED_NON_TROPICAL_TIER_B_INCLUSIONS,TBV1-0549
B,CWC-6D47AFD7FA50,Exploring time series of hyperspectral images for cold water coral stress response analysis,"Langenkämper, D | Mogstad, AA | Hansen, IM | Baussant, T | Bergsagel, O | Nilssen, I | Frost, TK | Nattkemper, TW",2022,PLOS ONE,JOUR,10.1371/journal.pone.0272408,https://doi.org/10.1371/journal.pone.0272408,"Hyperspectral imaging (HSI) is a promising technology for environmental monitoring with a lot of undeveloped potential due to the high dimensionality and complexity of the data. If temporal effects are studied, such as in a monitoring context, the analysis becomes more challenging as time is added to the dimensions of space (image coordinates) and wavelengths. We conducted a series of laboratory experiments to investigate the impact of different stressor exposure patterns on the spectrum of the cold water coral Desmophyllum pertusum. 65 coral samples were divided into 12 groups, each group being exposed to different types and levels of particles. Hyperspectral images of the coral samples were collected at four time points from prior to exposure to 6 weeks after exposure. To investigate the relationships between the corals' spectral signatures and controlled experimental parameters, a new software tool for interactive visual exploration was developed and applied, the HypIX (Hyperspectral Image eXplorer) web tool. HypIX combines principles from exploratory data analysis, information visualization and machine learning-based dimension reduction. This combination enables users to select regions of interest (ROI) in all dimensions (2D space, time point and spectrum) for a flexible integrated inspection. We propose two HypIX workflows to find relationships in time series of hyperspectral datasets, namely morphology-based filtering workflow and embedded driven response analysis workflow. With these HypIX workflows three users identified different temporal and spatial patterns in the spectrum of corals exposed to different particle stressor conditions. Corals exposed to particles tended to have a larger change rate than control corals, which was evident as a shifted spectrum. The responses, however, were not uniform for coral samples undergoing the same exposure treatments, indicating individual tolerance levels. We also observed a good inter-observer agreement between the three HyPIX users, indicating that the proposed workflow can be applied to obtain reproducible HSI analysis results.",NO,NOT_CONFIRMED,,VERIFIED_DOI_DOCUMENT,B01_DEEP_COLD_SEDIMENT_EVIDENCE,HIGH,Cold-water coral Desmophyllum pertusum (Lophelia pertusa),Laboratory exposure to different types and levels of particles (sediment-related stressor),"Hyperspectral signatures showed larger change rate in particle-exposed corals compared to controls, indicating stress response; non-uniform responses suggest individual tolerance levels",B01_DEEP_COLD_SEDIMENT_EVIDENCE: Direct experimental evidence of sediment/particle exposure on a cold-water coral with a biological stress response,"This is a substantive journal article reporting controlled laboratory experiments exposing the cold-water coral Desmophyllum pertusum to different particle stressors and measuring hyperspectral changes over time. The coral is a deep-sea cold-water species, the stressor is explicitly sediment/particle exposure, and the response is a spectrally detected stress response with individual variation. This meets the Tier B B01 pathway for deep/cold sediment evidence. It is preferable to B03 because the organism is deep-sea cold-water coral rather than a non-tropical shallower species. CHAIN_ONLY is not chosen because the coral and sediment pathway are central. Excluded because the evidence is direct and substantive.",ALL_VERIFIED_NON_TROPICAL_TIER_B_INCLUSIONS,TBV1-0186
B,CWC-E68FDE82882F,First in-situ monitoring of sponge response and recovery to an industrial sedimentation event,Jennifer M. Durden | Michael Clare | Johanne Vad | Andrew R. Gates,2023,Marine Pollution Bulletin,article,10.1016/j.marpolbul.2023.114870,https://doi.org/10.1016/j.marpolbul.2023.114870,"Assessment of risks to seabed habitats from industrial activities is based on the resilience and potential for recovery. Increased sedimentation, a key impact of many offshore industries, results in burial and smothering of benthic organisms. Sponges are particularly vulnerable to increases in suspended and deposited sediment, but response and recovery have not been observed in-situ. We quantified the impact of sedimentation from offshore hydrocarbon drilling over ∼5 days on a lamellate demosponge, and its recovery in-situ over ∼40 days using hourly time-lapse photographs with measurements of backscatter (a proxy of suspended sediment) and current speed. Sediment accumulated on the sponge then cleared largely gradually but occasionally sharply, though it did not return to the initial state. This partial recovery likely involved a combination of active and passive removal. We discuss the use of in-situ observing, which is critical to monitoring impacts in remote habitats, and need for calibration to laboratory conditions.",YES,FROZEN_PUBLIC_FULL_TEXT_LOCATION,https://ars.els-cdn.com/content/image/1-s2.0-S0025326X23003016-ga1_lrg.jpg,VERIFIED_DOI_DOCUMENT,B01_DEEP_COLD_SEDIMENT_EVIDENCE,HIGH,A lamellate demosponge (likely deep-sea/cold-water sponge) in a marine benthic habitat affected by offshore drilling.,"Increased sedimentation from offshore hydrocarbon drilling over ~5 days, leading to sediment accumulation, burial, and smothering.","Quantified sediment accumulation on the sponge, gradual and sharp clearance over ~40 days, and partial recovery from initial state; discusses in-situ monitoring and calibration to lab conditions.","Direct in-situ evidence of sponge response and recovery to an industrial sedimentation event, meeting B01 for deep/cold sediment evidence.","The abstract explicitly documents sponge exposure to sedimentation from offshore drilling and reports biological responses (accumulation, clearance, partial recovery). The organism is a sponge in a deep/cold context, and the stressor is sediment deposition/smothering. This is directly relevant to Tier B pathway B01 (deep/cold sediment evidence) and also aligns with B03 as a non-tropical direct mechanism, but B01 is more specific. The study provides monitoring and impact evidence, making it a substantive document eligible for inclusion.",ALL_VERIFIED_CENTRAL_PEER_REVIEWED,TBV1-0163
B,CWC-1734E5F756EF,"First Macro-Colonizers and Survivors Around Tagoro Submarine Volcano, Canary Islands, Spain",Ana Sotomayor‐García | José L. Rueda | Olga Sánchez-Guillamón | Javier Urra | J.T. Vázquez | Desirée Palomino | L.M. Fernández-Salas | N. López-González | M. González-Porto | J. Magdalena Santana‐Casiano | Melchor González‐Dávila | Carmen Presas˗Navarro | E. Fraile‐Nuez,2019,Geosciences,article,10.3390/geosciences9010052,https://doi.org/10.3390/geosciences9010052,"Tagoro, the youngest submarine volcano of the Canary Islands, erupted in 2011 South of El Hierro Island. Pre-existing sea floor and inhabiting biological communities were buried by the newly erupted material, promoting the appearance of new habitats. The present study pursues to describe the first metazoans colonizing different new habitats formed during the eruption and to create precedent on this field. Through dredge and remote operated vehicle samplings, five main habitat types have been detected based on the substrate type and burial status after the eruption. Inside the Tagoro volcanic complex (TVC), two new habitats are located in and around the summit and main craters—hydrothermal vents with bacterial mats and sulfurous-like fields mainly colonized by small hydrozoan colonies. Two other habitats are located downslope the TVC; new hard substrate and new mixed substrate, holding the highest biodiversity of the TVC, especially at the mixed bottoms with annelids (Chloeia cf. venusta), arthropods (Monodaeus couchii and Alpheus sp.), cnidarians (Sertularella cf. tenella), and molluscs (Neopycnodonte cochlear) as the first colonizers. An impact evaluation was done comparing the communities of those habitats with the complex and well-established community described at the stable hard substrate outside the TVC, which is constituted of highly abundant hydrozoans (Aglaophenia sp.), antipatharians (Stichopates setacea and Antipathes furcata), and colonizing epibionts (e.g., Neopycnodonte cochlear). Three years after the eruption, species numbers at Tagoro were still low compared to those occurring at similar depths outside the TVC. The first dominant species at the TVC included a large proportion of common suspension feeders of the circalittoral and bathyal hard bottoms of the area, which could have exploited the uncolonized hard bottoms and the post eruptive fertilization of water masses.",YES,FROZEN_PUBLIC_FULL_TEXT_LOCATION,https://www.mdpi.com/2076-3263/9/1/52/pdf?version=1547886104,VERIFIED_DOI_DOCUMENT,B01_DEEP_COLD_SEDIMENT_EVIDENCE,HIGH,"Deep-sea/cold-water cnidarians, including antipatharian corals (Stichopates setacea, Antipathes furcata) and hydrozoans, as well as other benthic invertebrates.",Burial and habitat alteration caused by newly erupted volcanic material from the Tagoro submarine volcano; sediment/deposition pathway affecting the seafloor.,"Impact evaluation comparing colonizer communities inside the volcanic complex with stable hard substrate outside; reports changes in species numbers, community composition, and colonization patterns.","Deep-sea coral-bearing communities were buried by erupted material, and the study provides biological/ecological impact evidence by comparing pre- and post-eruption communities and colonization.","This article documents the burial of pre-existing seafloor communities by newly erupted volcanic material at Tagoro submarine volcano, a clear sediment/deposition pathway. Organism evidence includes deep-sea antipatharian corals and other cnidarians. The study provides impact evaluation through community comparisons and colonization patterns, meeting B01. It is not merely a distributional or geological study. Although volcanic material is not classic sediment, burial/deposition is explicitly relevant. B02 is less appropriate as this is a primary study, not a review/assessment. B03 would require direct experimental testing, which is absent. Thus B01 is the best fit.",ALL_VERIFIED_CENTRAL_PEER_REVIEWED,TBV1-0076
B,CWC-BFA3694F30B3,Genesis and morphology of cold-water coral ridges in a unidirectional current regime,Thiago B.S. Correa | Gregor P. Eberli | M. Grasmueck | John K. Reed | Adrienne M. S. Correa,2012,Marine Geology,article,10.1016/j.margeo.2012.06.008,https://doi.org/10.1016/j.margeo.2012.06.008,"Cold-water coral ridges with waveform morphology are commonly observed in mound surfaces in the Northeast Atlantic Ocean and interpreted as sediment waves overgrown by corals. This work documents the first cold-water coral ridges that are waveform but lack sand dune cores. These coral ridges are situated at the base of the Miami Terrace in the Straits of Florida (depths of 630 to 870 m). They are entirely biogenic in origin and are unrelated to antecedent topography. Five lines of evidence, based on 27 km(2) of high-resolution geophysical, oceanographic, and ground-truthing data, support this interpretation. First, the waveform coral ridges are aligned perpendicular to a southward flowing bottom current and juxtaposed to an active sand dune field devoid of corals. Both the coral ridges and sand dunes are asymmetric in profile with respect to the current. However, the ridges have their steep sides facing the current, whereas the dunes exhibit a steep leeside. Second, the coral ridge matrix consists of very fine sand to mud particles with no bedload sand transport on the ridge flanks or troughs. In contrast, active sand ripples superimpose the juxtaposed sand dunes indicating that coarse sand is transported via traction in this domain. Third, bedload sand transport occurs in linear streaks at the shallowest part of the surveyed area. These streaks orthogonally crosscut some coral ridges, but coral colonies are not aligned along these streaks. Instead, the bedload sand smothers the coral colonies and thereby segments the ridges. Fourth, the sand dune and coral ridge acoustic responses are different. Below the dunes, there is no sub-bottom reflection due to energy attenuation. In contrast, a continuous reflection below the coral ridges proves the absence of attenuating sand cores. Fifth, this continuous sub-bottom reflection is not correlated with the coral ridge topography, indicating that antecedent topography does not control the waveform morphology and spatial distribution of the ridges. The differences in depositional profiles, sediment dynamics and features, as well as acoustic facies between the coral ridges and the juxtaposed dunes show that the coral ridges are entirely bioconstnictional and not a veneer of corals covering paleo-sand dunes. This field of biogenic ridges at the Miami Terrace and the distribution of sand streaks as well as active sand dunes provide new insights how the lateral variability of current velocities and sediment transport conditions control the morphology, distribution and genesis of cold-water coral features. (C) 2012 Elsevier B.V. All rights reserved.",NO,NOT_CONFIRMED,,VERIFIED_DOI_DOCUMENT,B01_DEEP_COLD_SEDIMENT_EVIDENCE,HIGH,Cold-water corals (species not specified) forming biogenic ridges at 630-870 m depth in the Straits of Florida.,"Bedload sand transport, sand smothering, sediment dynamics under a unidirectional bottom current; sediment particles include very fine sand to mud.",Bedload sand smothers coral colonies and segments ridges; coral ridges are entirely biogenic and their morphology and distribution are controlled by sediment transport conditions.,B01: deep-sea cold-water coral study with explicit sediment pathway (smothering by bedload sand) and biological/ecological impact on coral colonies and ridge morphology.,"This article directly examines cold-water coral ridges in a deep-sea setting and demonstrates how sediment transport (active sand dunes and bedload streaks) smothers coral colonies and segments ridge morphology. The sediment pathway is explicit and the response includes both colony smothering and larger-scale geomorphic effects, meeting B01's requirement for biological, ecological, or impact evidence. The study is not purely geological because it links sediment dynamics to coral colony condition and ridge genesis. The closest alternative is exclusion as physical sediment transport, but the clear organism-level smothering evidence makes inclusion appropriate.",ALL_VERIFIED_CENTRAL_PEER_REVIEWED,TBV1-0101
B,GLV4-845AF3F92AC3,Gulf of Mexico OCS Oil and Gas Lease Sales: 2017-2022,,2017,boem.gov,report,,https://www.boem.gov/sites/default/files/environmental-stewardship/Environmental-Assessment/NEPA/BOEM-EIS-2017-009-v2.pdf,"was the creation of an environmental priority index that rates the sensitivity of the various topographic features (Rezak and Bright, 1981a). In order of decreasing sensitivity, the following classification was used: (1) Shelf-edge, carbonate banks possessing clear-water coral reefs and Algal-Sponge Zones, transitional assemblages approximating the Antipatharian Zone and Nepheloid Zone (surrounding depths of 276-656 ft [84-200 m], crests 49-246 ft [15-75 m]). Description of the Affected Environment and Impact Analysis 4-171 (2) Midshelf, Tertiary-outcrop banks bearing clear-water, Millepora-Sp",YES,PUBLIC_FULL_DOCUMENT_LOCATION,https://www.boem.gov/sites/default/files/environmental-stewardship/Environmental-Assessment/NEPA/BOEM-EIS-2017-009-v2.pdf,VERIFIED_DIRECT_DOCUMENT_URL,B02_DEEP_COLD_REVIEW_ASSESSMENT,MEDIUM,"Deep-sea/cold-water corals and sponges, including coral reefs, Algal-Sponge Zones, Antipatharian Zone, and Nepheloid Zone communities, are referenced as sensitive topographic features in the Gulf of Mexico.","Oil and gas lease sales and associated OCS activities may involve sediment disturbance, turbidity, drilling, and deposition pathways; the Nepheloid Zone explicitly indicates turbid bottom-water conditions.","The document is a regulatory impact assessment that rates environmental sensitivity of coral and sponge habitats, providing a basis for evaluating effects, exposure, and mitigation.","Substantive government environmental assessment with a direct focus on potential impacts to deep-sea corals and sponges from OCS oil and gas activities, including sediment-related pathways, relevant for effects and mitigation.","This BOEM environmental assessment for Gulf of Mexico OCS oil and gas lease sales is a substantive regulatory document addressing environmental impacts on sensitive coral and sponge habitats. The snippet explicitly references an environmental priority index ranking shelf-edge carbonate banks with coral reefs and sponge zones, plus the Nepheloid Zone, an indicator of turbidity/sediment processes. This qualifies as a deep/cold-water coral or sponge regulatory assessment with sediment-related impact potential under B02. Although the snippet is limited, the document type and issuer strongly indicate a comprehensive assessment. Chosen over CHAIN_ONLY because it is an assessment document with direct content, not merely a reference source. Not excluded because it meets the broader Tier B review/assessment criteria, and access status does not affect eligibility.",ALL_VERIFIED_NON_TROPICAL_TIER_B_INCLUSIONS,TBV1-0743
B,CWC-7ADF72F6B985,Happy relationships between marine sponges and sediments – a review and some observations from Australia,Christine H L Schönberg,2015,Journal of the Marine Biological Association of the United Kingdom,article,10.1017/s0025315415001411,https://doi.org/10.1017/s0025315415001411,"Being sessile filter feeders, sponges may be disadvantaged by sediments in many ways, e.g. through clogging and burial. However, in order to correctly recognize negative effects of sediments in the field, natural relationships of sponge taxa adapted to a life with sediments need to be understood. The present publication reviews available literature and provides observations on natural and beneficial interactions of sponges with sediments, distinguishing several strategies: (1) Saving energy through sediment incorporation, reducing or replacing spicule production commonly occurs in keratose, verongimorph, tethyid and poecilosclerid sponges, which often received scientific names referring to sediments. (2) Forming sediment crusts externally or embedded in surface tissues reinforces outer layers, provides shade, and for external crusts camouflage and shelter from spongivory and desiccation. External crusts often occur in the tethyids and axinellids, while surface armour is most common in keratose sponges. (3) Anchoring in soft sediments provides a selective advantage for space colonization. This is mainly achieved in the hexactinellid, polymastiid and spirophorine sponges by using spicules (predominantly in deeper water), commonly in endopsammic sponges by rootlets, basal agglutination and basal incorporation of particles, and in various groups by attachment to buried materials (shallow water). (4) Living at least partially embedded in sediments (psammobiosis) appears to be best developed in Oceanapia spp. and bioeroding sponges, generates shelter from various external conditions and reduces the risk of spongivory. Typical morphological characters of sediment-adapted sponges are thus sediment skeletons and surface crusts (reinforcement), stalks and fistules (elevation above sediments), spicule tufts and root-systems (anchoring).",YES,FROZEN_PUBLIC_FULL_TEXT_LOCATION,https://www.cambridge.org/core/services/aop-cambridge-core/content/view/A8E927A56D5F7C0D16D6BF1B9DC4AE50/S0025315415001411a.pdf/div-class-title-happy-relationships-between-marine-sponges-and-sediments-a-review-and-some-observations-from-australia-div.pdf,VERIFIED_DOI_DOCUMENT,B05_BROAD_SYNTHESIS_WITH_TARGET_EVIDENCE,HIGH,"Sponges, including keratose, verongimorph, tethyid, poecilosclerid, hexactinellid, polymastiid, spirophorine, and bioeroding taxa.","Sediments, including clogging, burial, sediment incorporation, surface crusts, anchoring in soft sediments, and psammobiosis.","Review of natural and beneficial sponge-sediment interactions, also noting negative effects; synthesizes strategies such as sediment incorporation, crust formation, anchoring, and partial burial.",B05_BROAD_SYNTHESIS_WITH_TARGET_EVIDENCE: A broad synthesis/assessment on sponge-sediment relationships that reports sponge-specific evidence relevant to sediment effects and adaptation.,"This is a substantive peer-reviewed review article focused explicitly on marine sponges and sediments. It covers both negative effects (clogging, burial) and natural beneficial interactions, providing sponge-specific evidence on sediment exposure and adaptive responses. The document is a synthesis/review, which fits B05 as a broad sediment-effects synthesis with target evidence on sponges. It does not require deep/cold focus (so not B02). It is not a tropical direct study (B04) nor a non-tropical direct mechanism study (B03). The inclusion is warranted because it directly addresses sediment effects on sponges and informs understanding of exposure, adaptation, and potential impacts.",ALL_VERIFIED_NON_TROPICAL_TIER_B_INCLUSIONS,TBV1-1446
B,CWC-B62F6351100D,Harmful routines? Uncertainty in science and conflicting views on routine petroleum operations in Norway,Anne Blanchard | Kjellrun Hiis Hauge | Gisle Andersen | Jan Helge Fosså | Bjørn Einar Grøsvik | Nils Olav Handegard | Matthias Kaiser | Sonnich Meier | Erik Olsen | Frode B. Vikebø,2013,Marine Policy,article,10.1016/j.marpol.2013.07.001,https://doi.org/10.1016/j.marpol.2013.07.001,"Offshore petroleum activities are the focus of highly politicised debates globally. Typically, public debate is sparked by catastrophic events, such as the 2010 oil spill in the Gulf of Mexico, and decision-making processes fuelled by the assessment of 'worst-case scenarios'. However, everyday 'routine' petroleum operations also impact the marine ecosystems and adjoining socio-economic sectors, but the extent and severity of the impacts are uncertain. This paper takes as its point of departure routine operations and their surrounding uncertainties. Particularly, it focuses on the debates of whether to extend routine petroleum operations in vulnerable and valuable parts of Norway, such as the Lofoten area and the Sula Ridge. These conflicts draw on important and for some, epistemological uncertainties that surround the impacts of routine operations. The paper argues that it is necessary to first highlight these uncertainties, rather than marginalise them, and second, recognise that uncertainties are not simply a scientific challenge, but can be a powerful political tool. This paper unpacks and explores uncertainties associated with three phases of routine operations, that are used to steer political actions: (i) the impacts of seismic surveys on fish and marine mammals; (ii) the impacts of drilling mud and drill cuttings on benthic communities such as deep-sea coral reefs; and (iii) the impacts of produced water on the marine environment. The paper discusses the importance of transparency in addressing these uncertainties, and emphasises the need to implement the precautionary principle in a more participatory way. It thus proposes participatory exercises in order to allow the recognition of the epistemological nature of uncertainties. (C) 2013 Elsevier Ltd. All rights reserved.",NO,NOT_CONFIRMED,,VERIFIED_DOI_DOCUMENT,B02_DEEP_COLD_REVIEW_ASSESSMENT,HIGH,"Deep-sea coral reefs and benthic communities in Norwegian waters, including the Sula Ridge area.","Drilling mud and drill cuttings from routine petroleum operations, a sediment/deposition pathway.","Assesses uncertainties in the impacts of routine operations on benthic communities, informing precautionary approaches and policy decisions.","The article is a substantive policy assessment focusing on the impacts of drilling mud and drill cuttings on deep-sea coral reefs, meeting the B02 criterion for a deep/cold review or assessment with direct sediment-impact relevance.","This Marine Policy article directly addresses the impacts of routine petroleum operations, specifically drilling mud and drill cuttings, on deep-sea coral reefs. It synthesizes and assesses uncertainties regarding these sediment-related impacts in Norwegian waters, including the Sula Ridge and Lofoten areas. This qualifies as a substantive deep/cold review or assessment under B02 because it provides a policy-relevant evaluation of sediment exposure and potential ecological consequences, despite not presenting new experimental data. The closest alternative would be B05 if it were a broader synthesis, but the focus is clearly on deep-sea corals and drilling-related sediment, making B02 more specific. Exclusions do not apply; the organism is explicit, the sediment pathway is central, and the response/assessment value is the uncertainty analysis that informs effects and mitigation.",ALL_VERIFIED_CENTRAL_PEER_REVIEWED,TBV1-0119
B,CWC-73DA8E953BEA,Impact of diagenesis on carbonate mound formation,Cees van der Land,2011,Flanders Marine Institute (Flanders Marine Institute),dissertation,,http://www.vliz.be/imisdocs/publications/84/263484.pdf,"This thesis is devoted to define the parameters influencing cold-water coral growth and therefore carbonate mound development with a focus on the impact of diagenesis on mound sediments. The first part of this thesis (Chapters 2 to 4) discusses the distributionand growth history of carbonate mounds, the sedimentary processes leading to sediment accumulation at mound sites and the primary sediment composition of cold-water coral carbonate mounds along the Irish margin. The second part of the thesis (Chapters 5 to 7) elaborates on the post-depositional processes (diagenesis) affecting mound sediments, the timing of these diagenetic processes and their impact on carbonate mound development.Piston cores obtained from mound summits were studied to determine paleo-environmental conditions influencing mound development. Component analysis, thin section petrography and X-ray fluorescence scanning revealed the impact of diagenesisin the form of dissolution and cementation of the coral framework. U-series dating of coral skeletons and stable isotope measurements on foraminifera provided us with a chrono stratigraphic framework for carbonate mound build-up. Coral ages showed that large hiatuses are present in the mounds, which can be linked to multiple phases of erosion or non-deposition in the mound history.In Chapter 2 the morphology and sedimentology of carbonate mounds from two mound provinces at the southeast and southwest margin of the Rockall Trough (RT)(NE Atlantic Ocean) are investigated. Cold-wat er coral mounds on both margins have a strongly different morphology. Single, isolated mounds occur on the SE RT marginand are mainly found on the upper slope between 650 and 900 m water depth, while large mound clusters are found on the SW RT margin in water depths between 600 and 1000 m, in a narrow zone almost parallel to the slope. Sedimentation rates on themounds are higher than on the surrounding seabed as a result of baffling of biogenic carbonate debris and sediment particles by the coral framework. The three-dimensional coral framework and the presence of extensive hardgrounds and firmgroundsare considered to be responsible for the stability of the relatively steep slopes of the mounds. High current velocities in the intra-mound areas result in local non-sedimentationand erosion, as is shown by the presence of IRD lag deposits on the seabed and moats around some of the mounds. The morphology and sedimentology of cold-water coral (mainly Lophelia pertusa and Madrepora oculata) covered mounds on the southernRT margins is discussed and a model is presented describing the development of these mounds.Chapter 3 focuses on U-series dating of constructional cold-water corals. Dating of the coral skeleton of Lophelia pertusa and Madrepora oculata from mounds along the RT margin and in the Porcupine Seabight reveal that the Holocene (past 11 kyr) wasa period generally favourable for coral mound development. Vertical mound growth rates are directly linked to the presence or absence of a dense coral cover at the mound summits. During times of reduced coral growth or the absence of a coral framework,mound growth rates are by far smaller. Periods favourable for coral growth on the SW RT and in the Porcupine Seabight are related to overall climatic warm phases and coralgrowth is largely reduced or even absent on mounds during cold phases such as glacial periods.Chapter 4 describes the accumulation of mainly carbonate sediment on a mound at the SW RT margin. Photo and video surveys at this station show the presence of living coral colonies on top of a thick layer of coral debris, which becomes slowly abraded andbio-eroded. Component analysis of a piston core from a mound summit shows that the coral framework is mainly filled with sediment composed of phytodetritus and skeletal parts of fauna living at the mounds. The mound sediment record displays analternation of skeletal and cement dominated intervals. Dating of coral skeletons and the oxygen stable isotope signature of planktonic and benthic foraminifera indicate a continuous sedimentation pattern since the Younger Dryas. The older part of the core, with mainly intermediate values of stable isotopes is dominated by the presence of large hiatuses, of up to 200,000 yr. Hiatuses in the core possibly are linked to climatechange, which had a large effect on the ocean circulation patterns, thereby influencing the local hydrodynamic regime, food supply and sedimentation patterns around thecarbonate mounds. This affected coral growth and therefore carbonate mound development.In Chapter 5 piston cores obtained at three mound crests reveal the complex internal structure of the mound build up, with alternating unlithified coral-dominatedintervals and lithified intervals. Coral ages obtained by U-series dating show the presence of several hiatuses in mound build-up. Down core X-ray fluorescence scanning(XRF), computed tomography scan images and petrographic observations indicate different degrees of diagenetic alteration. Aragonitic coral material is absent or onlypresent as mouldic porosity in the lithified intervals and coccoliths display widespread calcite overgrowths. The dissolution of the unstable aragonitic coral skeletons is linkedto organic matter oxidation and the subsequent lowering of the saturation state of the carbonate system. A model is presented describing the sedimentary and diagenetic processes leading to the formation of lithified intervals.Chapter 6 focuses on the enrichment of redox-sensitive elements and the dissolution of primary magnetic ferric iron minerals in the depth interval below lithification levels in carbonate mound sediments. By combining the magnetic susceptibility withthe XRF signal of Fe and Ti specifically, intervals with susceptibility variations related to the conversion of strongly magnetic into weakly magnetic iron species were defined.In all three studied cores a succession is recognised with a lithified interval with aragonite dissolution and low-Mg calcite precipitates that is underlain by an interval of magnetite dissolution and of iron and manganese enrichment. For the most recent lithified interval it is demonstrated that initial lithification occurred before an erosional regime was in place, most likely near the end of an interglacial or at the start ofglacial periods.In Chapter 7 the carbonate mound development and sediment composition of the mounds at the SW RT margin and the Galway Mound in the Porcupine Seabight are compared. Differences in sediment composition between these mound provinces arerelated to the local environmental conditions. Mound accumulation rates at the Galway Mound are higher due to a higher influx of off-mound derived fine grained noncarbonate sediments. At both locations mound growth has been continuous for the last 11 kyr, before this period several hiatuses exist in the mound record. The most recent hiatus can be traced across multiple mounds and mound provinces at the Irish margin. At the SW RT margin these are associated with post-depositional aragonite dissolution in and lithification of certain intervals, while at Galway Mound no lithification occurs. This study shows that the influx and composition of material transported to carbonate mounds have a direct impact on the carbonate mound accumulationrate and on post-depositional processes.Chapter 8 (synthesis) describes and discusses the impact of diagenesis on carbonate mound formation. It is debated whether lithified layers play a crucial role in carbonate mound development/vertical mound growth by providing a stable colonisation surface for cold-water corals and by stabilising the steep mound flanks. The underlying processes leading to post-depositional modifications are discussed, including theirlink to climate cycles. Furthermore, a compilation of coral ages at the Irish margin older than 11 kyr is shown.",NO,NOT_CONFIRMED,,VERIFIED_DIRECT_DOCUMENT_URL,B01_DEEP_COLD_SEDIMENT_EVIDENCE,HIGH,"Cold-water corals Lophelia pertusa and Madrepora oculata, and carbonate mound ecosystems along the Irish Atlantic margin (Rockall Trough, Porcupine Seabight).","Explicit sediment-related pathways: sediment accumulation, deposition, erosion, non-deposition, diagenesis (dissolution and cementation of coral framework), sediment particle baffling, and climate-driven changes in sedimentation patterns.","Coral growth and mound development rates, presence/absence of dense coral cover, mound accumulation rates, hiatuses in coral growth, post-depositional alteration of coral framework, and stability of mound slopes.","Direct deep/cold-water coral source with explicit sediment pathway and biological/ecological or mound development evidence, meeting B01.","This dissertation examines cold-water coral mounds (Lophelia pertusa, Madrepora oculata) along the Irish margin, explicitly addressing sedimentary processes at mound sites, sediment accumulation, erosion, non-deposition, and diagenesis. It links these sediment-related processes to coral growth, mound development, hiatuses, and responses to climate-driven hydrodynamic changes. The organism and sediment pathway are clear, and response evidence includes coral growth and mound accumulation. Therefore, it qualifies under B01. Closest alternative is B02, but direct biological/ecological evidence is present in the abstract, so B01 is preferable. EXCLUDE is inappropriate because the record is not merely geological; it integrates biological and sedimentological aspects. The abstract provides sufficient information, so needs_full_text is false.",ALL_VERIFIED_NON_TROPICAL_TIER_B_INCLUSIONS,TBV1-0055
B,CWC-835475052BC2,Impact of environmental gradients on juvenile coral demography across the Great Barrier Reef and Torres Strait,Christopher Doropoulos | Mariana Álvarez‐Noriega | Katharina Fabricius | Renata Ferrari | Peter J. Mumby | Sam H. C. Noonan | Melanie Orr | Kinam Salee,2025,Coral Reefs,article,10.1007/s00338-025-02742-6,https://doi.org/10.1007/s00338-025-02742-6,"Demographic rates of juvenile corals are critical to reef recovery, yet their variation across environmental gradients remains understudied. Over three years, we assessed juvenile coral vital rates across the Great Barrier Reef (GBR) and Torres Strait (TS), spanning 14 degrees latitude and diverse inshore to offshore environments. Environmental conditions varied, with annual temperatures ranging 24-28 degrees C, high turbidity in the southern inshore GBR, and elevated chlorophyll a in the southern offshore GBR. Despite these differences, juvenile assemblages of five common coral groups (Montipora, Acropora, Pocilloporidae, Merulinidae, and Porites) were broadly similar. Recruitment patterns varied with Acropora highest in southern offshore and central reefs, and Porites in southern offshore and northern reefs. Annual mortality rates were consistent across locations, but taxa-specific negative responses to turf height and sedimentation were observed. Net juvenile density increased by 3 m(-)2 yr(-)1, with higher gains for Acropora in southern offshore reefs (3.8 m(-)2 yr(-)1) and Porites in northern offshore reefs (3.5 m(-)2 yr(-)1). Individual survival improved with size, and temperature effects were taxon-dependent-negative for Acropora, neutral for Montipora and Pocilloporidae, and positive for Merulinidae and Porites. Temperature did not correlate with linear growth in any group, but water flow positively influenced growth in most taxa. Fast-growing Acropora and Pocilloporidae showed positive size-growth relationships, unlike slower-growing Merulinidae and Porites. These findings provide baseline demographic data across the GBR and TS, revealing both congruence and divergence with ecological theory. They offer essential input for predictive models, site-specific restoration planning, and evaluating interventions relative to natural background dynamics.",YES,FROZEN_PUBLIC_FULL_TEXT_LOCATION,https://link.springer.com/content/pdf/10.1007/s00338-025-02742-6.pdf,VERIFIED_DOI_DOCUMENT,B04_TROPICAL_PHYSICAL_SEDIMENT_ANALOGUE,HIGH,"Juvenile corals of five common groups (Montipora, Acropora, Pocilloporidae, Merulinidae, Porites) on the Great Barrier Reef and Torres Strait.","Environmental gradients including high turbidity in the southern inshore Great Barrier Reef, with explicit assessment of sedimentation effects.","Taxa-specific negative responses to sedimentation affecting annual mortality; measures of recruitment, survival, growth, and net density changes over three years.","Tropical coral study directly examining physical sediment exposure (sedimentation and turbidity) and reporting relevant biological responses (mortality and demographic rates), fitting B04.","This is an empirical field study on tropical juvenile corals across multiple reefs. It explicitly evaluates environmental gradients including high turbidity and sedimentation and reports taxa-specific negative responses to sedimentation on mortality and other demographic rates. This is direct physical sediment exposure with biological response evidence, satisfying the B04 tropical physical sediment analogue criterion. It is not merely mentioning sediment; sedimentation is a measured stressor with demonstrated effects. The closest alternative would be exclusion for non-central stressor, but the abstract clearly identifies negative sedimentation responses, making inclusion appropriate.",SPARING_TOP_25_TROPICAL_DIRECT_PHYSICAL_ANALOGUES,TBV1-1159
B,CWC-B7A3E7B4DD58,Impact of Increased Terrigenous Sediment in Near-Shore Reef Systems,Tyler Logie,2020,,article,10.26153/tsw/12342,https://doi.org/10.26153/tsw/12342,"Changes in the flux of terrestrial sediment into the ocean can cause marine ecosystems to suffer severe environmental stress. The physical effects of increased terrestrial erosion towards the shallow ocean can decrease light quality, increases the energy that reef builders must expend, and in extreme cases can cause burial of near-shore reefs. The influx of new terrestrial sediment can also have a notable effect on the chemistry of the ocean by increasing the flux of nutrients. This can alter the trophic state of the area, favor the expansion of algae over metazoan reef builders such as corals, and potentially cause a decrease in free oxygen available in the water column. The effects of increased terrestrial sediment flux can be seen most clearly during time intervals during which a spike in atmospheric CO2 concentration causes the global silicate weathering rate to increase. These events are commonly associated with global marine extinctions, as is the case at the Permian/Triassic boundary and during the Toarcian Ocean Anoxic Event. Isotope and trace element geochemistry can be used to reconstruct changes in the global silicate weathering rate, marine nutrient content, and fraction of terrestrial sediment in a marine setting. By combining these geochemical data with modern studies of reefs under sediment stress, the mechanisms driving reef collapses in the geologic record are better understood. This information can be applied to research attempting to predict the impact of increased sediment flux associated with climate change.",NO,NOT_CONFIRMED,,VERIFIED_DOI_DOCUMENT,B05_BROAD_SYNTHESIS_WITH_TARGET_EVIDENCE,HIGH,Coral reef builders (corals) explicitly mentioned as metazoan reef builders affected by terrestrial sediment; algae expansion over corals is discussed.,"Increased terrigenous sediment flux, burial, reduced light quality, and nutrient flux changes; explicit sediment pathway.","Decreased light quality, increased energy expenditure, reef burial, altered trophic state, algae expansion, decreased oxygen, and reef collapse mechanisms; synthesis of modern reef sediment-stress studies.","Substantive synthesis/thesis focused on sediment impacts on near-shore reef systems, with clearly identified coral evidence and mechanistic pathways, fitting Tier B broad synthesis with target evidence.","The abstract explicitly discusses increased terrestrial sediment effects on coral reef builders, including burial, light reduction, and energy costs, with a synthesis of modern studies. This is a substantive document (thesis/article) with a direct sediment-impact focus. It is not deep/cold (B02) nor an original experimental tropical study (B04); B05 is the best fit as a synthesis with separately identifiable coral evidence. The abstract provides sufficient detail, so full text is not needed for screening.",ALL_VERIFIED_NON_TROPICAL_TIER_B_INCLUSIONS,TBV1-1290
B,CWC-04B3CFB894A9,Impact of warming and suspended terrigenous sediment on the Hawaiian reef coral Montipora capitata,Alexandra M. Good | Ashleigh M. Epps | Maile Coberly | Kuʻulei S. Rodgers | Nancy G. Prouty | Curt D. Storlazzi | Keisha D. Bahr,2025,Coral Reefs,article,10.1007/s00338-025-02752-4,https://doi.org/10.1007/s00338-025-02752-4,"Coral reefs near high human population areas suffer from sedimentation and increased turbidity due to coastal development. However, there is limited research on how key species respond to turbidity caused by terrigenous sediment and how this response may change with increased water temperatures. This study investigated the effects of ambient and elevated turbidity (+ 26 NTU) in combination with ambient (27.1 degrees C) and elevated temperature (+ 4.1 degrees C; 31.2 degrees C) on the dominant Hawaiian reef coral Montipora capitata, collected from two K & amacr;ne'ohe Bay watersheds with distinct environmental histories. Using intermittent flow respirometry, we found that acute (12 h) exposure to elevated turbidity and temperature impacted algal symbionts (Symbiodinium spp.) but not the coral host, suggesting a potential delayed host physiological response. Corals from south K & amacr;ne'ohe Bay, where restricted water circulation and urbanization have degraded water quality, were more sensitive to stressors than those from the less-impacted northern sites, indicating that physiological responses vary by location and may be influenced by watershed conditions. The findings suggest that while short-term turbidity and warming impact Symbiodinium spp. immediately, prolonged exposure may lead to cascading effects on the coral host. Understanding these species-specific and location-dependent responses enhances our ability to guide restoration and conservation efforts for coral ecosystems facing both local (turbidity) and global (warming) stressors. Los arrecifes de coral cercanos a & aacute;reas con alta densidad de poblaci & oacute;n humana sufren de sedimentaci & oacute;n y aumento de la turbidez debido al desarrollo costero. Sin embargo, existe una investigaci & oacute;n limitada sobre c & oacute;mo responden las especies clave a la turbidez causada por sedimentos terr & iacute;genos y c & oacute;mo esta respuesta puede cambiar con el aumento de la temperatura del agua. Este estudio investig & oacute; los efectos de la turbidez ambiental y elevada (+26 NTU) en combinaci & oacute;n con temperatura ambiental (27.1 degrees C) y elevada (+4.1 degrees C; 31.2 degrees C) en el coral dominante de los arrecifes hawaianos Montipora capitata, recolectado de dos cuencas hidrogr & aacute;ficas de la Bah & iacute;a de K & amacr;ne'ohe con historias ambientales distintas. Usando respirometr & iacute;a de flujo intermitente, encontramos que la exposici & oacute;n aguda (12 h) a la turbidez y temperatura elevadas afect & oacute; a los simbiontes algales (Symbiodinium spp.), pero no al hospedador coralino, lo que sugiere una posible respuesta fisiol & oacute;gica retardada del hospedador. Los corales del sur de la Bah & iacute;a de K & amacr;ne'ohe, donde la circulaci & oacute;n del agua es restringida y la urbanizaci & oacute;n ha degradado la calidad del agua, fueron m & aacute;s sensibles a los factores de estr & eacute;s que los de los sitios menos impactados del norte, lo que indica que las respuestas fisiol & oacute;gicas var & iacute;an seg & uacute;n la ubicaci & oacute;n y pueden estar influenciadas por las condiciones de la cuenca. Los resultados sugieren que, si bien la turbidez y el calentamiento a corto plazo afectan de inmediato a Symbiodinium spp., una exposici & oacute;n prolongada puede provocar efectos en cascada sobre el hospedador coralino. Comprender estas respuestas espec & iacute;ficas por especie y dependientes de la ubicaci & oacute;n mejora nuestra capacidad para orientar los esfuerzos de restauraci & oacute;n y conservaci & oacute;n de los ecosistemas coralinos que enfrentan tanto factores de estr & eacute;s locales (turbidez) como globales (calentamiento).",YES,FROZEN_PUBLIC_FULL_TEXT_LOCATION,https://link.springer.com/content/pdf/10.1007/s00338-025-02752-4.pdf,VERIFIED_DOI_DOCUMENT,B04_TROPICAL_PHYSICAL_SEDIMENT_ANALOGUE,HIGH,Montipora capitata (Hawaiian reef coral) and its algal symbionts (Symbiodinium spp.).,Suspended terrigenous sediment/turbidity (+26 NTU) combined with warming (+4.1 °C); explicitly linked to sedimentation and coastal development.,"Impacts on algal symbionts (immediate), potential delayed host physiological response, and location-dependent sensitivity (south Kāneʻohe Bay corals more sensitive).","This is a tropical coral study directly experimentally testing physical sediment exposure (turbidity) and reporting a biological response (symbiont physiology, host sensitivity). It qualifies under B04 as a broader tropical analogue than Tier A, even though host response was not yet significant after acute 12-h exposure.","The record clearly meets Tier B inclusion: it is a substantive article (not a discovery webpage) focused on a coral species, experimentally exposing it to elevated turbidity from terrigenous sediment, and measuring biological responses (symbiont effects, location-specific coral sensitivity). This is exactly B04, a tropical physical sediment analogue with direct exposure and relevant response data. It is not merely mentioning sediment; the experimental design and results center on turbidity. It is not eligible for CHAIN_ONLY because it contains direct evidence. Exclusions do not apply: corals are the target, sediment pathway is explicit, and response/assessment is present. Confidence is HIGH from the detailed abstract.",SPARING_TOP_25_TROPICAL_DIRECT_PHYSICAL_ANALOGUES,TBV1-1033
B,CWC-01AC06FE96E2,Impacts of sedimentation on coral health and reef ecosystems: A comprehensive review,Md. Simul Bhuyan | Maroua Jenzri | Diponkor Adikari,2025,Marine Pollution Bulletin,article,10.1016/j.marpolbul.2025.118480,https://doi.org/10.1016/j.marpolbul.2025.118480,"Sedimentation is a major yet often underestimated driver of coral reef degradation, affecting coral physiology, reproduction, and ecosystem structure. This review synthesizes findings from 252 peer-reviewed studies (1977-2025) identified through systematic searches using PRISMA guidelines. A bibliometric analysis conducted with VOSviewer (v1.6.17) revealed ten co-authorship clusters, highlighting influential contributors such as Erftemeijer, Paul L.A., and Jones, Ross. The review examines sediment delivery pathways-terrestrial runoff, dredging, and biogenic sources-and their impacts across coral life stages. Dominant affected species include Acropora (27 %), Montipora (18 %), and Porites (16 %), which suffer from reduced photosynthesis, smothering, decreased recruitment, and elevated mortality. Fine sediments impair light penetration, carry toxins, and damage coral tissues. Coral recruits show heightened sensitivity, with sedimentation significantly lowering fertilization, settlement, and survival rates. Although some species display tolerance mechanisms, these are inadequate under chronic stress. The study underscores the urgency for integrated watershed management and adaptive mitigation to bolster coral resilience amid rising anthropogenic and climate stressors.",NO,NOT_CONFIRMED,,VERIFIED_DOI_DOCUMENT,B05_BROAD_SYNTHESIS_WITH_TARGET_EVIDENCE,HIGH,"Corals, with prominent genera Acropora (27%), Montipora (18%), Porites (16%)","Sedimentation from terrestrial runoff, dredging, and biogenic sources; fine sediments impair light penetration and carry toxins","Reduced photosynthesis, smothering, decreased recruitment, elevated mortality, lower fertilization and settlement in recruits, tolerance mechanisms inadequate under chronic stress","A comprehensive sediment-effects review that separately reports coral evidence relevant to the review, including physiological, reproductive, and ecosystem impacts.","This review directly synthesizes evidence on sedimentation impacts on coral health and reef ecosystems, with explicit reporting of affected species, biological responses, and ecosystem consequences. It qualifies as a broad sediment-effects synthesis with target coral evidence (B05). B04 is less appropriate because this is a review, not a direct measurement/experiment. B01/B03 do not apply as the focus is tropical corals rather than deep/cold-water taxa.",ALL_VERIFIED_NON_TROPICAL_TIER_B_INCLUSIONS,TBV1-1072
B,CWC-4FA30D292001,"The Importance of Ecological Accommodation Space and Sediment Supply for Cold-Water Coral Mound Formation, a Case Study From the Western Mediterranean Sea",Haozhuang Wang | Jürgen Titschack | Claudia Wienberg | Chelsea A. Korpanty | Dierk Hebbeln,2021,Frontiers in Marine Science,article,10.3389/fmars.2021.760909,https://doi.org/10.3389/fmars.2021.760909,"The formation of cold-water coral (CWC) mounds is commonly seen as being the result of the sustained growth of framework-forming CWCs and the concurrent supply and deposition of terrigenous sediments under energetic hydrodynamic conditions. Yet only a limited number of studies investigated the complex interplay of the various hydrodynamic, sedimentological and biological processes involved in mound formation, which, however, focused on the environmental conditions promoting coral growth. Therefore, we are still lacking an in-depth understanding of the processes allowing the on-mound deposition of hemipelagic sediments, which contribute to two thirds of coral mound deposits. To investigate these processes over geological time and to evaluate their contribution to coral mound formation, we reconstructed changes in sediment transport and deposition by comparing sedimentological parameters (grain-size distribution, sediment composition, accumulation rates) of two sediment cores collected from a Mediterranean coral mound and the adjacent seafloor (off-mound). Our results showed that under a turbulent hydrodynamic regime promoting coral growth during the Early Holocene, the deposition of fine siliciclastic sediments shifted from the open seafloor to the coral mounds. This led to a high average mound aggradation rate of &gt;130 cm kyr –1 , while sedimentation rates in the adjacent off-mound area at the same time did not exceed 10 cm kyr –1 . Thereby, the baffling of suspended sediments by the coral framework and their deposition within the ecological accommodation space provided by the corals seem to be key processes for mound formation. Although, it is commonly accepted that these processes play important roles in various sedimentary environments, our study provided for the first time, core-based empirical data proving the efficiency of these processes in coral mound environment. In addition, our approach to compare the grain-size distribution of the siliciclastic sediments deposited concurrently on a coral mound and on the adjacent seafloor allowed us to investigate the integrated influence of coral mound morphology and coral framework on the mound formation process. Based on these results, this study provides the first conceptual model for coral mound formation by applying sequence stratigraphic concepts, which highlights the interplay of the coral-framework baffling capacity, coral-derived ecological accommodation space and sediment supply.",YES,FROZEN_PUBLIC_FULL_TEXT_LOCATION,https://www.frontiersin.org/articles/10.3389/fmars.2021.760909/pdf,VERIFIED_DOI_DOCUMENT,B01_DEEP_COLD_SEDIMENT_EVIDENCE,HIGH,"Cold-water corals (CWC), specifically framework-forming species that build coral mounds in the western Mediterranean Sea.","Sediment supply and deposition, including terrigenous hemipelagic suspended sediments baffled by the coral framework; hydrodynamic conditions influencing sediment transport and deposition.",Mound aggradation rates >130 cm kyr–1 versus off-mound sedimentation <10 cm kyr–1; empirical evidence of coral-framework baffling capacity and ecological accommodation space in mound formation.,"Directly addresses sediment supply and deposition interacting with cold-water corals in a deep-sea setting, providing empirical evidence for sediment-driven coral mound formation; relevant to sediment effects on cold-water coral ecosystems.","This article is a deep-sea cold-water coral study that explicitly examines sediment supply and deposition in relation to coral mound formation. It provides empirical evidence for how suspended sediments are baffled by coral frameworks and deposited within ecological accommodation space, leading to high mound aggradation rates. This qualifies under B01 (deep/cold sediment evidence) because it addresses a sediment/deposition pathway and its ecological/geological consequences for corals. The closest alternative would be exclusion as geology/sedimentology, but the study directly links sediment transport to coral framework function and habitat formation, making it relevant to sediment effects on CWC ecosystems. It is substantive and clearly within scope.",ALL_VERIFIED_CENTRAL_PEER_REVIEWED,TBV1-0002
B,CWC-C446CEEF0433,"Influence of turbidity regime on larval settlement patterns of stony coral Pocillopora damicornis in Polhena reef, Sri Lanka",PB Terney Pradeep Kumara,2013,Sri Lanka Journal of Aquatic Sciences,article,10.4038/sljas.v15i0.5484,https://doi.org/10.4038/sljas.v15i0.5484,"Coral population structure is determined mainly by the larval settlement and recruitment pattern of sclerectenian corals. This pattern is mainly influenced by various environmental parameters such as temperature, pH, salinity, depth, current velocity and direction, tidal variations and turbidity. Experiments reported here examine the impacts of turbidity on the spatio-temporal distribution patterns of larval settlement of Indo-Pacific coral, Pocillopora damicornis at Polhena reef of Southern Sri Lanka. The experiment was conducted in four sites. Depending on the topography and the characteristics of the reef substrate each site was further divided in to three locations as reef crest, mid reef flat and reef lagoon. Terracotta tiles were attached to quantify larval settlement rates. Tiles were retrieved in monthly intervals and observed for P. damicornis larval settlements. Turbidity measurements were taken from the same locations. Larval settlement and turbidity showed a significant temporal (P<0.05) and spatial variation (MDS stress<0.1). The highest settlement rate and turbidity level were observed in May and March respectively. A significant relationship was observed between larval settlement pattern and sedimentation regime (RELATE test, ρ = 0.251, P<0.05). DOI: http://dx.doi.org/10.4038/sljas.v15i0.5484 Sri Lanka J. Aquat. Sci. 15 (2010): p.45-60",YES,FROZEN_PUBLIC_FULL_TEXT_LOCATION,https://storage.googleapis.com/jnl-sljo-j-sljas-files/journals/1/articles/5484/submission/proof/5484-1-19569-1-10-20130506.pdf,VERIFIED_DOI_DOCUMENT,B04_TROPICAL_PHYSICAL_SEDIMENT_ANALOGUE,HIGH,Tropical stony coral Pocillopora damicornis,"Turbidity regime/sedimentation, measured in reef locations","Larval settlement rates showed significant temporal and spatial variation, with a significant relationship between settlement pattern and sedimentation regime (RELATE test)","Direct test of turbidity effects on coral larval settlement in a tropical reef, providing a physical sediment exposure and clearly relevant biological response (settlement).","This tropical coral study experimentally investigates the impact of turbidity regime on larval settlement of Pocillopora damicornis, directly measuring turbidity and settlement rates across reef sites. The significant relationship between larval settlement and sedimentation regime meets Tier B pathway B04 as a tropical physical sediment analogue with a clear biological response (settlement). The closest alternative would be CHAIN_ONLY, but the abstract contains direct experimental evidence of a sediment-turbidity effect on coral reproduction/settlement, not merely references. Therefore, include under B04.",SPARING_TOP_25_TROPICAL_DIRECT_PHYSICAL_ANALOGUES,TBV1-1164
B,CWC-F68E5C6130D2,Insights from multispecies coral seeding deployments on turbid nearshore reefs,Cathie A. Page | Christine Giuliano | Carly J. Randall,2026,Coral Reefs,article,10.1007/s00338-026-02843-w,https://doi.org/10.1007/s00338-026-02843-w,"Coral seeding may help sustain coral populations in a warming ocean; however, key knowledge gaps currently temper the successful application of this method across varied reef environments. This study investigated the survival and growth of three common coral species seeded on two device designs and deployed across a broad range of benthic communities in the Keppel Islands, southern inshore Great Barrier Reef. We examined the influence of algal cover and biomass, sedimentation, water flow, and temperature on seeding success after one year. Benthic communities at deployment sites ranged from coral to macroalgal dominated, yet site-level differences in survival were only detected for Acropora millepora on one device type. Coral survival and size were related to macroalgal biomass and/or cover (particularly Sargassum ), sedimentation, water temperature, and water flow, and the patterns were species specific. Overall, Montipora aequituberculata demonstrated higher survival than A. millepora and A. muricata, consistent with a previous deployment in the region. Higher survival was also observed in a side compared to an upward-facing orientation. Survival increased with the number of A. millepora spat on fixed devices and A. muricata spat on tethered devices, suggesting positive density-dependent effects. This study highlights the complex, taxa-dependent ways in which seeded coral survival is influenced by device design, pre-deployment spat number, and deployment environment.",YES,FROZEN_PUBLIC_FULL_TEXT_LOCATION,https://link.springer.com/content/pdf/10.1007/s00338-026-02843-w.pdf,VERIFIED_DOI_DOCUMENT,B04_TROPICAL_PHYSICAL_SEDIMENT_ANALOGUE,HIGH,"Tropical scleractinian corals: Acropora millepora, A. muricata, Montipora aequituberculata.","Sedimentation (along with water flow, temperature, and macroalgal biomass/cover) as an environmental variable influencing seeded coral performance.","Coral survival, growth/size, and seeding success after one year, with species-specific responses.","Tropical study directly measuring physical sediment exposure (sedimentation) and reporting biological responses (survival, growth) for corals, meeting B04 criteria.","This tropical coral seeding study in the Keppel Islands (Great Barrier Reef) explicitly investigates sedimentation as a predictor of coral survival and size. It qualifies under B04 because it directly evaluates physical sediment exposure and reports biological responses for multiple coral species at the organism level. The abstract clearly links sedimentation to seeding success, so exclusion is not warranted. Other pathways (deep/cold) do not apply. Confidence is high due to explicit mention of sedimentation effects in the abstract.",SPARING_TOP_25_TROPICAL_DIRECT_PHYSICAL_ANALOGUES,TBV1-1166
B,CWC-792395CF4241,IODP Expedition 307 drills cold-water coral mound along the Irish continental margin,T. Ferdelman; A. Kano; T. Williams,2006,,Review,10.2204/iodp.sd.2.02.2006,https://doi.org/10.2204/iodp.sd.2.02.2006,"Over the past decade, oceanographic and geophysical surveys along the slope of the Porcupine Seabight off the southwestern continental margin of Ireland have identified upwards of a thousand enigmatic mound-like structures (Figs. 1 and 2). The mounds of the Porcupine Seabight rise from the seafloor in water depths of 600-900 m and form impressive conical bodies several kilometers wide and up to 200 m high. Although a few mounds such as Thérèse Mound and Galway Mound are covered by a thriving thicket of coldwater corals, most mound tops and flanks are covered by dead coral rubble or are entirely buried by sediment (De Mol et al., 2002; Fig. 2, Beyer et al., 2003). Lophelia pertusa (Fig. 3) and Madrepora oculata are the most prominent cold-water corals growing without photosynthetic symbionts. The widespread discovery of large and numerous coral-bearing banks and the association of these corals with the mounds have generated significant interest as to the composition, origin and development of these mound structures. (internal control) (Hovland et al., 1998; Henriet et al., 2001). The oceanographic or environmental hypothesis states that the two most important conditions for stimulating mound development are (1) strong, nutrient-rich currents that provide suspended food to the filter-feeding corals, sweep the polyps clean of detritus and inhibit sediment burial, and (2) a stable substrate for settlement of coral larvae (Frederiksen et al., 1992). Strong bottom currents in the Belgica mound province, resulting from internal tidal wave effects at the boundary between Mediterranean Outflow Water and East North Atlantic Water, provide the suspended nutrients for filter-feeding cold-water corals.",YES,FROZEN_PUBLIC_FULL_TEXT_LOCATION,https://sd.copernicus.org/articles/2/11/2006/sd-2-11-2006.pdf,VERIFIED_DOI_DOCUMENT,B01_DEEP_COLD_SEDIMENT_EVIDENCE,HIGH,"Cold-water corals Lophelia pertusa and Madrepora oculata, associated with coral mounds in the Porcupine Seabight.",Sediment burial and sedimentary processes; the environmental hypothesis notes that currents sweep coral polyps clean of detritus and inhibit sediment burial.,Ecological condition: thriving thickets on some mounds vs dead coral rubble or burial by sediment on others; mound development and coral growth conditions.,"This is a deep/cold-water coral source with explicit sediment-related pathways (burial, inhibition via currents) and biological/ecological condition evidence, meeting B01.","The record is an IODP expedition report on cold-water coral mounds, explicitly discussing sediment burial and coral vitality. It identifies Lophelia pertusa and Madrepora oculata, notes that most mound tops are buried by sediment or covered in dead rubble, while others support thriving coral thickets, and links currents to preventing sediment burial. This clearly provides sediment-pathway evidence for deep/cold-water corals. It qualifies under B01, and also has review/assessment elements (B02), but B01 is more specific for the evidence provided. Exclusions do not apply. The document is substantive (expedition report, not a landing page). Confidence is high based on the abstract.",ALL_VERIFIED_CENTRAL_PEER_REVIEWED,TBV1-0019
B,CWC-1BEA68C735FE,Korallrev og andre bunnhabitater på Tautraryggen i Trondheimsfjorden,Pål Buhl‐Mortensen | Jan Helge Fosså,2001,Duo Research Archive (University of Oslo),report,,http://hdl.handle.net/11250/113679,"The Norwegian State Oil Company, Statoil, is planning a gas-pipeline in\nTrondheimsfjorden. The pipeline will cross a glacial sill containing important Lophelia\npertusa coral reefs. This cause some concern because deep-water coral reefs are highly\nsensitive for mechanical disturbance, grows slowly and are expected to need long\nrecovery time. For this reason one group of reefs on the ridge is already protected against human activities. However, only some parts of the ridge areas have been mapped and the present work reports additional mapping. Mapping of coral reefs and other bottom\nhabitats were concentrated to two potential pipeline corridors. In addition, a part of the ridge between the two alternative routes was studied. A ROV equipped with a video\nrecorder and a Van Veen grab were used. Grab samples were taken close to the reefs.\nNine main types of bottom habitats, including Lophelia reefs, were identified on the ridge. The diversity of species as documented on video is higher than on similar areas on the continental shelf. The diversity of species recorded in the grab samples was as expected for the investigated habitats. A potential pipeline route was found in an area of the ridge without reefs. On elevations and hard bottoms surrounding the potential pipeline track occurrences of sponges and gorgonian corals were documented. These species groups are also sensitive to mechanical disturbance such as anchoring of pipeline-laying vessels or heavy resuspension of sediments. NORSK SAMMENDRAG: Dypvannskorallrev av typen Lophelia pertusa er meget sårbare for mekanisk påvirkning.\nKorallene vokser sent og derfor vil skader ta lang tid på å leges. Statoil planlegger en\ngassrørledning fra Tjeldbergodden gjennom Trondheimsfjorden og inn til Skogn. En slik\nledning vil måtte krysse Tautraryggen hvor det finnes betydelige forekomster av\nkorallrev. Et stort korallrev ved Selligrunnen er fredet med status som midlertidig naturreservat. Bunnforholdene og forekomst av korallrev ble undersøkt i to potensielle traseområder. I tillegg ble en del av ryggen mellom de to trasealternativene undersøkt. Undersøkelsen er basert på analyser av video-opptak gjort med ROV (fjernstyrt miniubåt) og grabbprøver utenfor revene. Det ble dokumentert betydelige forekomster av Lophelia pertusa-korallrev og ni hovedtyper av bunnhabitater på Tautraryggen . Det biologiske mangfoldet dokumentert med videofilm er større enn på et tilsvarende areal på kontinentalsokkelen. Det biologiske mangfoldet i grabbprøvene var som forventet i de undersøkte habitatene. Det ble funnet en potensiell trase for en rørledning over ryggen hvor det ikke var korallrev. På topper og hardbunn rundt den potensielle traseen ble det dokumentert forekomster av store svamper og sjøtrær som også er sårbare for mekanisk påvirkning f.eks. oppankring av leggefartøy eller kraftig oppvirvling av sedimenter.",NO,NOT_CONFIRMED,,VERIFIED_BIBLIOGRAPHIC_DOCUMENT,B02_DEEP_COLD_REVIEW_ASSESSMENT,HIGH,"Lophelia pertusa coral reefs, large sponges, and gorgonian corals (sjøtrær) documented on Tautraryggen in Trondheimsfjorden.",Mechanical disturbance from pipeline-laying vessel anchoring and heavy resuspension of sediments associated with pipeline construction.,Assessment of coral and sponge sensitivity to mechanical disturbance and sediment resuspension; mapping of sensitive habitats to identify low-impact pipeline routes; identification of protected reef areas and diversity assessments.,"B02: Substantive report/assessment for a cold-water coral and sponge habitat with a direct sediment-impact focus (resuspension) and clear potential to inform impact, exposure, vulnerability, and mitigation for the planned pipeline.","This report is a substantive deep/cold-water coral and sponge assessment focused on potential impacts from a gas pipeline crossing Tautraryggen. The abstract explicitly mentions sensitivity of Lophelia pertusa reefs and sponge/gorgonian habitats to mechanical disturbance and heavy resuspension of sediments. It provides mapping, habitat classification, and impact-relevant context for pipeline routing, meeting Tier B pathway B02 as an assessment/monitoring report with direct sediment-impact relevance. Unlike a mere mapping or distribution study, it evaluates biological sensitivity and informs mitigation. It is preferable over CHAIN_ONLY because it contains direct sediment pathway and sensitivity evidence for target organisms. It is not B01 because its primary value is as an assessment report rather than direct empirical effects evidence, though it includes observational data.",ALL_VERIFIED_NON_TROPICAL_TIER_B_INCLUSIONS,TBV1-0150
B,CWC-92D16A3D3E94,Late Holocene calcium carbonate accumulation in a cold-water coral mound in the northern Bay of Biscay.,Evan Edinger | Jean‐François Bourillet | Lénàïck Menot,2024,,conference-abstract,10.5194/egusphere-egu24-4078,https://doi.org/10.5194/egusphere-egu24-4078,"Cold-water coral reefs and communities can be locally important calcium carbonate factories in continental shelf and slope environments.&#160; Cold-water coral mounds dominated by Desmophyllum pertusum (=Lophelia pertusa) occur within Bay of Biscay submarine canyons.&#160; Here we present a late Holocene record of coral carbonate accumulation through a colonial scleractinian coral mound in the 750-850 m depth range in Guilvinec Canyon, northern Bay of Biscay.&#160; Guilvinec Canyon, like most submarine canyons of the Bay of Biscay, is a dominantly siliciclastic sandy environment, with occasional coral gardens.&#160; Maximum live coral cover in the area surveyed in Guilvinec Canyon was about 9%, measured close to the site of the sediment core analyzed.A 2011 sediment core through the mound recovered 1.18 m of sediment, consisting of mostly siliciclastic silty sand and coral gravel, strongly dominated by Lophelia pertusa fragments.&#160;&#160; In addition to standard geophysical, grain size, and mineralogical analyses, the core was analyzed by CT-scan.&#160; The number of coral calices visible per cm3 was counted, and the core was subsampled for coral calice abundance and mass in 5 mm increments, calculating the number of calices and mass of coral carbonate skeletons per cm3 subsample.&#160; An age model from previous 14C and U/Th ages of coral fragments in the core yielded a long-term average coral carbonate accretion rate of 78 g CaCO3 m-2 y-1 over the past ~2150 y, divided into two phases: 40.8 g CaCO3 m-2 y-1 (from core-bottom to -59 cm, approximately 685 ybp), and 156.2 g CaCO3 m-2 y-1 in the upper half of the core. Coarse coral-dominated gravel in the core-catcher contained coral fragments approximately 7 ka in age, indicating a long hiatus before the renewal of coral growth at this site.&#160; Aragonite % in the fine sediment was not correlated with coral abundance in the core.&#160; A second core recovered nearby was composed of siliciclastic silty sand, but contained almost no coral fragments.&#160; The large variation between the two cores indicates high levels of local heterogeneity in sediment accumulation patterns, apparently much greater than the variation in live coral cover at the surface.Coral carbonate accumulation rates in Guilvinec Canyon were 1-2 orders of magnitude lower than coral carbonate accumulation estimates from Lophelia pertusa reefs on the Norwegian Margin. Nonetheless, coral carbonate accumulation rates in the core were an order of magnitude higher than Recent coral carbonate production rates based on ROV-video estimates of coral biomass and published growth rates.&#160; This difference may be attributable to time-averaging, local heterogeneity, changes in sedimentation or current regime, or to late-20th century decline in coral abundance resulting from a variety of anthropogenic pressures.&#160; Recent threats to Bay of Biscay cold-water coral reefs include increased sediment mobilization from bottom trawling near the heads of submarine canyons, rising seawater temperatures, and declining aragonite saturation.&#160; New field and lab experiments on coral growth rates and skeletal degradation may help to disentangle anthropogenic pressures and project the fate of Bay of Biscay cold-water coral reefs in the face of climate change and ocean acidification.",NO,NOT_CONFIRMED,,VERIFIED_DOI_DOCUMENT,B01_DEEP_COLD_SEDIMENT_EVIDENCE,HIGH,"Cold-water coral Desmophyllum pertusum (=Lophelia pertusa) in Guilvinec Canyon, Bay of Biscay.",Siliciclastic sedimentary environment; changes in sedimentation; increased sediment mobilization from bottom trawling.,"Coral carbonate accumulation rates (g CaCO3 m-2 y-1), live coral cover estimates, and sediment-core comparisons showing local heterogeneity; potential impacts of sediment mobilization discussed.","B01: Deep-sea cold-water coral source with explicit sediment pathway (sediment accumulation, changes in sedimentation, trawling-induced sediment mobilization) and ecological/condition evidence (carbonate accumulation, coral cover).","This conference abstract reports on a cold-water coral mound dominated by Desmophyllum pertusum. It directly addresses sediment accumulation patterns in a siliciclastic environment, noting high local heterogeneity and discussing increased sediment mobilization from bottom trawling as a threat. The record provides quantitative data on carbonate accumulation rates and coral cover, offering biological/ecological evidence relevant to sediment effects. This fits B01 as deep/cold sediment evidence, even though the response is indirect. It is not merely physical sedimentology or habitat mapping, as it includes biological metrics. The alternative CHAIN_ONLY would be inappropriate because the abstract itself contains substantive coral-sediment relevant evidence. Confidence is high given the explicit combination of organism, sediment pathway, and response indicators.",ALL_VERIFIED_NON_TROPICAL_TIER_B_INCLUSIONS,TBV1-0040
B,CWC-75A54516656C,"Long-term observations of a sponge in situ reveal a rich repertoire of contractile behaviors, including winter dormancy",DE Harrison | MS Diluvio | Eugueni Matveev | PVF Corrêa | FC De Leo | Sally P. Leys,2024,Marine Ecology Progress Series,article,10.3354/meps14694,https://doi.org/10.3354/meps14694,"Sponges are remarkably active animals with a range of behaviors that are broadly termed sneezes. Little is known about what triggers sneezes or how sneezes propagate in an animal that lacks either muscular or nervous systems. We explored the triggers of sponge behavior in situ in the demosponge Suberites concinnus . The placement of this tennis ball-sized sponge at the focal point of a camera array on an instrument platform in Barkley Sound, BC, Canada, provided a unique opportunity for our investigation. The observatory has a suite of environmental sensors measuring parameters such as photosynthetically active radiation (PAR), oxygen, turbidity, salinity, pressure, current speed, and temperature. An array of 8 cameras designed for 3D imaging was used to capture hourly images. Our findings revealed both long-term (annual) and short-term (daily) behaviors in S. concinnus . The sponge contracted for 2 mo each winter. In February, it gradually expanded and became very active with short-term full-body contractions each lasting 11 h through the summer. A meta-analysis of contraction behaviors in other species of sponge showed that contraction duration is a factor of sponge size and that all sponges contract faster than they expand. Invertebrates and fish were frequently in contact with the sponge, but no single interaction was found to correlate with patterns of sponge behavior. However, significant correlations between sponge behaviors and chlorophyll and turbidity were found using generalized additive mixed models. Our study underscores the dynamic nature of these sessile filter feeders and their responses to their environment.",NO,NOT_CONFIRMED,,VERIFIED_DOI_DOCUMENT,B01_DEEP_COLD_SEDIMENT_EVIDENCE,HIGH,"Demosponge Suberites concinnus studied in situ in Barkley Sound, BC, Canada; meta-analysis includes other sponge species.","Turbidity (suspended sediment proxy) measured by environmental sensors; also chlorophyll, but turbidity is the sediment-related pathway.",Sponge contractile behaviors including winter dormancy and daily full-body contractions; significant correlations with turbidity using generalized additive mixed models.,"The study provides evidence of a cold-water/temperate sponge responding to turbidity, a sediment pathway, making it eligible under B01 for deep/cold sediment evidence.","This article investigates behavioral responses of the sponge Suberites concinnus in Barkley Sound, Canada. Environmental sensors measured turbidity, a suspended-sediment pathway, and the authors found significant correlations between sponge contraction behaviors (including winter dormancy) and turbidity using GAMMs. The organism is a cold-water/temperate sponge, and the study provides direct evidence of behavioral response linked to turbidity. This fits B01 (deep/cold sediment evidence) because it involves a cold-water sponge with an explicit turbidity pathway and biological response, even though not a controlled experiment. The closest alternative B03 was considered, but that requires direct testing of a sediment-related exposure; this is observational, making B01 more appropriate. Exclusions for no coral/sponge or no sediment pathway do not apply.",ALL_VERIFIED_CENTRAL_PEER_REVIEWED,TBV1-0286
B,CWC-4CCE82DDB3F6,Mapping and Conservation of Cold-Water Corals in the Lacaze-Duthiers Canyon for Transboundary Management,Marie-Claire Fabri | JEANNE DREIDEMY | Claude Estournel | Sandrine Vaz | Noëmie Michez | Pere Puig | Franck Lartaud,2025,Mediterranean Marine Science,article,10.12681/mms.40914,https://doi.org/10.12681/mms.40914,"Cold-water coral habitats (Madrepora oculata and Desmophyllum pertusum) were mapped in the Lacaze-Duthiers Canyon, within the “Parc naturel marin du golfe du Lion” (northwestern Mediterranean), to support the creation of a strongly protected area for these vulnerable marine ecosystems (VME). The analyses are based on ROV data, high-resolution digital terrain models (5–10 m), hydrodynamic model simulations (currents, temperature, salinity from SYMPHONIE), and fishing pressure data derived from Vessel Monitoring System (VMS) and Automatic Identification System (AIS) fishing data. Habitat models indicate coral habitats are mainly on the western canyon flank (250 to 600 m depth). Desmophyllum pertusum predominantly colonizes gentle slopes at cliff bases, while M. oculata is found on steeper slopes, and the eastern flank. Some western flank areas support both species. Direct impacts from fishing activities, including lost longlines and nets entangled with corals, were observed. In addition, bottom trawling at the continental shelf edge induces sediment resuspension, potentially smothering the underlying coral ecosystems in the canyon. This study recommends enhancing fishing activity monitoring by increasing VMS positioning transmission frequency across European countries and facilitating the combination of VMS and AIS data to derive higher-resolution fishing effort and footprint assessments. Protection should prioritize canyon flanks and the surrounding continental shelf, not just the canyon itself, to mitigate fishing pressure. Tailored management measures are needed for sensitive habitats. Creating a strongly protected area will require crossborder cooperation (France, Spain) to ensure the effective conservation of these fragile ecosystems.",YES,FROZEN_PUBLIC_FULL_TEXT_LOCATION,https://ejournals.epublishing.ekt.gr/index.php/hcmr-med-mar-sc/article/download/40914/30615,VERIFIED_DOI_DOCUMENT,B01_DEEP_COLD_SEDIMENT_EVIDENCE,HIGH,Cold-water corals Madrepora oculata and Desmophyllum pertusum mapped in Lacaze-Duthiers Canyon.,"Sediment resuspension from bottom trawling at the continental shelf edge, potentially smothering coral ecosystems; also direct fishing gear entanglement.",Habitat mapping and conservation assessment; observed fishing impacts including lost longlines and nets entangled with corals; potential smothering of coral habitats by trawl-induced sediment resuspension; management and protection recommendations.,Deep/cold-water coral study with explicit sediment pathway (trawling-induced resuspension/smothering) and impact/management assessment for coral habitats.,"The record describes a mapping and conservation assessment of cold-water coral habitats (Madrepora oculata and Desmophyllum pertusum) in Lacaze-Duthiers Canyon. It explicitly identifies bottom trawling-induced sediment resuspension on the continental shelf edge as a potential smothering threat to underlying coral ecosystems, and reports direct fishing impacts such as entangled lost gear. This provides organism-specific deep/cold coral evidence tied to a sediment-related pathway (resuspension/smothering) and associated impact/management assessment, meeting B01_DEEP_COLD_SEDIMENT_EVIDENCE. The closest alternative would be B02, but the sediment pathway is explicitly linked to impacts in the abstract, making B01 more precise. Exclusion is not warranted because the sediment pathway is relevant to the conservation rationale and includes observed and potential ecological effects.",ALL_VERIFIED_CENTRAL_PEER_REVIEWED,TBV1-0083
B,CWC-DEC36A45162C,Mechanisms of damage to corals exposed to sedimentation,Miriam Weber | Dirk de Beer | Christian Lott | Lùbos Polerecký | Katharina Kohls | Raeid M. M. Abed | Timothy G. Ferdelman | Katharina Fabricius,2012,Proceedings of the National Academy of Sciences,article,10.1073/pnas.1100715109,https://doi.org/10.1073/pnas.1100715109,"We investigated the mechanisms leading to rapid death of corals when exposed to runoff and resuspended sediments, postulating that the killing was microbially mediated. Microsensor measurements were conducted in mesocosm experiments and in naturally accumulated sediment on corals. In organic-rich, but not in organic-poor sediment, pH and oxygen started to decrease as soon as the sediment accumulated on the coral. Organic-rich sediments caused tissue degradation within 1 d, whereas organic-poor sediments had no effect after 6 d. In the harmful organic-rich sediment, hydrogen sulfide concentrations were low initially but increased progressively because of the degradation of coral mucus and dead tissue. Dark incubations of corals showed that separate exposures to darkness, anoxia, and low pH did not cause mortality within 4 d. However, the combination of anoxia and low pH led to colony death within 24 h. When hydrogen sulfide was added after 12 h of anoxia and low pH, colonies died after an additional 3 h. We suggest that sedimentation kills corals through microbial processes triggered by the organic matter in the sediments, namely respiration and presumably fermentation and desulfurylation of products from tissue degradation. First, increased microbial respiration results in reduced O(2) and pH, initiating tissue degradation. Subsequently, the hydrogen sulfide formed by bacterial decomposition of coral tissue and mucus diffuses to the neighboring tissues, accelerating the spread of colony mortality. Our data suggest that the organic enrichment of coastal sediments is a key process in the degradation of coral reefs exposed to terrestrial runoff.",YES,FROZEN_PUBLIC_FULL_TEXT_LOCATION,https://www.pnas.org/content/pnas/109/24/E1558.full.pdf,VERIFIED_DOI_DOCUMENT,B04_TROPICAL_PHYSICAL_SEDIMENT_ANALOGUE,HIGH,Tropical corals (coral colonies) exposed to simulated runoff and resuspended sediments.,"Sedimentation with organic-rich and organic-poor sediments; anoxia, low pH, hydrogen sulfide; terrestrial runoff.","Rapid tissue degradation and colony mortality with organic-rich sediment; no effect with organic-poor sediment; death within 24 h under combined anoxia and low pH, faster when sulfide added.",Direct experimental mesocosm testing of sediment exposure on tropical corals with clear mortality and tissue-degradation responses; fits B04 tropical physical sediment analogue.,"This article experimentally tests sedimentation on tropical corals in mesocosms, directly satisfying B04 (tropical physical sediment analogue) by measuring mortality and tissue degradation in response to organic-rich versus organic-poor sediments. The stressor pathway is explicit (sediment accumulation, anoxia, low pH, sulfide), and responses are clearly biological. The closest alternative would be B01 if the corals were deep-sea/cold-water, but the abstract references coral reefs and terrestrial runoff, indicating tropical/warm-water settings. B03 is not applicable because the organisms are tropical rather than temperate/polar/mesophotic. The document is a substantive primary research article, and the abstract contains sufficient evidence for inclusion.",SPARING_TOP_25_TROPICAL_DIRECT_PHYSICAL_ANALOGUES,TBV1-1034
B,CWC-1232E9ACE3BB,Metabolic responses of a phototrophic sponge to sedimentation supports transitions to sponge-dominated reefs,Andrew Biggerstaff | David J. Smith | Jamaluddin Jompa | James J. Bell,2017,Scientific Reports,article,10.1038/s41598-017-03018-y,https://doi.org/10.1038/s41598-017-03018-y,"Declines in coral abundance have been linked to increased sedimentation at many locations across the world and at some of these locations there have been subsequent increases in sponge abundance. These shifts appear counterintuitive as sponges are suspension feeders and many rely on photosymbionts for carbon. At a sedimented reef in Indonesia (Wakatobi) corals have declined and the photoautotrophic sponge Lamellodysidea herbacea is now abundant. We hypothesise that this is partly due to L. herbacea's ability to clear its tissues of high levels of settled-sediment and compensate for associated metabolic demands by altering its respiration rate. Negligible detrimental effects to sponge tissue were observed after treatments up to five times the sedimentation rate of the highly sedimented reef. Rapid sediment clearance occurred that was potentially aided by mucus production. Finally, high sediment exposure caused an immediate reduction in respiration rate, likely due to reduced pumping to prevent clogging, whereas sustained high sedimentation caused an increase in respiration rate, potentially due to the energetic cost of mucus production. Our study provides evidence that some sponges can tolerate environments that appear unsuitable to many corals and with increased sedimentation this acclimation may support further transitions to sponge dominated reefs in the future.",YES,FROZEN_PUBLIC_FULL_TEXT_LOCATION,https://www.nature.com/articles/s41598-017-03018-y.pdf,VERIFIED_DOI_DOCUMENT,B04_TROPICAL_PHYSICAL_SEDIMENT_ANALOGUE,HIGH,"Phototrophic sponge Lamellodysidea herbacea from a sedimented tropical reef (Wakatobi, Indonesia); coral-to-sponge community shift context.","Controlled sedimentation treatments up to five times the sedimentation rate of a highly sedimented reef; settled sediment, sediment clearance, mucus production, and clogging-related pump reduction.","Tissue condition, rapid sediment clearance, mucus production, immediate respiration rate reduction, sustained high sedimentation respiration increase, negligible detrimental tissue effects, and inferred acclimation supporting sponge dominance.","Tropical sponge study directly experimentally testing physical sediment exposure (sedimentation) and reporting clearly relevant biological responses (clearance, respiration, mucus production, tissue effects), meeting B04.","This article directly tests the effect of sedimentation on a tropical sponge (Lamellodysidea herbacea) and reports multiple relevant responses: efficient sediment clearance, mucus production, altered respiration, and negligible tissue damage. The stressor is explicitly physical sediment exposure, and the response is biological and condition-related. This meets the B04 tropical physical sediment analogue pathway. The closest alternative would be exclusion for lack of coral evidence, but sponge evidence is explicitly in scope. Another alternative is B03, but the study is tropical, not non-tropical. The abstract contains sufficient detail for a high-confidence inclusion.",SPARING_TOP_25_TROPICAL_DIRECT_PHYSICAL_ANALOGUES,TBV1-1174
B,CWC-D33D3419276D,Modelling the Dispersion of Seafloor Massive Sulphide Mining Plumes in the Mid Atlantic Ridge Around the Azores,Telmo Morato | Manuela Juliano | Christopher K. Pham | Marina Carreiro‐Silva | Inês Martins | Ana Colaço,2022,Frontiers in Marine Science,article,10.3389/fmars.2022.910940,https://doi.org/10.3389/fmars.2022.910940,"It is increasingly recognised that deep-sea mining of seafloor massive sulphides (SMS) could become an important source of mineral resources. These operations will remove the targeted substrate and produce potentially toxic plumes from in situ seabed excavation and from the return water pumped back down to the seafloor. However, the spatial extent of the impact of deep-sea mining is still uncertain because few field experiments and models of plume dispersion have been conducted. In this study, we used three-dimensional hydrodynamic models of the Azores region together with a theoretical commercial mining operation of polymetallic SMS to simulate the potential dispersal of plumes originating from different phases of mining operations, and to assess the magnitude of potential impacts. Although the model simulations presented here were subject to many caveats, they did reveal some important patterns. The model projected marked differences among sites making generalisations about plume-dispersal patterns in mid-ocean ridges difficult. Nevertheless, the models predicted large horizontal and vertical plume-dispersals above the thresholds adopted. Persistent plumes (temporal frequency &gt;50%, i.e., 6 months out of 12 months) were projected to disperse an average linear distance of 10 to 20 km, cover an area of 17 to 150 km2, and extend more than 800 m in the water column. In fact, the model projected that plumes may disperse beyond the licensed mining areas, reach the flanks and summits of nearby topographic features, and extend into the bathypelagic, mesopelagic, and epipelagic environments. Modelled plume-dispersal overlaps with the predicted distribution of cold-water corals and with existing fishing activities. These potential impacts would be of particular concern in regions such as the Azores, where local populations are highly dependent on the sea for their livelihoods. The findings of this study are an important initial step towards understanding the nature and magnitude of deep-sea mining impacts in space and time.",YES,FROZEN_PUBLIC_FULL_TEXT_LOCATION,https://www.frontiersin.org/articles/10.3389/fmars.2022.910940/pdf,VERIFIED_DOI_DOCUMENT,B01_DEEP_COLD_SEDIMENT_EVIDENCE,HIGH,Cold-water corals (predicted distribution mentioned),"Deep-sea mining plumes from seafloor massive sulphide excavation and return water, involving suspended particles and potential deposition/dispersal",Modelled plume dispersal overlaps with predicted cold-water coral distribution; assesses magnitude of potential impacts on these corals,B01_DEEP_COLD_SEDIMENT_EVIDENCE: Deep-sea/cold-water coral source with explicit sediment/plume pathway and impact evidence via overlap of modelled plumes with coral distribution.,"This record models the dispersion of deep-sea mining plumes (a sediment/suspended-particle pathway) and explicitly assesses overlap with predicted cold-water coral distribution, providing indirect impact evidence. It meets Tier B pathway B01, as it concerns a deep/cold coral source with a sediment-related stressor and ecological impact assessment, even though the response is modelled rather than measured. It is preferable to B02 because it is a modelling study rather than a review/assessment report, though it also has assessment qualities. Exclusion reasons do not apply: it is not merely physical plume modelling because it links to coral distribution and potential impacts. It is a substantive article, not a discovery webpage.",ALL_VERIFIED_CENTRAL_PEER_REVIEWED,TBV1-0122
B,CWC-C0316A6DD2D3,Molecular and functional bases of coordination in early branching metazoans – insights from physiology and investigations of potassium channels in the Porifera,Tompkins MacDonald,2010,University of Alberta Library,dissertation,10.7939/r34q4v,https://doi.org/10.7939/r34q4v,"Sponges are filter feeders that lack nerves and muscle but are nonetheless able to respond to changes in the ambient environment to control their feeding current. Cellular sponges undergo coordinated contractions that effectively expel debris. Syncytial sponges propagate action potentials through their tissue, causing immediate flagellar arrest. Understanding the basis of this coordination in sponges is of interest for the insight it provides on mechanisms of coordination in early branching animals. However, when I began this thesis no ion channels had been described from the Porifera. I adopted a multifaceted approach to studying the conduction system of sponges. This included cloning and characterizing potassium channels as a means to understanding the underlying ionic currents, and monitoring regulation of the sponge feeding current in response to environmental stimuli. The latter experiments provided a functional context. The glass sponges Rhabdocalyptus dawsoni and Aphrocallistes vastus arrest feeding in response to mechanical disturbance and to sediment in the incurrent water – suggesting a protective role. Monitoring patterns of feeding current arrests also revealed several features of the glass sponge conduction system: pacemaker activity, mechanosensitivity, distinct excitability thresholds, and tolerance to repeated stimuli. With access to the genome of the demosponge Amphimedon queenslandica I have also cloned and characterized the first sponge ion channels. Inward rectifier potassium (Kir) channels were prioritized for their role in regulating excitability. Kir channels cloned from A. queenslandica shared critical residues and a strong rectifying phenotype with Kir channels typically expressed in excitable cells. A variety of potassium channels from A. queenslandica indicate great diversity and a foundation for coordination at the dawn of the Metazoa",NO,NOT_CONFIRMED,,VERIFIED_DOI_DOCUMENT,B01_DEEP_COLD_SEDIMENT_EVIDENCE,HIGH,"Sponges (Porifera), specifically the glass sponges Rhabdocalyptus dawsoni and Aphrocallistes vastus, and the demosponge Amphimedon queenslandica.","Sediment in the incurrent water, as well as mechanical disturbance, causing feeding arrest.","Feeding current arrest, coordinated contractions, and flagellar arrest; the thesis provides evidence that sediment exposure triggers a protective feeding arrest response and examines the physiological basis of coordination.",This dissertation provides explicit biological evidence of a sediment-related pathway (sediment in incurrent water) causing a relevant response (feeding arrest) in cold-water/deep-sea glass sponges. It meets the B01 criterion for a deep/cold sponge source with an explicit sediment pathway and biological impact evidence.,"The abstract clearly identifies deep/cold-water glass sponges responding to sediment with feeding arrest, a biologically relevant response to a sediment stressor. This is a substantive doctoral dissertation, not a discovery page or non-substantive record. The closest alternative would be B03 (non-tropical direct mechanism), but B01 is more specific because the species are deep/cold-water sponges and the evidence is explicitly sediment-related. Exclusions do not apply, as coral/sponge evidence and sediment pathway are both present and clearly evaluated.",ALL_VERIFIED_NON_TROPICAL_TIER_B_INCLUSIONS,TBV1-0178
B,SUPP-SSV3-008,Monitoring of Drilling Activities in Areas with Presence of Cold Water Corals,Det Norske Veritas,2013,"Norsk Olje og Gass, Report 2012-1691 / 12NCQKD-2, Rev. 01",industry guideline,,https://www.offshorenorge.no/contentassets/13d5d06ec9464156b2272551f0740db0/monitoring-of-drilling-activities---areas-with-cold-water-corals.pdf,"Guideline for monitoring drilling around cold-water coral occurrences. It discusses drill-cutting deposition, particle exposure, coral-survey distances and condition categories, and mitigation/monitoring, but may rely on cited literature rather than report a new biological response study.",YES,PUBLIC_FULL_DOCUMENT_LOCATION,https://www.offshorenorge.no/contentassets/13d5d06ec9464156b2272551f0740db0/monitoring-of-drilling-activities---areas-with-cold-water-corals.pdf,VERIFIED_DIRECT_DOCUMENT_URL,B02_DEEP_COLD_REVIEW_ASSESSMENT,HIGH,Cold-water corals are the explicit target organism of the guideline.,Drill-cutting deposition and particle exposure from drilling activities are explicitly discussed as stressors.,"Provides monitoring guidance, coral-survey distances, condition categories, and mitigation/monitoring approaches.","Substantive industry guideline/report focused on monitoring drilling impacts on cold-water corals, directly relevant to sediment-impact assessment and mitigation.","This document is an identifiable substantive industry guideline (DNV report) specifically addressing monitoring of drilling activities near cold-water corals. The abstract explicitly mentions drill-cutting deposition and particle exposure as sediment pathways, and discusses coral-survey distances, condition categories, and mitigation/monitoring. This meets B02_DEEP_COLD_REVIEW_ASSESSMENT because it is a substantive report with a direct sediment-impact focus and clear potential to inform effects, exposure, thresholds, vulnerability, mitigation, or recovery. It is not merely a search page or news item. The closest alternative would be CHAIN_ONLY, but it is not needed because the record itself has clear Tier B content.",ALL_VERIFIED_NON_TROPICAL_TIER_B_INCLUSIONS,TBV1-0406
B,CWC-9BFC61A48726,Monitoring strategies for drill cutting discharge in the vicinity of cold-water coral ecosystems,Autun Purser | Laurenz Thomsen,2012,Marine Pollution Bulletin,article,10.1016/j.marpolbul.2012.08.003,https://doi.org/10.1016/j.marpolbul.2012.08.003,"Cold-water coral reefs represent some of the most biodiverse and biomass rich ecosystems in the marine environment. Despite this, ecosystem functioning is still poorly understood and the susceptibility of key species to anthropogenic activities and pollutants is unknown. In European waters, cold-water corals are often found in greatest abundance on the continental margin, often in regions rich in hydrocarbon reserves. In this viewpoint paper we discuss some of the current strategies employed in predicting and minimizing exposure of cold-water coral reef ecosystems on the Norwegian margin to waste materials produced during offshore drilling operations by the oil and gas industry. In the light of recent in situ and experimental research conducted with the key reef species Lophelia pertusa, we present some possible improvements to these strategies which may be utilized by industry and managers to further reduce the likelihood of exposure. We further highlight important outstanding research questions in this field. (C) 2012 Elsevier Ltd. All rights reserved.",NO,NOT_CONFIRMED,,VERIFIED_DOI_DOCUMENT,B02_DEEP_COLD_REVIEW_ASSESSMENT,HIGH,Cold-water coral Lophelia pertusa,"Drill cutting discharge, drilling waste materials, potential sediment exposure",Monitoring strategies to predict/minimize exposure; discussion of recent in situ and experimental research; research questions on susceptibility,"A substantive viewpoint/review paper focused on monitoring strategies for drill cutting discharge near cold-water coral ecosystems, explicitly addressing exposure minimization and research needs for Lophelia pertusa.","This is a substantive viewpoint paper that directly addresses sediment-related impacts from drill cuttings on cold-water corals, specifically Lophelia pertusa. It reviews monitoring strategies and recent research, providing assessment-level information on exposure prediction and minimization. This fits B02 (deep/cold review/assessment) more than B01 because it is a procedural/review discussion rather than direct experimental evidence. The stressor is explicit (drill cutting discharge), the organism is explicit, and the assessment value is clear. No exclusion criteria apply. Confidence is high based on the abstract's explicit content.",ALL_VERIFIED_CENTRAL_PEER_REVIEWED,TBV1-0020
B,CWC-8F20D43C1795,Monitoring Strategies of Suspended Matter after Natural and Deep-Sea Mining Disturbances,Sabine Haalboom,2024,,dissertation,10.33540/2217,https://doi.org/10.33540/2217,"The world’s oceans are increasingly under pressure from human activities, leading to warming and acidification of ocean waters, overexploitation of living resources, and uncontrolled dispersion of plastic litter and other pollutants. The advance of deep-sea mining poses yet another threat, especially to the unique, vulnerable, and largely unknown deep-sea life. The excavation of metal-rich mineral deposits from the deep-sea bed will not only remove hard substrate which deep-sea fauna like sponges and corals need for settlement; it will also produce sediment plumes which will be dispersed by currents, and which are expected to affect deep-sea life over a much wider area than the actually mined area. If deep-sea mining will be given green light, strict monitoring of these sediment plumes will be needed to ensure that the dispersal of sediment plumes and concentrations of suspended particulate matter (SPM) therein will not exceed prescribed thresholds. In my PhD research I have explored strategies for effective monitoring of sediment plumes produced by deep-sea mining, with a focus on different sensor types that can be used for measuring SPM and how these sensors can best be deployed in monitoring. Field experiments in which the performance of commonly used turbidity sensors was tested in different setups and were carried out in the Whittard Canyon and the Rainbow hydrothermal vent field in the Atlantic Ocean, where enhanced suspended particle concentrations occur naturally, thereby serving as “natural laboratories”, and in the Mediterranean Sea offshore southern Spain and the Clarion-Clipperton Zone in the Pacific Ocean, where sediment plumes were produced artificially.",YES,FROZEN_PUBLIC_FULL_TEXT_LOCATION,https://dspace.library.uu.nl/bitstream/handle/1874/452185/20240507%20-%20thesis%20sabine%20haalboom%20%20cover%20-%20663e7dd31ec17.pdf?sequence=1&isAllowed=y,VERIFIED_DOI_DOCUMENT,B02_DEEP_COLD_REVIEW_ASSESSMENT,HIGH,Explicitly mentions deep-sea fauna like sponges and corals that need hard substrate for settlement and are expected to be affected by sediment plumes from deep-sea mining.,"Sediment plumes and suspended particulate matter (SPM) from deep-sea mining and natural disturbances, including field experiments in natural and artificially produced plume settings.","The thesis focuses on monitoring sediment plumes to ensure SPM concentrations do not exceed prescribed thresholds, providing assessment/monitoring evidence for deep-sea life. Includes sensor performance tests in relevant deep-sea environments.",B02_DEEP_COLD_REVIEW_ASSESSMENT: A substantive PhD dissertation with direct sediment-impact focus on monitoring and threshold assessment for deep-sea mining plumes relevant to corals and sponges.,"This is a PhD dissertation directly addressing monitoring strategies for suspended particulate matter after deep-sea mining disturbances. It explicitly identifies sponges and corals as deep-sea fauna requiring hard substrate and likely to be affected by sediment plumes. The work includes field experiments on turbidity sensors in natural and artificial plume settings and discusses thresholds for SPM concentrations. This qualifies as a substantive assessment/monitoring document with direct sediment-impact relevance under B02. The alternative B01 also applies, but B02 is a better fit because the document is a thesis specifically designed to inform monitoring and regulatory thresholds.",ALL_VERIFIED_NON_TROPICAL_TIER_B_INCLUSIONS,TBV1-1451
B,CWC-6098F4271A67,Mushroom corals overcome live burial through pulsed inflation,Pim Bongaerts | Bert W. Hoeksema | Kyra B. Hay | Ove Hoegh‐Guldberg,2012,Coral Reefs,article,10.1007/s00338-011-0862-z,https://doi.org/10.1007/s00338-011-0862-z,"# Mushroom corals overcome live burial through pulsed inflation. Fungiid corals appear to be an exception, as they can remove sediments through substantial polyp inflation (up to five times their normal size) in addition to mucus entanglement and ciliary action (Schuhmacher 1977 Ability in fungiid corals to overcome sedimentation. Proc 3rd Int Coral Reef Symp 1:503–509"")). Using time-lapse photography (speeding up time 300×), we observed that this inflation occurs in rhythmic pulses (Fig. 1), allowing corals to completely exhume themselves after becoming covered in sand. Specimens of *Lobactis",YES,FROZEN_PUBLIC_FULL_TEXT_LOCATION,https://link.springer.com/content/pdf/10.1007/s00338-011-0862-z.pdf,VERIFIED_DOI_DOCUMENT,B04_TROPICAL_PHYSICAL_SEDIMENT_ANALOGUE,HIGH,"Mushroom corals (Fungiidae), specifically Lobactis",Live burial in sand; physical sediment exposure and smothering,"Pulsed polyp inflation up to five times normal size, allowing complete self-exhumation after burial; behavior relevant to sediment clearing and recovery","Tropical coral study directly observing and documenting a biological response to physical sediment burial (pulsed inflation and exhumation), meeting B04 as a direct sediment analogue with a clearly relevant response.","This article reports direct observations of mushroom corals (Lobactis) using rhythmic, substantial inflation to shed sand and fully exhume themselves after being buried. The stressor is explicit physical sediment burial, and the response is a behavioral/physiological mechanism facilitating survival and recovery. Because the corals are tropical and the study experimentally/observationally tests sediment exposure with a relevant biological response, it qualifies under B04. It is not merely a mention of sediment; the entire focus is the burial response. No other exclusion applies.",SPARING_TOP_25_TROPICAL_DIRECT_PHYSICAL_ANALOGUES,TBV1-0171
B,CWC-FA6A2B921E3D,"Near-bed particle deposition and resuspension in a cold-water coral mound area at the Southwest Rockall Trough margin, NE Atlantic",Furu Mienis | Henko de Stigter | H. de Haas | Tj.C.E. van Weering,2009,Deep Sea Research Part I Oceanographic Research Papers,article,10.1016/j.dsr.2009.01.006,https://doi.org/10.1016/j.dsr.2009.01.006,"Cold-water coral reefs and mounds are observed mainly on slopes and topographic highs, in areas with high current speeds. Previous investigations of the near-bed hydrodynamic regime around cold-water coral mounds at the Southwest Rockall Trough margin have revealed the presence of internal waves with a diurnal tidal frequency. Hitherto only short-term measurements existed on the particle supply to the corals and data are lacking on the seasonal variability. Bottom landers equipped with sensors recording near-bottom current dynamics were deployed at two sites in a mound area on the Southwest Rockall Trough margin, one with a dense coral cover and one without coral cover. At both sites a similar seasonal variation in internal-wave activity was recorded with high activity during winter and summer months and less dynamic conditions in spring and autumn. Increased intensity of internal-wave activity, reflected in higher average near-bottom current speed and amplitude of daily temperature fluctuations, results in higher mass fluxes as recorded in the sediment traps. On the site without coral cover, mass fluxes are two times higher, compared to the site with dense coral cover. During periods of high mass fluxes a predominance of resuspended material was observed at both sites, as indicated by reduced Pb-210 activity and low organic matter concentrations. The flux of resuspended material largely masked the primary pelagic signal. However, low delta N-15 values in early spring and summer marked the arrival of fresh particles on both sites. A dense coral framework, baffling a large amount of particles settling between the coral branches, results in differences in particle flux, chemical composition and freshness of the trapped material. On the long term the presence of a coral framework plays a crucial role in the build-up of cold-water coral mounds. (C) 2009 Elsevier Ltd. All rights reserved.",NO,NOT_CONFIRMED,,VERIFIED_DOI_DOCUMENT,B01_DEEP_COLD_SEDIMENT_EVIDENCE,HIGH,Cold-water corals (framework-forming) at a mound area in the Southwest Rockall Trough margin; sites with dense coral cover vs no coral cover.,"Near-bed particle deposition and resuspension, increased internal-wave activity, higher mass fluxes, predominance of resuspended material.","Ecological evidence of coral framework baffling settling particles and influencing particle flux, chemical composition, and mound build-up; no direct physiological coral response reported.","Explicit deep-sea cold-water coral setting with sediment deposition/resuspension pathway and ecological evidence of sediment trapping and mound development, meeting B01.","This is a substantive study of near-bed sediment dynamics at a cold-water coral mound area. It describes a clear sediment pathway (deposition and resuspension) and provides ecological evidence: the presence of a coral framework influences particle trapping, flux, and mound build-up. While it does not measure a classic stress response (e.g., growth or mortality), the ecological interactions between corals and sediment qualify under B01's broad 'biological or ecological evidence' criterion. It is not merely a physical transport study because it explicitly compares coral-covered and bare sites and discusses the coral framework's role in sediment baffling. The alternative CHAIN_ONLY would be inappropriate because the abstract contains direct coral-sediment content. Therefore, Tier B include is justified.",ALL_VERIFIED_CENTRAL_PEER_REVIEWED,TBV1-0058
B,CWC-ECD90E3C96E1,A new laboratory method for monitoring deep-water coral polyp behaviour,J. Murray Roberts | Robert Anderson,2002,Hydrobiologia,article,10.1023/a:1016513607002,https://doi.org/10.1023/a:1016513607002,"Deep-water corals are found along the oceanic margins world-wide and in the north east Atlantic the most abundant species is Lophelia pertusa (L.). There is now growing evidence that deep-water reefs formed by such species are coming under increasing pressures from resource exploitation, principally deep-sea trawling and hydrocarbon exploration. Here a novel and unobtrusive method of recording deep-water coral behaviour in the laboratory is described using time-lapse video to record silhouettes of the polyps under infrared illumination. The polyps of L. pertusa behaved asynchronously and did not show any clear diurnal patterns over a three-day observation period. Conceptually, sessile benthic suspension feeders appear to be vulnerable to smothering by sediments disturbed by bottom trawls or sub-seabed drilling. This method allows deep-water coral polyp behaviour to be continuously monitored in the laboratory and, therefore, the responses of coral polyps to environmental perturbations such as sedimentation can be recorded. Further work is necessary to resolve the sensitivity of deep-water corals to short-term environmental change and the combined approach of in situ monitoring and subsequent laboratory experimentation has great potential to address these issues.",NO,NOT_CONFIRMED,,VERIFIED_DOI_DOCUMENT,B01_DEEP_COLD_SEDIMENT_EVIDENCE,MEDIUM,"Lophelia pertusa, a deep-water (cold-water) coral",Sedimentation/smothering by sediments disturbed by bottom trawling or sub-seabed drilling,Laboratory time-lapse video method to record polyp behaviour; concept that deep-water corals are vulnerable to smothering; method designed to record responses to environmental perturbations such as sedimentation,B01_DEEP_COLD_SEDIMENT_EVIDENCE,"Deep-water coral Lophelia pertusa; sediment smothering pathway from bottom trawls or sub-seabed drilling is explicitly identified. The paper presents a time-lapse infrared video method to continuously monitor polyp behaviour, intended to record responses to sedimentation in the laboratory. This supplies monitoring evidence and directly supports future sediment-impact testing. It qualifies under B01_DEEP_COLD_SEDIMENT_EVIDENCE because the source is a deep/cold coral with an explicit sediment pathway and a monitoring/behavioural response framework. Excluded alternatives: EXCLUDE is inappropriate because the sediment–coral linkage is substantive; CHAIN_ONLY would undervalue the explicit methodological contribution to sediment-response monitoring.",ALL_VERIFIED_CENTRAL_PEER_REVIEWED,TBV1-0030
B,GLV4-C8E6184886E3,Norway's integrated ocean management plans,,,regjeringen.no,report,,https://www.regjeringen.no/contentassets/9c72daf967d54641bcc1fe7793a85659/en-gb/pdfs/stm202320240021000engpdfs.pdf,"108 Meld. St. 21 (2023–2024) Report to the Storting (white paper) 2023–2024 Norway’s integrated ocean management plans Petroleum activity can put pressure on vulner­ able benthic fauna such as corals and sponges, for example through deposition of drill cuttings. Corals and other benthic fauna can also be dam­ aged when pipes and cables are laid and anchor chains and other installations are placed on the seabed. Operators are therefore required to sur­ vey any coral reefs and other valuable benthic communities that may be affected by petroleum activities and ensure that they are not damaged. [.",YES,PUBLIC_FULL_DOCUMENT_LOCATION,https://www.regjeringen.no/contentassets/9c72daf967d54641bcc1fe7793a85659/en-gb/pdfs/stm202320240021000engpdfs.pdf,VERIFIED_DIRECT_DOCUMENT_URL,B02_DEEP_COLD_REVIEW_ASSESSMENT,HIGH,Deep-sea/cold-water corals and sponges are explicitly named as vulnerable benthic fauna potentially affected by petroleum activities in Norway's ocean management areas.,Explicit sediment-related pathway: deposition of drill cuttings; also physical disturbance from pipes/cables/anchor chains.,A regulatory/management assessment requiring operators to survey coral reefs and valuable benthic communities and ensure they are not damaged; indicates prevention/mitigation focus.,"Substantive government white paper (Report to the Storting) on integrated ocean management with direct sediment-impact focus on corals and sponges, fitting B02_DEEP_COLD_REVIEW_ASSESSMENT as a regulatory assessment with potential to inform effects, exposure, thresholds, and mitigation.","This is a Norwegian government white paper on integrated ocean management plans that explicitly addresses petroleum pressure on vulnerable benthic fauna, including corals and sponges, with an example pathway of drill cuttings deposition. It represents a substantive regulatory assessment/report with a direct sediment-impact focus and clear management implications (surveys to protect valuable benthic communities). The document is deep/cold in context (Norwegian ocean management covering cold-water coral habitats). It qualifies under B02_DEEP_COLD_REVIEW_ASSESSMENT rather than B01 because it is not primary experimental or monitoring evidence of organism response, but a synthesized assessment. It should not be excluded because the sediment pathway (drill cuttings) and target organisms (corals/sponges) are explicit, and the report provides assessment and mitigation value relevant to the review.",ALL_VERIFIED_NON_TROPICAL_TIER_B_INCLUSIONS,TBV1-0750
B,CWC-9E8E769BB6C1,Nutrient and sediment loading affect multiple facets of coral functionality in a tropical branching coral,Danielle M. Becker | Nyssa J. Silbiger,2020,Journal of Experimental Biology,article,10.1242/jeb.225045,https://doi.org/10.1242/jeb.225045,"ABSTRACT Coral reefs, one of the most diverse ecosystems in the world, face increasing pressures from global and local anthropogenic stressors. Therefore, a better understanding of the ecological ramifications of warming and land-based inputs (e.g. sedimentation and nutrient loading) on coral reef ecosystems is necessary. In this study, we measured how a natural nutrient and sedimentation gradient affected multiple facets of coral functionality, including endosymbiont and coral host response variables, holobiont metabolic responses and percent cover of Pocillopora acuta colonies in Mo′orea, French Polynesia. We used thermal performance curves to quantify the relationship between metabolic rates and temperature along the environmental gradient. We found that algal endosymbiont percent nitrogen content, endosymbiont densities and total chlorophyll a content increased with nutrient input, while endosymbiont nitrogen content per cell decreased, likely representing competition among the algal endosymbionts. Nutrient and sediment loading decreased coral metabolic responses to thermal stress in terms of their thermal performance and metabolic rate processes. The acute thermal optimum for dark respiration decreased, along with the maximal performance for gross photosynthetic and calcification rates. Gross photosynthetic and calcification rates normalized to a reference temperature (26.8﻿°C) decreased along the gradient. Lastly, percent cover of P. acuta colonies decreased by nearly two orders of magnitude along the nutrient gradient. These findings illustrate that nutrient and sediment loading affect multiple levels of coral functionality. Understanding how local-scale anthropogenic stressors influence the responses of corals to temperature can inform coral reef management, particularly in relation to the mediation of land-based inputs into coastal coral reef ecosystems. Summary: Nutrient and sediment loading decreased thermal performance and increased endosymbiont competition in the branching coral Pocillopora acuta, with elevated sites having lower percent cover in Mo′orea, French Polynesia.",YES,FROZEN_PUBLIC_FULL_TEXT_LOCATION,https://journals.biologists.com/jeb/article-pdf/223/21/jeb225045/1983083/jeb225045.pdf,VERIFIED_DOI_DOCUMENT,B04_TROPICAL_PHYSICAL_SEDIMENT_ANALOGUE,HIGH,"Tropical branching coral Pocillopora acuta in Mo'orea, French Polynesia.","Natural nutrient and sediment loading gradient from land-based inputs, including sedimentation.","Measured multiple coral functionality facets: endosymbiont density, nitrogen content, chlorophyll a, holobiont metabolic responses, thermal performance curves, gross photosynthesis, calcification, dark respiration, and percent cover. Sediment/nutrient loading reduced thermal performance and percent cover.","Directly measures physical sediment/nutrient exposure along a gradient and reports biological responses in a tropical coral, satisfying B04 as a tropical physical sediment analogue.","This paper explicitly evaluates how a natural gradient of nutrient and sediment loading affects multiple facets of coral functionality, including metabolism, photosynthesis, calcification, and percent cover in the tropical coral Pocillopora acuta. The sediment pathway is central to the study design, and the responses are directly relevant biological effects. This qualifies under B04 because it experimentally/analytically tests physical sediment exposure and reports relevant coral responses, even though it also includes nutrients. It is not merely mention of sediment; sediment loading is a key driver. Therefore, include.",SPARING_TOP_25_TROPICAL_DIRECT_PHYSICAL_ANALOGUES,TBV1-1180
B,CWC-F2F3CDA32CE9,Oceanographic habitat of sponge reefs on the Western Canadian Continental Shelf,F. Whitney; K. Conway; R. Thomson; V. Barrie; M. Krautter; G. Mungov,2005,CONTINENTAL SHELF RESEARCH,JOUR,10.1016/j.csr.2004.09.003,https://doi.org/10.1016/j.csr.2004.09.003,"This paper describes oceanographic conditions in which siliceous (Hexactinellida, Hexactinosida) sponge reefs thrive near the heads of shelf canyons on the west coast of Canada. Unique in the present world ocean, these colonies consist of mounds (bioherms) up to 21 m in height and beds (biostromes), which extend for tens of kilometers at depths between 140 and 240 m. The relaxation of winter downwelling and occasional weak summer upwelling enhances northward up-canyon intrusions of nutrient rich bottom waters in Hecate Strait. As bottom waters cross the shelf, they are further enriched with nutrients and depleted in oxygen by remineralization processes. Silicate concentrations in waters around sponge reefs are thus enhanced during what is likely the sponge's main growing season. Bottom waters in the vicinity of the sponge reefs contain 43-75 muM silicate and 64-152 muM dissolved oxygen, and have a temperature range of 5.5-7.3 C and a salinity range of 33.2-34.2. Canyons harbouring the sponge reefs provide a means of concentrating particulate material that the sponges can use to enrich their habitat. Detrital rain supplies particulates to canyons in what appears to be tidally modulated pulses. Particulate material entrained in near bottom currents has a residence time of approximately 6 days in contact with the largest sponge reef and is effectively trapped by sponges, which enhances mound construction. A simple budget of Si uptake by the 425 km(2) area of the northern sponge reef shows that it has slight impact on the Si budget of this region. Scour by the similar to25 cm s(-1) bottom tidal currents eliminates sediment accumulation on the reefs and the surrounding seabed. (C) 2004 Elsevier Ltd. All rights reserved.",NO,NOT_CONFIRMED,,VERIFIED_DOI_DOCUMENT,B01_DEEP_COLD_SEDIMENT_EVIDENCE,HIGH,"Cold-water siliceous sponges (Hexactinellida, Hexactinosida) forming reefs in shelf canyons at 140-240 m depth off western Canada.","Sediment/particulate material: detrital rain, tidal pulsing, canyon concentration, near-bottom currents (25 cm/s) causing scour and influencing sediment accumulation on and around reefs.","Sponges trap particulate material, use it to enrich habitat, and enhance mound construction; sediment scour prevents burial and supports reef maintenance; reef growth season linked to enhanced silicate from remineralized bottom waters.","B01_DEEP_COLD_SEDIMENT_EVIDENCE: A deep/cold sponge source with explicit sediment/particulate pathway and biological/ecological response evidence (habitat enrichment, trapping, reef construction, avoidance of sediment accumulation).","This journal article describes oceanographic conditions around deep-sea sponge reefs, explicitly linking sediment/particulate dynamics to sponge habitat and reef construction. It qualifies under B01 because it provides biological/ecological evidence (particle trapping, habitat enrichment, mound construction) for a sediment pathway in a cold-water sponge system. Although it also covers physical oceanography, the sediment-sponge interaction is central. It is not merely a distribution or geological study; it discusses how particulate material is used by sponges and how scour prevents sediment accumulation, directly relevant to sediment effects. The alternative decisions (CHAIN_ONLY or EXCLUDE) are not appropriate because the sediment-mediated biological response is clear.",ALL_VERIFIED_NON_TROPICAL_TIER_B_INCLUSIONS,TBV1-0124
B,GLV4-E2B2EA83FF89,Oceanography and Marine Biology - ResearchOnline@JCU,,,researchonline.jcu.edu.au,report,,https://researchonline.jcu.edu.au/65699/1/65699.pdf,"suspended sediment concentrations, contrasting the negative relationship observed for coral and CCA cover (Fabricius & De’ath 2001b, 2004, Fabricius et al. 2005, Hutchings et al. 2005, Bessell-Browne et al. 2017b). Sediments and high turbidity alter reef structure, reproduction, larval success, recruitment, bioerosion and species interactions on inshore reefs (Babcock & Davies 1991, Fabricius 2005, 2005, Hutchings et al. 2005), with extensive dredging activity posing considerable risk (Erftemeijer et al. 2012, Jones et al. 2016, Bessell-Browne et al. 2017a, Pineda et al. 2017b, Tebbett et al.",YES,PUBLIC_FULL_DOCUMENT_LOCATION,https://researchonline.jcu.edu.au/65699/1/65699.pdf,VERIFIED_DIRECT_DOCUMENT_URL,B05_BROAD_SYNTHESIS_WITH_TARGET_EVIDENCE,HIGH,"Corals and crustose coralline algae (CCA) on inshore reefs, with explicit mention of coral and CCA cover, reproduction, larval success, recruitment, bioerosion, and species interactions.","Suspended sediment concentrations, high turbidity, and extensive dredging activity; sediment-related pathways affecting reef organisms.","Negative relationships between suspended sediments and coral/CCA cover; sediment effects on reef structure, reproduction, larval success, recruitment, bioerosion, and species interactions; risks from dredging.","A substantive report/review (Oceanography and Marine Biology series) that synthesizes coral/CCA responses to sediment and turbidity, providing a broad assessment with target-specific evidence relevant to the review.","The abstract clearly addresses tropical corals and CCA responding to suspended sediments, turbidity, and dredging, with impacts on cover, reproduction, recruitment, and species interactions. This is a broad synthesis, not a primary experimental test, so B05 is preferred over B04. It is not deep/cold (B01/B02) or a non-tropical mechanism (B03). The document is substantive despite the generic title, as the snippet indicates a scientific review chapter. Exclusions do not apply because coral/sponge evidence and sediment pathway are explicit. Confidence is high because the abstract alone provides sufficient target evidence.",ALL_VERIFIED_NON_TROPICAL_TIER_B_INCLUSIONS,TBV1-0671
B,GLV4-7EFDB53A0304,Onslow Marine Support Base Stage 2: Capital Dredging,,,epa.wa.gov.au,report,,https://www.epa.wa.gov.au/sites/default/files/Request_for_info/OMSBStage2_EnvironmentalReviewDocument.pdf,in the nearshore Proposal Area (O2 Marine 2017a). Separate zones of impact were created based on Suspended Sediment Concentrations (SSC) and sedimentation tolerance limits for coral and seagrass. The SSC dredge plume ZoHI represents the predicted area of irreversible loss and the ZoMI represents the predicted recoverable impacts of BCH. The impact zones for sedimentation are more localised and occur within the extent of area predicted in SSC dredge model outputs. The predicted environmental impacts of the proposed OMSB dredging project were further refined based on the review of recent literat,YES,PUBLIC_FULL_DOCUMENT_LOCATION,https://www.epa.wa.gov.au/sites/default/files/Request_for_info/OMSBStage2_EnvironmentalReviewDocument.pdf,VERIFIED_DIRECT_DOCUMENT_URL,B05_BROAD_SYNTHESIS_WITH_TARGET_EVIDENCE,HIGH,Coral (and seagrass) are explicitly mentioned as receiving organisms for which sedimentation tolerance limits are defined.,"Capital dredging creates suspended sediment concentrations (SSC) and sedimentation, with a dredge plume and impact zones predicted.","Impact zones are based on predicted irreversible loss (ZoHI) and recoverable impacts (ZoMI) for corals and seagrass, informed by tolerance limits and literature review.","This is a government environmental review document assessing sediment-related impacts from dredging on corals. It is a substantive assessment, not a discovery page, and separately reports coral-relevant evidence within a broader impact assessment that also covers seagrass.","The record is an environmental review document from a government source (EPA WA) concerning capital dredging and its impacts via suspended sediment and sedimentation on corals and seagrass. It clearly defines impact zones based on SSC and sedimentation tolerance limits for coral, predicting irreversible and recoverable losses. This is a substantive assessment with direct sediment-impact focus on corals. The closest alternative is B04 (tropical physical sediment analogue), but this is not an experimental or direct measurement study; it is a review/assessment. B02 is for deep/cold systems, which is not the case here. B05 fits as a broader assessment that separately reports coral evidence. Therefore, TIER_B_INCLUDE under B05 is appropriate.",ALL_VERIFIED_NON_TROPICAL_TIER_B_INCLUSIONS,TBV1-0672
B,CWC-69942A71FF7E,Particle capture and transport in the demosponge Halichondria panicea :Speed talk and poster,Rachael A. Kealy | Josephine Goldstein | Hans Ulrik Riisgård | Jonathan R. Brewer | Vita Solovyeva | Peter Funch,2022,,conference-paper,,https://pure.au.dk/portal/en/publications/4578672a-740d-4bbc-9973-1174456bd9e0,"Sponges are efficient filter-feeders that encounter various food regimes with changing loads of inedible particles, such as suspended sediment, in their natural habitats. In some demosponges, peristaltic-like contractions of the aquiferous system facilitate removal of inedible material. Other studies have indicated selective feeding on certain types of food particles. However, the detailed mechanisms, cell types and aquiferous structures involved in capture, transport, and removal of different types of particles in sponges are not fully understood. Here we identify and characterize the sponge cell types and morphological structures involved in contractions, particle transport and water flow in the aquiferous system of the marine demosponge Halichondria panicea when exposed to different particle types and concentrations. We describe trigger level concentrations of edible and inedible particles of two distinct size groups (2 and 10 µm) which can reliably induce contractions in explants of H. panicea . We track the same particle types in the aquiferous system and mesohyl of sandwich cultures and cryofractured explants using live-cell imaging and SEM, respectively. Our study shows that edible 2 µm-particles which enter choanocyte chambers are captured and phagocytosed by choanocytes, while inedible particles are removed via apopyles with the water flow through excurrent canals. 10 µm-particles that cannot enter ostia or prosopyles are captured either on the sponge surface or in incurrent canals before they are phagocytosed by exo- or endopinacocytes, respectively. Afterwards they are transferred to amoeboid cells in the mesohyl which digest edible particle after disintegration into smaller fragments and remove inedible particles via exocytosis by endopinacocytes of the excurrent canals. Apart from feeding, possible functions of the observed capture, transport and removal mechanisms are cleaning of the aquiferous system and prevention of clogging of the sponge filter-pump.",NO,NOT_CONFIRMED,,VERIFIED_BIBLIOGRAPHIC_DOCUMENT,B03_NON_TROPICAL_DIRECT_MECHANISM,HIGH,Marine demosponge Halichondria panicea,"Exposure to different particle types and concentrations, including suspended sediment and inedible particles (2 and 10 µm)","Contractions of the aquiferous system, particle capture/transport/removal, cleaning mechanisms, and prevention of clogging; trigger level concentrations described","Direct experimental study of a temperate sponge exposed to sediment-relevant particles, reporting physiological and cellular responses related to particle handling and clogging prevention.","This conference paper experimentally tests a temperate sponge (Halichondria panicea) with suspended sediment-like inedible particles, documenting trigger concentrations for contractions and detailed mechanisms of particle capture, transport, and removal. This qualifies under B03 as a non-tropical direct mechanism study with a clear sediment-related exposure and relevant biological responses. It is not merely a mention of sediment; the entire study focuses on particle handling and clogging prevention. Therefore TIER_B_INCLUDE is preferred over CHAIN_ONLY or EXCLUDE.",ALL_VERIFIED_NON_TROPICAL_TIER_B_INCLUSIONS,TBV1-0212
B,CWC-EA7596C0C122,"Particle loads, contractile responses and cleaning in the demosponge Halichondria panicea",Josephine Goldstein | Hans Ulrik Riisgård | Rachael A. Kealy | Peter Funch,2024,Journal of Experimental Marine Biology and Ecology,article,10.1016/j.jembe.2024.152021,https://doi.org/10.1016/j.jembe.2024.152021,"Sponges exposed to high concentrations of particles during filter-feeding may become overloaded, triggering closure of the osculum and contraction of the sponge, thus preventing too many particles from entering the aquiferous system. However, the minimum particle concentration of small versus larger particles that triggers contractions has not yet been described. Here, based on microscope-video recordings, we report our observations of explants of the demosponge Halichondria panicea . Explants contracted within m beads (1 x 10(7) particles mL(-1)), larger algal cells (Rhodomonas salina), and 10 mu m beads (1 x 10(5) mL(-1), respectively). No contractions occurred in sponge explants exposed to these particle types at concentrations <0.5 x 10(4) mL(-1). Likewise, inorganic marl and ink particles induced osculum closure in sponge explants at concentrations ranging from 1 x 10(5) to 1 x 10(6) particles mL(-1). When the explants were subsequently transferred to clean water, they either expelled the ingested inorganic particles in mucus-entangled clumps with the exhalant jet, or translocated the particles to the sponge surface along with local peristaltic-like contractions. The trigger levels of inorganic particles were high compared to reported re-suspended sediment concentrations in the sea, and the observed contractile responses may thus primarily serve to protect sponges from clogging during extreme environmental events.",NO,NOT_CONFIRMED,,VERIFIED_DOI_DOCUMENT,B03_NON_TROPICAL_DIRECT_MECHANISM,HIGH,"Demosponge Halichondria panicea (temperate, non-tropical sponge)","Suspended particles including inorganic marl and ink particles, as well as cyanobacteria, beads, and algal cells, at known concentrations","Contractile responses, osculum closure, particle expulsion in mucus-entangled clumps, translocation to sponge surface, cleaning, and trigger concentration thresholds","Direct experimental testing of particle exposure on a non-tropical sponge with clear biological responses relevant to sediment effects (clogging, cleaning, contraction).","This study directly exposes the temperate sponge Halichondria panicea to defined particle loads, including inorganic marl and ink particles, and measures contractile responses, osculum closure, and cleaning mechanisms. This meets Tier B pathway B03 (non-tropical direct mechanism) because it is a non-tropical sponge study testing a sediment/particle exposure and reporting relevant biological responses. The stressor is clearly particle-related and the responses include behavioral and physiological indicators of clogging and clearance. No exclusion applies; the organism is in scope and the sediment pathway is explicit. The abstract provides sufficient detail, so confidence is high and full text is not required.",ALL_VERIFIED_NON_TROPICAL_TIER_B_INCLUSIONS,TBV1-0198
B,CWC-D516BB706F18,"Particulate organic matter fluxes and carbon cycling at cold-water coral reefs A three years study at the Tisler Reef, Norway",Hannes Wagner,2012,,article,,http://www.jacobs-university.de/phd/files/phd20110831_wagner.pdf,"Cold-water corals (CWC) occur throughout the world’s oceans, with the reef building coral Lophelia pertusa forming giant reefs and mounds in the Northeast Atlantic. Several important issues regarding CWC reefs remain not well understood. These include the relative contribution of different food sources to CWC ecosystem nutrition, the influence of hydrodynamic processes on reef nutrition, as well as the contribution of CWC ecosystems to benthic carbon turnover along continental margins. Within this PhD project, these issues were addressed at the Tisler cold-water coral reef (Norway) in a succession of field campaigns between 2007 and 2009, using a variety of methodological approaches. These consisted, amongst others, of the collection of CTD and chlorophyll profiles, the sampling and analyses of particulate organic matter (POM), the deployment of sediment traps, as well as the deployment of current meters, temperature sensors and oxygen sensors for time-series measurements. The environmental conditions at the Tisler Reef were found to be highly dynamic in terms of temperature and flow. Downwelling periodically delivered warmer, fresher and chlorophyll richer water masses down to the benthic boundary layer (BBL) of the downstream reef side. Particulate organic carbon (POC) content in the BBL was significantly depleted across the reef. Biodeposition was calculated to be 459 mg POC m-2 d-1 on average. Dissolved oxygen concentration within the reef structure decreased rapidly during short phases of stagnant or near stagnant flow. A community respiration rate of 981 mg C m-2 d-1 was estimated. Vertical POC fluxes measured with sediment traps supplied only ~25% of the estimated community respiration, indicating the presence of other carbon supplying mechanisms to the coral community such as biodeposition and feeding on zooplankton. These data on biodeposition, vertical carbon fluxes and respiration suggest that CWC reefs could play an important role in carbon cycling along continental margins.",NO,NOT_CONFIRMED,,VERIFIED_DIRECT_DOCUMENT_URL,B01_DEEP_COLD_SEDIMENT_EVIDENCE,MEDIUM,"Cold-water coral Lophelia pertusa at Tisler Reef, Norway, with ecosystem-level measurements.","Suspended particulate matter (POM/POC) fluxes measured with sediment traps, and biodeposition of particulate carbon.","Community respiration rate, biodeposition rate, and vertical POC flux estimates; ecological carbon cycling and reef condition.","Deep/cold-water coral source with explicit suspended-particle/sediment-trapping pathway and biological/ecological evidence (respiration, biodeposition, carbon turnover), matching B01.","This PhD thesis focuses on cold-water coral (Lophelia pertusa) at Tisler Reef and directly quantifies particulate organic matter fluxes using sediment traps, biodeposition, and community respiration. It provides ecological evidence linking suspended-particle supply to coral reef carbon cycling and benthic metabolism. Although the emphasis is on food supply rather than sediment stress, the explicit suspended-particle pathway and measured biological/ecological responses meet the wider Tier B inclusion criteria (B01). The abstract does not detail a stressor response, but the data on respiration and biodeposition are relevant to understanding exposure and sensitivity to sediment-related processes. Excluded from CHAIN_ONLY because the document contains direct quantitative evidence, not merely references.",ALL_VERIFIED_CENTRAL_PEER_REVIEWED,TBV1-0021
B,CWC-6A794C242F17,"Patterns of glass sponge (Porifera, Hexactinellida) distribution in coastal waters of British Columbia, Canada",Sally P. Leys | K. W. Wilson | Claire Holeton | HM Reiswig | W. Chandler Roberts Austin | Verena Tunnicliffe,2004,Marine Ecology Progress Series,article,10.3354/meps283133,https://doi.org/10.3354/meps283133,"Glass sponges are enigmatic members of the deep-sea fauna that inhabit shallow waters in only a few locations world-wide. In order to understand what factors influence the distribution of glass sponges, patterns of distribution and abundance of reef and non-reef forming hexactinellids in fjords of British Columbia, Canada, were analyzed from photographs and transcripts recorded on dives undertaken by the 'Pisces IV' manned submersible during the 1980s. Hexactinellids are widely distributed throughout all fjords from 16 to 650 m depths, and in some fjords abundances reach 240 individuals in 10 m(2). In all fjords hexactinellids were most abundant at depths of 20 to 260 m, even where water depths exceeded 500 m. Glass sponges were rare in regions of inlets where oxygen levels fall below 2 ml l(-1), or in areas of high sediment deposition. Highest abundances coincided with water conditions of high dissolved silicate, low light, temperatures between 9 and 10degreesC and low suspended sediments. Extensive glass sponge skeletons in the inner basin of Howe Sound reflect past stress in this fjord that may include oxygen deficit, sediment loading from a mine and contamination from industrial sites. The observations from 'Pisces IV' suggest that glass sponges may be sentinel species for current and past seawater conditions in coastal British Columbia.",YES,FROZEN_PUBLIC_FULL_TEXT_LOCATION,https://www.int-res.com/articles/meps2004/283/m283p133.pdf,VERIFIED_DOI_DOCUMENT,B01_DEEP_COLD_SEDIMENT_EVIDENCE,HIGH,"Glass sponges (Porifera, Hexactinellida), including reef- and non-reef-forming species, studied in fjords of British Columbia, Canada.","Sediment pathway explicit in the abstract: high sediment deposition, low suspended sediments, and historical sediment loading from a mine; distribution correlates with these sediment-related factors.",Ecological distribution and abundance patterns: sponges rare in areas of high sediment deposition; highest abundances in low-suspended-sediment conditions; extensive skeletons interpreted as evidence of past stress from sediment loading; proposed as sentinel species for seawater conditions.,"This is a cold-water sponge study directly linking sediment-related environmental factors (deposition, suspended sediment, mine-derived sediment loading) to sponge distribution, abundance, and past ecological stress. It provides indirect but explicit biological/ecological evidence suitable for Tier B, meeting B01.","The study focuses on glass sponges in cold-water fjords and explicitly identifies sediment deposition and suspended sediments as factors influencing their distribution and abundance. It reports ecological evidence (rarity in high-deposition areas, abundance in low-sediment conditions, historical sediment stress) rather than being a purely geological or transport analysis. This fits B01_DEEP_COLD_SEDIMENT_EVIDENCE. It is preferable to CHAIN_ONLY because the record itself supplies direct sediment-sponge response evidence. It is not EXCLUDE because the sediment pathway and biological response are both present. No competing stressors override the sediment link; although oxygen and contamination are mentioned, the sediment pathway is clearly evaluated in relation to sponge ecology.",ALL_VERIFIED_CENTRAL_PEER_REVIEWED,TBV1-0085
B,CWC-6D7646A83C58,Patterns of oil-sediment rejection in corals,,1977,Deep Sea Research,article,10.1016/0146-6291(77)90012-1,https://doi.org/10.1016/0146-6291(77)90012-1,,NO,NOT_CONFIRMED,,VERIFIED_DOI_DOCUMENT,B01_DEEP_COLD_SEDIMENT_EVIDENCE,MEDIUM,Corals (title: 'in corals'),Oil-sediment (explicit sediment component in exposure),Rejection behavior (patterns of rejection),"Title directly indicates a study on coral responses to oil-sediment exposure, including rejection behavior, which is a relevant biological response to a sediment-related pathway. The journal 'Deep Sea Research' suggests a deep-sea context, fitting B01.","The title unambiguously names corals and oil-sediment rejection, providing explicit evidence of a sediment-related exposure (oil-sediment) and a biological response (rejection). The journal 'Deep Sea Research' strongly implies a deep-sea or cold-water setting, aligning with B01. Although the abstract is missing, the title alone is sufficient to identify a substantive article with direct coral and sediment relevance. I selected TIER_B_INCLUDE over CHAIN_ONLY because the document itself appears to present coral-specific sediment evidence, not just a reference source. The closest alternative would be EXCLUDE if the study focused solely on oil toxicity without a sediment pathway, but the title explicitly includes sediment, making inclusion appropriate. Confidence is medium due to lack of abstract and potential ambiguity about the exact coral habitat.",ALL_VERIFIED_CENTRAL_PEER_REVIEWED,TBV1-0213
B,CWC-CBADD92BEB3D,Cold-water coral reefs (UK BAP Priority Habitat description),,,JNCC,government_report,,https://data.jncc.gov.uk/data/0a9b6b43-4827-44a4-ab06-0f94d5ad6b93/UKBAP-BAPHabitats-11-ColdCoralReefs.pdf,"2005; Dodds et al, 2007; Davies et al, 2008). Relevant biotopes SS.SBR.Crl.Lop – Coral reefs SS.SBR.Crl.Lop – Lophelia reefs Current and potential threats  Fisheries: Trawling  Offshore Industry: Physical damage from construction and smothering resulting from the associated discharges of drilling mud and drill cuttings.  Eutrophication: Resulting from discharges of land-based activities (Hall-Spencer, University of Plymouth, pers. comm., 2008)  Scientific sampling: Given the slow growth [...] Lophelia pertusa, a cold-water, reef-forming coral, has a wide geographic distribution ranging fro",YES,FROZEN_PUBLIC_FULL_TEXT_LOCATION,https://data.jncc.gov.uk/data/0a9b6b43-4827-44a4-ab06-0f94d5ad6b93/UKBAP-BAPHabitats-11-ColdCoralReefs.pdf,VERIFIED_DIRECT_DOCUMENT_URL,B02_DEEP_COLD_REVIEW_ASSESSMENT,HIGH,Cold-water reef-forming coral Lophelia pertusa; associated cold-water coral reef habitats.,Smothering from discharges of drilling mud and drill cuttings associated with offshore industry construction activities.,Habitat description and threat assessment identifying smothering by drilling discharges as a current threat to cold-water coral reefs; the document supports understanding vulnerability and potential impacts.,Substantive UK government habitat description/assessment for cold-water coral reefs with a direct sediment-related impact pathway (drilling mud/cuttings smothering) and management/conservation relevance.,"This record is a JNCC UK BAP Priority Habitat description for cold-water coral reefs. The snippet explicitly identifies smothering from drilling mud and drill cuttings as a threat to Lophelia pertusa reefs. This constitutes a substantive government assessment document with a direct sediment-impact focus, meeting Tier B category B02. The organism is unequivocally a cold-water coral, the pathway is sediment/drill cuttings deposition, and the document has clear conservation and impact-assessment value. The decision is TIER_B_INCLUDE over EXCLUDE because the sediment pathway is explicit and not merely a habitat description; over CHAIN_ONLY because it has substantive sediment-threat evidence.",ALL_VERIFIED_NON_TROPICAL_TIER_B_INCLUSIONS,TBV1-0029
B,CWC-381499072777,Corals and Sponges,,,Fisheries and Oceans Canada,government_report,,https://www.dfo-mpo.gc.ca/pnw-ppe/ffhpp-ppph/doc/nfl-coral-sponge-guidance-directives-coraux-eponges/NL-coral-sponge-guidance-summary-eng.pdf,"decision by a proponent, with supporting rationale provided to the C-NLOPB and DFO. Both options will consider: • abundance and spatial distribution of the five functional groups: sea pens, small gorgonians, large gorgonians, black corals, and sponges (see Annex A, Technical document); • vulnerability of functional groups (e.g black corals are rare on continental shelf with a longer life span and rigid fragile skeleton); • overlapping functional groups; and • the footprint of the well and [...] PHASE 2: DURING DRILLING Management of drill cuttings and muds In areas with aggregations of habitat",YES,FROZEN_PUBLIC_FULL_TEXT_LOCATION,https://www.dfo-mpo.gc.ca/pnw-ppe/ffhpp-ppph/doc/nfl-coral-sponge-guidance-directives-coraux-eponges/NL-coral-sponge-guidance-summary-eng.pdf,VERIFIED_DIRECT_DOCUMENT_URL,B02_DEEP_COLD_REVIEW_ASSESSMENT,HIGH,"Corals and sponges, including five functional groups: sea pens, small gorgonians, large gorgonians, black corals, and sponges.","Management of drill cuttings and muds during drilling, representing sediment-related depositional pathways.","Vulnerability assessment of functional groups and decision framework for drilling activities, addressing potential impacts on coral and sponge habitat.","A substantive government regulatory guidance document focused on sediment impacts (drill cuttings/muds) on cold-water corals and sponges, providing assessment criteria for mitigation.","This is a Fisheries and Oceans Canada guidance document specifically about corals and sponges, with direct focus on managing drill cuttings and muds in areas with coral/sponge aggregations. It includes vulnerability considerations for functional groups, fulfilling the B02 pathway for a regulatory assessment with direct sediment-impact relevance. The closest alternative would be exclusion for lack of primary data, but as a government report it is explicitly eligible. Thus TIER_B_INCLUDE is appropriate.",ALL_VERIFIED_CSAS,TBV1-0130
B,CWC-2CA6983F9BE0,EL1165B Drill Cuttings Monitoring Report,,,ExxonMobil Canada Ltd.,monitoring_report,,https://exploration.exxonmobilcanada.ca/s/EL1165B-Drill-Cuttings-Monitoring-Report-final.pdf,of the follow-up monitoring program as set out in the Eastern Newfoundland Offshore Exploration Drilling Project Environment Impact Statement (EIS) (EMCL 2017) as well as requirements set out in the Canadian Environmental Assessment Act (2012) Decision Statement (CEA Agency 2019). The follow-up program is based upon a regulatory agency approved monitoring plan (EMCL 2020) that was submitted in March 2020. The follow-up monitoring results are reported as part of a series of reports. The Drill [...] and Monitoring 2020 Report (Final) Wood Project #: TA1913215 23 February 2021 Environment & Infra,YES,FROZEN_PUBLIC_FULL_TEXT_LOCATION,https://exploration.exxonmobilcanada.ca/s/EL1165B-Drill-Cuttings-Monitoring-Report-final.pdf,VERIFIED_DIRECT_DOCUMENT_URL,B02_DEEP_COLD_REVIEW_ASSESSMENT,MEDIUM,"Likely cold-water corals and sponges in the Newfoundland offshore area, as the report is a follow-up monitoring program for an offshore exploration drilling project.",Drill cuttings and associated drilling discharges are the explicit sediment pathway evaluated.,The report provides monitoring results and assessment of environmental effects as required by the Canadian Environmental Assessment Act and an approved monitoring plan.,"Substantive monitoring report with a direct sediment-impact focus (drill cuttings) in a deep-cold offshore region, capable of informing effects, exposure, thresholds, or recovery for corals and sponges.","This document is a formal drill cuttings monitoring report prepared for a regulatory follow-up program in the Eastern Newfoundland offshore area. The title and abstract establish it as a substantive monitoring/assessment document with a clear sediment pathway (drill cuttings) and environmental effects monitoring context. Given the region, cold-water corals and sponges are plausible receptors, and the report likely contains relevant biological or ecological evidence. Although the snippet does not explicitly name corals or sponges, the document type and regulatory context justify inclusion under B02 as a deep/cold review/assessment with direct sediment-impact focus. It is preferable to CHAIN_ONLY because the report itself is effect-monitoring rather than merely a source of references. Full-text review is needed to confirm the extent of coral/sponge content.",ALL_VERIFIED_NON_TROPICAL_TIER_B_INCLUSIONS,TBV1-0200
B,GLV4-605BA7F679D4,THE EFFECTS OF SEDIMENTATION IN THE DEEP SEA - NIWA,,,niwa.co.nz,report,,https://niwa.co.nz/sites/default/files/Clark_etal_2021NZMSSpresentation-program_ROBES-NIWA.pdf,"• Sediment experiments - effects of capping with fine sediment • Infauna responses to disturbance of infauna-do they recover? • Experimental exposure of corals-is there a threshold of suspended sediment when impact is serious? [...] • 5mm, marked reduction in DO penetration • Development of anoxic sediments Benthic Infauna • Multicore samples Before (Pre-), after (1 week Post), and After (1 year Post) • Meio- and macro-fauna results • Meio: segregation of 0-1 cm and 1-5 cm communities, return to pre-disturbance 1 year after more in 0-1 cm than 1-5 cm (depth effect) • Macro: illustration of dec",YES,PUBLIC_FULL_DOCUMENT_LOCATION,https://niwa.co.nz/sites/default/files/Clark_etal_2021NZMSSpresentation-program_ROBES-NIWA.pdf,VERIFIED_DIRECT_DOCUMENT_URL,B01_DEEP_COLD_SEDIMENT_EVIDENCE,HIGH,Deep-sea corals (and infauna) – experimental exposure to suspended sediment.,"Suspended sediment, fine sediment capping, and sedimentation in the deep sea.",Threshold of suspended sediment for serious impact on corals; infauna recovery and anoxic sediment development.,B01_DEEP_COLD_SEDIMENT_EVIDENCE: direct deep-sea coral sediment exposure experiments with threshold assessment.,"The NIWA presentation directly addresses deep-sea sedimentation effects, explicitly including experimental exposure of corals to suspended sediment and asking about impact thresholds. This provides direct biological evidence for sediment impacts on deep-sea corals, meeting B01. The snippet also covers infauna recovery, but coral evidence is separate. It is a substantive presentation, not a mere landing page. The reason code B01 is preferred over B03 because the focus is deep-sea (cold-water) corals, and over B02 as it is primary experimental evidence rather than a review. Excluded alternatives are not applicable.",ALL_VERIFIED_NON_TROPICAL_TIER_B_INCLUSIONS,TBV1-0412
B,CWC-775336C20A96,Photo-physiological costs associated with acute sediment stress events in three near-shore turbid water corals,Nicola K. Browne | Elimar Precht | KS Last | PA Todd,2014,Marine Ecology Progress Series,article,10.3354/meps10714,https://doi.org/10.3354/meps10714,"Many coral reef communities thriving in inshore coastal waters characterised by chronically high natural turbidity (> 5 mg l(-1)) have adapted to low light ( 170 mg l(-1), while Platygyra was most tolerant (P/R > 1.0). Fluorescence yield data suggest that the rapid photo-acclimation ability of Platygyra enabled it to maintain a positive carbon budget during the experiments, illustrating species-specific responses to acute sediment stress events.",YES,FROZEN_PUBLIC_FULL_TEXT_LOCATION,https://www.int-res.com/articles/meps2014/502/m502p129.pdf,VERIFIED_DOI_DOCUMENT,B04_TROPICAL_PHYSICAL_SEDIMENT_ANALOGUE,HIGH,"Three Indo-Pacific inshore turbid-water corals: Merulina ampliata, Pachyseris speciosa, and Platygyra sinensis.","Acute sediment resuspension events: turbidity 100, 170, 240 mg/L and sedimentation rates 4, 9, 13 mg/cm2/h; experimentally delivered via a sediment delivery system.","Measured respiration, net photosynthesis, maximum quantum yield, and photosynthesis-to-respiration ratios; showed species-specific metabolic responses and carbon budget impacts.","Direct experimental test of physical sediment exposure on tropical corals reporting relevant physiological responses, qualifying under B04.","This study directly exposes tropical corals to acute sediment resuspension and quantifies physiological responses (respiration, photosynthesis, P/R ratio, fluorescence). The sediment pathway is explicit and experimentally controlled, and the response metrics are clearly relevant to turbidity and deposition impacts. Thus it meets B04_TROPICAL_PHYSICAL_SEDIMENT_ANALOGUE. The closest alternative, B03, is less appropriate because the corals are tropical, not temperate/polar/mesophotic. The experimental design and abstract-level results provide sufficient evidence, so confidence is HIGH.",SPARING_TOP_25_TROPICAL_DIRECT_PHYSICAL_ANALOGUES,TBV1-1189
B,CWC-900375A4F185,QUATERNARY BUILD-UPS AND RHODALGAL CARBONATES ALONG THE ADRIATIC AND IONIAN COASTS OF THE ITALIAN PENINSULA: A REVIEW,Giovanni Coletti | Valentina Alice Bracchi | Fabio Marchese | Daniela Basso | Alessandra Savini | Agostina Vertino | Cesare Corselli,2018,Ghent University Academic Bibliography (Ghent University),article,10.13130/2039-4942/10269,https://doi.org/10.13130/2039-4942/10269,"In the Mediterranean, build-ups (created by coralline algae, Cladocora caespitosa, deep-water corals, vermetids, polychaetes and bacteria) and rhodolith beds are important hot-spots of biodiversity. Being severely threatened by anthropogenic impact and climate change, they have been included in international directives on environmental protection. This work wants to support the ongoing research on modern bioconstructions by providing further data on the long-term effects of environmental factors on these habitats. Our results are based on the analysis of the existing literature on the outcropping Quaternary successions of the Adriatic and Ionian coasts of peninsular Italy. The existing reports of build-ups and rhodalgal carbonates have been summarized in an homogeneous data-set and then studied to highlight distribution patterns in space and time. The analyses consistently outlined the importance of sedimentation rate in controlling the general distribution of build-ups and rhodalgal carbonates. The majority of the reports is concentrated south of the Gargano, where the sediment-load of the rivers is small. The majority of the reports is related to coralline algae, suggesting that they were the main carbonate producers during the period. C. caespitosa general distribution is mainly controlled by temperature, with most of the occurrences dating back to the warm periods of the late Ionian and of the Tarantian. Large build-ups of Cladocora are restricted to embayments and gulfs well-protected against storm waves. The distribution of the outcrops of deep-water corals is biased by the geological setting. A remarkable uplift is necessary to bring these corals from their original deep-water setting to elevated areas onshore. Consequently, most of the outcrops are in Southern Calabria which is characterized by a strong Quaternary uplift. Chemosynthetic build-ups, intertidal bioconstructions (made by vermetids, polychaetes or coralline algae), as well as stromatolites, are rare in the study area.",NO,NOT_CONFIRMED,,VERIFIED_DOI_DOCUMENT,B02_DEEP_COLD_REVIEW_ASSESSMENT,HIGH,"Deep-water corals, Cladocora caespitosa, coralline algae, other Mediterranean bioconstructor organisms.",Sedimentation rate is explicitly highlighted as a controlling factor in the distribution of build-ups and rhodalgal carbonates.,"Assessment of long-term environmental effects, particularly sedimentation rate, on the spatial and temporal distribution of these habitats via literature synthesis.","Substantive review focused on Mediterranean build-ups including deep-water corals, assessing the role of sedimentation rate and other environmental factors on their distribution, with direct relevance to sediment-impact understanding.","This is a substantive review article that explicitly addresses the role of sedimentation rate in controlling the distribution of Mediterranean carbonate build-ups, including deep-water corals and coralline algae. It qualifies under B02 as a deep/cold coral review with direct sediment-impact focus, providing synthesized evidence on environmental controls. The closest alternative would be B01, but the document is a review/assessment rather than primary empirical evidence. It is not excluded because it clearly identifies coral and sediment pathways and provides ecological/assessment information.",ALL_VERIFIED_CENTRAL_PEER_REVIEWED,TBV1-0126
B,CWC-45E512F8B2C7,Real time observation system for monitoring environmental impact on marine ecosystems from oil drilling operations,Olav Rune Godø | Jarle Klungsøyr | Sonnich Meier | Eirik Tenningen | Autun Purser | Laurenz Thomsen,2014,Marine Pollution Bulletin,article,10.1016/j.marpolbul.2014.05.007,https://doi.org/10.1016/j.marpolbul.2014.05.007,"Environmental awareness and technological advances has spurred development of new monitoring solutions for the petroleum industry. This paper presents experience from a monitoring program off Norway. To maintain operation within the limits of the government regulations Statoil tested a new monitoring concept. Multisensory data were cabled to surface buoys and transmitted to land via wireless communication. The system collected information about distribution of the drilling wastes and the welfare of the corals in relation to threshold values. The project experienced a series of failures, but the backup monitoring provided information to fulfil the requirements of the permit. The experience demonstrated the need for real time monitoring and how such systems enhance understanding of impacts on marine organisms. Also, drilling operations may improve by taking environmental information into account. The paper proposes to standardize and streamline monitoring protocols to maintain comparability during all phases of the operation and between drill sites. (C) 2014 Elsevier Ltd. All rights reserved.",NO,NOT_CONFIRMED,,VERIFIED_DOI_DOCUMENT,B01_DEEP_COLD_SEDIMENT_EVIDENCE,HIGH,Corals (likely cold-water) off Norway,Drilling wastes (cuttings/mud) distribution,Coral welfare monitored against threshold values; system enhances understanding of impacts,Direct deep/cold coral monitoring linked to drilling waste exposure and biological condition relative to thresholds.,"This article describes a monitoring program off Norway that collected data on drilling waste distribution and coral welfare relative to threshold values. The stressor is explicitly sediment-related drilling waste, and the response is biological condition of corals. This meets Tier B pathway B01 for deep/cold sediment evidence. The closest alternative B02 is not chosen because the document is a primary monitoring article rather than a review or assessment. The explicit mention of coral welfare and threshold values provides strong evidence of a sediment-impact focus.",ALL_VERIFIED_CENTRAL_PEER_REVIEWED,TBV1-0218
B,CWC-9635B2F7A209,Recovery at Morvin: SERPENT final report,Andrew R. Gates | Daniel O. B. Jones,2010,ePrints Soton (University of Southampton),book,,https://eprints.soton.ac.uk/194195/1/NOCSR_26C_86_Morvin.pdf,"Recovery from disturbance is poorly understood in deep water, but the extent of anthropogenic impacts is becoming increasingly well documented. We used Remotely Operated Vehicles (ROV) to visually assess the change in benthic habitat after exploratory hydrocarbon drilling disturbance around the Morvin well located at 380m depth in the Norwegian Sea. An ROV, launched directly from the rig drilling the well in 2006 was used to carry out video transects around the well before drilling and immediately after. On a return to the site three years after disturbance a larger survey was conducted with a ship-launched ROV in 2009. Transects were repeated at the disturbed area and random background transects were taken. Visible drill cuttings were mapped for each survey, and positions and counts of epibenthic invertebrate megafauna were determined, revealing a fauna dominated by Cnidaria (45% of total observations) and Porifera (33%). Immediately after disturbance a visible cuttings pile extended to over 100m from the well and megafaunal density was significantly reduced (0.07 individuals m-2) in comparison to pre-drill data (0.23 ind. m-2). Three years later the visible extent of the cuttings pile had reduced in size, reaching 60m from the well and considerably less in some headings. In comparison to background transects (0.21 ind. m-2), megafaunal density was significantly reduced on the remaining cuttings (0.04m-2), but beyond the visible disturbance there was no significant difference (0.15m-2). The investigation at this site shows a return to background densities of megafaunal organisms over a large extent of the area previously disturbed. However a central area, where the initial cuttings pile was deepest, demonstrated reduced sessile megafaunal density which persisted three years after disturbance. Elevated Barium concentration and reduced sediment grain size suggests persistence of disturbance beyond the remaining visibly impacted area which may result in changes to the infaunal communities undetectable by ROV video survey.",NO,NOT_CONFIRMED,,VERIFIED_DIRECT_DOCUMENT_URL,B01_DEEP_COLD_SEDIMENT_EVIDENCE,HIGH,"Deep-sea benthic megafauna dominated by Cnidaria (45%) and Porifera (33%), indicating cold-water coral and sponge communities.","Drill cuttings and drilling disturbance from exploratory hydrocarbon drilling at Morvin well, Norwegian Sea, at 380m depth; visible cuttings pile extended over 100m from well immediately after disturbance and 60m after three years.",Megafaunal density significantly reduced immediately after disturbance (0.07 ind/m2 vs pre-drill 0.23 ind/m2); three years later density on remaining cuttings was 0.04 ind/m2 vs background 0.21 ind/m2; reduced density persisted in central area where cuttings pile was deepest; elevated barium and reduced sediment grain size indicate persistent disturbance.,"This is a monitoring report of recovery after drilling disturbance in deep water, with explicit sediment pathway (drill cuttings) and biological impact evidence (megafaunal density changes) in a community dominated by corals and sponges, meeting B01_DEEP_COLD_SEDIMENT_EVIDENCE.","The report directly assesses the effect of drill cuttings (a sediment/deposition pathway) on deep-sea benthic megafauna dominated by Cnidaria and Porifera. It provides quantitative before-after-impact data showing reduced densities and incomplete recovery after three years. This qualifies as B01 because it is a deep-sea/cold-water coral/sponge source with explicit sediment pathway and biological evidence. It is preferred over B02 (a review/assessment) because it is primary monitoring evidence, and over CHAIN_ONLY because it has direct target content. The only alternative would be EXCLUDE if the response were not separable for corals/sponges, but the dominance of these taxa makes the impact highly relevant.",ALL_VERIFIED_NON_TROPICAL_TIER_B_INCLUSIONS,TBV1-0061
B,CWC-CE1395F728EC,Recovery of Benthic Megafauna from Anthropogenic Disturbance at a Hydrocarbon Drilling Well (380 m Depth in the Norwegian Sea),Andrew R. Gates | Daniel O. B. Jones,2012,PLoS ONE,article,10.1371/journal.pone.0044114,https://doi.org/10.1371/journal.pone.0044114,"Recovery from disturbance in deep water is poorly understood, but as anthropogenic impacts increase in deeper water it is important to quantify the process. Exploratory hydrocarbon drilling causes physical disturbance, smothering the seabed near the well. Video transects obtained by remotely operated vehicles were used to assess the change in invertebrate megafaunal density and diversity caused by drilling a well at 380 m depth in the Norwegian Sea in 2006. Transects were carried out one day before drilling commenced and 27 days, 76 days, and three years later. A background survey, further from the well, was also carried out in 2009. Porifera (45% of observations) and Cnidaria (40%) dominated the megafauna. Porifera accounted for 94% of hard-substratum organisms and cnidarians (Pennatulacea) dominated on the soft sediment (78%). Twenty seven and 76 days after drilling commenced, drill cuttings were visible, extending over 100 m from the well. In this area there were low invertebrate megafaunal densities (0.08 and 0.10 individuals m(-2)) in comparison to pre-drill conditions (0.21 individuals m(-2)). Three years later the visible extent of the cuttings had reduced, reaching 60 m from the well. Within this area the megafaunal density (0.05 individuals m(-2)) was lower than pre-drill and reference transects (0.23 individuals m(-2)). There was a significant increase in total megafaunal invertebrate densities with both distance from drilling and time since drilling although no significant interaction. Beyond the visible disturbance there were similar megafaunal densities (0.14 individuals m(-2)) to pre-drilling and background surveys. Species richness, Shannon-Weiner diversity and multivariate techniques showed similar patterns to density. At this site the effects of exploratory drilling on megafaunal invertebrate density and diversity seem confined to the extent of the visible cuttings pile. However, elevated Barium concentration and reduced sediment grain size suggest persistence of disturbance for three years, with unclear consequences for other components of the benthic fauna.",YES,FROZEN_PUBLIC_FULL_TEXT_LOCATION,https://journals.plos.org/plosone/article/file?id=10.1371/journal.pone.0044114&type=printable,VERIFIED_DOI_DOCUMENT,B01_DEEP_COLD_SEDIMENT_EVIDENCE,HIGH,"Deep-sea benthic megafauna dominated by Porifera (45%, 94% of hard substratum) and Cnidaria (40%, Pennatulacea 78% of soft sediment) at 380 m depth in the Norwegian Sea.","Anthropogenic physical disturbance from exploratory hydrocarbon drilling: smothering by drill cuttings, visible cuttings extending >100 m, elevated barium concentration, and reduced sediment grain size persisting for three years.","Drill cuttings area showed reduced invertebrate megafaunal density (0.08 and 0.10 individuals m-2 vs 0.21 pre-drill) and diversity; three years later density remained lower (0.05 vs 0.23 reference) within visible cuttings, with significant increases in density and diversity with distance from drilling and time since drilling. Provides recovery and impact persistence assessment.","Direct deep-sea study linking drilling-induced sediment smothering/drill-cuttings deposition to changes in cold-water sponge and coral-dominated megafaunal density and diversity, including recovery timeline. Meet B01 as explicit sediment pathway with biological impact evidence.","This is a primary research article on deep-water benthic megafauna recovery after hydrocarbon drilling, explicitly evaluating smothering by drill cuttings and sediment disturbance at 380 m depth. The megafauna are dominated by Porifera and Cnidaria, including cold-water corals (Pennatulacea). The study reports reduced density and diversity within the visible cuttings area and persistence of sediment chemistry/grain size effects after three years, providing direct impact and recovery evidence. This clearly qualifies under B01 (deep/cold sediment evidence) with a biological/ecological response. It is preferred over CHAIN_ONLY because the abstract provides substantive direct evidence, not merely references. Excluded categories like X02 or X03 are not applicable because both sediment pathway and organism response are present. Confidence is HIGH based on detailed results.",ALL_VERIFIED_CENTRAL_PEER_REVIEWED,TBV1-0023
B,CWC-E202FF6B6A6F,Recreating pulsed turbidity events to determine coral–sediment thresholds for active management,Nicola K. Browne | Jason K.L. Tay | Peter A. Todd,2015,Journal of Experimental Marine Biology and Ecology,article,10.1016/j.jembe.2015.02.010,https://doi.org/10.1016/j.jembe.2015.02.010,"Active management of anthropogenically driven sediment resuspension events near coral reefs relies on an accurate assessment of coral thresholds to both suspended and deposited sediments. Yet the range of coral responses to sediments both within and amongst species has limited our ability to determine representative threshold values. This study reviews information available on coral physiological responses to a range of sediment loads at varying time frames and provides a novel approach to assess coral thresholds to suspended and deposited sediments. The new approach replicates natural turbidity regimes by creating pulsed turbidity events at two environmentally realistic levels (moderate = similar to 50 mg l(-1), peaks at 100 mg l(-1); severe = similar to 100 mg l(-1), peaks at 250 mg l(-1)). Corals (Merulina ampliata, Pachyseris speciosa, Platygyra sinensis) were subjected to two exposure regimes: pulsed turbidity events for four weeks followed by two months of recovery (constant regime) or pulsed turbidity events every other week followed by one month of recovery (periodic regime). Coral thresholds were greater than commonly used estimates with little to no effect on corals at moderate sediment levels. At extreme sediment levels, species morphological differences were potentially key determinants of coral survival. The periodic exposure regime was less detrimental to all coral species than the constant exposure regime as demonstrated by elevated yields and lower tissue morality rates. To improve knowledge on coral-sediment threshold values, research needs to expand to incorporate a broader range of species and exposure regimes. Realistic threshold values combined with modelling efforts would improve prediction of reef health and enable managers to react to declines in health before coral mortality occurs. (C) 2015 Elsevier B.V. All rights reserved.",YES,FROZEN_PUBLIC_FULL_TEXT_LOCATION,https://espace.curtin.edu.au/bitstream/20.500.11937/11460/2/226956_226957.pdf,VERIFIED_DOI_DOCUMENT,B04_TROPICAL_PHYSICAL_SEDIMENT_ANALOGUE,HIGH,"Corals: Merulina ampliata, Pachyseris speciosa, Platygyra sinensis","Suspended and deposited sediments; pulsed turbidity events at moderate (~50 mg/l, peaks 100) and severe (~100 mg/l, peaks 250) levels","Coral thresholds, physiological responses, species morphological differences, tissue mortality rates, yields, recovery after exposure","Direct experimental manipulation of sediment exposure on tropical corals with biological response measurements, suitable as a physical sediment analogue.","This is a direct experimental study exposing tropical corals to controlled sediment pulses, measuring thresholds, mortality, and physiological responses. It clearly meets B04 as it tests physical sediment exposure and reports biological responses. The abstract explicitly discusses coral-sediment thresholds and survival under different regimes, providing evidence of sediment effects on corals. There is no ambiguity; the document is a substantive journal article. Excluded alternatives: B01/B02 are for deep/cold sources, which this is not; B03 non-tropical not applicable; B05 broad synthesis not relevant. Therefore B04 is appropriate.",SPARING_TOP_25_TROPICAL_DIRECT_PHYSICAL_ANALOGUES,TBV1-1194
B,CWC-60AD65F9FB89,Reefs and mounds,J. Murray Roberts | Andrew J. Wheeler | André Freiwald | Stephen D. Cairns,2009,Cambridge University Press eBooks,book-chapter,10.1017/cbo9780511581588.005,https://doi.org/10.1017/cbo9780511581588.005,"Even some zoologists and geologists perennially express surprise not only that corals exist in deep cold waters, but that in certain instances they create appreciable deposits of calcium carbonate, in the form of accumulations of their skeletal remains. Coral banks occurring in deep water on the Blake Plateau Thomas R. Stetson, Donald F. Squires and Richard M. Pratt (1962) Cold-water coral reefs and coral carbonate mounds are morphological features formed through complex interactions between biological and geological processes under suitable hydrodynamic conditions. Such interactions are common in marine systems with biological activity having a profound effect on a number of sedimentological processes: from diatom stabilisation of mudflat surfaces, to the role of algae in carbonate grapestone formation and the development of deep-water bioherms. Marine organisms can strongly influence their sedimentary environments and where their activities are focused in one place, distinct biogeological structures may be formed. Such scenarios often involve enhanced sediment accumulation through substratum stabilisation and/or sediment trapping and usually benefit the organisms in question, for instance by giving them a preferential position from which to feed and isolating them from the effects of scouring bedload transport. Such biogeological formations are not only common in the geological record, because they form persistent features, but also because such positive interactions are ubiquitous throughout Earth history.",NO,NOT_CONFIRMED,,VERIFIED_DOI_DOCUMENT,B02_DEEP_COLD_REVIEW_ASSESSMENT,MEDIUM,Cold-water corals and coral carbonate mounds; deep-sea coral habitats.,"Sediment transport, sediment trapping, substratum stabilization, scouring bedload transport.","Describes how sedimentological processes interact with coral biology to form reefs and mounds; discusses benefits such as preferential feeding positions and isolation from scouring bedload transport, as well as carbonate accumulation.","Substantive book chapter on cold-water coral reefs and mounds that directly addresses sediment-related processes and their biological/geological interactions, providing context relevant to sediment-exposure effects and habitat formation.","This record is a scholarly book chapter focused on cold-water coral reefs and mounds. The abstract explicitly discusses sedimentological processes (sediment trapping, substratum stabilization, bedload transport) and their interactions with coral biology, which fits a sediment-related pathway in deep-sea coral systems. As a review/assessment chapter, it qualifies under B02_DEEP_COLD_REVIEW_ASSESSMENT, even though the snippet does not detail organism-level response thresholds. The closest alternative is CHAIN_ONLY, but the direct sediment focus and coral relevance are sufficient for inclusion. Confidence is MEDIUM because the full text may further clarify the depth of sediment-impact coverage.",ALL_VERIFIED_NON_TROPICAL_TIER_B_INCLUSIONS,TBV1-0127
B,CWC-FB0BDD1F5FD5,Regional guidance on measures to protect corals and sponges during exploratory drilling - Canada-Newfoundland and Labrador Offshore Area,,,Fisheries and Oceans Canada,government_report,,https://www.dfo-mpo.gc.ca/publications/pnw-ppe/coral-sponge-caraux-eponges/nfl-guidance-directives-brochure-tnl-eng.html?wbdisable=true,The guidance in this document outlines recommendations and should not be taken as replacement of previously established environmental assessment conditions (CEAA 2012) or regulatory requirements. ## Follow-up and monitoring Follow-up and monitoring is informed by the pre-drill Seabed Investigation Survey results and the drill cuttings dispersion model. The Follow-up and Monitoring Plan will be submitted to the C-NLOPB and also reviewed by DFO. The monitoring program is used to determine: [...] Methods include visual survey and non-visual surveys (i.e. measurements of drill cuttings/waste ex,YES,FROZEN_PUBLIC_FULL_TEXT_LOCATION,https://www.dfo-mpo.gc.ca/publications/pnw-ppe/coral-sponge-caraux-eponges/nfl-guidance-directives-brochure-tnl-eng.html?wbdisable=true,VERIFIED_BIBLIOGRAPHIC_DOCUMENT,B02_DEEP_COLD_REVIEW_ASSESSMENT,HIGH,Cold-water corals and sponges in the Canada-Newfoundland and Labrador offshore area.,"Drill cuttings and drilling waste, including sediment dispersion and deposition from exploratory drilling.","The report provides regional guidance and monitoring protocols for protecting corals and sponges, including pre-drill seabed investigations, drill cuttings dispersion modeling, and follow-up monitoring plans.",B02_DEEP_COLD_REVIEW_ASSESSMENT: Government report directly focused on sediment/drill-cuttings impacts and protection measures for cold-water corals and sponges.,"This is a Fisheries and Oceans Canada government report providing regional guidance to protect corals and sponges during exploratory drilling. The abstract explicitly mentions drill cuttings dispersion model and follow-up monitoring, indicating a direct sediment/drill-cuttings pathway. This is a substantive regulatory/assessment document, so it qualifies under B02.",ALL_VERIFIED_CSAS,TBV1-0105
B,GLV4-CD560E6425D2,Report Nr. 37 (2008-2009) to the Storting,,2008,regjeringen.no,report,,https://www.regjeringen.no/contentassets/1b48042315f24b0182c3467f6f324d73/en-gb/pdfs/stm200820090037000en_pdfs.pdf,"seabed can also result in resuspension of sedi­ ments and sediment deposition on corals, sponges and other benthic animals. Other examples of local activities that may damage vulnerable habitat types such as coral reefs are extraction of coral rubble, deposition of Figure 5.2 Sponges Photo: Institute of Marine Research/MAREANO programme 59 2008– 2009 Report No. 37 to the Storting Integrated Management of the Marine Environment of the Norwegian Sea Figure 5.3 Branching corals are very vulnerable to fishing with gill nets. They can easily become entangled in the meshes, like the gorgonian coral",YES,PUBLIC_FULL_DOCUMENT_LOCATION,https://www.regjeringen.no/contentassets/1b48042315f24b0182c3467f6f324d73/en-gb/pdfs/stm200820090037000en_pdfs.pdf,VERIFIED_DIRECT_DOCUMENT_URL,B02_DEEP_COLD_REVIEW_ASSESSMENT,HIGH,"Corals and sponges are explicitly mentioned as benthic animals affected by sediment deposition, with coral reefs as vulnerable habitat types.","The report discusses resuspension of sediments and sediment deposition on corals, sponges, and other benthic animals, as well as local activities that may damage coral reefs.","The report provides an integrated management assessment for the Norwegian Sea, identifying sediment-related impacts on vulnerable habitats and species, and informing management decisions.","This is a substantive government report with a direct focus on sediment impacts on deep/cold-water corals and sponges, fitting the B02 review/assessment pathway.","This is an official Norwegian government report (Report No. 37 to the Storting) on integrated management of the marine environment of the Norwegian Sea. The snippet explicitly mentions resuspension of sediments and sediment deposition on corals, sponges, and other benthic animals, and identifies activities that may damage vulnerable coral reef habitats. This qualifies as a deep/cold-water coral or sponge review/assessment with a clear sediment-impact focus, meeting B02_DEEP_COLD_REVIEW_ASSESSMENT. The alternative closest is EXCLUDE for not being organism-specific, but corals and sponges are directly named. CHAIN_ONLY is not appropriate because the document contains relevant evidence. Therefore, TIER_B_INCLUDE is warranted.",ALL_VERIFIED_NON_TROPICAL_TIER_B_INCLUSIONS,TBV1-0515
B,CWC-7AA6008523AB,Responses of coral reefs and reef organisms to sedimentation,CS Rogers,1990,Marine Ecology Progress Series,article,10.3354/meps062185,https://doi.org/10.3354/meps062185,"Unprecedented development along tropical shorelines is causing severe degradation of coral reefs primarily from increases in sedimentation. Sediment particles smother reef organisms and reduce light available for photosynthesis. Excessive sedmentation can adversely affect the structure and function of the coral reef ecosystem by altering both physical and biological processes. Mean sediment rates and suspended sediment concentrations for reefs not subject to stresses from human activities are < 1 to ca 10 mg cm-* d-' and < 10 mg I-', respectively. Chronic rates and concentrations above these values are 'hlgh'. Heavy sedmentation is associated with fewer coral species, less live coral, lower coral growth rates, greater abundance of branching forms, reduced coral recruitment, decreased calcification, decreased net productivity of corals, and slower rates of reef accretion. Coral species have different capabilities of clearing themselves of sediment particles or surviving lower light levels. Sedlment rejection is a function of morphology, orientation, growth habit, and behavior; and of the amount and type of s e l m e n t . Coral growth rates are not simple indicators of sediment levels. Decline of tropical fisheries is partially attributable to deterioration of coral reefs, seagrass beds, and mangroves from sedimentation. Sedimentation can alter the complex interactions between fish and their reef habitat. For example, sedimentation can lull major reef-building corals, leading to eventual collapse of the reef framework. A decline in the amount of shelter the reef provides leads to reductions in both number of individuals and number of species of fish. Currently, we are unable to rigorously predict the responses of coral reefs and reef organisms to excessive sedimentation from coastal development and other sources. Given information on the amount of sediment which will be introduced into the reef environment, the coral community composition, the depth of the reef, the percent coral cover, and the current patterns, we should be able to predict the consequences of a particular activity. Models of physical processes (e.g. sediment transport) must be complemented with better understanding of organism and ecosystem responses to sediment stress. Specifically, we need data on the threshold levels for reef orgarusms and for the reef ecosystem as a whole -the levels above which sedimentation has lethal effects for particular species and above which normal functioning of the reef ceases. Additional field studies on the responses of reef organisms to both temgenous and calcium carbonate sediments are necessary. To effectively assess trends on coral reefs, e.g. changes in abundance and spatial arrangement of dominant benthic organisms, scientists must start using standardized monitoring methods. Long-term data sets are critical for tracking these complex ecosystems.",YES,FROZEN_PUBLIC_FULL_TEXT_LOCATION,,VERIFIED_DOI_DOCUMENT,B05_BROAD_SYNTHESIS_WITH_TARGET_EVIDENCE,HIGH,"Coral reefs and reef organisms, focusing on corals (species, communities, reef framework), with implications for fish and other reef taxa.","Sedimentation from coastal development; sediment particles, smothering, reduced light, suspended sediment concentrations, chronic sediment rates.","Reduced coral species richness, live coral cover, growth rates, recruitment, calcification, net productivity, and reef accretion rates; sediment rejection capacities; threshold levels for lethal effects and normal reef functioning.","This is a substantive synthesis/assessment of tropical coral reef responses to sedimentation, providing direct sediment-impact evidence and threshold context. It separately identifies coral and reef organism responses, fitting B05 as a broad sediment-effects synthesis with target evidence.","The abstract is a comprehensive review of coral reef and organism responses to sedimentation, explicitly covering smothering, light reduction, and biological/ecological consequences such as decreased growth, recruitment, calcification, and live cover. It offers threshold values and discusses sediment rejection mechanisms. This is a synthesis specific to corals, not an original experimental study, so B04 is less appropriate. B01/B02/B03 are not applicable as it is tropical and not deep/cold. Thus B05 is the best fit, and the record is clearly within Tier B scope.",ALL_VERIFIED_NON_TROPICAL_TIER_B_INCLUSIONS,TBV1-1198
B,GLV4-64B490BC5464,review of the environmental impact statements,,,waves-vagues.dfo-mpo.gc.ca,environmental_impact_statement,,https://waves-vagues.dfo-mpo.gc.ca/library-bibliotheque/4068958x.pdf,of Residual Environmental Effects (review of information related to Corals / Sponges) Newfoundland and Labrador Region Science Response: Flemish Pass and Eastern Newfoundland Offshore Exploration Drilling Programs 3 o Section 8.6 – Environmental Monitoring and Follow-up (review of information related to Corals/Sponges) • Section 12.0 - Indigenous Communities and Activities: Environmental Effects Assessment o Section 12.3.2.2.3 - Atlantic salmon • Section 15.0 - Accidental Events o Section 15.4 - Fate and Behaviour of Potential Spills o Section 15.5 – Environmental Effects Assessment: Sections,YES,PUBLIC_FULL_DOCUMENT_LOCATION,https://waves-vagues.dfo-mpo.gc.ca/library-bibliotheque/4068958x.pdf,VERIFIED_DIRECT_DOCUMENT_URL,B02_DEEP_COLD_REVIEW_ASSESSMENT,HIGH,"The document is a review of environmental impact statements focused on corals and sponges, explicitly referencing 'review of information related to Corals / Sponges' within the Newfoundland and Labrador offshore area.","The context is offshore exploration drilling programs (Flemish Pass and Eastern Newfoundland), which inherently involve sediment-related stressors such as drill cuttings, drilling muds, and potential sediment deposition or resuspension.","Provides an assessment of residual environmental effects on corals/sponges, including environmental monitoring and follow-up sections, representing a regulatory or science-response review relevant to impact assessment.","B02_DEEP_COLD_REVIEW_ASSESSMENT: substantive government/regulatory science response reviewing environmental impact statements for drilling programs, with explicit focus on corals/sponges and potential sediment-related effects.","This is an identifiable DFO science response document reviewing EIS information related to corals/sponges for offshore drilling programs. The drilling context implies sediment-related pathways, and the review provides assessment and monitoring evidence relevant to sediment impacts on deep-sea corals and sponges. It qualifies under B02 as a substantive government/regulatory assessment with a direct focus on corals/sponges. Exclusions do not apply because the document is a substantive assessment, not a discovery webpage, and explicitly targets corals/sponges within a sediment-associated industrial activity.",ALL_VERIFIED_CSAS,TBV1-0467
B,CWC-386D236FF5A0,Review: Sediment‐Related Controls on the Health of the Great Barrier Reef,Peter B. Hairsine,2017,Vadose Zone Journal,article,10.2136/vzj2017.05.0115,https://doi.org/10.2136/vzj2017.05.0115,"Core Ideas Linking terrestrial soil erosion to marine ecosystem degradation relies on a long chain of evidence. Excess terrestrial erosion impacts marine ecosystems via changes to marine food webs. A graphic summary of the spatial configuration of the sources and sinks is provided. Increased management of near‐coastal sediment sources and terrestrial sediment sinks is appropriate. Research needs include techniques for enhancing sediment trapping, response times, and nutrient tracking. Linking terrestrial soil erosion to the degradation of marine ecosystems relies on a long chain of evidence. Here, this chain of evidence is reviewed for Australia's Great Barrier Reef and its catchments. Excessive sediment delivery to the marine environment is one component of an interlinked group of stressors that include coral bleaching, damage by storms, and plagues of crown‐of‐thorns starfish. Sediment and the pollutants they carry are one of the drivers of marine ecosystem decline and adversely impact recovery following disturbance by other stressors. Significantly, a portion of the N species carried by fine sediment in the freshwater system is released in the marine environment, thereby perturbing marine ecology. Available controls on sediment and pollutant delivery are hillslope erosion rates, gully and streambank erosion rates, sediment deposition rates in sediment sinks including footslopes, floodplains, and water reservoirs, and the application rates of pesticides and fertilizers. By reducing sediment fluxes through the combined strategies of erosion control and deposition enhancement, near‐ and offshore impacts can be reduced. Gully and streambank erosion are more significant sources of fine sediment than hillslope erosion. Fertilizer and non‐fertilizer N and pesticides carried by sediment play an important role in coral reef degradation. A graphic summary of the spatial configuration the sources and sinks is provided to guide the prioritization of interventions. The scale of intervention required to achieve the desired marine outcome is so large that a combined voluntary and regulatory approach is needed.",NO,NOT_CONFIRMED,,VERIFIED_DOI_DOCUMENT,B05_BROAD_SYNTHESIS_WITH_TARGET_EVIDENCE,HIGH,"Coral reef ecosystems, specifically the Great Barrier Reef, are discussed.","Excessive sediment delivery from terrestrial erosion, including fine sediment and associated pollutants (nitrogen, pesticides), to the marine environment.","Sediment is identified as a driver of marine ecosystem decline, adversely impacting coral reef recovery following other disturbances; coral reef degradation is explicitly linked to sediment fluxes.","This is a broad synthesis/assessment of sediment-related controls on a tropical coral reef ecosystem, explicitly reporting coral reef degradation as an impact. It qualifies under B05 because it provides relevant coral evidence within a broader synthesis of sediment effects, and is not limited to other taxa.","This review explicitly links terrestrial sediment delivery to degradation of the Great Barrier Reef, mentioning coral bleaching and impaired recovery. It is a substantive synthesis with clear coral reef relevance, satisfying B05. The closest alternative would be exclusion for lack of direct coral response data, but the abstract itself states sediment and pollutants play an important role in coral reef degradation, providing assessment-level evidence. The document is not merely a physical transport study; it addresses biological and ecological impacts. Therefore, TIER_B_INCLUDE is appropriate.",ALL_VERIFIED_NON_TROPICAL_TIER_B_INCLUSIONS,TBV1-1325
B,CWC-9C9F83D53A15,Rock and roll: experiments on substrate movement and coral settlement,Andrew Heyward | Christine Giuliano | Cathie A. Page | Carly J. Randall,2024,Coral Reefs,article,10.1007/s00338-024-02547-z,https://doi.org/10.1007/s00338-024-02547-z,"Rubble is ubiquitous on coral reefs and can aggregate into fields, forming a significant component of the reef substrate. Rubble fields often remain unconsolidated, with the component rubble pieces subject to movement that is dependent on hydrodynamic forcing, rubble size, shape, and other factors. Settlement of corals to rubble fields has long been assumed, but the dynamic movement of rubble pieces has been presumed to deter settlement and is thought to contribute to high post-settlement mortality. Rubble often forms on coral reefs following severe disturbances, and is predicted to increase under climate change, with the potential to impact settlement and recruitment-dependent recovery processes. Through a series of laboratory and field experiments, we demonstrate that corals from broadcast spawning species on the Great Barrier Reef will settle on unstable substrates, even those in constant motion. We also observed more coral spat on settlement tiles suspended in the water column than those fixed to the reef using a common approach to censusing settlement. Sampling of natural rubble on the reef 50 days after a mass-spawning event confirmed the presence of similar numbers of coral settlers on rubble and on tiles fixed to the reef. These results suggest that rubble fields are places of significant settlement for broadcast spawning corals. Suspended tiles were also surprisingly effective in collecting coral settlers, demonstrating that a change in sampling protocol can produce significant variation in settlement data and strengthening the argument for standardisation of settlement-monitoring protocols, particularly at a time of growing need for reliable metrics. These results also suggest that movement of rubble is not precluding settlement outright, but rather post-settlement processes (i.e. competition, predation, shading or burial by shifting rubble) are limiting recruitment to rubble patches. Consequently, rubble stabilisation may increase the survival of spat that have settled in these environments.",YES,FROZEN_PUBLIC_FULL_TEXT_LOCATION,https://link.springer.com/content/pdf/10.1007/s00338-024-02547-z.pdf,VERIFIED_DOI_DOCUMENT,B04_TROPICAL_PHYSICAL_SEDIMENT_ANALOGUE,HIGH,Broadcast spawning corals on the Great Barrier Reef; coral spat/settlers observed on rubble and settlement tiles.,Unstable/rubble substrate subject to movement; potential burial by shifting rubble; also suspended tiles compared to fixed tiles.,Coral settlement success on moving substrates; post-settlement mortality/recruitment limitation due to burial and other processes; settlement counts on natural rubble and tiles.,"Tropical coral study directly experimentally testing physical substrate movement/instability and burial-related effects on settlement, an eligible biological response under B04.","This article reports laboratory and field experiments on coral settlement onto unstable, moving rubble. The study directly addresses a physical sediment-related stressor (substrate movement and potential burial by shifting rubble) and measures settlement, a clearly relevant biological response. Although rubble is coarse, the burial and smothering pathway is explicitly identified as a post-settlement mortality factor. This matches B04's scope of tropical physical sediment analogues with direct experimental testing and relevant responses. It is not merely mention of sediment; the experiments are central. The record is a substantive peer-reviewed article, so it is eligible for Tier B inclusion. Confidence is high due to explicit abstract content.",SPARING_TOP_25_TROPICAL_DIRECT_PHYSICAL_ANALOGUES,TBV1-1200
B,CWC-C50EA41AD172,"RRS Charles Darwin Cruise 179, 14 Apr - 17 May 2006. Hotspot ecosystem research in the Setúbal, Lisbon, Cascais and Nazaré canyons on the Portuguese continental margin",D. S. M. Billett,2006,ePrints Soton (University of Southampton),book,,https://eprints.soton.ac.uk/43104/1/nocscr013.pdf,"RRS Charles Darwin Cruise 179 was one of a series of cruises studying the biology, geology, biogeochemistry and physical oceanography of the Portuguese margin canyons. The cruise contributed to the European Union Framework Programme VI Integrated Project HERMES (Hotspot Ecosystem Research on the Margins of European Seas). Four key canyon areas on the European margin are being studied in HERMES: the Portuguese margin, the Irish margin and the Western and Eastern Mediterranean. On the Portuguese margin four canyons had been selected for multidisciplinary studies by the HERMES community: the Nazaré Canyon, Setúbal Canyon, Lisbon Canyon and the Cascais Canyon. RRS Charles Darwin cruise 179 was divided into two legs (Cartagena to Lisbon, 14 April to 1 May 2006; Lisbon to Falmouth, 1 to 17 May 2006). Leg 1 focused on the upper and middle parts of the Setúbal and Lisbon canyons, which join together at a depth of about 2000m, and the upper and middle Cascais Canyon. Leg 2 sampled the lower Cascais and Setúbal canyons and a wide variety of depths in the Nazaré Canyon. The principal sampling activities were seabed photographic and video imaging (NOCS SHRIMP system), deep-tow 30 kHz sidescan sonar imaging (NOCS TOBI system), coring (Megacorer, Piston Corer and Box Corer), trawling (Agassiz Trawl), and benthic boundary layer particulate biogeochemistry using CTD-mounted Stand Alone Pump Systems (SAPS). Seabed photo-transects at depths between 300 and 4500m confirmed that large parts of all the canyons were covered in a sediment drape, with little evidence of epifaunal megafauna within the canyon axis, but with localised communities of suspension feeding sponges, cnidarians (soft and stony corals), crinoids and asteroids on rocky ledges around the thalweg (central channel) of the canyons. Photo-transects across the thalwegs of the canyons revealed fascinating changes in the nature of the seabed (e.g. ripple patterns) and fauna (e.g. xenophyophores (giant protozoans) on the flanks of the Nazaré Canyon thalweg). New sidescan sonar images were obtained of the Lisbon and Cascais canyons and the base of the continental slope in the vicinity of the Cascais and Setúbal canyons. Coring and trawling focused on comparable sites at c. 3400m and 4400m in the lower canyons. Burrowing holothurians were evident in all three canyons at c. 3400m, but only in the Nazaré Canyon were they superabundant. This was the penultimate scientific cruise of RRS Charles Darwin. The ship has given UK and European marine science many years of excellent service. She will be greatly missed, and will be succeeded by RRS James Cook in 2006.",NO,NOT_CONFIRMED,,VERIFIED_DIRECT_DOCUMENT_URL,B01_DEEP_COLD_SEDIMENT_EVIDENCE,MEDIUM,"Deep-sea stony corals, soft corals (cnidarians), and suspension-feeding sponges observed in Portuguese margin canyons.","Sediment drape covering large parts of canyons, with little epifaunal megafauna in canyon axis; rocky ledges around thalweg host communities.",Observational evidence of sparse epifauna in sedimented canyon axes and localized coral/sponge communities on rocky ledges; monitoring photos/video.,Deep-sea cold-water coral/sponge source with an explicit sediment deposition pathway (sediment drape) and biological/ecological distribution evidence; fits B01.,"Deep-sea canyon cruise report explicitly links sediment drape in canyon axes to sparse epifaunal megafauna, while corals and suspension-feeding sponges occur on rocky ledges. This is ecological condition/monitoring evidence for sediment deposition effects on deep corals/sponges, meeting B01. Chosen B01 over B02 because the record provides primary observational evidence rather than a synthesis/assessment; over B03 because it is deep-sea, not temperate/polar; over B04 because it is not tropical. Confidence medium because abstract provides sufficient details.",ALL_VERIFIED_NON_TROPICAL_TIER_B_INCLUSIONS,TBV1-0138
B,CWC-E052454A24D0,"RV SONNE Fahrtbericht / Cruise Report SO242-1: JPI OCEANS Ecological Aspects of Deep-Sea Mining, DISCOL Revisted, Guayaquil - Guayaquil (Equador), 28.07.-25.08.2015",Jens Greinert,2015,Helmholtz Centre for Ocean Research Kiel (GEOMAR),book,10.3289/geomar_rep_ns_26_2015,https://doi.org/10.3289/geomar_rep_ns_26_2015,"Cruise SO242/1 ran from 28 July to 25 August 2015 starting and ending in Guayaquil, Ecuador. In \ntotal, 40 scientists from five European countries took part in this cruise of the JPIO project ‚Ecological \nAspects of Deep‐Sea Mining‘ to study the ecological long‐term impact of deep sea disturbances. The \nworking area, the DISCOL area in the Peru Basin, was ploughed in 1989 and thoroughly studied in the \nyears thereafter, the last cruise, SO106, happened in 1996. \nSO242/2 aimed at mapping the DISCOL Experimental Area (DEA) in great detail using ship‐based \nand AUV‐based hydroacoustic and optical methods. To see changes between differently disturbed \nareas and study the possible recovery of the ecosystem, biological sampling occurred with TV‐guided \nmulti‐coring (MUC), box coring (BC) and epi‐benthic sledge tracks (EBS). Additional biological \nsampling for scavenging animals occurred with baited Amphipod‐Traps within and further outside \nthe DEA. For geochemical sampling, multi‐, box and gravity coring (BC) was used. Two lander systems \nequipped with physical sensors such as ADCPs and CTDs were used for current measurements and to \nmonitor sediment plume dispersal created by the EBS. Additional visual studies of the fauna \ndistribution occurred with camera tows (OFOS). \nFive main sampling areas were selected, two within the DEA targeting heavily disturbed \n(ploughed) locations and three reference areas 3 to 4 nmi outside the DEA. All five areas had been \nsampled in the past and can be directly compared concerning ecological changes. Despite a four‐day \nbreak due to medical reasons the work program could almost be completed. Four of the working \nareas were at least sampled with five BCs and MUCs each, and one GC. Box coring could not be \nperformed in the western reference area. In total, 5 CTDs, 27 MUCs, 25 BCs, 7 GCs, 8 EBSs, 5 \nAmphipod‐Traps, 6 lander deployments and 6 OFOS tracks were successfully undertaken and one \nthermistor mooring was deployed. \nIn addition, 16 AUV dives clearly showed that plough marks are still well visible after 26 years. \nThere is a slight sediment cover next to the plough tracks, but first analyses of the faunal distribution \nshow that the sessile fauna has not yet recolonised the tracks. Stalked sponges, corals and anemones \ncan be found outside the tracks but still within the DEA. Their distribution patterns inside the DEA do \nnot vary clearly from those on reference sites. The Mn‐nodule distribution is not homogenous; there \nare areas inside the DEA that do not have nodules at the seafloor surface; they are typically linked to \ndepressions that show low backscatter intensity in the AUV side scan sonar data pointing towards \nless dense sediment infill. In gravity cores, nodules could be recovered even in 9m sediment depth, \nfinding several more or less intact nodules throughout the entire sediment column was common. \nWater current measurements show slow currents (max. 6cm/s) and a strong tide‐influenced current \ndirection, whereas no general direction could be observed. Two ‘disturbance experiments’ \ndemonstrated that sediment plumes can be monitored using high frequency ADCPs (1200 kHz). The \ndisturbance by the EBS created a sediment plume that stayed close to the seafloor. First analyses of \ncurrent trajectories showed that the sediment resettled rather quickly. It became clear that plume \nbehaviour during large‐scale mining cannot be extrapolated from these small‐scale and short‐term \nexperiments. In resume, cruise SO242/1 was very successful and research should continue in the DEA \narea, which is undoubtedly the best studied long‐term deep sea disturbance site in the ocean.",NO,NOT_CONFIRMED,,VERIFIED_DOI_DOCUMENT,B01_DEEP_COLD_SEDIMENT_EVIDENCE,HIGH,"Deep-sea sessile fauna, explicitly stalked sponges, corals, and anemones in the DISCOL area (Peru Basin).","Historical seafloor ploughing (deep-sea mining disturbance), sediment plumes from epibenthic sledge, sediment cover near tracks, resuspension and resettlement of sediment.",Observations that sessile fauna have not recolonised ploughed tracks; fauna present outside tracks but within the DEA; monitoring of plume dispersal and sediment resettlement; first analyses of faunal distribution.,Deep-sea cruise report providing direct evidence of sediment-related disturbance effects on cold-water corals and sponges through monitoring of sediment plumes and faunal recolonisation patterns.,"This cruise report for SO242-1 directly investigates ecological impacts of deep-sea mining disturbance, including sediment ploughing and plume formation. It explicitly reports sediment plumes, resettlement, and the distribution of stalked sponges, corals, and anemones relative to ploughed tracks, showing lack of recolonisation. This meets B01 deep/cold sediment evidence with explicit biological response. B02 is less appropriate because this is a primary cruise report rather than a synthesis or assessment, though it also functions as a monitoring document. Exclusions do not apply; organism, pathway, and response are all clearly present.",ALL_VERIFIED_NON_TROPICAL_TIER_B_INCLUSIONS,TBV1-0087
B,GLV4-ED965EF17FED,Science Advisory Report 2013/062,,2013,csas-scas.dfo-mpo.gc.ca,government_report,,https://csas-scas.dfo-mpo.gc.ca/publications/771bf222-d2f3-4ee5-b7ca-2a4e4c5ecb3e,This Science Advisory Report is from the Identification and Evaluation of Biological Effects and Impacts of Sediment to Sponge Communities in,NO,NOT_CONFIRMED,,VERIFIED_BIBLIOGRAPHIC_DOCUMENT,B02_DEEP_COLD_REVIEW_ASSESSMENT,HIGH,"Sponge communities (likely deep/cold-water, Canadian context)",Sediment exposure and biological impacts,Evaluation of biological effects and impacts of sediment on sponge communities; science advisory report providing assessment and potential thresholds/vulnerability information,"Government science advisory report directly focused on sediment effects on sponge communities, intended to inform impact assessment and management; meets Tier B review/assessment pathway.","This is a Fisheries and Oceans Canada Science Advisory Report explicitly titled 'Identification and Evaluation of Biological Effects and Impacts of Sediment to Sponge Communities'. It is a substantive government assessment document directly addressing sediment impacts on cold-water sponges, with clear relevance to effects, exposure, thresholds, and vulnerability. This qualifies under B02_DEEP_COLD_REVIEW_ASSESSMENT. The closest alternative is EXCLUDE if lacking direct sponge evidence, but the title and abstract indicate a targeted sediment-sponge evaluation.",ALL_VERIFIED_CSAS,TBV1-0992
B,CWC-79D114AA011B,Science Advisory Report 2021/028,,2021,Fisheries and Oceans Canada,regulator_assessment,,https://www.dfo-mpo.gc.ca/csas-sccs/Publications/SAR-AS/2021/2021_028-eng.html,"# Science Advisory Report 2021/028. ## Coral and Sponge Mitigations in Relation to Exploratory Drilling Programs in the Newfoundland and Labrador Region. * An avoidance and mitigation framework was developed for exploratory drilling to eliminate or minimize impacts on corals and sponges. * It is recommended that exploratory drilling activities (including the zone of influence) do not overlap significant benthic areas (SiBAs) and vulnerable marine ecosystem (VME) habitats. * Outside of SiBAs and VME habitats, the zone of influence from exploratory drilling activities should be at least 2 km awa",YES,FROZEN_PUBLIC_FULL_TEXT_LOCATION,https://www.dfo-mpo.gc.ca/csas-sccs/Publications/SAR-AS/2021/2021_028-eng.html,VERIFIED_BIBLIOGRAPHIC_DOCUMENT,B02_DEEP_COLD_REVIEW_ASSESSMENT,HIGH,"Corals and sponges in the Newfoundland and Labrador region, including significant benthic areas (SiBAs) and vulnerable marine ecosystem (VME) habitats.","Exploratory drilling activities, including zone of influence, which encompasses sediment-related impacts such as drill cuttings and drilling muds.",Avoidance and mitigation framework to eliminate or minimize impacts; recommends no overlap between drilling zone of influence and SiBAs/VMEs; suggests a minimum 2 km separation from sensitive areas.,"B02_DEEP_COLD_REVIEW_ASSESSMENT: A substantive government / regulator assessment (Fisheries and Oceans Canada Science Advisory Report) focused on coral and sponge mitigation in relation to drilling, a sediment-related activity. It provides direct management thresholds and avoidance guidance relevant to sediment exposure from exploratory drilling.","This record is a Fisheries and Oceans Canada Science Advisory Report specifically addressing coral and sponge mitigations for exploratory drilling in the Newfoundland and Labrador region. It directly concerns cold-water corals and sponges and the sediment-related impacts of drilling (zone of influence, likely including drill cuttings and muds). The document provides assessment and management recommendations, including avoidance of significant benthic areas and a minimum offset distance. This meets Tier B pathway B02 as a deep/cold review or regulatory assessment with a clear sediment-impact focus. It is not merely a reference source (CHAIN_ONLY) because it contains substantive impact and mitigation content, and it is not excluded because the organism, stressor, and assessment are all explicit.",ALL_VERIFIED_CSAS,TBV1-0140
B,SUPP-SSV3-006,Science Review of the Old Harry Prospect Exploration Drilling Program,Fisheries and Oceans Canada,2013,"Canadian Science Advisory Secretariat, Science Response 2013/014",science response,,https://waves-vagues.dfo-mpo.gc.ca/library-bibliotheque/350500.pdf,"Peer-reviewed technical review of an exploratory-drilling environmental assessment and drill-mud/cuttings dispersion model. It discusses deep-water coral and sponge occurrence near the project and reviews literature on drilling-fluid and cuttings effects, but organism-specific response evidence in the report is uncertain.",YES,AUTHORITATIVE_FULL_DOCUMENT,https://waves-vagues.dfo-mpo.gc.ca/library-bibliotheque/350500.pdf,VERIFIED_DIRECT_DOCUMENT_URL,B02_DEEP_COLD_REVIEW_ASSESSMENT,HIGH,"Deep-water corals and sponges are discussed in relation to the Old Harry exploration drilling area, including occurrence near the project.","Drilling fluids and cuttings (suspended particles, deposition, burial) are the primary sediment-related pathways evaluated through dispersion modelling and literature review.","The report provides a peer-reviewed technical review and regulatory assessment of potential effects from drill mud/cuttings on corals and sponges, with potential to inform effects, exposure, and mitigation, even though organism-specific response evidence is uncertain.","This is a substantive government science response and assessment from Fisheries and Oceans Canada with a direct sediment-impact focus on deep-water corals and sponges from drilling muds and cuttings. It qualifies under B02 as a deep/cold coral or sponge review, government report, or regulatory assessment with clear potential to inform effects, exposure, thresholds, vulnerability, mitigation, or recovery.","The record is a DFO Science Response peer-reviewed technical review of the Old Harry exploration drilling program. It explicitly discusses deep-water coral and sponge occurrence near the project and reviews literature on drilling-fluid and cuttings effects. Even though organism-specific response evidence is described as uncertain, the document is a substantive regulatory assessment with a direct sediment-impact focus on target taxa, meeting B02 criteria. It is not merely reference mining (CHAIN_ONLY) because it has clear potential to inform sediment effects on corals and sponges. It is not excluded because it provides relevant evidence for a deep/cold coral/sponge review, despite not providing strict organism-level response data. Confidence is HIGH because the title, metadata, and abstract clearly establish the document type, taxa, and sediment pathway.",ALL_VERIFIED_CSAS,TBV1-0410
B,CWC-BEA6991859F6,"Seamounts in the southeastern Pacific Ocean and biodiversity on Juan Fernandez seamounts, Chile",Eleuterio Yáñez | Cláudio Silva | Rodrigo Vega | Fernando Espíndola | Lorena Álvarez | Nelson Silva | Sergio Palma | Sergio Salinas | Eduardo Menschel | Verena Häussermann | Daniela C. Soto | Nadín Ramirez,2009,Latin American Journal of Aquatic Research,article,10.3856/vol37-issue3-fulltex-19,https://doi.org/10.3856/vol37-issue3-fulltex-19,"Seamounts are vulnerable marine ecosystems.In Chile, information on these ecosystems is quite scarce; thus, a compilation of information on their geographical distribution and biodiversity is presented herein.A total of 118 seamounts distributed in the Chilean EEZ are identified and characterized.Additionally, an in situ assessment was carried out on the Juan Fernandez seamounts 1 and 2 (JF1 and JF2), which were also oceanographically characterized.Phytoplankton, zooplankton, and marine invertebrate samples were collected and an exploratory fishing survey was executed using different gears.According to the bibliographical review, a total of 82 species have been collected on the JF1 and JF2 seamounts, highlighting findings of black coral species caught in lobster traps at the Juan Fernandez Archipelago.Submarine images of the marine substrate at JF1 and JF2 reveal characteristics attributable to the impact of bottom dredges, coinciding with the information obtained from the trawling fleet.The fishing activity was carried out primarily at JF2 (4,667 km of trawling).The monthly fishing effort increased considerably in 2002, 2003, and 2005, reaching values above 500 km of trawling and, thus, modifying the spatial structure of the resource aggregates on the JF2 seamount.",NO,NOT_CONFIRMED,,VERIFIED_DOI_DOCUMENT,B01_DEEP_COLD_SEDIMENT_EVIDENCE,MEDIUM,Black coral species (Antipatharia) collected at Juan Fernandez seamounts; deep-sea/cold-water corals recognized as vulnerable marine ecosystem components.,Bottom dredging and trawling impacts on seamount substrate; physical disturbance with likely sediment resuspension and habitat modification.,Submarine substrate images reveal characteristics attributable to bottom dredge impact; assessment links increased fishing effort to modifications in the spatial structure of resource aggregates.,"The source documents deep-sea/cold-water coral occurrence and provides impact evidence from dredging, an explicit sediment-related pathway in Tier B, thereby meeting B01.","This article identifies black corals at Chilean seamounts and reports bottom-dredge/trawling impacts visible in substrate images, linking fishing effort to alteration of resource aggregates. Although sediment is not explicitly named, dredging is an explicit sediment-related pathway in Tier B, and the record provides impact evidence for cold-water corals. It therefore qualifies under B01. It is preferable to B02 because the document is a primary biodiversity/impact assessment rather than a review; it is not excluded because coral evidence and a dredging pathway are present.",ALL_VERIFIED_CENTRAL_PEER_REVIEWED,TBV1-0158
B,CWC-798B390FBB3C,"Seasonal trophic ecology of the dominant Antarctic coral Malacobelemnon daytoni (Octocorallia, Pennatulacea, Kophobelemnidae)",Natalia Servetto | Sérgio Rossi | V. Fuentes | Gastón Alurralde | Cristian Lagger | Ricardo Sahade,2017,Marine Environmental Research,article,10.1016/j.marenvres.2017.08.003,https://doi.org/10.1016/j.marenvres.2017.08.003,"Antarctic ecosystems present highly marked seasonal patterns in energy input, which in turn determines the biology and ecology of marine invertebrate species. This relationship is stronger at lower levels of the food web, while upper levels may be less dependent on primary production pulses. The pennatulid Malacobelemnon daytoni, is one of the most abundant species in Potter Cove, Antarctica. In order to assess its trophic ecology and energetic strategies, its biochemical (carbohydrates, proteins and lipids), Fatty Acid (FA) and Stable Isotope (SI) (delta N-15 and delta C-13) compositions were studied over a year-round period. The FA and SI profiles suggest an omnivorous diet and opportunistic feeding strategy for the species. These results, together with biochemical analysis (higher lipid and carbohydrate concentration observed in July and October 2009), support the hypothesis that resuspension events may be an important source of energy, reducing the seasonality of food depletion periods in winter. The evidence presented here gives us a better insight into the success that this species has in Potter Cove and under the current environmental changes experienced by the Antarctic Peninsula. (C) 2017 Elsevier Ltd. All rights reserved.",YES,FROZEN_PUBLIC_FULL_TEXT_LOCATION,,VERIFIED_DOI_DOCUMENT,B01_DEEP_COLD_SEDIMENT_EVIDENCE,HIGH,"Antarctic pennatulid coral Malacobelemnon daytoni (Octocorallia, Pennatulacea, Kophobelemnidae), an abundant species in Potter Cove, Antarctica.","Resuspension events as an important source of energy, representing a suspended-particle/deposition pathway that supports the coral during winter.","Seasonal trophic ecology and energetic strategies assessed through biochemical (carbohydrates, proteins, lipids), fatty acid, and stable isotope analyses; higher lipid and carbohydrate concentrations in July and October 2009 linked to resuspension.",B01: A cold-water (Antarctic) coral with an explicit sediment pathway (resuspension) and biological/ecological evidence (trophic ecology and energy acquisition). The response is indirect but substantively linked to sediment-derived resources.,"The organism is a cold-water Antarctic coral (Malacobelemnon daytoni). The abstract explicitly mentions resuspension events as a key energy source, providing an explicit sediment pathway (suspended particles/resuspension). The response evidence includes seasonal trophic ecology, biochemical composition, fatty acid, and stable isotope data, constituting biological/ecological evidence. This matches B01, which allows indirect evidence. The closest alternative is CHAIN_ONLY, but the resuspension pathway is not merely incidental; it is hypothesized as a major energy source with supporting data, and coral-specific ecology is a central focus. Excluding would ignore the explicit sedimentary energy pathway. Therefore TIER_B_INCLUDE with B01 is appropriate.",ALL_VERIFIED_CENTRAL_PEER_REVIEWED,TBV1-1387
B,CWC-4E8B22E48B78,Seasonal Variability in Near-bed Environmental Conditions in the Vazella pourtalesii Glass Sponge Grounds of the Scotian Shelf,Ulrike Hanz | Lindsay Beazley | Ellen Kenchington | Gerard Duineveld | Hans Tore Rapp | Furu Mienis,2021,Frontiers in Marine Science,article,10.3389/fmars.2020.597682,https://doi.org/10.3389/fmars.2020.597682,"The Scotian Shelf harbors unique aggregations of the glass sponge Vazella pourtalesii that provides an important habitat for benthic and pelagic fauna. Recent studies have shown that these sponge grounds have persisted in the face of strong interannual and multi-decadal variability in temperature and salinity. However, little is known of these environmental characteristics on hourly-seasonal time scales. This study presents the first hydrodynamic observations and associated (food) particle supply mechanisms for the Vazella sponge grounds, highlighting the influence of natural variability in environmental conditions on sponge growth and resilience. Near-bottom environmental conditions were characterized by high temporal resolution data collected with a benthic lander, deployed during a period of 10 months in the Sambro Bank Sponge Conservation Area. The lander was equipped with temperature and oxygen sensors, a current meter, a sediment trap and a video camera. In addition, water column profiles of temperature and salinity were collected in an array across the sponge grounds from high to lower sponge presence probability. Over the course of the lander deployment, temperature fluctuated between 8.8-12 degrees C with an average of 10.6 +/- 0.4 degrees C. Dissolved oxygen concentration was on average 6.3 mg I-1, and near-bottom current speed was on average 0.12 m s(-1), with peaks up to 0.47 m s(-1). Semi-diurnal tidal currents promoted constant resuspension of particulate matter in the benthic boundary layer. Surface storm events episodically caused extremely turbid conditions on the seafloor that persisted for several days, with particles being resuspended to more than 13 m above the seabed. The carbon flux in the near-bottom sediment trap peaked during storm events and also after a spring bloom in April, when fresh phytodetritus was observed in the bottom boundary layer. While resuspension events can represent a major stressor for sponges, limiting their filtration capability and remobilizing them, episodes of strong currents and lateral particle transport likely play an important role in food supply and the replenishment of nutrients and oxygen. Our results contextualize human-induced threats such as bottom fishing and climate change by providing more knowledge of the natural environmental conditions under which sponge grounds persist.",YES,FROZEN_PUBLIC_FULL_TEXT_LOCATION,https://www.frontiersin.org/articles/10.3389/fmars.2020.597682/pdf,VERIFIED_DOI_DOCUMENT,B01_DEEP_COLD_SEDIMENT_EVIDENCE,HIGH,Cold-water glass sponge Vazella pourtalesii and its sponge grounds on the Scotian Shelf.,"Near-bed sediment resuspension, turbidity, suspended particulate matter, and storm-driven turbid conditions documented with benthic lander and sediment traps.","Environmental characterization linking natural sediment resuspension and turbidity to sponge growth, resilience, filtration capability, and potential stress; monitoring of near-bottom conditions over 10 months.","Deep-sea/cold-water sponge study with explicit sediment/turbidity pathway and ecological evidence, meeting B01.","This article directly addresses cold-water glass sponge grounds, measuring near-bed sediment resuspension and turbidity as environmental drivers. It discusses how resuspension events can stress sponges by limiting filtration capability and remobilizing them, while also providing food supply. The study uses benthic lander, sediment trap, and video data, offering monitoring and ecological context for sediment effects on sponges. This is a substantive, targeted evidence record for sediment-related impacts on deep-sea sponges, fitting B01. It is not merely physical oceanography because it explicitly links sediment processes to sponge biology and resilience, and it is not excluded by other criteria.",ALL_VERIFIED_CENTRAL_PEER_REVIEWED,TBV1-0024
B,CWC-C1963903542C,Sediment accumulation on a cold-water carbonate mound at the Southwest Rockall Trough margin,Furu Mienis | Cees van der Land | Henko de Stigter | M. van de Vorstenbosch | H. de Haas | Thomas Richter | Tj.C.E. van Weering,2009,Marine Geology,article,10.1016/j.margeo.2009.06.014,https://doi.org/10.1016/j.margeo.2009.06.014,"Cold-water corals build isolated and clustered carbonate mound ridges, several kilometres long and wide and up to 380 m high at the Southwest Rockall Trough margin. Photo and video observations as well as coring have shown that mainly the upper mound flanks and summits are covered with a thriving living coral cover and associated fauna. Box cores prove the presence of living coral colonies on top of a thick layer of coral which is to a large extent abraded and bio-eroded, before being buried. The coral framework is filled debris, with sediment from settling pelagic material and parts of the fauna living at the mounds, resulting in a 120 cm thick layer of sediments since 10,800 yr. Component analysis of a piston core from the top of a carbonate mound shows a complete record of cold-comprising many different species living at the mounds. An alternation of skeletal water coral mound facies, and cement dominated intervals was distinguished in the piston core. Stable isotope analysis of planktonic and benthic foraminifera indicates a continuous sedimentation pattern since the Younger Dryas. The deeper and older part of the core, showing mainly intermediate isotope values, is dominated by the presence of large hiatuses, spanning a total of up to 200,000 yr. Hiatuses in the core may reflect periods of non-deposition or which may be linked to glacial-interglacial variability. Environmental conditions probably change at erosion, glacial-interglacial timescales, influencing the local hydrodynamic regime, food supply and sedimentation rate around the carbonate mounds affecting coral growth and therefore carbonate mound development. (C) 2009 Elsevier B.V. All rights reserved.",NO,NOT_CONFIRMED,,VERIFIED_DOI_DOCUMENT,B01_DEEP_COLD_SEDIMENT_EVIDENCE,MEDIUM,"Cold-water corals (framework-forming) on carbonate mounds at the Southwest Rockall Trough margin, with living coral cover and associated fauna.","Sediment accumulation and deposition on the mound, including a 120 cm thick sediment layer over 10,800 years, burial of coral framework, and inferred changes in sedimentation rate, hydrodynamic regime, and hiatuses.","Coral framework burial and bioerosion, presence of living coral colonies on older buried framework, and inferred influence of sedimentation rate and environmental conditions on coral growth and mound development.","B01: Deep/cold-water coral source with an explicit sediment deposition/burial pathway and indirect biological/ecological evidence linking sedimentation to coral growth and mound development, suitable for Tier B synthesis.","This record reports on cold-water coral mounds and sediment accumulation, explicitly linking sedimentation rate and environmental variability to coral growth and mound development. Although the study is primarily geological and paleoceanographic, it provides indirect evidence for sediment-related effects on cold-water corals: living coral cover is described, coral framework is buried under 120 cm of sediment, and changes in sedimentation are inferred to affect coral growth. This meets the B01 pathway because it is a deep/cold-water coral source with an explicit sediment pathway and biological/ecological response, even if indirect. The closest alternative is EXCLUDE (X03) for lacking direct response evidence, but the abstract's clear linkage between sedimentation and coral growth makes inclusion more appropriate under the wider-berth Tier B criteria.",ALL_VERIFIED_CENTRAL_PEER_REVIEWED,TBV1-0044
B,CWC-01E9A147C36C,Sediment source and dose influence the larval performance of the threatened coral Orbicella faveolata,Xaymara M. Serrano | Stephanie Rosales | Margaret W. Miller | Ana M. Palacio‐Castro | Olivia M. Williamson | Andrea Gómez | Andrew C. Baker,2023,bioRxiv (Cold Spring Harbor Laboratory),preprint,10.1101/2023.09.22.559035,https://doi.org/10.1101/2023.09.22.559035,"Abstract The effects of turbidity and sedimentation stress on early life stages of corals are poorly understood, particularly in Atlantic species. Dredging operations, beach nourishment, and other coastal construction activities can increase sedimentation and turbidity in nearby coral reef habitats and have the potential to negatively affect coral larval development and metamorphosis, reducing sexual reproduction success. In this study, we investigated the performance of larvae of the threatened Caribbean coral species Orbicella faveolata exposed to sediments collected from a reef site in southeast Florida recently impacted by dredging (Port Miami), and compared it to the performance of larvae exposed to sediments collected from the offshore, natal reef of the parent colonies. In a laboratory experiment, we tested whether low and high doses of each of these sediment types affected the survival, settlement, and respiration of coral larvae compared to a no-sediment control treatment. In addition, we analyzed the sediments used in the experiments with 16S rRNA gene amplicon sequencing to assess differences in the microbial communities present in the Port versus Reef sediments, and their potential impact on coral performance. Overall, O. faveolata larvae exposed to high doses of either sediment type (Port or Reef) exhibited reduced survival and settlement rates, but only the Port sediments resulted in adverse effects in the low-dose treatment. Sediments collected near the Port also contained different microbiomes than Reef sediments, and higher relative abundances of the bacteria Desulfobacterales, which has been associated with coral disease. We hypothesize that differences in microbiomes between the two sediments may be a contributing factor in explaining the observed differences in larval performance. Together, these results suggest that the settlement success and survival of O. faveolata larvae are more readily compromised by encountering port inlet sediments compared to reef sediments, with potentially important consequences for the recruitment success of this species in affected areas.",YES,FROZEN_PUBLIC_FULL_TEXT_LOCATION,https://www.biorxiv.org/content/biorxiv/early/2023/09/26/2023.09.22.559035.1.full.pdf,VERIFIED_DOI_DOCUMENT,B04_TROPICAL_PHYSICAL_SEDIMENT_ANALOGUE,HIGH,Tropical Caribbean coral Orbicella faveolata (larvae).,"Sediment exposure from port (dredged) and reef sediments at low and high doses, representing sedimentation and turbidity stress.","Measured larval survival, settlement, and respiration; reduced survival and settlement at high doses, adverse effects at low dose for port sediments.","Direct experimental test of physical sediment exposure on a tropical coral with clearly relevant biological responses (survival, settlement, respiration). This is broader than Tier A but fits B04.","The study experimentally exposes larvae of the tropical coral Orbicella faveolata to sediments from dredging-impacted and reef sites, measuring survival, settlement, and respiration. This directly addresses physical sediment exposure and reports relevant biological responses, satisfying B04_TROPICAL_PHYSICAL_SEDIMENT_ANALOGUE. The record is a substantive preprint with identifiable content. Exclusions do not apply because there is a clear sediment pathway and coral-specific response evidence. The closest alternative would be B01, but the coral is tropical, not deep/cold, so B04 is appropriate.",SPARING_TOP_25_TROPICAL_DIRECT_PHYSICAL_ANALOGUES,TBV1-1204
B,GLV4-493BCAF014F3,sedimentation damage to reef corals,,,espis.boem.gov,report,,https://espis.boem.gov/Final%20Reports/2732.pdf,"ACKNOWLEDGEMENTS I am indebted to the many people who assisted in this study. Work was supported primarily by NSF grant INT-8421225 and by the East-West Center. LITERATURE CITED Edmondson, C.H. 1928. The ecology of an Hawaiian coral reef. B.P. Bishop Museum Bull. 45, Guy, H.P. and V.W. Norman. 1970. Field methods for measurement of fluvial sediment. U. S. Geol. Survey Techniques Water-Resources Investig., book 3, chap. c2. Hamilton, L. and P. N. King. 1983. Tropical forested watersheds. Westview, Boulder, Colorado. Hodgson, G. 1989. The effects of sedimentation on Indo-Pacific Reef Corals. Dis",YES,PUBLIC_FULL_DOCUMENT_LOCATION,https://espis.boem.gov/Final%20Reports/2732.pdf,VERIFIED_DIRECT_DOCUMENT_URL,B04_TROPICAL_PHYSICAL_SEDIMENT_ANALOGUE,HIGH,"Reef corals, likely tropical (supported by reference to Indo-Pacific reef corals in the cited literature).","Sedimentation, explicitly stated in title as causing damage to reef corals.","Damage to reef corals, indicating a biological/ecological impact.","Title directly addresses sedimentation damage to reef corals, and the cited literature includes a known study on sedimentation effects on Indo-Pacific reef corals. This qualifies as a tropical physical sediment analogue study/report meeting B04.","The title unequivocally indicates a study or report on sedimentation damage to reef corals. The included reference to Hodgson (1989) on the effects of sedimentation on Indo-Pacific reef corals confirms the target organism and stressor. As a BOEM report, it is a substantive document. This meets B04 (tropical physical sediment analogue) because the focus is on physical sediment exposure and biological response in reef corals. The absence of a full abstract is not limiting given the explicit title and supporting citation. The closest alternative would be exclusion for missing information, but the available evidence is sufficient for inclusion.",SPARING_TOP_25_TROPICAL_DIRECT_PHYSICAL_ANALOGUES,TBV1-0416
B,CWC-3FE883F1D2AB,Sensitivity of Corals to Turbidity and Sedimentation from Dredging: A Review,P.L.A. Erftemeijer | Bernhard Riegl,2008,NSUWorks (Nova Southeastern University),conference-paper,,https://nsuworks.nova.edu/occ_facpresentations/99,"A review of published literature on sensitivity of corals to turbidity and sedimentation is presented with an emphasis on effects of dredging. Risks and severity of impact from dredging on corals are related to both intensity and duration of exposure to increased turbidity and sedimentation. Sensitivity of a coral reef from dredging impacts and its ability to recover depends on the ecological condition of the reef, its resilience and typical ambient conditions normally experienced. Corals experience stress from high suspended sediment concentrations (polyp) and their effects on light attenuation (algal symbiont). Minimum light requirements of corals range from 300 mg cm-2 day-1. The duration that corals can survive high sedimentation rates range from 14 days (complete burial) for very tolerant species. Hypotheses to explain substantial differences in sensitivity between different coral species include the growth form and orientation of coral colonies, the ability to actively reject sediment (polyp inflation, mucus production, ciliary and tentacular action) and the size of the coral polyp/calice. Validity of these hypotheses was tested on the basis of 53 published studies on effects of turbidity and sedimentation on 85 coral species, the results of which will be presented.",YES,FROZEN_PUBLIC_FULL_TEXT_LOCATION,https://nsuworks.nova.edu/occ_facpresentations/99,VERIFIED_BIBLIOGRAPHIC_DOCUMENT,B05_BROAD_SYNTHESIS_WITH_TARGET_EVIDENCE,HIGH,"Corals (reef-building corals, likely tropical reef corals)",Turbidity and sedimentation from dredging; suspended sediment concentrations; sedimentation rates; burial,"Stress, smothering, shading, tissue necrosis, bacterial explosions in mucus, reduced recruitment/survival/settlement, tolerance limits, recovery potential","This is a review synthesizing published evidence on coral sensitivity to turbidity and sedimentation from dredging. It provides quantitative thresholds (suspended sediment concentrations, allowable sedimentation rates, burial survival durations) and describes multiple biological responses. It qualifies under B05 as a synthesis with clear coral target evidence relevant to the review.","The record is a substantive conference paper reviewing effects of dredging-related turbidity and sedimentation on corals. It explicitly reports biological responses (stress, smothering, necrosis, larval effects) and tolerance thresholds, which is directly relevant. Although it likely focuses on tropical corals, the review itself is a synthesis of coral sediment evidence, fitting B05. It is not a deep/cold review (B02) or an experimental study (B04). The organism and stressor are clearly coral and sediment, so it is not excluded.",ALL_VERIFIED_NON_TROPICAL_TIER_B_INCLUSIONS,TBV1-1334
B,CWC-17BB509A22EF,"SERPENT of the Deep—Research, Monitoring and Partnerships for a Deepwater Well off Atlantic Canada",Andre d'Entremont | J. I. Kaariainen | Krista D. Baker,2008,"SPE International Conference on Health, Safety and Environment in Oil and Gas Exploration and Production",conference-paper,10.2118/111789-ms,https://doi.org/10.2118/111789-ms,"Abstract The Great Barasway F-66 well – operated by Chevron Canada Limited (CCL) on behalf of itself and co-venturers ExxonMobil Canada Ltd., Imperial Oil Resource Ventures Ltd. and Shell Canada Limited – was the first Canadian participation in the international SERPENT Project. It was drilled in the Orphan Basin, a remote deepwater area located 390 km offshore of St. John's, Newfoundland and Labrador, Canada. SERPENT utilizes Remotely Operated Vehicles (ROVs), which support deepwater drilling operations, to collect scientific data which would be prohibitively expensive or impractical for universities or research institutions to collect. The project was a cooperative effort between CCL, ExxonMobil Canada Ltd., Imperial Oil Resource Ventures Ltd., Shell Canada Limited, and Memorial University of Newfoundland (MUN), the University of Southampton, the Canadian Department of Fisheries and Oceans and the Canada-Newfoundland and Labrador Offshore Petroleum Board. This has been an open and transparent relationship whereby all parties were involved in the study design, and data collected was freely shared. Initial results have included 1,000 world class digital photographs and over 25 hours of video of the organisms that live in water depths of 2,338 m. Initial results have been scientifically exciting; expanding the range of two species of fish, there is also the prospect that a new species of deepwater organism could be discovered once the data are fully analyzed. The extent of the settlement of cuttings and drilling muds was also mapped and compared to predictions made in the environmental assessment. Experiments were also conducted to evaluate the potential settlement of deepwater corals and other organisms on different types of hard substrate.",NO,NOT_CONFIRMED,,VERIFIED_DOI_DOCUMENT,B01_DEEP_COLD_SEDIMENT_EVIDENCE,HIGH,"Deepwater organisms at 2338 m, including deepwater corals; also fish and possibly a new species.",Settlement of cuttings and drilling muds from a deepwater well; extent mapped and compared to environmental assessment predictions.,Monitoring of cuttings/mud settlement; experiments to evaluate potential settlement of deepwater corals and other organisms on different hard substrates.,Direct deep-sea coral evidence related to drilling-derived sediment (cuttings/muds) with monitoring and experimental assessment of settlement.,"This conference paper describes deepwater monitoring and experiments in the Orphan Basin. It explicitly mentions deepwater corals and other organisms at 2338 m depth, and evaluates the settlement of cuttings and drilling muds, comparing to environmental assessment predictions. It also describes experiments on potential settlement of deepwater corals on hard substrates. This provides deep-sea coral evidence with a sediment/drilling-mud pathway and biological/assessment response, meeting B01. The closest alternative would be B02, but it is not a review or assessment per se; it is a primary monitoring/experimental report, so B01 is more precise.",ALL_VERIFIED_NON_TROPICAL_TIER_B_INCLUSIONS,TBV1-0109
B,CWC-5F21ED07EDF5,"Short-term environmental variability in cold-water coral habitat at Viosca Knoll, Gulf of Mexico","Davies, AJ | Duineveld, GCA | van Weering, TCE | Mienis, F | Quattrini, AM | Seim, HE | Bane, JM | Ross, SW",2010,DEEP-SEA RESEARCH PART I-OCEANOGRAPHIC RESEARCH PAPERS,JOUR,10.1016/j.dsr.2009.10.012,https://doi.org/10.1016/j.dsr.2009.10.012,"The Lophelia pertusa community at Viosca Knoll (VK826) is the most extensive found to date in the Gulf of Mexico. As part of a multi-disciplinary study, the physical setting of this area was described using benthic landers, CTD transects and remotely operated vehicle observations. The site was broadly characterised into three main habitats: (1) dense coral cover that resembles biogenic reef complexes, (2) areas of sediment, and (3) authigenic carbonate blocks with sparse coral and chemosynthetic communities. The coral communities were dominated by L. pertusa but also contained numerous solitary coral species. Over areas that contained L. pertusa, the environmental conditions recorded were similar to those associated with communities in the north-eastern Atlantic, with temperature (8.5-10.6 degrees C) and salinity (similar to 35) failing within the known species niche for L. pertusa. However, dissolved oxygen concentrations (2.7-2.8 ml l(-1))and density (sigma(Theta), 27.1-27.2 kg m(-3)) were lower and Mass fluxes from sediment trap data appeared much higher (4002-4192 mg m(-2) d(-1)). Yet, this species still appears to thrive in this region, suggesting that L. pertusa may not be as limited by lower dissolved oxygen concentrations as previously thought. The VK826 site experienced sustained eastward water flow of 10-30 cm s(-1) over the 5-day measurement period but was also subjected to significant short-term variability in current velocity and direction. In addition, two processes were observed that caused variability in salinity and temperature; the first was consistent with internal waves that caused temperature variations of 0.8 degrees C over 5-11 h periods. The second was high-frequency variability (20-30 min periods) in temperature recorded only at the ALBEX site. A further pattern observed over the coral habitat was the presence of a 24 h diel vertical migration of zooplankton that may form part of a food chain that eventually reaches the corals. The majority of detailed studies concerning local environmental conditions in L. pertusa habitats have been conducted within the north-eastern Atlantic, limiting most knowledge of the niche of this species to a single part of an ocean basin. Data presented here show that the corals at VK826 are subjected to similar conditions in temperature, salinity, and flow velocity as their counterparts in the north-east Atlantic, although values for dissolved oxygen and density (sigma-theta: sigma(Theta)) are different. Our data also highlight novel observations of short-term environmental variability in cold-water coral habitat. (C) 2009 Elsevier Ltd. All rights reserved.",NO,NOT_CONFIRMED,,VERIFIED_DOI_DOCUMENT,B01_DEEP_COLD_SEDIMENT_EVIDENCE,MEDIUM,"Cold-water coral Lophelia pertusa and associated solitary coral species at Viosca Knoll (VK826), Gulf of Mexico.","Sediment trap mass fluxes (4002–4192 mg m⁻² d⁻¹) as a measure of sedimentation/particle flux, along with currents, temperature, salinity, and dissolved oxygen conditions.","Coral communities appear to thrive despite high mass fluxes and lower dissolved oxygen; habitat characterized by dense coral cover versus sediment areas, providing ecological condition and environmental context.",Deep-sea cold-water coral habitat with explicit sediment flux measurements and ecological condition observations; qualifies as B01 deep/cold sediment evidence.,"The abstract directly characterizes a cold-water coral habitat using sediment trap mass flux data as an environmental variable. It reports that Lophelia pertusa continues to thrive under these conditions, providing ecological condition evidence tied to a sediment/deposition pathway. This fits B01 because it supplies deep/cold coral sediment exposure context and biological/ecological evidence, even though it is not a controlled exposure experiment. The closest alternative would be exclusion as a purely physical oceanography study, but the explicit coral condition statement and sediment flux measurements make inclusion appropriate.",ALL_VERIFIED_NON_TROPICAL_TIER_B_INCLUSIONS,TBV1-0110
B,CWC-19F713252CB7,Simulation Of Concentrations and Depositions of Particle Matter Caused by Drilling Discharges. Comparison Between Field Measurements and Simulation Results at Coral Locations,Henrik Rye | May Kristin Ditlevsen | Jannecke A. Moe | Morten Løkken,2012,,conference-paper,10.2118/156775-ms,https://doi.org/10.2118/156775-ms,"Abstract Deepwater corals (Lophelia) was identified in the vicinity of the location of the exploration well Pumbaa on the Norwegian Continental Shelf where a drilling operation was carried out by the GDF SUEZ E&P Norge AS (GDF SUEZ). When drilling in sensitive areas, it is a requirement from the Norwegian authorities that the operator shall monitor the drilling operation. Possible impacts on the corals were simulated prior to the drilling operation. In addition, monitoring of the discharges during drilling was carried out in order to document effects on the corals. The paper considers a comparison between measured and simulated discharges of drill cuttings and mud to the sea on the Pumbaa field in the Norwegian Sea. The actual monitoring program is presented in a separate paper on this conference (Moskeland et al. 2012). The main objective of the monitoring was to assess effects from the drilling activities on the corals south (and nearest) of the drilling location. The monitoring program included measurements of current, turbidity and sedimentation, as well as sampling of sediments from the seafloor. The data collected in the monitoring program turned out to be useful as well to validate numerical models for simulations of the discharges. In the present case, corals are located close to the drilling site, and the simulation tool could then be validated for prediction of potential exposure of the corals. The actual comparison between model simulations and measurements is carried out by comparing the actual depositions of barite on the sea floor. In addition, turbidity recordings close to the sea floor are compared with simulated concentrations of particle matter at the locations of the turbidity recordings. Good correspondence is obtained between model results and measurements on the occurrence of events of particle matter present in the water column at selected locations. A good similarity is found between measured/simulated depositions of barite at the sea floor, and measured/simulated concentrations of particle matter in the water column. Use of the model validated will strengthen the operator's ability to predict exposure (and consequently potential damage) on corals (and other biological resources) prior to the drilling operation. The operator may then obtain an ""early warning"" on exposure (potential damage). Measures can then be initiated to eliminate or reduce environmental impact.",NO,NOT_CONFIRMED,,VERIFIED_DOI_DOCUMENT,B01_DEEP_COLD_SEDIMENT_EVIDENCE,HIGH,Deepwater corals (Lophelia) located near a drilling site on the Norwegian Continental Shelf.,"Drilling discharges including drill cuttings and mud, barite deposition on the seafloor, turbidity and suspended particle matter in the water column.",Comparison of measured and simulated concentrations and depositions; monitoring of turbidity and sedimentation; prediction of exposure and potential damage to corals; validation of numerical models for environmental impact assessment.,"This conference paper is a deep-sea cold-water coral (Lophelia) source with explicit sediment/drilling pathway and monitoring/impact assessment evidence. It compares field measurements with simulations of particle matter and barite deposition at coral locations, providing indirect but relevant evidence on potential exposure and impact.","This record documents a modeling and field monitoring study of drilling discharges at a deepwater coral (Lophelia) site. The explicit sediment pathway (drill cuttings, mud, barite, turbidity) and the focus on assessing potential coral impact fit B01. It is preferable to B02 because it directly presents site-specific evidence rather than being a review or regulatory report. It is not excluded because it contains monitoring and impact evidence for corals, unlike pure physical plume modeling studies. The document is substantive with DOI.",ALL_VERIFIED_NON_TROPICAL_TIER_B_INCLUSIONS,TBV1-0046
B,CWC-6F573FDCA39E,"Spatial differences in the growth rates of Pocillopora damicornis associated with sedimentation rate and light intensity at Polhena patchy reef, southern Sri Lanka",WAA Upasantha Kumara | PBT Pradeep Kumara | P.R.T. Cumaranatunga,2015,Sri Lanka Journal of Aquatic Sciences,article,10.4038/sljas.v20i1.7455,https://doi.org/10.4038/sljas.v20i1.7455,"Near shore patchy reef located at the leeward side of the fringing reef at Polhena was surveyed to evaluate spatial patterns of growth rates of Pocillopora damicornis . This study was carried out at three locations of the reef; front, side and back from June to November in 2004. Three sites were selected from each location considering the depth (surface, middle, and bottom). Forty five colonies of P. damicornis which were approximately of the same size were studied. Temperature, dissolved oxygen, BOD5, salinity, pH, soluble reactive phosphorous, turbidity and light intensity of each site were measured fortnightly and their mean values were 28.06 ± 0.24 °C, 8.78 ± 0.15 mg L -1 , 1.40 ± 0.32 mg L -1 , 31.91 ± 3.49 mg L -1 , 8.12 ± 0.04, 8.12 ± 0.01, 20.21 ± 2.05 μg L -1 , 5.78 ± 1.20 NTU, and 49.17 ± 1.97 Lux respectively. Sediments in each site were collected using traps and mean overall sedimentation rate for the experimental period was 45860.6 ± 3364.2 ml m -2 day -1 (2620.6 ± 192.2 g m -2 day -1 ) (n = 36). Growth of coral colonies, which was measured as linear skeletal extension rate (LSER), was 0.15 ± 0.01 mm day -1 . Significant differences in mean light intensity, mean sediment volume, and LSER of coral colonies were observed among different sites. The highest sedimentation rate 94818.2 ± 6981.5 ml m -2 day -1 (5418.2 ± 398.9 g m -2 day -1 ) and the lowest LSER of the colonies (0.05 ± 0.01 mm day -1 ) were observed at back bottom site. The highest LSER was observed at front surface (0.23 ± 0.01 mm day -1 ). LSER showed a significant negative correlation (R 2 = 0.59) with increased sedimentation rate and low light intensity. Back bottom site of the patchy reef was having comparatively unfavorable conditions for the growth of corals that were subjected to more environmental stress than the corals in other sites of the reefs. Sri Lanka J. Aquat. Sci. 20 (1) (2015): 47-58",YES,FROZEN_PUBLIC_FULL_TEXT_LOCATION,https://storage.googleapis.com/jnl-sljo-j-sljas-files/journals/1/articles/7455/submission/proof/7455-1-26405-1-10-20150325.pdf,VERIFIED_DOI_DOCUMENT,B04_TROPICAL_PHYSICAL_SEDIMENT_ANALOGUE,HIGH,Tropical reef-building coral Pocillopora damicornis; colonies monitored at multiple reef locations.,Sedimentation rate measured with sediment traps; also turbidity and light intensity quantified; highest sedimentation at back bottom site.,Linear skeletal extension rate (LSER) as growth response; significantly lower LSER at high-sedimentation site and significant negative correlation with sedimentation and low light.,"Direct field study measuring physical sediment exposure and reporting a biological response (growth) for a tropical coral, fitting B04.","This record is a peer-reviewed article presenting a direct field assessment of sedimentation effects on the tropical coral Pocillopora damicornis. Sedimentation was quantitatively measured with sediment traps, and coral growth (LSER) was monitored across sites with varying sedimentation and light. The study reports a significant negative correlation between increased sedimentation and growth, with the highest sedimentation site showing the lowest LSER. This meets the B04 tropical physical sediment analogue criterion because it directly tests sediment exposure and reports a clearly relevant biological response. It is not merely a mention of sediment or turbidity. Preferred over CHAIN_ONLY because substantive coral sediment-effects evidence is present; preferred over B01/B02 because the study is tropical and empirical rather than a deep/cold review.",SPARING_TOP_25_TROPICAL_DIRECT_PHYSICAL_ANALOGUES,TBV1-1208
B,CWC-439450CFEF39,Sponge and coral communities of potential mineral resources in the deep-sea: An overview,Tina N. Molodtsova | Christopher Kelley | Lénàïck Menot | Les Watling,2018,,preprint,10.7287/peerj.preprints.26551,https://doi.org/10.7287/peerj.preprints.26551,"Depletion of commercially valuable minerals on land and increased need of such resources for modern electronics and manufacturing is attracting more and more attention to deep-sea mineral deposits such as cobalt crusts, manganese nodules, phosphorites, polymetallic sulfides and even deep-sea ooze. In a few years we expect intensive exploitation in the deep-sea. Being suspension feeders, corals and sponges associated with hard substrata in potential mining sites would be adversely impacted by deep-sea mining. Deep-sea corals and sponges are characterized by extremely slow growth rates and, as can be seen from fishery impacts, they may take decades to centuries to restore. At the same time, they serve as a substrate, shelter and food for a number of associated deep-sea organisms, thus increasing the cumulative impact of their loss. We summarize here the available data on coral and sponge communities of solid deep-sea ore deposits and possible mechanisms driving their diversity.",NO,NOT_CONFIRMED,,VERIFIED_DOI_DOCUMENT,B02_DEEP_COLD_REVIEW_ASSESSMENT,HIGH,"Deep-sea corals and sponges associated with hard substrata in potential mining sites (cobalt crusts, manganese nodules, phosphorites, polymetallic sulfides)","Deep-sea mining activities, including sediment disturbance, plumes, and physical disruption of benthic habitats","Overview of adverse impacts on suspension feeders, extremely slow growth rates, potential for decades-to-centuries recovery, and cascading loss of associated species","Substantive review/assessment (preprint) with direct focus on deep-sea mining impacts on coral and sponge communities, meeting B02 as a deep/cold coral/sponge review with sediment-impact relevance","The document is a substantive overview of deep-sea coral and sponge communities in mineral resource areas, explicitly linking deep-sea mining to adverse impacts on these suspension feeders. It addresses sediment-related mining pathways (disturbance, plumes) indirectly but clearly, and provides assessment value regarding growth, recovery, and habitat loss. This qualifies as a deep/cold review or assessment under B02. It is not merely a physical or distribution study; it directly addresses biological and ecological consequences. The preprint nature does not affect eligibility. Closest alternative B01 is possible but B02 is more apt given its review/assessment character. Exclude is not warranted because the sediment/mining impact focal content is explicit.",ALL_VERIFIED_NON_TROPICAL_TIER_B_INCLUSIONS,TBV1-0062
B,CWC-43059A5562DB,Sponge reefs on the Northeast Pacific margin: geomorphic and biological variability,Kim W. Conway | Anya Dunham | Lily Burke | Stephanie K. Archer | J. Shaw | R Kung,2019,Elsevier eBooks,book-chapter,10.1016/b978-0-12-814960-7.00017-8,https://doi.org/10.1016/b978-0-12-814960-7.00017-8,"Abstract Hexactinellid sponges form extensive reefs in coastal and shelf waters of the northwestern margin of North America. The framework-constructed reefs are unique to this region, and create a diverse array of reef structures in water depths of 20–240 m. The reefs develop morphologies on a continuum ranging from thin-bedded biostromal reefs to steep sided bioherms and ridges >20 m in height. The diverse morphologic types likely result from local variations of the seafloor tidal current regime and suspended sediment delivery as well as the ecologic development of the reef controlled by the characteristics of the benthic community dominated by reef-forming sponges. Measured ecological parameters in the various reef forms indicate differences in sponge cover in morphologic end members. Some reef morphologies, such as ridges, have large areas that support sponge growth, while in waveform morphologies the most favorable sponge growing situations are on the top and slope of the waveforms. Biostromal reefs possess gradients of most suitable reef growing habitat where patchiness results in significantly different densities of sponges on the reef surface.",NO,NOT_CONFIRMED,,VERIFIED_DOI_DOCUMENT,B01_DEEP_COLD_SEDIMENT_EVIDENCE,HIGH,Cold-water hexactinellid sponges forming reefs in 20-240 m depths on the Northeast Pacific margin.,"Suspended sediment delivery and tidal current regime, implicated in reef morphological variability.","Sponge cover and density differ among reef morphologies (biostromes, bioherms, ridges, waveforms), indicating ecological response to sediment-linked habitat gradients.",Direct cold-water sponge sediment-pathway evidence with biological/ecological response measures (sponge cover/density).,"This book chapter examines hexactinellid sponge reefs on the Northeast Pacific margin, explicitly linking suspended sediment delivery and tidal regimes to reef morphology and measured ecological parameters such as sponge cover and density. This provides biological/ecological evidence for a cold-water sponge sediment pathway, meeting Tier B B01. It is preferable to CHAIN_ONLY because the abstract reports measurable sponge responses tied to sediment delivery, not merely references. It is not excluded because sediment is an explicit pathway and sponges are the target organisms.",ALL_VERIFIED_NON_TROPICAL_TIER_B_INCLUSIONS,TBV1-0089
B,CWC-C077CA03EA6C,Structure and development of Hawaiian deep-water coral communities on Mauna Loa lava flows,MR Putts | FA Parrish | FA Trusdell | SE Kahng,2019,Marine Ecology Progress Series,article,10.3354/meps13106,https://doi.org/10.3354/meps13106,"MEPS Marine Ecology Progress Series Contact the journal Facebook Twitter RSS Mailing List Subscribe to our mailing list via Mailchimp HomeLatest VolumeAbout the JournalEditorsTheme Sections MEPS 630:69-82 (2019) - DOI: https://doi.org/10.3354/meps13106 Structure and development of Hawaiian deep-water coral communities on Mauna Loa lava flows Meagan R. Putts1,*, Frank A. Parrish2, Frank A. Trusdell3, Samuel E. Kahng4 1University of Hawai'i at Manoa, 1000 Pope Road, Honolulu, Hawai'i 96822, USA 2Pacific Islands Fisheries Science Center, NOAA Inouye Regional Center, 1845 Wasp Blvd., Building 176, Honolulu, Hawai'i 96818, USA 3Hawaiian Volcano Observatory, United States Geological Survey, PO Box 1026, Hilo, Hawai'i 96721, USA 4Hawai'i Pacific University, College of Natural Science, 41-202 Kalanianaole Hwy #9 Waimanalo, Hawai'i 96795, USA *Corresponding author: meagan.putts@noaa.gov ABSTRACT: Submarine lava flows on the leeward flank of the Island of Hawai'i, USA, were examined by submersible and remotely operated vehicles to understand the structure and development of deep-water coral communities. Three sites were selected where historically documented lava flows crossed older prehistoric flows, providing 3 pairs of lava substrates of different ages (61/400 yr, 134/2000 yr, 143/2330 yr) to compare and contrast with a nearby older coral community (15000 yr) growing on fossil carbonate. The number of coral taxa, abundance, and colony size increased with substrate age on the 3 historical lava flows and fossil carbonate site, but not on the prehistoric flows. The faster-growing Coralliidae were the dominant taxa forming patches on the peaks of ridged terrain, while the slower-growing Antipatharia and Isididae were less abundant except at the fossil site where the community was dominated by the slowest-growing corals (including Kulamanamana haumeaae). A multivariate analysis of similarity of coral communities on lava flows found site, rather than substrate age, to be a better explanation for why paired flows were ecologically the same despite considerable age differences. The data suggest that hot, turbid, mineral-rich water from the more recent historical lava event re-initialized the community succession of the adjacent prehistoric lava substrate. Coral mortality would be greatest close to the edge of the historical flow with the expectation that survivorship would increase with distance from the impact. The survey transects were too short to detect a significant increase in the total coral community, but an increase was evident for the Coralliidae. KEY WORDS: Deep-sea coral · Cold-water coral · Hawai'i · Community succession · Habitat preference Full text in pdf format PreviousNextCite this article as: Putts MR, Parrish FA, Trusdell FA, Kahng SE (2019) Structure and development of Hawaiian deep-water coral communities on Mauna Loa lava flows. Mar Ecol Prog Ser 630:69-82. https://doi.org/10.3354/meps13106 Export citation RSS - Facebook - Tweet - linkedIn Cited by Published in MEPS Vol. 630. Online publication date: November 07, 2019 Print ISSN: 0171-8630; Online ISSN: 1616-1599 Copyright © 2019 Inter-Research.",YES,FROZEN_PUBLIC_FULL_TEXT_LOCATION,https://www.int-res.com/articles/meps_oa/m630p069.pdf,VERIFIED_DOI_DOCUMENT,B01_DEEP_COLD_SEDIMENT_EVIDENCE,HIGH,"Deep-water corals (Coralliidae, Antipatharia, Isididae, Kulamanamana haumeaae)","Turbid, mineral-rich water from historical lava flows; also lava substrate age","Coral abundance, colony size, taxa richness, community succession; inferred coral mortality near flow edge","Direct evidence from a deep-sea/cold-water coral community study that explicitly invokes a turbidity pathway from lava events and reports ecological responses, satisfying B01.","The study examines deep-water coral communities on Hawaiian lava flows. It explicitly states that hot, turbid, mineral-rich water from a historical lava event re-initialized community succession, and predicts coral mortality decreasing with distance from the flow edge. This constitutes a clear turbidity/sediment pathway with ecological response evidence (abundance, composition, succession). The paper is a substantive article (MEPS). It qualifies under B01 because it is a cold-water/deep-sea coral study with an explicit turbidity effect, even though the study is not primarily experimental. Closest alternative would be EXCLUDE on the grounds that turbidity is secondary, but the abstract clearly links turbidity to observed community patterns and mortality, so B01 is appropriate.",ALL_VERIFIED_CENTRAL_PEER_REVIEWED,TBV1-1388
B,GLV4-202A795603B4,Technical Guidance Environmental impact assessment of marine dredging proposals,,,epa.wa.gov.au,environmental_impact_statement,,https://www.epa.wa.gov.au/sites/default/files/Policies_and_Guidance/Technical_guidance_EIA_of_Marine_Dredging_Proposals.pdf,"of light, suspended and deposited sediment on sponges The guideline values in Table A11 represent lowest observable (sub-lethal) effects levels, but are generally less conservative than the values in Table A10 and can be used to define the outer boundary of the ZOHI. 48 Technical Guidance – Environmental impact assessment of marine dredging proposals Table A11: Possible-effects and probable-effects guideline values to define the outer boundary of the ZOHI for all sponges for use as an EPO and a MT respectively and considering the effects of suspended sediment concentration (SSC), light as a da",YES,PUBLIC_FULL_DOCUMENT_LOCATION,https://www.epa.wa.gov.au/sites/default/files/Policies_and_Guidance/Technical_guidance_EIA_of_Marine_Dredging_Proposals.pdf,VERIFIED_DIRECT_DOCUMENT_URL,B02_DEEP_COLD_REVIEW_ASSESSMENT,HIGH,"Sponges are explicitly addressed, with guideline values for suspended and deposited sediment effects (all sponges).","Marine dredging; suspended sediment concentration (SSC), deposited sediment, and associated light reduction.","Provides possible-effects and probable-effects guideline values for sponges, including lowest observable (sub-lethal) effect levels to define the outer boundary of the ZOHI, with EPO and MT thresholds.","Government technical guidance from the Western Australia EPA on environmental impact assessment of marine dredging, with a direct sediment-impact focus on sponges and clear potential to inform effects, exposure, thresholds, vulnerability, mitigation, or recovery.","This technical guidance from the Western Australia EPA is a regulatory assessment document addressing marine dredging effects on sponges. It provides guideline values for suspended and deposited sediment, including SSC and light, and defines possible-effects and probable-effects thresholds for sponges used to define the outer boundary of the ZOHI (EPO and MT). This is substantive government guidance with direct sediment-impact focus and clear potential to inform effects, exposure, thresholds, and mitigation for sponges. The closest alternative would be B05 broad synthesis, but this document is specifically focused on dredging sediment impacts on sponges, not a cross-taxa synthesis; thus B02 is the appropriate Tier B basis.",ALL_VERIFIED_NON_TROPICAL_TIER_B_INCLUSIONS,TBV1-0437
B,CWC-12F1C1B7BD1F,Tidal Dynamics Control on Cold-Water Coral Growth: A High-Resolution Multivariable Study on Eastern Atlantic Cold-Water Coral Sites,Katriina Juva | Sascha Flögel | Johannes Karstensen | Петер Линке | Wolf‐Christian Dullo,2020,Frontiers in Marine Science,article,10.3389/fmars.2020.00132,https://doi.org/10.3389/fmars.2020.00132,"Cold-water coral (CWC) communities form complex benthic ecosystems in a distinct part of the water column. The exact processes supporting CWC reef growth and changes with time are still partly unsolved. Besides local hydrographic conditions, noticeable interactions of tidal flow with topography have been reported for CWC sites. Recent studies have suggested a tidally driven hydraulic control of flow over topographic features as a driver for local overturning at cold-water coral sites. This mechanism proposed a link between surface productivity and coral growth depths and is a driver of resuspension of the bottom material. Only few studies have concentrated on how these processes vary with the health status and structure of the cold-water coral occurrences. In this study, we explore the processes over tidal cycles by analyzing in situ stratification, hydrography and velocity data which we then combine with local topography from seven Desmophyllum pertusum (previously Lophelia pertusa) dominated eastern Atlantic CWC sites, from the Arctic to the southern hemisphere. The “quality” of CWC sites varies from thriving to declining and dead reefs. We show that living and healthy corals are concentrated at sites, where local hydrodynamics create overturning and mixing which overcomes on a daily basis gravitational particle sinking and thus re-supply food to filter-feeding corals. We find a very wide range of local hydrographic and biogeochemical conditions at the sites which suggests they play only a secondary role for CWC health.",YES,FROZEN_PUBLIC_FULL_TEXT_LOCATION,https://www.frontiersin.org/articles/10.3389/fmars.2020.00132/pdf,VERIFIED_DOI_DOCUMENT,B01_DEEP_COLD_SEDIMENT_EVIDENCE,HIGH,Cold-water coral communities dominated by Desmophyllum pertusum (previously Lophelia pertusa) across eastern Atlantic sites from Arctic to southern hemisphere.,"Tidally driven hydraulic control of flow over topographic features, which drives resuspension of bottom material and influences suspended particle supply.","Coral health condition is assessed, distinguishing thriving, declining, and dead reefs; links between local hydrodynamics and coral growth/health are evaluated.","B01: The study directly examines cold-water corals and explicitly includes resuspension of bottom material as a mechanism, with biological/ecological evidence on coral health and growth. It is a substantive research article providing evidence on sediment-related processes and coral responses.","This record is a peer-reviewed article on cold-water corals (Desmophyllum pertusum). It explicitly addresses resuspension of bottom material driven by tidal flow, a sediment-related pathway, and reports on coral health status across sites. This meets B01_DEEP_COLD_SEDIMENT_EVIDENCE because the resuspension pathway is linked to ecological outcomes (thriving vs declining reefs). The closest alternative would be CHAIN_ONLY if sediment were only incidental, but here resuspension is an explicit part of the mechanism. Therefore, inclusion is appropriate.",ALL_VERIFIED_CENTRAL_PEER_REVIEWED,TBV1-1362
B,CWC-BEEFC104521D,Tidal interactions with local topography above a sponge reef,Jeannette Bedard,2011,UVic’s Research and Learning Repository (University of Victoria),dissertation,,http://hdl.handle.net/1828/3320,"The interaction of tidal currents with Fraser Ridge in the Strait of Georgia, B.C., generates an internal lee-wave on each strong flood but, due to the ridge's asymmetry, not during ebbs. Just prior to lee-wave formation, a strong accelerated bottom jet forms with magnitudes up to 0.7 m s^-1 forms during barotropic tidal flows reaching 0.2 m s^-1. On the steepest slope, this jet forms directly above a rare glass sponge reef, and may prevent the sponges from being smothered in sediment by periodically resuspending and carrying it away. Both the accelerated jet and lee-wave remove tidal energy. At peak flood tide, the lee-wave has energy dissipation rates reaching 10^-5 W kg^-1 that removes energy at a rate of ~611 W m^-1, while the bottom boundary layer at the time of the accelerated jet has energy dissipation rates reaching 10^-4 W kg^-1 that removes energy at a rate of ~525 W m^-1.",NO,NOT_CONFIRMED,,VERIFIED_BIBLIOGRAPHIC_DOCUMENT,B01_DEEP_COLD_SEDIMENT_EVIDENCE,HIGH,"Cold-water glass sponge reef (rare glass sponge reef) in the Strait of Georgia, B.C.",Sediment smothering risk addressed by tidal currents; accelerated bottom jet and internal lee-wave resuspend and transport sediment away from the reef.,"The study assesses physical dynamics (jet, lee-wave, dissipation) and hypothesizes that these processes prevent sediment smothering, providing indirect ecological condition evidence for sponge survival.","Deep/cold-water sponge reef with explicit sediment pathway (resuspension, transport) and ecological relevance (prevention of smothering), qualifying as B01 deep/cold sediment evidence.","This dissertation examines tidal interactions with topography above a rare glass sponge reef, focusing on an accelerated bottom jet and internal lee-wave that resuspend sediment. The abstract explicitly links these physical processes to preventing the sponges from being smothered, establishing a clear sediment pathway (resuspension/carry-away) and ecological condition outcome (avoided smothering). This meets B01_DEEP_COLD_SEDIMENT_EVIDENCE as a cold-water sponge source with sediment-related impact evidence. The closest alternative would be B02 for a substantive assessment, but B01 is more specific because the abstract directly relates sediment transport to sponge condition rather than being a broad review or assessment. The document is a substantive dissertation, not a webpage, and the sediment focus is central, so CHAIN_ONLY or EXCLUDE are inappropriate.",ALL_VERIFIED_NON_TROPICAL_TIER_B_INCLUSIONS,TBV1-0128
B,GLV4-909B9B4E17F7,Tilt Cove Exploration Drilling Project - Canada.ca,,,iaac-aeic.gc.ca,report,,https://iaac-aeic.gc.ca/050/documents/p80177/147590E.pdf,"DFO (Fisheries and Oceans Canada). 2021. Coral and Sponge Mitigations in Relation to Exploratory Drilling Programs in the Newfoundland and Labrador Region. Canadian Science Advisory Secretariat Science Advisory Report 2021/028: 26. de Robertis, A. and N.O. Handegard. 2013. Fish avoidance of research vessels and the efficacy of noise-reduced vessels: A review. ICES Journal of Marine Science 70: 34-45. Edge, K.J., E.L. Johnston, K.A. Dafforn, S.L. Simpson, T. Kutti, and R.J. Bannister. 2016. Sub-lethal effects of water-based drilling muds on the deep-water sponge Geodia barretti. Environmental P",YES,PUBLIC_FULL_DOCUMENT_LOCATION,https://iaac-aeic.gc.ca/050/documents/p80177/147590E.pdf,VERIFIED_DIRECT_DOCUMENT_URL,B02_DEEP_COLD_REVIEW_ASSESSMENT,MEDIUM,"Deep-water corals and sponges in the Newfoundland and Labrador region, including the sponge Geodia barretti.","Exploratory drilling, drilling muds, and associated sediment-related pathways in a cold-water marine environment.","Includes references to coral and sponge mitigation measures, science advisory reporting, and sub-lethal effects of water-based drilling muds on Geodia barretti.","The document is a regulatory assessment/report for a drilling project, explicitly referencing coral and sponge mitigations and drilling-mud effects, thus meeting the deep/cold review/assessment pathway with a direct sediment-impact focus.","This record is a government/regulatory assessment report (from iaac-aeic.gc.ca) for the Tilt Cove Exploration Drilling Project. The abstract/snippet includes citations to DFO's Coral and Sponge Mitigations in Relation to Exploratory Drilling Programs and Edge et al. (2016) on sub-lethal effects of drilling muds on the deep-water sponge Geodia barretti. This indicates the document itself is a substantive assessment with a direct sediment-impact focus on corals and sponges, qualifying as B02_DEEP_COLD_REVIEW_ASSESSMENT. The closest alternative would be exclusion for insufficient evidence, but the reference content strongly suggests relevant assessment material. Confidence is MEDIUM because only the reference list is provided, not the full text.",ALL_VERIFIED_NON_TROPICAL_TIER_B_INCLUSIONS,TBV1-0706
B,CWC-742B2178A624,Transcriptomic signatures across a critical sedimentation threshold in a major reef-building coral,Colin Lock | Melissa M. Gabriel | Bastian Bentlage,2023,bioRxiv (Cold Spring Harbor Laboratory),preprint,10.1101/2023.11.06.565897,https://doi.org/10.1101/2023.11.06.565897,"Abstract Sedimentation is a major cause of global near-shore coral reef decline. While negative impacts of sedimentation on coral reef community composition have been well documented, the effects of sedimentation on coral metabolism in situ have received comparatively little attention. Using transcriptomics, we identified gene expression patterns changing across a previously defined sedimentation threshold that was deemed critical due to changes in coral cover and community composition. We identified genes, pathways, and molecular processes associated with this transition that may allow corals, such as Porites lobata , to tolerate chronic, severe sedimentation and persist in turbid environments. Alternative energy generation pathways may help Porites lobata maintain a persistent stress response to survive while light and oxygen availability are diminished. We found evidence for the expression of genes linked to increased environmental sensing and cellular communication that likely allow Porites lobata to efficiently respond to sedimentation stress and associated pathogen challenges. Cell damage increases under stress; consequently, we found apoptosis pathways over-represented under severe sedimentation, a likely consequence of damaged cell removal to maintain colony integrity. The results presented here provide a framework for the response of Porites lobata to sedimentation stress under field conditions. Testing this framework and its related hypotheses using multi-omics approaches can further our understanding of metabolic plasticity and acclimation potential of corals to sedimentation and their resilience in turbid reef systems.",YES,FROZEN_PUBLIC_FULL_TEXT_LOCATION,https://www.biorxiv.org/content/biorxiv/early/2023/11/08/2023.11.06.565897.full.pdf,VERIFIED_DOI_DOCUMENT,B04_TROPICAL_PHYSICAL_SEDIMENT_ANALOGUE,HIGH,Tropical reef-building coral Porites lobata,"Sedimentation, turbidity, chronic severe sedimentation, critical sedimentation threshold","Transcriptomic gene expression changes including pathways related to alternative energy generation, environmental sensing, cellular communication, and apoptosis","Directly examines a tropical coral's biological response to physical sediment exposure across a defined sedimentation threshold, qualifying as a B04 tropical physical sediment analogue study.","The record is a preprint that explicitly investigates sedimentation effects on the tropical coral Porites lobata in situ. It uses transcriptomics to identify gene expression patterns across a previously defined critical sedimentation threshold, reporting molecular evidence of stress responses, metabolic plasticity, and apoptosis. This meets B04 because it involves a tropical coral, directly measures or tests physical sediment exposure (turbidity and sedimentation gradient), and reports a clearly relevant biological response (gene expression). It is not B01 or B02 as those require deep/cold systems, and not B03 because the organism is tropical. The document is an identifiable substantive preprint, so exclusion is not appropriate.",SPARING_TOP_25_TROPICAL_DIRECT_PHYSICAL_ANALOGUES,TBV1-1050
B,CWC-23E9D08C4006,Transient turbid water mass reduces temperature-induced coral bleaching and mortality in Barbados,Hazel A. Oxenford | Henri Vallès,2016,PeerJ,article,10.7717/peerj.2118,https://doi.org/10.7717/peerj.2118,"Global warming is seen as one of the greatest threats to the world's coral reefs and, with the continued rise in sea surface temperature predicted into the future, there is a great need for further understanding of how to prevent and address the damaging impacts. This is particularly so for countries whose economies depend heavily on healthy reefs, such as those of the eastern Caribbean. Here, we compare the severity of bleaching and mortality for five dominant coral species at six representative reef sites in Barbados during the two most significant warm-water events ever recorded in the eastern Caribbean, i.e., 2005 and 2010, and describe prevailing island-scale sea water conditions during both events. In so doing, we demonstrate that coral bleaching and subsequent mortality were considerably lower in 2010 than in 2005 for all species, irrespective of site, even though the anomalously warm water temperature profiles were very similar between years. We also show that during the 2010 event, Barbados was engulfed by a transient dark green turbid water mass of riverine origin coming from South America. We suggest that reduced exposure to high solar radiation associated with this transient water mass was the primary contributing factor to the lower bleaching and mortality observed in all corals. We conclude that monitoring these episodic mesoscale oceanographic features might improve risk assessments of southeastern Caribbean reefs to warm-water events in the future.",YES,FROZEN_PUBLIC_FULL_TEXT_LOCATION,https://peerj.com/articles/2118.pdf,VERIFIED_DOI_DOCUMENT,B04_TROPICAL_PHYSICAL_SEDIMENT_ANALOGUE,HIGH,Five dominant coral species at six reef sites in Barbados.,"Transient turbid water mass of riverine origin from South America, reducing solar radiation; compared between warm-water events with similar temperature profiles.","Coral bleaching and subsequent mortality were considerably lower in 2010 than 2005, attributed to reduced solar radiation from turbidity.",B04: tropical coral study directly comparing physical turbidity exposure and reporting a clearly relevant biological response (bleaching and mortality).,"The study is a tropical coral study that directly evaluates the effect of a turbid water mass on coral bleaching and mortality. The sediment pathway is explicit (transient turbid water of riverine origin), and the biological response is clearly measured (reduced bleaching and mortality). This fits B04, which allows observational evidence of physical sediment exposure and biological response. It is not merely a mention of turbidity; turbidity is the mechanism, making it preferable to exclusion.",SPARING_TOP_25_TROPICAL_DIRECT_PHYSICAL_ANALOGUES,TBV1-1052
B,CWC-7A2CC1A1CCA7,"Trophic structure of a cold-water coral mound community (Rockall Bank, NE Atlantic) in relation to the near-bottom particle supply and current regime",Gerard Duineveld | Marc Lavaleye | M.J.N. Bergman | Henko de Stigter | Furu Mienis,2007,Bulletin of Marine Science,article,,https://dialnet.unirioja.es/servlet/articulo?codigo=4908505,"On the SE slope of Rockall Bank, cold-water corals form dense aggregations on the top of elevated mounds supposedly because mounds give rise to topographically accelerated currents and thus enhanced particle supply. In 2005, a study was made of the trophic structure of a Rockall coral mound community by means of N-15 stable isotope signatures. Simultaneously near-bottom current speed, turbidity, and temperature were measured on and off the mound to search for links between the predominant feeding mode of the coral community, the particle supply, and the physical factors governing the supply. The range of delta N-15 in the coral community was small in comparison to other deep habitats due to the absence of deposit-feeders. The delta N-15 of corals was very close to those of obligate filter-feeders (tunicate, bivalves) indicating that corals assimilate similar types of particles as these filter-feeders. Benthic lander deployments on the mound and in the adjacent gully and plains showed that currents were highest off mound. No major differences were found in near-bottom turbidity between the habitats at the time of the cruise. An 11-mo lander deployment revealed an extended supply of fluorescent particles to the mound community between early February and July 2005. Particle supply to the corals varied daily with higher concentrations associated with relatively warm and saline water flowing down slope. The collected data point to a simplified food web in the coral community sustained by an advection of fresh particles derived from production higher on the bank. The typical distribution of cold-water corals capping the mounds cannot be explained simply by enhanced currents relative to the adjacent plain and gully.",NO,NOT_CONFIRMED,,VERIFIED_BIBLIOGRAPHIC_DOCUMENT,B01_DEEP_COLD_SEDIMENT_EVIDENCE,HIGH,"Cold-water corals on Rockall Bank mounds (SE slope), likely Lophelia-associated community.","Near-bottom particle supply, turbidity, suspended particle flux, current regime, and advection of fresh particles.","Trophic structure and feeding mode: coral delta N-15 signatures close to filter-feeders, indicating reliance on suspended particles; investigation of particle supply links to coral food web.",B01: A deep/cold-water coral study explicitly addressing suspended-particle/turbidity/particle-supply pathways and providing biological/ecological evidence via trophic structure and feeding relationships.,"This is a substantive article on a cold-water coral mound community that directly investigates near-bottom particle supply and turbidity as a stressor/pathway, and links it to trophic structure (biological/ecological response). The abstract clearly reports corals consuming fresh advected particles, and the study examines particle supply variation and current regime. This meets the B01 deep/cold sediment-evidence pathway. It is not merely a distribution or mapping study; it provides ecological evidence of how particle supply affects coral feeding and food web structure. Exclusions do not apply: organism is cold-water coral, sediment/particle pathway is explicit, and response is biological/ecological. Closest alternative would be B03, but B01 more directly matches deep/cold sediment evidence. Confidence is high because the abstract is clear and specific.",ALL_VERIFIED_CENTRAL_PEER_REVIEWED,TBV1-0092
B,CWC-6D38E0D634BA,"Turbid Coral Reefs: Past, Present and Future—A Review",Adi Zweifler | Michael O’Leary | Kyle M. Morgan | Nicola K. Browne,2021,Diversity,article,10.3390/d13060251,https://doi.org/10.3390/d13060251,"Increasing evidence suggests that coral reefs exposed to elevated turbidity may be more resilient to climate change impacts and serve as an important conservation hotspot. However, logistical difficulties in studying turbid environments have led to poor representation of these reef types within the scientific literature, with studies using different methods and definitions to characterize turbid reefs. Here we review the geological origins and growth histories of turbid reefs from the Holocene (past), their current ecological and environmental states (present), and their potential responses and resilience to increasing local and global pressures (future). We classify turbid reefs using new descriptors based on their turbidity regime (persistent, fluctuating, transitional) and sources of sediment input (natural versus anthropogenic). Further, by comparing the composition, function and resilience of two of the most studied turbid reefs, Paluma Shoals Reef Complex, Australia (natural turbidity) and Singapore reefs (anthropogenic turbidity), we found them to be two distinct types of turbid reefs with different conservation status. As the geographic range of turbid reefs is expected to increase due to local and global stressors, improving our understanding of their responses to environmental change will be central to global coral reef conservation efforts.",YES,FROZEN_PUBLIC_FULL_TEXT_LOCATION,https://www.mdpi.com/1424-2818/13/6/251/pdf?version=1623125817,VERIFIED_DOI_DOCUMENT,B05_BROAD_SYNTHESIS_WITH_TARGET_EVIDENCE,HIGH,"Tropical coral reef communities, with specific focus on turbid reefs including Paluma Shoals Reef Complex and Singapore reefs.","Elevated turbidity, sediment input from natural and anthropogenic sources, and variable turbidity regimes (persistent, fluctuating, transitional).","Review of ecological state, composition, function, resilience, and responses to local and global pressures; discusses conservation status and potential resilience to climate change.","This is a substantive review article that synthesizes sediment/turbidity effects on coral reefs, providing ecological and resilience assessments. It qualifies under B05 as a broad sediment-effects synthesis with target coral evidence, even though it does not present new experimental data.","The record is a review of turbid coral reefs, explicitly examining elevated turbidity and sediment inputs and their ecological consequences, including composition, resilience, and conservation status. The organism is corals (tropical), the sediment pathway is turbidity and sedimentation, and the response is ecological and resilience-related. It does not fit B04 because it is a synthesis rather than a direct experimental measurement; B02 is for deep/cold systems, not applicable. It is not CHAIN_ONLY because it directly contains coral-sediment evidence. Thus B05 is the most appropriate Tier B pathway.",ALL_VERIFIED_NON_TROPICAL_TIER_B_INCLUSIONS,TBV1-1221
B,CWC-543E1FDEF0FC,Unravelling the enigma of discontinuous sedimentary deposits in cold-water coral mounds in the Atlantic Ocean,Dierk Hebbeln | Claudia Wienberg,2025,Frontiers in Marine Science,article,10.3389/fmars.2025.1611432,https://doi.org/10.3389/fmars.2025.1611432,"Cold-water coral mounds are common along the continental margins of the Atlantic Ocean. They are formed by coral growth and sediment accumulation and consist of coral fragments embedded in hemipelagic sediments. Coral mounds are expected to provide high-resolution palaeo-records due to their elevated morphology. However, most sediment cores from coral mounds exhibit significant hiatuses (stratigraphic gaps), often spanning more than 100 kyr, raising questions about the fate of deposits formed during these periods. Three processes behind the hiatuses are critically reviewed: gravity-induced mass wasting, non-deposition, and winnowing. While mass wasting could remove entire mound layers, hydrodynamically controlled processes like non-deposition and winnowing affect fine-grained sediments and do not mobilise larger coral fragments. Evidence for large-scale mass wasting events on coral mounds remains inconclusive, suggesting that hydrodynamic processes are the primary cause of the hiatuses in the mound record . Consequently, the coral record preserved on the mounds is typically complete. Mound formation occurs during active reef growth, while during periods without reef growth, strong hydrodynamics enhanced by the mound morphology increasing turbulence around the mound prevent sustained sediment accumulation, causing the frequently observed hiatuses.",YES,FROZEN_PUBLIC_FULL_TEXT_LOCATION,https://www.frontiersin.org/journals/marine-science/articles/10.3389/fmars.2025.1611432/pdf,VERIFIED_DOI_DOCUMENT,B02_DEEP_COLD_REVIEW_ASSESSMENT,HIGH,Cold-water corals forming mounds in the Atlantic Ocean,"Sedimentary processes: deposition, non-deposition, winnowing, mass wasting, hydrodynamics",Assessment of discontinuous sedimentary deposits and hiatuses in coral mound records; evaluates controls on mound formation and preservation,"Substantive peer-reviewed review with a direct sediment-impact focus on cold-water coral mounds, meeting B02","This article critically reviews processes creating hiatuses in cold-water coral mounds, including mass wasting, non-deposition, and winnowing. It is a substantive synthesis directly focused on sedimentary dynamics affecting cold-water coral habitats and their stratigraphic records. The review has clear potential to inform sediment exposure, mound vulnerability, and interpretation of coral records. It meets B02 as a deep/cold coral review with a direct sediment-impact focus. The closest alternative would be exclusion as physical sedimentology, but the explicit focus on coral mounds and their formation makes it eligible under B02.",ALL_VERIFIED_CENTRAL_PEER_REVIEWED,TBV1-0028
B,CWC-42A1E5ADA14C,Unusual shallow water Devonian coral community from Queensland and its recent analogues from the inshore Great Barrier Reef,Mikołaj K. Zapalski | Andrew H. Baird | Tom C. L. Bridge | Michał Jakubowicz | James Daniell,2021,Coral Reefs,article,10.1007/s00338-020-02048-9,https://doi.org/10.1007/s00338-020-02048-9,"Abstract Palaeozoic coral communities were dominated by two extinct coral groups: Tabulata and Rugosa. Whilst they are not closely related to modern Scleractinia, they are morphologically convergent, displaying many morphological characters that allow comparisons between recent and ancient coral reef communities. The extensive shallow-water reef communities of the Devonian were generally dominated by stromatoporoid sponges, with corals occupying deeper environments. Here, we describe an unusual, shallow water coral reef community from the Middle Devonian (Givetian, approx. 385 Ma) of the Fanning River area, Queensland, Australia. The coral community is dominated by tabulate corals, but also includes solitary and occasionally colonial rugose corals. Tabulate corals most commonly exhibit foliose and massive morphologies, but encrusting and branching growth forms also occur. The depositional environment was characterized by a shallow water depth, moderate hydrodynamic energy, high sedimentation rate, and high turbidity. Since these environmental factors influence the morphological composition of modern coral communities, we hypothesize that similar environments may result in morphologically equivalent coral assemblages throughout the Phanerozoic. To test this idea, we qualitatively compare the Fanning River reefs with modern scleractinian coral assemblages in a similar environmental setting at Magnetic Island. Both reefs are located in a shallow water less than 10 m deep, with high sediment flux, moderate wave energy, and generally high turbidity. Like Fanning River, Magnetic Island coral communities are dominated by foliose morphologies, with contributions from massive and branching forms. The Fanning River reef, together with previously identified Silurian and Devonian mesophotic coral ecosystems, suggest that Palaeozoic coral assemblages may share many functional characteristics with modern scleractinian reefs in similar environments. Therefore, the geological record of inshore, high turbidity-adapted coral communities can be traced back as far as 385 Ma.",YES,FROZEN_PUBLIC_FULL_TEXT_LOCATION,https://link.springer.com/content/pdf/10.1007/s00338-020-02048-9.pdf,VERIFIED_DOI_DOCUMENT,B04_TROPICAL_PHYSICAL_SEDIMENT_ANALOGUE,HIGH,Devonian tabulate and rugose corals; modern scleractinian corals at Magnetic Island (inshore Great Barrier Reef).,"High sedimentation rate, high turbidity, high sediment flux, moderate wave energy in shallow water (<10 m).","Coral community morphological composition dominated by foliose morphologies, with massive and branching forms; qualitative comparison of morphological convergence under high turbidity conditions.","Meets B04 as a tropical coral study with direct relevance to physical sediment exposure (high turbidity, sedimentation) and biological response (morphological adaptation/community structure). The study explicitly links sediment regime to coral morphology in both ancient and modern analogues.","The study examines an unusual shallow-water Devonian coral community characterized by high sedimentation and turbidity, and compares it to modern scleractinian assemblages at Magnetic Island (inshore Great Barrier Reef) under similar high-sediment, high-turbidity conditions. The organism evidence includes ancient Tabulata/Rugosa and modern Scleractinia. The sediment pathway is explicit: high sedimentation rate, turbidity, and sediment flux. The biological response is community morphological composition, with foliose morphologies dominant under turbid conditions. This is a clearly relevant response under B04_TROPICAL_PHYSICAL_SEDIMENT_ANALOGUE. It is not merely a mention of sediment; the paper directly addresses sediment regime as a driver of coral morphology and provides comparative evidence across time. Exclusions are not appropriate because coral evidence and sediment pathway are central. The closest alternative would be CHAIN_ONLY, but the abstract provides enough direct content for inclusion.",SPARING_TOP_25_TROPICAL_DIRECT_PHYSICAL_ANALOGUES,TBV1-1226
B,CWC-F44066254E0A,Validation of Numerical Model for Simulation of Drilling Discharges to Sea,Henrik Rye | Edgar Furuholt,2010,Abu Dhabi International Petroleum Exhibition and Conference,conference-paper,10.2118/137348-ms,https://doi.org/10.2118/137348-ms,"Abstract The site survey for the location of the Trolla exploration well in the Norwegian Sea revealed numerous potential locations of cold water corals. These corals are expected to be vulnerable for sedimentation of particles and exposure to chemicals from drill cuttings and drilling fluids. How vulnerable they are for these disturbances is, however, not well known. Numerical simulations were performed to predict spreading of drill cuttings and drilling fluids, including concentrations in the water column and sedimentation on the seabed. A monitoring program was also conducted, comprising cuttings particle size measurements, current measurements, sediment traps collecting depositing particles, sediment sampling, turbidity measurements and video observations. The monitoring program gave the possibility to compare results from the numerical model with observed deposition of drill cuttings. The simulation results showed good correspondence with the contents in the sediment traps, supporting the validity of the numerical model.",NO,NOT_CONFIRMED,,VERIFIED_DOI_DOCUMENT,B01_DEEP_COLD_SEDIMENT_EVIDENCE,HIGH,Cold water corals in the Norwegian Sea near the Trolla exploration well.,"Drill cuttings and drilling fluids, including sedimentation, suspended particles, and turbidity.","Monitoring program with sediment traps, turbidity measurements, and video observations; model validation against observed deposition to assess coral vulnerability.",Explicit deep/cold-water coral context and explicit sediment pathway (drilling discharges); monitoring and impact assessment evidence supports inclusion under B01.,"This conference paper directly addresses cold-water coral vulnerability to sedimentation from drilling discharges. It presents numerical model validation supported by a monitoring program measuring sediment deposition and turbidity. This constitutes substantive monitoring and impact evidence for corals under B01_DEEP_COLD_SEDIMENT_EVIDENCE. The closest alternative is B02 (review/assessment), but B01 is more appropriate because the document presents primary monitoring/modeling evidence rather than a synthesis. CHAIN_ONLY is not chosen because direct coral-sediment monitoring evidence is present. Access status does not affect eligibility.",ALL_VERIFIED_NON_TROPICAL_TIER_B_INCLUSIONS,TBV1-0112
B,CWC-FF10DA027731,"Variability of cold‐water coral mounds in a high sediment input and tidal current regime, Straits of Florida",Thiago B.S. Correa | M. Grasmueck | Gregor P. Eberli | John K. Reed | Klaas Verwer | Sam J. Purkis,2011,Sedimentology,article,10.1111/j.1365-3091.2011.01306.x,https://doi.org/10.1111/j.1365-3091.2011.01306.x,"Abstract Cold‐water coral mound morphology and development are thought to be controlled primarily by current regime. This study, however, reveals a general lack of correlation between prevailing bottom current direction and mound morphology (i.e. footprint shape and orientation), as well as current strength and mound size (i.e. footprint area and height). These findings are based on quantitative analyses of a high‐resolution geophysical dataset collected with an Autonomous Underwater Vehicle from three cold‐water coral mound sites at the toe of slope of Great Bahama Bank. The three sites (80 km 2 total) have an average of 14 mounds km −2 , indicating that the Great Bahama Bank slope is a major coral mound region. At all three sites living coral colonies are observed on the surface of the mounds, documenting active mound growth. Morphometric analysis shows that mounds at these sites vary significantly in height (1 to 83 m), area (81 to 6 00 000 m 2 ), shape (mound aspect ratio 0·1 to 1) and orientation (mound longest axis 0 to 180°). The Autonomous Underwater Vehicle measured bottom current data depict a north–south flowing current that reverses approximately every six hours. The tidal nature of this current and its intermittent deviations during reversals are interpreted to contribute to the observed mound complexity. An additional factor contributing to the variability in mound morphometrics is the sediment deposition rate that varies among and within sites. At most locations sedimentation rate lags slightly behind mound growth rate, causing mounds to develop into large structures. Where sedimentation rates are higher than mound growth rates, sediment partially or completely buries mounds. The spatial distribution and alignment of mounds can also be related to gravity mass deposits, as indicated by geomorphological features (for example, slope failure and linear topographic highs) in the three‐dimensional bathymetry. In summary, variability in sedimentation rates, current regime and underlying topography produce extraordinarily high variability in the distribution, development and morphology of coral mounds on the Great Bahama Bank slope.",NO,NOT_CONFIRMED,,VERIFIED_DOI_DOCUMENT,B01_DEEP_COLD_SEDIMENT_EVIDENCE,MEDIUM,Cold-water corals and coral mounds at Great Bahama Bank slope; living coral colonies observed on mound surfaces.,High sediment input and variable sedimentation rates; burial by sediment where rates exceed mound growth; tidal current regime.,"Mound development, morphology, and growth vs. burial status; living colonies indicate active growth, while high sedimentation leads to partial or complete burial.",B01 deep-cold sediment evidence: explicit sediment deposition/burial pathway with indirect biological/ecological condition evidence (active growth vs. burial).,"The record is a deep-sea cold-water coral mound study in a high-sediment, tidal-current setting. It explicitly examines sediment deposition rates and current regime as controls on mound development, showing that where sedimentation exceeds mound growth, mounds are partially or completely buried, while living coral colonies document active growth elsewhere. This provides indirect biological/ecological evidence of sediment effects on cold-water corals, qualifying under B01. Although primarily geological, the direct linkage between sedimentation and mound condition (growth/burial) with observed living corals meets the broader Tier B standard. It is preferred over CHAIN_ONLY because sediment-corals response content is present, and over EXCLUDE because the study does address sediment deposition impacts on coral mound condition.",ALL_VERIFIED_CENTRAL_PEER_REVIEWED,TBV1-0008
B,CWC-A4B4BC56952A,Water-mass dynamics of an Arctic cold-water coral reef: First results from a new ocean observatory system,Sascha Flögel | Johannes Karstensen | Петер Линке | Olaf Pfannkuche | Kseniia Ashastina | Wolf‐Christian Dullo,2015,Helmholtz Centre for Ocean Research Kiel (GEOMAR),conference-paper,,http://oceanrep.geomar.de/30769/,"Cold-water coral reefs occur at various sites along the European continental margin, like in the Mediterranean Sea, on carbonate mounds West off Ireland, or at shallower depths between 100 and 350 m on the Norwegian shelf. Their occurrence is related to different physical parameters like temperature, salinity, seawater density, dissolved oxygen, and to other environmental parameters such as internal wave activity, nutrient supply, strong currents, which keep sediment input low, etc. Here, we present first results from a long-term observation in one of the nortnermost cold-water coral reefs at 70.5°N - the Stjernsund in northern Norway. The Stjernsund is a 30 km long and up to 3.5 km wide sound connecting the open North Atlantic with a fjord system. A deep-seated SW-NE oriented morainic sill with varying depths (203-236 m) splits the more than 400 m deep sound into two troughs. Living Lophelia pertusa dominated reef complexes occur on the NW slope between 235 and 305 m water depths and on the SE slope between 245 and 280 m. To investigate the dominating physical and biogeochemical boundary conditions a new modular seafloor observatory, MoLab, consisting of five sea-floor observatories and two moorings was deployed for 100 days during the summer of 2012. The various lander systems and moorimgs were equipped with sensors to measure current velocities and directions, temperature, salinity, pressure, pH, turbidity, fluorescence, oxygen concentration and saturation. Results showed that near-bottom salinities, temperature and current velocities are dominated by a semi-diurnal tidal forcing (pronounced M2 constituent), which cause vertical water mass movements of up to 100 m. These influence large parts of the living reef. Closer examination revealed overturning cells on the south-eastern slope of the sill during high tide, when Atlantic Water flows over the sill. The appearance of living cold-water corals is limited to a density envelope of sigma-theta=27.25-27.50 kg/m-3, which marks the boundary between Norwegian Coastal Water and Atlantic Water. Globally, Lophelia pertusa lives in waters covering a wide range of physical and biogeochemical parameters. This new data sets indicates parameter ranges, of e.g. current velocities (15-30 cm/s), temperature (6.0-6.8°C) and salinity (34.1-34.8), pH (8.22-7.39), turbidity (0.1-0.9 NTU), and oxygen concentration (300-339 μM) that are in agreement with other cold-water coral reefs in the NE Atlantic. The overall circulation depicts a complex dynamic system with pronounced differences not only vertically, but also important horizontal changes on top of the sill.",NO,NOT_CONFIRMED,,VERIFIED_BIBLIOGRAPHIC_DOCUMENT,B01_DEEP_COLD_SEDIMENT_EVIDENCE,HIGH,Cold-water coral Lophelia pertusa reef in the Arctic Stjernsund,Turbidity (0.1-0.9 NTU) and low sediment input maintained by strong currents,Living coral occurrence limited to a turbidity range; environmental monitoring of reef conditions,B01: deep/cold-water coral source with an explicit turbidity (suspended particle) pathway and biological condition/threshold evidence,"The abstract describes an ocean observatory monitoring an Arctic cold-water coral reef (Lophelia pertusa) and reports turbidity values (0.1-0.9 NTU) as part of the environmental envelope for living corals. It also links strong currents to keeping sediment input low, indicating sediment control on reef occurrence. This is explicit turbidity/sediment pathway evidence with biological condition thresholds for a cold-water coral, meeting B01.",ALL_VERIFIED_NON_TROPICAL_TIER_B_INCLUSIONS,TBV1-0093
B,CWC-E7DDC7852047,West Flemish Pass Exploration Drilling Project,,,Impact Assessment Agency of Canada,regulator_assessment,,https://iaac-aeic.gc.ca/050/documents/p80161/134673E.pdf,offshore have noted that some species may be more susceptible to shallower burial depths and a more conservative PNET of 1.5 millimetres has been applied. Update the discussion of potential effects of drill wastes on corals and sponges to include a 1.5 mm threshold or provide a rationale as to why the burial threshold of 6.5 millimeters is sufficient. West Flemish Pass Exploration Drilling Project – Information Requirements Table ID Reference to EIS Context and Rationale Specific Question/ [...] Specific Question/ Information Requirement Section 15.5.1.3.3 SBM Spill from the MODU and the Marin,YES,FROZEN_PUBLIC_FULL_TEXT_LOCATION,https://iaac-aeic.gc.ca/050/documents/p80161/134673E.pdf,VERIFIED_DIRECT_DOCUMENT_URL,B02_DEEP_COLD_REVIEW_ASSESSMENT,HIGH,"Corals and sponges (deep/cold-water, offshore West Flemish Pass)",Drill wastes and burial; discussion of burial thresholds (1.5 mm and 6.5 mm),Assessment of potential effects of drill wastes on corals and sponges; includes PNET of 1.5 mm and question of whether 6.5 mm threshold is sufficient,"Regulatory assessment (Impact Assessment Agency of Canada) with direct sediment-impact focus on corals and sponges, providing threshold and impact assessment information.","The document is a regulatory assessment from the Impact Assessment Agency of Canada concerning the West Flemish Pass Exploration Drilling Project. The supplied snippet explicitly discusses potential effects of drill wastes on corals and sponges, including burial thresholds (1.5 mm and 6.5 mm). This is a substantive government assessment with a direct sediment-impact focus, satisfying B02. It is not merely a chain-only record because it contains direct coral/sponge sediment-effects content. It is preferable to B01 because it is an assessment document rather than primary evidence. Confidence high because the snippet clearly indicates relevance.",ALL_VERIFIED_NON_TROPICAL_TIER_B_INCLUSIONS,TBV1-0246
B,GLV4-2A7AD7BF4F7F,West of Scotland MPA: Fisheries Management Options Paper - JNCC,,,data.jncc.gov.uk,report,,https://data.jncc.gov.uk/data/37955242-d60b-4494-8e2c-94e93fb0de6f/west-of-scotland-management-options-paper.pdf,"affect the extent and distribution of Seamount community features, as well as their structure and function. Deep-sea sponge aggregations are highly sensitive to bycatch, abrasion, and penetration pressures (Dinwoodie, 2021a, 2021b, Last et al. 2019a, 2019b). Studies on Deep-sea sponge aggregations have found that trawling damages, displaces and removes sponges through direct physical impact, as well as from disturbed sediment resettling and causing smothering beyond the path of the trawl itself (Buhl-Mortensen et al. 2016; ICES, 2007, 2010; Kędra et al. 2017; OSPAR, 2010a). Deep-sea sponges ha",YES,PUBLIC_FULL_DOCUMENT_LOCATION,https://data.jncc.gov.uk/data/37955242-d60b-4494-8e2c-94e93fb0de6f/west-of-scotland-management-options-paper.pdf,VERIFIED_DIRECT_DOCUMENT_URL,B02_DEEP_COLD_REVIEW_ASSESSMENT,HIGH,Deep-sea sponge aggregations and seamount community features in the West of Scotland MPA.,Trawling physical impact; disturbed sediment resettling causing smothering beyond the trawl path.,"Assesses sensitivity of deep-sea sponge aggregations to fishing pressures, including sediment smothering; provides management options for MPA fisheries.","Substantive government management/assessment report with direct sediment-impact focus on deep-sea sponges, qualifying under B02.","This is a JNCC fisheries management options paper for the West of Scotland MPA. The supplied snippet explicitly identifies deep-sea sponge aggregations as sensitive to bycatch, abrasion, and penetration, and states that trawling damages, displaces, and removes sponges through direct physical impact as well as through disturbed sediment resettling and smothering beyond the trawl path. This is a substantive regulatory/management assessment with a clear sediment-impact pathway relevant to cold-water sponges, fitting B02. It is not a mere discovery page or news item. The evidence directly informs impact, exposure, and mitigation for deep-sea sponge features. The closest alternative, B01, would apply to primary evidence, but this is a review/assessment document, making B02 more appropriate.",ALL_VERIFIED_NON_TROPICAL_TIER_B_INCLUSIONS,TBV1-0522
B,CWC-37F88897C373,Will Drill Cuttings and Drill Mud Harm Cold Water Corals?,Kjell Andreas Jødestøl | Edgar Furuholt,2010,"SPE International Conference on Health, Safety and Environment in Oil and Gas Exploration and Production",conference-paper,10.2118/126468-ms,https://doi.org/10.2118/126468-ms,"Abstract Cold water corals, e.g. Lophelia pertusa and Paragorgia arborea, are found in several places in the Norwegian Sea where oil exploration and production activities are going on. The corals are expected to be vulnerable for sedimentation of particles and exposure to chemicals from drilling activities (drill cuttings and drilling mud) and for physical damage from e.g. anchor lines. How vulnerable they are for these disturbances is, however, not well known. Oil and gas licences licenses in the area are therefore obligated to map possible corals and to take measures to avoid harming them. These obligations have been strengthened in the Integrated Management Plan for the Norwegian Sea approved by the Norwegian Parliament in May 2009. Det norske oljeselskap has in 2009 drilled 4 exploration wells in the Norwegian Sea and carried out a number of activities to map corals, study the effects of drill cuttings and drilling mud, and apply technical and operational measures to reduce the effects. This includes: Mapping of corals around the drill site by use of side scan sonar, multibeam echo sounder and ROV mounted camera/videoMeasurement of particle size distributions in the discharges of cuttings and drilling mudComputer simulation of sea bed currents and sedimentation of discharged particlesAnalyses of particles from sediment traps and sea bottom core samples close to the drill site for verification of simulation models and evaluation of effects on coralsCamera observation of corals before and after the drilling operationRecovery of all cuttings (also from the top hole) to the rig for possible disposal away from corals. Our experience shows that technology is available to handle drill cuttings and mud and control the discharges and spreading to avoid harming corals and other sensitive resources.",NO,NOT_CONFIRMED,,VERIFIED_DOI_DOCUMENT,B01_DEEP_COLD_SEDIMENT_EVIDENCE,HIGH,Cold-water corals: Lophelia pertusa and Paragorgia arborea.,"Drill cuttings and drilling mud from oil and gas exploration, leading to sedimentation of particles; also mention of discharges and sedimentation.","The paper describes mapping of corals, measurement of particle size distributions, computer simulation of sea bed currents and sedimentation, analyses of sediment traps and core samples for verification, camera observation before and after drilling, and recovery of all cuttings to avoid harming corals; thus monitoring and impact assessment evidence for coral vulnerability to sedimentation.","B01_DEEP_COLD_SEDIMENT_EVIDENCE - A cold-water coral source (Lophelia pertusa, Paragorgia arborea) explicitly addressing drill cuttings/mud sedimentation and reporting monitoring, assessment, and operational measures related to coral impacts.","This conference paper directly addresses effects of drill cuttings and drilling mud on cold-water corals in the Norwegian Sea. The organisms are explicit (Lophelia pertusa, Paragorgia arborea) and the sediment pathway is explicit (drill cuttings, mud, sedimentation of discharged particles). The paper reports multiple lines of assessment evidence: coral mapping, particle size analysis, sedimentation modeling, sediment trap/core verification, and before/after camera observation. This constitutes monitoring/impact evidence for coral vulnerability, even if not reporting a strict quantitative response threshold. It therefore qualifies under B01. The closest alternative would be exclusion for lacking detailed biological response, but the monitoring and operational mitigation data provide substantive assessment value. B02 is less appropriate because this is a case-study paper rather than a review or regulatory assessment.",ALL_VERIFIED_NON_TROPICAL_TIER_B_INCLUSIONS,TBV1-0009
B,CWC-F020341AAC3E,Will Drill Cuttings and Drill Mud Harm Cold Water Corals?,Kjell Jodestol,2010,"Proceedings of SPE International Conference on Health, Safety, and Environment in Oil and Gas Exploration and Production",conference-paper,10.2523/126468-ms,https://doi.org/10.2523/126468-ms,"Will Drill Cuttings and Drill Mud Harm Cold Water Corals? Kjell Jødestøl; Kjell Jødestøl Det norske oljeselskap ASA Search for other works by this author on: This Site Google Scholar Edgar Furuholt Edgar Furuholt Det norske oljeselskap ASA Search for other works by this author on: This Site Google Scholar Paper presented at the SPE International Conference on Health, Safety and Environment in Oil and Gas Exploration and Production, Rio de Janeiro, Brazil, April 2010. Paper Number: SPE-126468-MS https://doi.org/10.2118/126468-MS Published: April 12 2010 Cite View This Citation Add to Citation Manager Share Icon Share Twitter LinkedIn Get Permissions Search Site Citation Jødestøl, Kjell , and Edgar Furuholt. ""Will Drill Cuttings and Drill Mud Harm Cold Water Corals?."" Paper presented at the SPE International Conference on Health, Safety and Environment in Oil and Gas Exploration and Production, Rio de Janeiro, Brazil, April 2010. doi: https://doi.org/10.2118/126468-MS Download citation file: Ris (Zotero) Reference Manager EasyBib Bookends Mendeley Papers EndNote RefWorks BibTex Search Dropdown Menu nav search search input Search input auto suggest search filter All ContentAll ProceedingsSociety of Petroleum Engineers (SPE)SPE International Conference and Exhibition on Health, Safety, Environment, and Sustainability Search Advanced Search Abstract Cold water corals, e.g. Lophelia pertusa and Paragorgia arborea, are found in several places in the Norwegian Sea where oil exploration and production activities are going on. The corals are expected to be vulnerable for sedimentation of particles and exposure to chemicals from drilling activities (drill cuttings and drilling mud) and for physical damage from e.g. anchor lines. How vulnerable they are for these disturbances is, however, not well known. Oil and gas licences licenses in the area are therefore obligated to map possible corals and to take measures to avoid harming them. These obligations have been strengthened in the Integrated Management Plan for the Norwegian Sea approved by the Norwegian Parliament in May 2009.Det norske oljeselskap has in 2009 drilled 4 exploration wells in the Norwegian Sea and carried out a number of activities to map corals, study the effects of drill cuttings and drilling mud, and apply technical and operational measures to reduce the effects. This includes: Mapping of corals around the drill site by use of side scan sonar, multibeam echo sounder and ROV mounted camera/videoMeasurement of particle size distributions in the discharges of cuttings and drilling mudComputer simulation of sea bed currents and sedimentation of discharged particlesAnalyses of particles from sediment traps and sea bottom core samples close to the drill site for verification of simulation models and evaluation of effects on coralsCamera observation of corals before and after the drilling operationRecovery of all cuttings (also from the top hole) to the rig for possible disposal away from corals.Our experience shows that technology is available to handle drill cuttings and mud and control the discharges and spreading to avoid harming corals and other sensitive resources. Keywords: coral location, drilling fluids and materials, discharge, simulation, rig, drilling fluid management & disposal, particle size distribution, sedimentation, operation, norwegian sea Subjects: Drilling Fluids and Materials, Strategic Planning and Management, Drilling fluid management & disposal, Cuttings transport, Exploration and appraisal strategies Copyright 2010, Society of Petroleum Engineers You can access this article if you purchase or spend a download.",NO,NOT_CONFIRMED,,VERIFIED_DOI_DOCUMENT,B01_DEEP_COLD_SEDIMENT_EVIDENCE,HIGH,Cold-water corals: Lophelia pertusa and Paragorgia arborea in the Norwegian Sea.,"Explicit sediment pathway from drilling activities: drill cuttings and drilling mud, including particle sedimentation and potential chemical exposure; physical damage from anchor lines is secondary.","Monitoring and assessment: coral mapping, before/after drilling camera observations, particle size distribution measurements, simulation of sedimentation, sediment trap and core sample analyses to evaluate effects on corals, and mitigation measures to avoid harm.","B01: This conference paper directly addresses sediment-related effects (drill cuttings and mud) on deep/cold-water corals, providing monitoring and impact assessment evidence.","This is a substantive SPE conference paper about potential harm from drill cuttings and drilling mud to cold-water corals (Lophelia pertusa, Paragorgia arborea). It describes efforts to map corals, study effects of sediment discharges, simulate particle sedimentation, and monitor corals before/after drilling, along with mitigation measures. This meets B01 as deep/cold sediment evidence with explicit sediment pathway and monitoring/impact context. It is not merely a discovery page or a study where sediment is incidental. B02 is less appropriate because it is a specific monitoring/assessment report rather than a broad review. Confidence is high based on the clear abstract content.",ALL_VERIFIED_NON_TROPICAL_TIER_B_INCLUSIONS,TBV1-0010
B,CWC-0BE53F98D919,Year-long benthic measurements of environmental conditions indicate high sponge biomass is related to strong bottom currents over the Northern Labrador shelf,﻿Evert de Froe | Igor Yashayaev | Christian Mohn | Johanne Vad | Furu Mienis | Gerard Duineveld | Ellen Kenchington | Erica Head | Steve Ross | Sabena Blackbird | George A. Wolff | J. Murray Roberts | Barry MacDonald | Graham Tulloch | Dick van Oevelen,2024,,preprint,10.31223/x58968,https://doi.org/10.31223/x58968,"Deep-sea sponge grounds are distributed globally and are considered hotspots of biological diversity and biogeochemical cycling. To date, little is known about the environmental constraints that control where deep-sea sponge grounds occur and what conditions allow high sponge biomass to develop in the deep sea. Here, we characterize oceanographic conditions at two contrasting high- and low-sponge-biomass sites off the northern Labrador Shelf in Canadian waters. Unique data for the region were collected by year-long benthic lander deployments equipped with current meters, turbidity and chlorophyll-a sensors, and sediment traps. Additionally, the regional oceanography was described by analysing vertical conductivity/salinity-temperature-depth (CTD) and Argo float profiles for the Northern Labrador Shelf from 2005 to 2022, including those from the CTD casts taken at the benthic lander stations. Benthic fauna stable isotopes were analysed to identify potential food sources. Our results revealed strong (0.26 ± 0.14 m s-1; mean ± SD) semidiurnal tidal currents at the high-sponge-biomass site, but twofold weaker currents (0.14 ± 0.08 m s-1; mean ± SD) at the low-sponge-biomass site. These tidal currents cause periodic temperature fluctuations, sediment resuspension, intense vertical flows across the slope, which during spring, contribute to transport of organic material to the seafloor during a diurnal tidal cycle. Periodic fluctuations in bottom water temperature confirm the amplified transport across the shelf break at the high-sponge-biomass site. The high-sponge-biomass area is situated where the Hudson Strait Ouflow, the Irminger Current, and the West Greenland Current converge, which could lead to downwelling. Bottom silicate concentrations were increased at the high-biomass sponge ground due to advection of silicate-rich bottom water from Baffin Bay. Finally, the arrival of chlorophyll-a rich material in spring at both the low- and high-sponge-biomass sites demonstrated tight benthic-pelagic coupling prior to the onset of stratification. Mass fluxes of trapped material were higher and consisted of less degraded material at the high-sponge-biomass site. Stable isotope signatures indicated that soft corals (Primnoa resedaeformis) fed on suspended particulate organic matter, while massive sponges (Geodia spp.) likely utilized additional food sources. Our results imply that benthic fauna at the high-sponge-biomass site benefit from strong tidal currents, which increases food supply, and favourable regional ocean currents that increase nutrient concentration in bottom waters.",NO,NOT_CONFIRMED,,VERIFIED_DOI_DOCUMENT,B01_DEEP_COLD_SEDIMENT_EVIDENCE,HIGH,Deep-sea sponges (Geodia spp.) and soft corals (Primnoa resedaeformis) on the Northern Labrador Shelf.,"Sediment resuspension, turbidity, and bottom currents measured with benthic landers; sediment trap mass fluxes.",High sponge biomass at site with strong tidal currents and sediment resuspension; potential food supply linkage; benthic-pelagic coupling.,"B01: Deep-sea cold-water sponge source with explicit sediment/turbidity/resuspension pathway and ecological condition evidence (biomass, food supply).","This preprint directly characterizes environmental conditions at deep-sea sponge grounds and includes year-long measurements of turbidity and sediment traps, identifying sediment resuspension driven by tidal currents as one of the physical processes. It relates these conditions to sponge biomass, with high-biomass site experiencing stronger currents and greater resuspension, thus providing ecological condition evidence for a sediment-related pathway. Although the paper emphasizes food supply rather than a localized sediment stressor, the explicit incorporation of turbidity and resuspension at a deep-sea sponge habitat meets the broader Tier B inclusion criteria. It is preferable to CHAIN_ONLY because the abstract itself contains relevant target evidence, and to EXCLUDE because it provides biological condition data tied to sediment dynamics, not merely physical oceanography.",ALL_VERIFIED_NON_TROPICAL_TIER_B_INCLUSIONS,TBV1-0068
B,CWC-A0EAE7DD2FA4,Zero harmful impact from drilling discharges: Where are the limits?,Ulf Moltu | Laurence Pinturier,2008,"SPE International Conference on Health, Safety and Environment in Oil and Gas Exploration and Production",conference-paper,10.2118/111666-ms,https://doi.org/10.2118/111666-ms,"Abstract Total E&P Norge is an EMAS registered and ISO 14001 certified company. With a commitment to continuous improvement and minimizing footprint from activities, an internally defined zero harmful impact objective for the drilling of an exploration well in the Norwegian Sea was set. Deep water coral structuresi were identified in the vicinity of the well location driving the focus on potential physical impact in addition to chemical impacts on these structures and the sediment fauna. To verify if the objective is met, the environmental impact level on the marine environment associated with the drilling activities has to be assessed and the effects verified. Three hole sections were discharged and the effects associated with these discharges were investigated. Cuttings size distribution, chemicals composition of the mud, and volume discharged were collected during the drilling of these sections. These data was applied in a risk modelling tool developed within the joint industry project ERMSii providing estimation of risk associated with drilling discharges on the sea floor and in the water column. This model is still under qualification/verification and the presented drilling operation represented an excellent case study where the output of the model in term of risk for particles and chemicals can be tested towards field observations. Sea floor observations were performed before, during and after drilling operation in order to evaluate the extent of the cuttings deposition and dispersion. This paper discusses the risk associated with the chemicals and particles present in the mud, in the water column and in the sediment as estimated by the model. The cutting distribution simulated by the model is compared with observations of the sea floor. From these results and existing knowledge from monitoring and exposure studies, ""zero harmful"" impact level on sediment fauna, coral and water column is discussed. For the sediments impact from physical deposition and change in grain size were observed only in the close vicinity of the well. No chemical contamination could take place based on chemicals discharged and as modelled by the risk modelling tool. Impact to the water column was also considered insignificant and related to physical impact from particles in upper part of the water column and only in the close vicinity of the discharge. Also for the water column no chemical contamination could take place based on chemicals discharged and as confirmed by the risk modelling performed. The conclusion from this study is that the objective was met. The paper proposes that physical impact is considered acceptable within certain distance from the well bore location. The size for such an area should be decided upon based on a case by case evaluation depending upon the extent of the drilling activity and the area.",NO,NOT_CONFIRMED,,VERIFIED_DOI_DOCUMENT,B01_DEEP_COLD_SEDIMENT_EVIDENCE,HIGH,Deep-water coral structures in the Norwegian Sea; sediment fauna as associated benthic organisms.,"Drilling discharges: cuttings, particles, and drilling mud chemicals; physical deposition and dispersion; risk modelled for water column and sea floor.","Environmental impact assessment and field observations before, during and after drilling; monitoring of cuttings deposition; discussion of 'zero harmful' impact level for sediment fauna, coral, and water column; proposal of acceptable physical impact distance from well.","Meets B01 because it provides explicit deep/cold-water coral and sediment fauna impact evidence from drilling discharges, including particle/cuttings physical effects and monitoring/risk assessment.","This conference paper directly addresses deep-water coral structures and sediment fauna in the Norwegian Sea in the context of drilling discharges, explicitly evaluating cuttings size distribution, deposition, dispersion, and physical impact. It includes field observations before/during/after drilling and risk modelling, discussing 'zero harmful' impact levels for corals and sediment. This provides explicit sediment-pathway impact evidence for cold-water corals, satisfying B01. Chosen over B02 because it is a primary assessment/monitoring study rather than a review or regulatory document. Chosen over EXCLUDE because sediment and coral response evidence are central.",ALL_VERIFIED_NON_TROPICAL_TIER_B_INCLUSIONS,TBV1-0049
